target,template,seed,fold,test_r2
Youngs_modulus,additive,0,0,-0.036982825569310096
Youngs_modulus,additive,0,1,-0.13664375765802395
Youngs_modulus,additive,0,2,-0.1822321125702795
Youngs_modulus,additive,0,3,-0.01467100625690776
Youngs_modulus,additive,0,4,-0.061844295796973814
Youngs_modulus,multiplicative,0,0,-0.03363542200872427
Youngs_modulus,multiplicative,0,1,-0.15489195745222917
Youngs_modulus,multiplicative,0,2,0.03705766737391947
Youngs_modulus,multiplicative,0,3,0.05299273780826719
Youngs_modulus,multiplicative,0,4,-0.1304471828336049
Youngs_modulus,thermal_softening,0,0,-0.037422050431192844
Youngs_modulus,thermal_softening,0,1,-0.05339436818568788
Youngs_modulus,thermal_softening,0,2,-0.05126691934832972
Youngs_modulus,thermal_softening,0,3,-0.019626654634040452
Youngs_modulus,thermal_softening,0,4,-0.0667904069105929
Youngs_modulus,arrhenius,0,0,0.007582258957065102
Youngs_modulus,arrhenius,0,1,-0.16345057956959308
Youngs_modulus,arrhenius,0,2,-0.1675582649232934
Youngs_modulus,arrhenius,0,3,-0.09951695028493868
Youngs_modulus,arrhenius,0,4,-0.04677329711348399
Youngs_modulus,power_law,0,0,-0.05604981500950701
Youngs_modulus,power_law,0,1,-0.360846188903458
Youngs_modulus,power_law,0,2,-0.020945964704050857
Youngs_modulus,power_law,0,3,0.052995519803315516
Youngs_modulus,power_law,0,4,-0.030606783419664607
Youngs_modulus,free_2stage,0,0,0.04043097071611257
Youngs_modulus,free_2stage,0,1,-0.057486943624440956
Youngs_modulus,free_2stage,0,2,-0.04019897848142273
Youngs_modulus,free_2stage,0,3,0.05625002206354246
Youngs_modulus,free_2stage,0,4,0.04609545701694895
Youngs_modulus,free_1stage,0,0,0.013386904383692944
Youngs_modulus,free_1stage,0,1,-0.07692982029896944
Youngs_modulus,free_1stage,0,2,-0.05635819514231599
Youngs_modulus,free_1stage,0,3,-0.06823462502734556
Youngs_modulus,free_1stage,0,4,-0.006650750112322523
Youngs_modulus,entropy_weighted,0,0,0.024129908277449874
Youngs_modulus,entropy_weighted,0,1,-0.054443485918464596
Youngs_modulus,entropy_weighted,0,2,-0.37198583320095957
Youngs_modulus,entropy_weighted,0,3,0.04575741346355522
Youngs_modulus,entropy_weighted,0,4,-0.10227590710282053
Youngs_modulus,calphad,0,0,-0.03142770694477637
Youngs_modulus,calphad,0,1,-1.3320753428135337
Youngs_modulus,calphad,0,2,-0.23470786372068608
Youngs_modulus,calphad,0,3,0.24715604818396275
Youngs_modulus,calphad,0,4,-1.043054334170249
UTS,additive,0,0,0.0003476637237741498
UTS,additive,0,1,-0.14405317478233504
UTS,additive,0,2,-0.014715875157858438
UTS,additive,0,3,0.05477881061512424
UTS,additive,0,4,-0.10312782842326063
UTS,multiplicative,0,0,0.01825525705842579
UTS,multiplicative,0,1,-0.16597684322031192
UTS,multiplicative,0,2,-0.08081177268019579
UTS,multiplicative,0,3,0.08096562472634039
UTS,multiplicative,0,4,-0.06067301917945955
UTS,thermal_softening,0,0,0.02879632806424015
UTS,thermal_softening,0,1,-0.14766415748148165
UTS,thermal_softening,0,2,-0.044725323682790474
UTS,thermal_softening,0,3,-0.04268408450914407
UTS,thermal_softening,0,4,-0.06100806511828383
UTS,arrhenius,0,0,0.009430846102722601
UTS,arrhenius,0,1,-0.028169048430973564
UTS,arrhenius,0,2,0.009764728519338739
UTS,arrhenius,0,3,-0.08657922946590624
UTS,arrhenius,0,4,-0.13762389173693967
UTS,power_law,0,0,-0.01948175359827964
UTS,power_law,0,1,-0.15158450555705638
UTS,power_law,0,2,-0.027627423641131132
UTS,power_law,0,3,0.03631924896713923
UTS,power_law,0,4,-0.07117708476633822
UTS,free_2stage,0,0,0.003723483482085621
UTS,free_2stage,0,1,-0.0806203189863024
UTS,free_2stage,0,2,-0.012009700141385915
UTS,free_2stage,0,3,0.1113927537660303
UTS,free_2stage,0,4,-0.005537344601798999
UTS,free_1stage,0,0,-0.013180199605554055
UTS,free_1stage,0,1,-0.05579847027306872
UTS,free_1stage,0,2,-0.023161288873480457
UTS,free_1stage,0,3,0.07779613369086691
UTS,free_1stage,0,4,-0.02542614563783019
UTS,entropy_weighted,0,0,-0.09967708415204957
UTS,entropy_weighted,0,1,-0.19898190662018944
UTS,entropy_weighted,0,2,-0.10230195815296561
UTS,entropy_weighted,0,3,0.05837971172940326
UTS,entropy_weighted,0,4,-0.008105902233234374
UTS,calphad,0,0,-2.985836715177709
UTS,calphad,0,1,-0.3454410129017682
UTS,calphad,0,2,-0.5032197597819112
UTS,calphad,0,3,0.3583701526179147
UTS,calphad,0,4,-0.8887732333886438
Disloc_0pct,additive,0,0,0.02349868865575655
Disloc_0pct,additive,0,1,-0.20414814480318366
Disloc_0pct,additive,0,2,-0.21255708494847592
Disloc_0pct,additive,0,3,0.09868649776275173
Disloc_0pct,additive,0,4,0.014552903660617789
Disloc_0pct,multiplicative,0,0,-0.03325754087749133
Disloc_0pct,multiplicative,0,1,-0.12880319711621402
Disloc_0pct,multiplicative,0,2,-0.2133438473082705
Disloc_0pct,multiplicative,0,3,0.06894234388552711
Disloc_0pct,multiplicative,0,4,-0.09603100699152667
Disloc_0pct,thermal_softening,0,0,-0.07512822116597362
Disloc_0pct,thermal_softening,0,1,-0.07611834141856622
Disloc_0pct,thermal_softening,0,2,-0.10610278701281661
Disloc_0pct,thermal_softening,0,3,-0.16041230837481102
Disloc_0pct,thermal_softening,0,4,-0.03410823428085141
Disloc_0pct,arrhenius,0,0,-0.04275014018258183
Disloc_0pct,arrhenius,0,1,-0.25408227081117185
Disloc_0pct,arrhenius,0,2,-0.0762465849010634
Disloc_0pct,arrhenius,0,3,-0.23433450108391218
Disloc_0pct,arrhenius,0,4,-0.010347730181163195
Disloc_0pct,power_law,0,0,-0.0317742380276016
Disloc_0pct,power_law,0,1,-0.24449425188170504
Disloc_0pct,power_law,0,2,-0.21351702828004027
Disloc_0pct,power_law,0,3,0.007512041660746482
Disloc_0pct,power_law,0,4,0.03821928861358559
Disloc_0pct,free_2stage,0,0,0.032372416536899484
Disloc_0pct,free_2stage,0,1,-0.03998737718948231
Disloc_0pct,free_2stage,0,2,0.00323499143721373
Disloc_0pct,free_2stage,0,3,0.06706356296495009
Disloc_0pct,free_2stage,0,4,0.010112170932739417
Disloc_0pct,free_1stage,0,0,-0.0072875196554689214
Disloc_0pct,free_1stage,0,1,-0.028926617844504898
Disloc_0pct,free_1stage,0,2,-0.019439089087451178
Disloc_0pct,free_1stage,0,3,0.04645194790903484
Disloc_0pct,free_1stage,0,4,-0.015087893286497733
Disloc_0pct,entropy_weighted,0,0,-0.05187740247845252
Disloc_0pct,entropy_weighted,0,1,-0.12024246490757906
Disloc_0pct,entropy_weighted,0,2,-0.21473414813102498
Disloc_0pct,entropy_weighted,0,3,0.08650337121243845
Disloc_0pct,entropy_weighted,0,4,-0.04065377948205606
Disloc_0pct,calphad,0,0,-0.132573496433271
Disloc_0pct,calphad,0,1,-0.3155232497181144
Disloc_0pct,calphad,0,2,-0.947793568021724
Disloc_0pct,calphad,0,3,0.22985331225712247
Disloc_0pct,calphad,0,4,-0.9510602321351249
Disloc_20pct,additive,0,0,-0.10163021674895689
Disloc_20pct,additive,0,1,-0.14586735235410786
Disloc_20pct,additive,0,2,-0.3247956476217204
Disloc_20pct,additive,0,3,0.08156507652983536
Disloc_20pct,additive,0,4,0.025238804219597344
Disloc_20pct,multiplicative,0,0,-0.09401520843931799
Disloc_20pct,multiplicative,0,1,-0.2092858993112905
Disloc_20pct,multiplicative,0,2,-0.32749914061887564
Disloc_20pct,multiplicative,0,3,-0.04872791737911797
Disloc_20pct,multiplicative,0,4,0.050637080240894417
Disloc_20pct,thermal_softening,0,0,-0.014467255233425735
Disloc_20pct,thermal_softening,0,1,-0.060995012586594566
Disloc_20pct,thermal_softening,0,2,-0.050602090313863535
Disloc_20pct,thermal_softening,0,3,0.08051798165792334
Disloc_20pct,thermal_softening,0,4,0.014886268158151639
Disloc_20pct,arrhenius,0,0,-0.008566795323443621
Disloc_20pct,arrhenius,0,1,-0.04139645044621054
Disloc_20pct,arrhenius,0,2,-0.08323379172507983
Disloc_20pct,arrhenius,0,3,-0.07814415568622346
Disloc_20pct,arrhenius,0,4,0.03918131755946497
Disloc_20pct,power_law,0,0,-0.21468497929056607
Disloc_20pct,power_law,0,1,-0.20938188741991426
Disloc_20pct,power_law,0,2,-0.32735521784879507
Disloc_20pct,power_law,0,3,0.08130311681250368
Disloc_20pct,power_law,0,4,0.027535546849062675
Disloc_20pct,free_2stage,0,0,0.07564483249017817
Disloc_20pct,free_2stage,0,1,-0.026378164756735156
Disloc_20pct,free_2stage,0,2,-0.09712875889093686
Disloc_20pct,free_2stage,0,3,0.05481385251984383
Disloc_20pct,free_2stage,0,4,-0.00020420676353993805
Disloc_20pct,free_1stage,0,0,0.053308517538685485
Disloc_20pct,free_1stage,0,1,-0.030602621964627374
Disloc_20pct,free_1stage,0,2,-0.05658278500086422
Disloc_20pct,free_1stage,0,3,-0.0403060886626021
Disloc_20pct,free_1stage,0,4,-0.06784416094470913
Disloc_20pct,entropy_weighted,0,0,0.003625217346020615
Disloc_20pct,entropy_weighted,0,1,-0.0711654914736699
Disloc_20pct,entropy_weighted,0,2,-0.2344309106405098
Disloc_20pct,entropy_weighted,0,3,-0.45535179268333215
Disloc_20pct,entropy_weighted,0,4,-0.009473154971634035
Disloc_20pct,calphad,0,0,0.35737819929591996
Disloc_20pct,calphad,0,1,-0.38531582042982615
Disloc_20pct,calphad,0,2,-0.6989583210104247
Disloc_20pct,calphad,0,3,0.13344904168531824
Disloc_20pct,calphad,0,4,-0.2803490703664322
FCC_0pct,additive,0,0,-0.003492581334105349
FCC_0pct,additive,0,1,-0.15341656050996533
FCC_0pct,additive,0,2,-0.028884826466123448
FCC_0pct,additive,0,3,0.0749921856466409
FCC_0pct,additive,0,4,-0.020557007467923327
FCC_0pct,multiplicative,0,0,-0.041054173527660165
FCC_0pct,multiplicative,0,1,-0.1318698640913829
FCC_0pct,multiplicative,0,2,-0.0284040440806701
FCC_0pct,multiplicative,0,3,0.07827140780866904
FCC_0pct,multiplicative,0,4,-0.09423828672663248
FCC_0pct,thermal_softening,0,0,-0.0015614173804974207
FCC_0pct,thermal_softening,0,1,-0.011632109509629451
FCC_0pct,thermal_softening,0,2,-0.019401084444859773
FCC_0pct,thermal_softening,0,3,-0.0042242073181169015
FCC_0pct,thermal_softening,0,4,-0.08847276925069836
FCC_0pct,arrhenius,0,0,-0.016572670869161588
FCC_0pct,arrhenius,0,1,-0.08569956792184863
FCC_0pct,arrhenius,0,2,0.006720248155252628
FCC_0pct,arrhenius,0,3,-0.019372508991739812
FCC_0pct,arrhenius,0,4,-0.04855629212412049
FCC_0pct,power_law,0,0,-0.07293329484786315
FCC_0pct,power_law,0,1,-0.1521550417130204
FCC_0pct,power_law,0,2,-0.03351250896074309
FCC_0pct,power_law,0,3,0.07869211728097147
FCC_0pct,power_law,0,4,-0.02359521290915434
FCC_0pct,free_2stage,0,0,-0.1348157704949342
FCC_0pct,free_2stage,0,1,-0.0681971750768231
FCC_0pct,free_2stage,0,2,0.03075349467241728
FCC_0pct,free_2stage,0,3,0.10910307318585655
FCC_0pct,free_2stage,0,4,-0.08185427947313362
FCC_0pct,free_1stage,0,0,-0.01434154904806717
FCC_0pct,free_1stage,0,1,-0.015511812931239488
FCC_0pct,free_1stage,0,2,-0.006787144568353831
FCC_0pct,free_1stage,0,3,-0.03542288926031634
FCC_0pct,free_1stage,0,4,0.02695215279560459
FCC_0pct,entropy_weighted,0,0,-0.06777937347770657
FCC_0pct,entropy_weighted,0,1,-0.04221901522689975
FCC_0pct,entropy_weighted,0,2,-0.10695984491319699
FCC_0pct,entropy_weighted,0,3,0.07724022722954216
FCC_0pct,entropy_weighted,0,4,-0.09490455488890892
FCC_0pct,calphad,0,0,-0.035326576865389425
FCC_0pct,calphad,0,1,-0.13689524329299685
FCC_0pct,calphad,0,2,0.0709804324837886
FCC_0pct,calphad,0,3,-0.4798072917108773
FCC_0pct,calphad,0,4,-0.6293670839362016
HCP_0pct,additive,0,0,-0.0378716957135623
HCP_0pct,additive,0,1,-0.021688850818764704
HCP_0pct,additive,0,2,0.07322852015169079
HCP_0pct,additive,0,3,-0.07797804859309321
HCP_0pct,additive,0,4,-0.0317901865451542
HCP_0pct,multiplicative,0,0,-0.5935031280872514
HCP_0pct,multiplicative,0,1,0.03811666404569369
HCP_0pct,multiplicative,0,2,0.07624335102680802
HCP_0pct,multiplicative,0,3,-0.0016298172069464378
HCP_0pct,multiplicative,0,4,-0.2283034682234535
HCP_0pct,thermal_softening,0,0,-0.046367479304553205
HCP_0pct,thermal_softening,0,1,-0.03821408121452463
HCP_0pct,thermal_softening,0,2,-0.020934956824752993
HCP_0pct,thermal_softening,0,3,-0.023934248002720482
HCP_0pct,thermal_softening,0,4,-0.2310252649242972
HCP_0pct,arrhenius,0,0,-0.037954978251024896
HCP_0pct,arrhenius,0,1,-0.045739665354197045
HCP_0pct,arrhenius,0,2,0.03496414244895729
HCP_0pct,arrhenius,0,3,-0.05347718431652915
HCP_0pct,arrhenius,0,4,-0.1649942016665047
HCP_0pct,power_law,0,0,-0.08116152523328557
HCP_0pct,power_law,0,1,0.09604253580943001
HCP_0pct,power_law,0,2,-0.11158204161394081
HCP_0pct,power_law,0,3,-0.030207372340277816
HCP_0pct,power_law,0,4,-0.22821249635061247
HCP_0pct,free_2stage,0,0,-0.06756324275980741
HCP_0pct,free_2stage,0,1,-0.030942933417873464
HCP_0pct,free_2stage,0,2,0.037541189810333275
HCP_0pct,free_2stage,0,3,-0.08056855490668746
HCP_0pct,free_2stage,0,4,-0.09352282965592429
HCP_0pct,free_1stage,0,0,-0.002301789134418808
HCP_0pct,free_1stage,0,1,-0.042328897844627233
HCP_0pct,free_1stage,0,2,0.07484611634464633
HCP_0pct,free_1stage,0,3,-0.1640915060192012
HCP_0pct,free_1stage,0,4,-0.0617468376968604
HCP_0pct,entropy_weighted,0,0,-0.3275241338524748
HCP_0pct,entropy_weighted,0,1,-0.14673649143040213
HCP_0pct,entropy_weighted,0,2,0.14855296909358395
HCP_0pct,entropy_weighted,0,3,0.023753833768757726
HCP_0pct,entropy_weighted,0,4,-0.21804996461853454
HCP_0pct,calphad,0,0,-0.1126777240268868
HCP_0pct,calphad,0,1,-1.0240100833306451
HCP_0pct,calphad,0,2,-4.190249775956739
HCP_0pct,calphad,0,3,0.14374761594811114
HCP_0pct,calphad,0,4,-0.1950636700026227
BCC_0pct,additive,0,0,0.12052230698700472
BCC_0pct,additive,0,1,-0.07661796822439393
BCC_0pct,additive,0,2,0.04404539709306221
BCC_0pct,additive,0,3,-0.040614638551690785
BCC_0pct,additive,0,4,-0.16146346772650166
BCC_0pct,multiplicative,0,0,-0.09466943281040563
BCC_0pct,multiplicative,0,1,-0.1547499175341911
BCC_0pct,multiplicative,0,2,0.09012103978179054
BCC_0pct,multiplicative,0,3,0.005014643725000711
BCC_0pct,multiplicative,0,4,-0.1394063505688823
BCC_0pct,thermal_softening,0,0,-0.34915011864249035
BCC_0pct,thermal_softening,0,1,-0.14723662716929486
BCC_0pct,thermal_softening,0,2,0.06668579955003129
BCC_0pct,thermal_softening,0,3,0.016084936385217796
BCC_0pct,thermal_softening,0,4,-0.48825512809506644
BCC_0pct,arrhenius,0,0,-0.050590996213990325
BCC_0pct,arrhenius,0,1,-0.0855104460498759
BCC_0pct,arrhenius,0,2,-0.0019581823431691348
BCC_0pct,arrhenius,0,3,-0.08517206166204505
BCC_0pct,arrhenius,0,4,-0.1620769389105865
BCC_0pct,power_law,0,0,0.021014120006874526
BCC_0pct,power_law,0,1,-0.13478950688334734
BCC_0pct,power_law,0,2,0.05192719864269679
BCC_0pct,power_law,0,3,0.014985138986773117
BCC_0pct,power_law,0,4,-0.16002726261623734
BCC_0pct,free_2stage,0,0,0.11485499560507384
BCC_0pct,free_2stage,0,1,-0.07605118868771288
BCC_0pct,free_2stage,0,2,0.0407545003069294
BCC_0pct,free_2stage,0,3,-0.02608658695949373
BCC_0pct,free_2stage,0,4,-0.12790083879509329
BCC_0pct,free_1stage,0,0,0.05406485659285709
BCC_0pct,free_1stage,0,1,-0.05690595446399027
BCC_0pct,free_1stage,0,2,-0.03353116537666967
BCC_0pct,free_1stage,0,3,-0.10716824224645172
BCC_0pct,free_1stage,0,4,-0.0558886588184877
BCC_0pct,entropy_weighted,0,0,-15.76108914391611
BCC_0pct,entropy_weighted,0,1,-0.13310482545746316
BCC_0pct,entropy_weighted,0,2,-0.05793646653032214
BCC_0pct,entropy_weighted,0,3,0.034537339715984716
BCC_0pct,entropy_weighted,0,4,-0.05902311290525075
BCC_0pct,calphad,0,0,-0.2523352093367792
BCC_0pct,calphad,0,1,-1.293555877684189
BCC_0pct,calphad,0,2,-0.46432592705973663
BCC_0pct,calphad,0,3,-1.2738362118514575
BCC_0pct,calphad,0,4,-3.296486008407932
FCC_20pct,additive,0,0,-0.020698046292472627
FCC_20pct,additive,0,1,-0.19345848895487272
FCC_20pct,additive,0,2,-14.362061601017402
FCC_20pct,additive,0,3,-0.09651338236264073
FCC_20pct,additive,0,4,-0.07825863160713276
FCC_20pct,multiplicative,0,0,-0.08274225975629768
FCC_20pct,multiplicative,0,1,-0.1599336915306695
FCC_20pct,multiplicative,0,2,-0.027626010747697993
FCC_20pct,multiplicative,0,3,0.07582372605106114
FCC_20pct,multiplicative,0,4,-1.0
FCC_20pct,thermal_softening,0,0,0.020691096616210047
FCC_20pct,thermal_softening,0,1,-0.20545052749820547
FCC_20pct,thermal_softening,0,2,-0.22530545317353168
FCC_20pct,thermal_softening,0,3,-0.08056915616560234
FCC_20pct,thermal_softening,0,4,-0.04889487979240603
FCC_20pct,arrhenius,0,0,-0.021634851248823805
FCC_20pct,arrhenius,0,1,-0.027052045706599914
FCC_20pct,arrhenius,0,2,-0.06968572721847144
FCC_20pct,arrhenius,0,3,-0.10417157889762274
FCC_20pct,arrhenius,0,4,-0.10017677306026629
FCC_20pct,power_law,0,0,0.014310015918289398
FCC_20pct,power_law,0,1,-0.1384985452235019
FCC_20pct,power_law,0,2,0.029808892618034877
FCC_20pct,power_law,0,3,0.1387156700485065
FCC_20pct,power_law,0,4,-0.14269255005421422
FCC_20pct,free_2stage,0,0,-0.008167892177202596
FCC_20pct,free_2stage,0,1,-0.09176172863295529
FCC_20pct,free_2stage,0,2,-0.006440212755261854
FCC_20pct,free_2stage,0,3,0.011642339379907996
FCC_20pct,free_2stage,0,4,-0.07350100124053593
FCC_20pct,free_1stage,0,0,-0.031761521984770225
FCC_20pct,free_1stage,0,1,-0.048123641509569826
FCC_20pct,free_1stage,0,2,0.09393169800040335
FCC_20pct,free_1stage,0,3,-0.022367921291387205
FCC_20pct,free_1stage,0,4,-0.07748383803930214
FCC_20pct,entropy_weighted,0,0,-0.09186429437778121
FCC_20pct,entropy_weighted,0,1,-0.09119837444156542
FCC_20pct,entropy_weighted,0,2,0.04300312963408681
FCC_20pct,entropy_weighted,0,3,0.11640703033330557
FCC_20pct,entropy_weighted,0,4,-0.03856833793725856
FCC_20pct,calphad,0,0,0.11959455598042079
FCC_20pct,calphad,0,1,-0.258436070138401
FCC_20pct,calphad,0,2,-0.4329301213173402
FCC_20pct,calphad,0,3,0.2663952467888242
FCC_20pct,calphad,0,4,-0.8521045265064946
HCP_20pct,additive,0,0,-0.10926106474088182
HCP_20pct,additive,0,1,-0.09664680101258294
HCP_20pct,additive,0,2,-6.754862465435941
HCP_20pct,additive,0,3,-0.048955177996371946
HCP_20pct,additive,0,4,-0.04438348579991214
HCP_20pct,multiplicative,0,0,-0.4988546813711481
HCP_20pct,multiplicative,0,1,-0.10580042611888252
HCP_20pct,multiplicative,0,2,-0.3671884072393732
HCP_20pct,multiplicative,0,3,-0.033449638434005946
HCP_20pct,multiplicative,0,4,-0.029339249498240738
HCP_20pct,thermal_softening,0,0,-0.12797118485426706
HCP_20pct,thermal_softening,0,1,-0.2081945019934961
HCP_20pct,thermal_softening,0,2,-0.09659789281630093
HCP_20pct,thermal_softening,0,3,0.00650315957838965
HCP_20pct,thermal_softening,0,4,-0.019305681625945814
HCP_20pct,arrhenius,0,0,-0.1356624800845998
HCP_20pct,arrhenius,0,1,-0.10957534006155822
HCP_20pct,arrhenius,0,2,-0.09408366450757688
HCP_20pct,arrhenius,0,3,0.12704187636696485
HCP_20pct,arrhenius,0,4,0.0021337517703012843
HCP_20pct,power_law,0,0,-0.1829021753364084
HCP_20pct,power_law,0,1,-0.2196413638400505
HCP_20pct,power_law,0,2,-0.06962834820015518
HCP_20pct,power_law,0,3,-0.025251691905742835
HCP_20pct,power_law,0,4,-0.07189827118182968
HCP_20pct,free_2stage,0,0,-0.06827126741497302
HCP_20pct,free_2stage,0,1,-0.07298439338676266
HCP_20pct,free_2stage,0,2,-1.0
HCP_20pct,free_2stage,0,3,-0.10166588934268961
HCP_20pct,free_2stage,0,4,-0.006862804553602109
HCP_20pct,free_1stage,0,0,0.05521563917224792
HCP_20pct,free_1stage,0,1,-0.06703847143128194
HCP_20pct,free_1stage,0,2,0.008853127267965721
HCP_20pct,free_1stage,0,3,-0.05449565386518063
HCP_20pct,free_1stage,0,4,-0.03334664501434914
HCP_20pct,entropy_weighted,0,0,-0.03746328345438488
HCP_20pct,entropy_weighted,0,1,-0.15820117619497842
HCP_20pct,entropy_weighted,0,2,-0.17586655895792513
HCP_20pct,entropy_weighted,0,3,0.0014400712751414524
HCP_20pct,entropy_weighted,0,4,-0.06216105567458996
HCP_20pct,calphad,0,0,-0.08681022665046934
HCP_20pct,calphad,0,1,-0.5241646922906358
HCP_20pct,calphad,0,2,-0.48106274436554486
HCP_20pct,calphad,0,3,-13.228981018242843
HCP_20pct,calphad,0,4,-6.697207577089932
BCC_20pct,additive,0,0,-0.14030364683843444
BCC_20pct,additive,0,1,-0.14583559638568322
BCC_20pct,additive,0,2,-0.2810186367624812
BCC_20pct,additive,0,3,0.05919818550498823
BCC_20pct,additive,0,4,-0.3023137059338312
BCC_20pct,multiplicative,0,0,-5.053735232466869
BCC_20pct,multiplicative,0,1,-0.1248485520365874
BCC_20pct,multiplicative,0,2,0.04510942792793826
BCC_20pct,multiplicative,0,3,0.13278010504497428
BCC_20pct,multiplicative,0,4,-0.2903483193118288
BCC_20pct,thermal_softening,0,0,-0.11157213427874968
BCC_20pct,thermal_softening,0,1,-0.137263456072797
BCC_20pct,thermal_softening,0,2,0.04641757348819364
BCC_20pct,thermal_softening,0,3,0.11620664246675083
BCC_20pct,thermal_softening,0,4,-0.2902779116864691
BCC_20pct,arrhenius,0,0,-0.18090319632620222
BCC_20pct,arrhenius,0,1,-0.04524307384319615
BCC_20pct,arrhenius,0,2,0.028270120385460396
BCC_20pct,arrhenius,0,3,0.0021433692165951923
BCC_20pct,arrhenius,0,4,-0.11202590137619839
BCC_20pct,power_law,0,0,-0.08620046215911303
BCC_20pct,power_law,0,1,-0.16396436268975578
BCC_20pct,power_law,0,2,-0.03757622234938851
BCC_20pct,power_law,0,3,0.04376723513898684
BCC_20pct,power_law,0,4,-0.2902123167677422
BCC_20pct,free_2stage,0,0,-0.06790147482401387
BCC_20pct,free_2stage,0,1,-0.085350508195291
BCC_20pct,free_2stage,0,2,0.0021840137884975297
BCC_20pct,free_2stage,0,3,0.12264350037337957
BCC_20pct,free_2stage,0,4,-0.22373793462611857
BCC_20pct,free_1stage,0,0,0.00942233514750912
BCC_20pct,free_1stage,0,1,-0.07198031089929247
BCC_20pct,free_1stage,0,2,-0.08927557414380072
BCC_20pct,free_1stage,0,3,-0.02086958930773042
BCC_20pct,free_1stage,0,4,-0.05362097353948081
BCC_20pct,entropy_weighted,0,0,-0.04817192424467076
BCC_20pct,entropy_weighted,0,1,-0.1352105928878029
BCC_20pct,entropy_weighted,0,2,-0.29754096798925955
BCC_20pct,entropy_weighted,0,3,0.022151493097880226
BCC_20pct,entropy_weighted,0,4,-0.21004913335377617
BCC_20pct,calphad,0,0,-0.6413142014036348
BCC_20pct,calphad,0,1,-1.351471319210518
BCC_20pct,calphad,0,2,-0.09102229067235545
BCC_20pct,calphad,0,3,-2.16457070046319
BCC_20pct,calphad,0,4,-0.5170726700951287
Other_0pct,additive,0,0,-0.05618402282210622
Other_0pct,additive,0,1,-0.21724031107758734
Other_0pct,additive,0,2,-0.0363538952093303
Other_0pct,additive,0,3,0.11062829330492685
Other_0pct,additive,0,4,-0.02429492475996664
Other_0pct,multiplicative,0,0,-0.04389922591976658
Other_0pct,multiplicative,0,1,-0.1963457291488293
Other_0pct,multiplicative,0,2,-0.02750622160443994
Other_0pct,multiplicative,0,3,-0.0019233617477365517
Other_0pct,multiplicative,0,4,-0.019108683426133366
Other_0pct,thermal_softening,0,0,-0.020708728763248363
Other_0pct,thermal_softening,0,1,-0.028950918221404942
Other_0pct,thermal_softening,0,2,-0.01945227892371637
Other_0pct,thermal_softening,0,3,-0.0997469049404327
Other_0pct,thermal_softening,0,4,-1.7114502756775645
Other_0pct,arrhenius,0,0,-0.050185612031710125
Other_0pct,arrhenius,0,1,-0.09220803954109336
Other_0pct,arrhenius,0,2,-0.027219610688511198
Other_0pct,arrhenius,0,3,-0.054486321784839475
Other_0pct,arrhenius,0,4,-0.04525849492605061
Other_0pct,power_law,0,0,-0.04828263239996389
Other_0pct,power_law,0,1,-0.30089648942976766
Other_0pct,power_law,0,2,-0.028866251770518714
Other_0pct,power_law,0,3,0.0892378704279001
Other_0pct,power_law,0,4,-0.07096392055406509
Other_0pct,free_2stage,0,0,-1.0
Other_0pct,free_2stage,0,1,-0.06812944143173127
Other_0pct,free_2stage,0,2,0.07862058215128798
Other_0pct,free_2stage,0,3,0.17855104114554454
Other_0pct,free_2stage,0,4,-0.02767103456447928
Other_0pct,free_1stage,0,0,0.010497262432846544
Other_0pct,free_1stage,0,1,-0.01285104869758169
Other_0pct,free_1stage,0,2,-0.02280168857277709
Other_0pct,free_1stage,0,3,0.13694905317410144
Other_0pct,free_1stage,0,4,0.050745435463168787
Other_0pct,entropy_weighted,0,0,-0.02405186453201935
Other_0pct,entropy_weighted,0,1,-0.13199594291302552
Other_0pct,entropy_weighted,0,2,-0.11282797377976794
Other_0pct,entropy_weighted,0,3,-0.024273436416608396
Other_0pct,entropy_weighted,0,4,-0.08219897901070894
Other_0pct,calphad,0,0,-0.04035697572109753
Other_0pct,calphad,0,1,-0.48512883067127
Other_0pct,calphad,0,2,-0.3850967691663889
Other_0pct,calphad,0,3,0.36871786864577194
Other_0pct,calphad,0,4,-1.1076107043223016
Other_20pct,additive,0,0,-0.059239060731441695
Other_20pct,additive,0,1,-0.2419607417367129
Other_20pct,additive,0,2,0.00742905650705572
Other_20pct,additive,0,3,0.016033224875559693
Other_20pct,additive,0,4,-0.07192962084110932
Other_20pct,multiplicative,0,0,-0.11251713730182478
Other_20pct,multiplicative,0,1,-0.20368910527148598
Other_20pct,multiplicative,0,2,0.019020850593570393
Other_20pct,multiplicative,0,3,0.02969224577395302
Other_20pct,multiplicative,0,4,-0.06654190364854329
Other_20pct,thermal_softening,0,0,-0.024164280671462368
Other_20pct,thermal_softening,0,1,-0.0880618884869806
Other_20pct,thermal_softening,0,2,-0.022526218084288452
Other_20pct,thermal_softening,0,3,-0.09543711840269986
Other_20pct,thermal_softening,0,4,-0.1021418747021623
Other_20pct,arrhenius,0,0,-0.046052432774869034
Other_20pct,arrhenius,0,1,-0.0349660251379047
Other_20pct,arrhenius,0,2,-0.04173983541258042
Other_20pct,arrhenius,0,3,-0.12386265511302597
Other_20pct,arrhenius,0,4,0.004780203220533519
Other_20pct,power_law,0,0,-0.024340769644566773
Other_20pct,power_law,0,1,-0.19861583650156334
Other_20pct,power_law,0,2,0.007666257741368865
Other_20pct,power_law,0,3,0.06582679096945387
Other_20pct,power_law,0,4,-0.12427490289678444
Other_20pct,free_2stage,0,0,0.010544458131252155
Other_20pct,free_2stage,0,1,-0.04480257541044819
Other_20pct,free_2stage,0,2,0.12550151037443513
Other_20pct,free_2stage,0,3,0.11288661006419154
Other_20pct,free_2stage,0,4,0.024610745289842972
Other_20pct,free_1stage,0,0,-0.003271692768663792
Other_20pct,free_1stage,0,1,-0.04300672060611044
Other_20pct,free_1stage,0,2,-0.03431773882144418
Other_20pct,free_1stage,0,3,-0.017838866925594887
Other_20pct,free_1stage,0,4,-0.014820187177094768
Other_20pct,entropy_weighted,0,0,-0.03650171444842987
Other_20pct,entropy_weighted,0,1,-0.11487817015882307
Other_20pct,entropy_weighted,0,2,-0.06696022090108489
Other_20pct,entropy_weighted,0,3,0.10954534205145938
Other_20pct,entropy_weighted,0,4,-0.02620164921859658
Other_20pct,calphad,0,0,-0.4919960225513338
Other_20pct,calphad,0,1,-0.27294216754852174
Other_20pct,calphad,0,2,0.03152501021511245
Other_20pct,calphad,0,3,-0.1025274419627662
Other_20pct,calphad,0,4,-0.8274847603553701
Youngs_modulus,additive,1,0,-0.037106593220812334
Youngs_modulus,additive,1,1,0.12678132484914473
Youngs_modulus,additive,1,2,-0.08519729655943409
Youngs_modulus,additive,1,3,-0.02200391242691957
Youngs_modulus,additive,1,4,0.14694222577759886
Youngs_modulus,multiplicative,1,0,-0.07735602465823699
Youngs_modulus,multiplicative,1,1,-44.07572619215008
Youngs_modulus,multiplicative,1,2,-0.08324448030141807
Youngs_modulus,multiplicative,1,3,-0.1081956574928511
Youngs_modulus,multiplicative,1,4,0.08830556640613985
Youngs_modulus,thermal_softening,1,0,-0.039824202030656286
Youngs_modulus,thermal_softening,1,1,-0.03887977302285872
Youngs_modulus,thermal_softening,1,2,-0.02191770744038868
Youngs_modulus,thermal_softening,1,3,0.032696768703977086
Youngs_modulus,thermal_softening,1,4,0.02476506638092857
Youngs_modulus,arrhenius,1,0,-0.039031243307393826
Youngs_modulus,arrhenius,1,1,-0.1253272283166318
Youngs_modulus,arrhenius,1,2,-0.026243391217277034
Youngs_modulus,arrhenius,1,3,-0.03077788822261196
Youngs_modulus,arrhenius,1,4,-0.031889591031154296
Youngs_modulus,power_law,1,0,0.0035942888091743397
Youngs_modulus,power_law,1,1,0.007260750158698759
Youngs_modulus,power_law,1,2,-0.12355111632680638
Youngs_modulus,power_law,1,3,-0.23565361541620944
Youngs_modulus,power_law,1,4,0.03787364012523853
Youngs_modulus,free_2stage,1,0,-0.02656201979324302
Youngs_modulus,free_2stage,1,1,-0.014618638681214824
Youngs_modulus,free_2stage,1,2,-0.044477220875830614
Youngs_modulus,free_2stage,1,3,0.011765215530234352
Youngs_modulus,free_2stage,1,4,-0.14368728547635
Youngs_modulus,free_1stage,1,0,-0.032486392333686887
Youngs_modulus,free_1stage,1,1,-0.029753945682138072
Youngs_modulus,free_1stage,1,2,-0.07115094258692012
Youngs_modulus,free_1stage,1,3,0.010086052182646577
Youngs_modulus,free_1stage,1,4,0.0036354810600373044
Youngs_modulus,entropy_weighted,1,0,-0.06994422252129495
Youngs_modulus,entropy_weighted,1,1,-0.08704271391323459
Youngs_modulus,entropy_weighted,1,2,-0.09827014688699931
Youngs_modulus,entropy_weighted,1,3,-0.11614810769742934
Youngs_modulus,entropy_weighted,1,4,0.019835808578386183
Youngs_modulus,calphad,1,0,-0.739467465965453
Youngs_modulus,calphad,1,1,-1.0832107857935567
Youngs_modulus,calphad,1,2,-0.02835577912201681
Youngs_modulus,calphad,1,3,-0.4354359805225516
Youngs_modulus,calphad,1,4,-0.8013654986086167
UTS,additive,1,0,-0.03616022804832131
UTS,additive,1,1,-0.00011986164840904756
UTS,additive,1,2,-0.14441146442210728
UTS,additive,1,3,-0.004663494851888217
UTS,additive,1,4,-0.014552252326693882
UTS,multiplicative,1,0,0.026509865409766187
UTS,multiplicative,1,1,-18.545748912389712
UTS,multiplicative,1,2,-0.16308520361890677
UTS,multiplicative,1,3,-0.067126143448903
UTS,multiplicative,1,4,0.009128476273312258
UTS,thermal_softening,1,0,-0.06000983362511492
UTS,thermal_softening,1,1,-0.03714917406274432
UTS,thermal_softening,1,2,-0.0012603216734989875
UTS,thermal_softening,1,3,-0.007511769059285633
UTS,thermal_softening,1,4,-0.06815872004578938
UTS,arrhenius,1,0,-0.05411440980442217
UTS,arrhenius,1,1,-0.1613266465241774
UTS,arrhenius,1,2,-0.01689196650614222
UTS,arrhenius,1,3,-0.0984081236883898
UTS,arrhenius,1,4,-0.06401530806997124
UTS,power_law,1,0,-0.030711645528449516
UTS,power_law,1,1,0.0039335901527419725
UTS,power_law,1,2,-0.11920588197345383
UTS,power_law,1,3,-0.0009350415693221148
UTS,power_law,1,4,0.021061292513399388
UTS,free_2stage,1,0,-0.01262710017737212
UTS,free_2stage,1,1,-0.08890723974014558
UTS,free_2stage,1,2,-0.08692488063267723
UTS,free_2stage,1,3,-0.0003547072226708359
UTS,free_2stage,1,4,-0.021415554768106748
UTS,free_1stage,1,0,-0.04538462367419949
UTS,free_1stage,1,1,-0.0030036528208650104
UTS,free_1stage,1,2,-0.009588425100243603
UTS,free_1stage,1,3,-0.009164035411612259
UTS,free_1stage,1,4,-0.04409761635379139
UTS,entropy_weighted,1,0,-0.09509009647541178
UTS,entropy_weighted,1,1,-0.017432810277102417
UTS,entropy_weighted,1,2,-0.03888661177523489
UTS,entropy_weighted,1,3,-0.051132522918270196
UTS,entropy_weighted,1,4,0.043429870018065864
UTS,calphad,1,0,-1.4962220879922232
UTS,calphad,1,1,0.06313617377836211
UTS,calphad,1,2,-0.43291138872451995
UTS,calphad,1,3,-0.7304370370315745
UTS,calphad,1,4,-0.5109751905457354
Disloc_0pct,additive,1,0,-0.05464674887896681
Disloc_0pct,additive,1,1,0.00518024501681591
Disloc_0pct,additive,1,2,-0.11086142282276934
Disloc_0pct,additive,1,3,-0.0430666145447971
Disloc_0pct,additive,1,4,-0.01747075684547461
Disloc_0pct,multiplicative,1,0,-0.16259122783754432
Disloc_0pct,multiplicative,1,1,0.02340433195296987
Disloc_0pct,multiplicative,1,2,-0.10633795609205632
Disloc_0pct,multiplicative,1,3,-0.1301290830056141
Disloc_0pct,multiplicative,1,4,-0.12484290759675054
Disloc_0pct,thermal_softening,1,0,-2.682568265820976
Disloc_0pct,thermal_softening,1,1,-0.01616919060924893
Disloc_0pct,thermal_softening,1,2,-0.006357622045325861
Disloc_0pct,thermal_softening,1,3,-0.05787693874602118
Disloc_0pct,thermal_softening,1,4,0.0010603562236336517
Disloc_0pct,arrhenius,1,0,-0.05478397930436851
Disloc_0pct,arrhenius,1,1,-0.10090390780051561
Disloc_0pct,arrhenius,1,2,-0.033850576811505384
Disloc_0pct,arrhenius,1,3,-0.14561377375093687
Disloc_0pct,arrhenius,1,4,-0.05405246200975067
Disloc_0pct,power_law,1,0,-0.020211713051555558
Disloc_0pct,power_law,1,1,-0.01887254781763703
Disloc_0pct,power_law,1,2,-0.10624818629602406
Disloc_0pct,power_law,1,3,-0.077464416432941
Disloc_0pct,power_law,1,4,-0.010020971510884324
Disloc_0pct,free_2stage,1,0,-0.03888027715766418
Disloc_0pct,free_2stage,1,1,0.03047676306743541
Disloc_0pct,free_2stage,1,2,-0.02501633956680971
Disloc_0pct,free_2stage,1,3,-0.046322591148864056
Disloc_0pct,free_2stage,1,4,-0.0008972351138214485
Disloc_0pct,free_1stage,1,0,-0.03287459191476372
Disloc_0pct,free_1stage,1,1,0.006444292276406527
Disloc_0pct,free_1stage,1,2,-0.1020514004920352
Disloc_0pct,free_1stage,1,3,-0.03799339282941716
Disloc_0pct,free_1stage,1,4,-0.014756310745981827
Disloc_0pct,entropy_weighted,1,0,-0.06594416009695614
Disloc_0pct,entropy_weighted,1,1,-0.048367905260116695
Disloc_0pct,entropy_weighted,1,2,-0.0280015863590799
Disloc_0pct,entropy_weighted,1,3,-0.11514540356119518
Disloc_0pct,entropy_weighted,1,4,-0.08721443531181006
Disloc_0pct,calphad,1,0,-1.6447832863936305
Disloc_0pct,calphad,1,1,-0.8447775149460188
Disloc_0pct,calphad,1,2,-0.13764198865795474
Disloc_0pct,calphad,1,3,-0.6906929749494664
Disloc_0pct,calphad,1,4,-0.6339195186693689
Disloc_20pct,additive,1,0,-0.06791237787205429
Disloc_20pct,additive,1,1,0.10523935936168016
Disloc_20pct,additive,1,2,-0.08911771596781914
Disloc_20pct,additive,1,3,-0.010060508824879744
Disloc_20pct,additive,1,4,-0.030065105998624553
Disloc_20pct,multiplicative,1,0,-0.1647495309486524
Disloc_20pct,multiplicative,1,1,0.0026952030650265746
Disloc_20pct,multiplicative,1,2,-0.0788461064473569
Disloc_20pct,multiplicative,1,3,-0.17552921904051533
Disloc_20pct,multiplicative,1,4,-0.03796886592857862
Disloc_20pct,thermal_softening,1,0,-0.16727343759657742
Disloc_20pct,thermal_softening,1,1,0.008690639720344229
Disloc_20pct,thermal_softening,1,2,-0.012423826616786648
Disloc_20pct,thermal_softening,1,3,-0.01951413401617108
Disloc_20pct,thermal_softening,1,4,-0.03437219578279804
Disloc_20pct,arrhenius,1,0,-0.029604337668982295
Disloc_20pct,arrhenius,1,1,-0.01134334149676941
Disloc_20pct,arrhenius,1,2,-0.02767781742550679
Disloc_20pct,arrhenius,1,3,-0.10503732614135486
Disloc_20pct,arrhenius,1,4,-0.04145486016008726
Disloc_20pct,power_law,1,0,-0.0834968753581502
Disloc_20pct,power_law,1,1,0.10770783463789213
Disloc_20pct,power_law,1,2,-0.019628586349220933
Disloc_20pct,power_law,1,3,-0.09339326629641254
Disloc_20pct,power_law,1,4,-0.05503427763591051
Disloc_20pct,free_2stage,1,0,0.04872781322677844
Disloc_20pct,free_2stage,1,1,-0.02125503240045301
Disloc_20pct,free_2stage,1,2,0.006022747083343494
Disloc_20pct,free_2stage,1,3,-0.0024386983534012696
Disloc_20pct,free_2stage,1,4,-0.07400011961119857
Disloc_20pct,free_1stage,1,0,-0.1544533648898052
Disloc_20pct,free_1stage,1,1,0.08978099243612059
Disloc_20pct,free_1stage,1,2,-0.08663169375530999
Disloc_20pct,free_1stage,1,3,-0.013058297483159675
Disloc_20pct,free_1stage,1,4,0.01889058308277225
Disloc_20pct,entropy_weighted,1,0,-0.020403173500553207
Disloc_20pct,entropy_weighted,1,1,-0.08124248948579371
Disloc_20pct,entropy_weighted,1,2,-0.003667779757796863
Disloc_20pct,entropy_weighted,1,3,-0.09357630568442432
Disloc_20pct,entropy_weighted,1,4,-0.08449483003754654
Disloc_20pct,calphad,1,0,-1.1413212864636648
Disloc_20pct,calphad,1,1,-1.1984805804288023
Disloc_20pct,calphad,1,2,-0.060811646048527734
Disloc_20pct,calphad,1,3,-0.2629338297120851
Disloc_20pct,calphad,1,4,-2.608982863137796
FCC_0pct,additive,1,0,-0.14566343799446768
FCC_0pct,additive,1,1,0.01768909142526054
FCC_0pct,additive,1,2,-0.11173571384803216
FCC_0pct,additive,1,3,-0.15232679262046434
FCC_0pct,additive,1,4,-0.0738422739050415
FCC_0pct,multiplicative,1,0,-0.017508272673962377
FCC_0pct,multiplicative,1,1,0.01829403618327341
FCC_0pct,multiplicative,1,2,-0.1946541286917387
FCC_0pct,multiplicative,1,3,-0.008822297447385496
FCC_0pct,multiplicative,1,4,0.002035613372372014
FCC_0pct,thermal_softening,1,0,-0.05700420329974265
FCC_0pct,thermal_softening,1,1,-0.02886014581817231
FCC_0pct,thermal_softening,1,2,-0.04302705790789996
FCC_0pct,thermal_softening,1,3,-0.07133187473490521
FCC_0pct,thermal_softening,1,4,-0.005511493804163603
FCC_0pct,arrhenius,1,0,-0.10888094517451918
FCC_0pct,arrhenius,1,1,-0.04899503633765612
FCC_0pct,arrhenius,1,2,-0.045703834769688534
FCC_0pct,arrhenius,1,3,-0.017442395209471773
FCC_0pct,arrhenius,1,4,-0.05077660604619294
FCC_0pct,power_law,1,0,-0.09214858101073253
FCC_0pct,power_law,1,1,0.0279165310442967
FCC_0pct,power_law,1,2,-0.08215333088678922
FCC_0pct,power_law,1,3,-0.045429345926482956
FCC_0pct,power_law,1,4,-0.019850423019063035
FCC_0pct,free_2stage,1,0,-0.0075749960666657845
FCC_0pct,free_2stage,1,1,-0.023780140249547443
FCC_0pct,free_2stage,1,2,-0.03746934549638681
FCC_0pct,free_2stage,1,3,-0.0016303942710240715
FCC_0pct,free_2stage,1,4,0.012720198680447825
FCC_0pct,free_1stage,1,0,-0.058664879725737196
FCC_0pct,free_1stage,1,1,0.0030986526703794537
FCC_0pct,free_1stage,1,2,-0.07818700856221028
FCC_0pct,free_1stage,1,3,-0.0745033501288892
FCC_0pct,free_1stage,1,4,-0.013835767237382557
FCC_0pct,entropy_weighted,1,0,-0.06418199709904737
FCC_0pct,entropy_weighted,1,1,-0.08958753040761791
FCC_0pct,entropy_weighted,1,2,-0.010213763944519005
FCC_0pct,entropy_weighted,1,3,-0.07714162056780793
FCC_0pct,entropy_weighted,1,4,-0.032698244824260314
FCC_0pct,calphad,1,0,-0.7709287210575244
FCC_0pct,calphad,1,1,-1.0547436549221052
FCC_0pct,calphad,1,2,-0.31079635944601636
FCC_0pct,calphad,1,3,-0.6109482867105318
FCC_0pct,calphad,1,4,-0.18314480268563704
HCP_0pct,additive,1,0,-0.043162854986456445
HCP_0pct,additive,1,1,-0.02091302740332046
HCP_0pct,additive,1,2,-0.04233030756233491
HCP_0pct,additive,1,3,-0.05098655494783855
HCP_0pct,additive,1,4,-0.22408234602237775
HCP_0pct,multiplicative,1,0,0.04154202146731634
HCP_0pct,multiplicative,1,1,-0.00791006116195736
HCP_0pct,multiplicative,1,2,-0.10883964123113499
HCP_0pct,multiplicative,1,3,0.04611177174620651
HCP_0pct,multiplicative,1,4,-1.1447352836220306
HCP_0pct,thermal_softening,1,0,-0.21473047369025
HCP_0pct,thermal_softening,1,1,-0.12340796191253078
HCP_0pct,thermal_softening,1,2,-0.003177529858380046
HCP_0pct,thermal_softening,1,3,0.016544751231938437
HCP_0pct,thermal_softening,1,4,-0.29377931724459483
HCP_0pct,arrhenius,1,0,0.015339906754146204
HCP_0pct,arrhenius,1,1,-0.07442144046882038
HCP_0pct,arrhenius,1,2,-0.12555307664877335
HCP_0pct,arrhenius,1,3,-0.13527319434582896
HCP_0pct,arrhenius,1,4,-0.2189505898850701
HCP_0pct,power_law,1,0,-0.11268394271650295
HCP_0pct,power_law,1,1,-0.2880584474454597
HCP_0pct,power_law,1,2,-0.13013902570074887
HCP_0pct,power_law,1,3,0.046095618527528526
HCP_0pct,power_law,1,4,-0.14037982749266065
HCP_0pct,free_2stage,1,0,0.041862131774715095
HCP_0pct,free_2stage,1,1,-0.05864992116731882
HCP_0pct,free_2stage,1,2,-0.09550572846778649
HCP_0pct,free_2stage,1,3,0.003684262606591937
HCP_0pct,free_2stage,1,4,-0.005252296666639289
HCP_0pct,free_1stage,1,0,-0.025850761220957752
HCP_0pct,free_1stage,1,1,-0.04079981464714444
HCP_0pct,free_1stage,1,2,-0.07607738754123505
HCP_0pct,free_1stage,1,3,-0.012176489110006461
HCP_0pct,free_1stage,1,4,-0.019405675717601545
HCP_0pct,entropy_weighted,1,0,-0.03482649316173503
HCP_0pct,entropy_weighted,1,1,-0.15285873765169944
HCP_0pct,entropy_weighted,1,2,-0.04293620441291979
HCP_0pct,entropy_weighted,1,3,0.06734982443560722
HCP_0pct,entropy_weighted,1,4,-0.30199949688222394
HCP_0pct,calphad,1,0,-0.38399041878947426
HCP_0pct,calphad,1,1,-0.7027315575353235
HCP_0pct,calphad,1,2,-1.34352964750861
HCP_0pct,calphad,1,3,-0.2059399362312302
HCP_0pct,calphad,1,4,-0.5806005464656139
BCC_0pct,additive,1,0,-0.07829708674981117
BCC_0pct,additive,1,1,0.05230609169168632
BCC_0pct,additive,1,2,-0.17031221084616344
BCC_0pct,additive,1,3,-0.00043588473633593416
BCC_0pct,additive,1,4,-0.09799275093062976
BCC_0pct,multiplicative,1,0,-0.11433712923645478
BCC_0pct,multiplicative,1,1,-0.029639315776973207
BCC_0pct,multiplicative,1,2,-0.06682490708759037
BCC_0pct,multiplicative,1,3,-0.012618729339283208
BCC_0pct,multiplicative,1,4,0.152969365982782
BCC_0pct,thermal_softening,1,0,-0.024705826436493217
BCC_0pct,thermal_softening,1,1,0.008335159375134515
BCC_0pct,thermal_softening,1,2,-0.1333625504306708
BCC_0pct,thermal_softening,1,3,-0.00041139369319243
BCC_0pct,thermal_softening,1,4,-0.13671340769279605
BCC_0pct,arrhenius,1,0,-0.08812499800426155
BCC_0pct,arrhenius,1,1,-0.010759793726884181
BCC_0pct,arrhenius,1,2,-0.17552682511377693
BCC_0pct,arrhenius,1,3,-0.057572880363680135
BCC_0pct,arrhenius,1,4,-0.02286389616346174
BCC_0pct,power_law,1,0,-0.11168160783553738
BCC_0pct,power_law,1,1,0.0493641459732741
BCC_0pct,power_law,1,2,-0.09656976211674873
BCC_0pct,power_law,1,3,0.015844694517529123
BCC_0pct,power_law,1,4,-0.0010757814766026996
BCC_0pct,free_2stage,1,0,-0.06432912254166778
BCC_0pct,free_2stage,1,1,0.007777529917258996
BCC_0pct,free_2stage,1,2,-0.14259096947066152
BCC_0pct,free_2stage,1,3,-0.000360891574505251
BCC_0pct,free_2stage,1,4,-4.361763725394958
BCC_0pct,free_1stage,1,0,-0.04512714286257746
BCC_0pct,free_1stage,1,1,-0.012444959281036283
BCC_0pct,free_1stage,1,2,-0.038507627130370814
BCC_0pct,free_1stage,1,3,-0.01182229368524168
BCC_0pct,free_1stage,1,4,-0.003666232133639147
BCC_0pct,entropy_weighted,1,0,-0.05105011707622409
BCC_0pct,entropy_weighted,1,1,-0.023224504630215526
BCC_0pct,entropy_weighted,1,2,-0.198684808949257
BCC_0pct,entropy_weighted,1,3,-0.025055622437008873
BCC_0pct,entropy_weighted,1,4,-0.05882691543097551
BCC_0pct,calphad,1,0,-0.1730786195086409
BCC_0pct,calphad,1,1,-0.9212911087095244
BCC_0pct,calphad,1,2,-2.6726592600826327
BCC_0pct,calphad,1,3,-0.2789818772432502
BCC_0pct,calphad,1,4,-0.13508079060679856
FCC_20pct,additive,1,0,-0.1459460547241327
FCC_20pct,additive,1,1,-0.026208075395253605
FCC_20pct,additive,1,2,-0.1616230994389427
FCC_20pct,additive,1,3,0.03998383250725657
FCC_20pct,additive,1,4,0.045745165299656
FCC_20pct,multiplicative,1,0,-0.026227841127237417
FCC_20pct,multiplicative,1,1,-0.0058556231676503145
FCC_20pct,multiplicative,1,2,-0.23008516760755415
FCC_20pct,multiplicative,1,3,0.03479337909982827
FCC_20pct,multiplicative,1,4,0.03010028036347623
FCC_20pct,thermal_softening,1,0,-0.12078667386962105
FCC_20pct,thermal_softening,1,1,-0.08527641744383652
FCC_20pct,thermal_softening,1,2,-0.1905703482115002
FCC_20pct,thermal_softening,1,3,-0.03288959924093526
FCC_20pct,thermal_softening,1,4,0.008542024912066237
FCC_20pct,arrhenius,1,0,-0.059026741988658094
FCC_20pct,arrhenius,1,1,0.017707855272649176
FCC_20pct,arrhenius,1,2,-0.04113666761833268
FCC_20pct,arrhenius,1,3,-0.015115267347797001
FCC_20pct,arrhenius,1,4,0.07566924913435369
FCC_20pct,power_law,1,0,-0.1173943407311957
FCC_20pct,power_law,1,1,0.10460135795166636
FCC_20pct,power_law,1,2,-0.16610997653307713
FCC_20pct,power_law,1,3,0.0348528837625518
FCC_20pct,power_law,1,4,-0.14736823382977438
FCC_20pct,free_2stage,1,0,-0.09030922611258463
FCC_20pct,free_2stage,1,1,0.04632288231037296
FCC_20pct,free_2stage,1,2,-0.10166591121101276
FCC_20pct,free_2stage,1,3,-0.026123808519991076
FCC_20pct,free_2stage,1,4,0.1429800187878537
FCC_20pct,free_1stage,1,0,-0.05633086511943963
FCC_20pct,free_1stage,1,1,-0.023244596228294112
FCC_20pct,free_1stage,1,2,-0.09703715961306703
FCC_20pct,free_1stage,1,3,-0.00169616298508668
FCC_20pct,free_1stage,1,4,-0.021937834155222324
FCC_20pct,entropy_weighted,1,0,0.002869828387196516
FCC_20pct,entropy_weighted,1,1,-0.1027364928195631
FCC_20pct,entropy_weighted,1,2,-0.10797392559477181
FCC_20pct,entropy_weighted,1,3,-0.09423511753106162
FCC_20pct,entropy_weighted,1,4,-0.1740466700437704
FCC_20pct,calphad,1,0,-0.6948842779087645
FCC_20pct,calphad,1,1,-0.7700030231799606
FCC_20pct,calphad,1,2,-1.0818146935948567
FCC_20pct,calphad,1,3,-1.3302233919066224
FCC_20pct,calphad,1,4,-0.4602382063134136
HCP_20pct,additive,1,0,0.013721822851770482
HCP_20pct,additive,1,1,-0.03708077881517147
HCP_20pct,additive,1,2,0.038447156747872135
HCP_20pct,additive,1,3,-0.04405872113169429
HCP_20pct,additive,1,4,-0.039042196904063076
HCP_20pct,multiplicative,1,0,-0.027330794639020883
HCP_20pct,multiplicative,1,1,-0.022122445512218203
HCP_20pct,multiplicative,1,2,0.02687462993192058
HCP_20pct,multiplicative,1,3,-0.19356571184735105
HCP_20pct,multiplicative,1,4,-0.0420826486067396
HCP_20pct,thermal_softening,1,0,-0.30031457979048715
HCP_20pct,thermal_softening,1,1,0.007818413604897989
HCP_20pct,thermal_softening,1,2,-0.061209754033302755
HCP_20pct,thermal_softening,1,3,-0.11692982079248915
HCP_20pct,thermal_softening,1,4,-0.06371445364807582
HCP_20pct,arrhenius,1,0,-0.17186867978283926
HCP_20pct,arrhenius,1,1,-0.07051771909386728
HCP_20pct,arrhenius,1,2,0.044549358091411806
HCP_20pct,arrhenius,1,3,-0.04183632902376577
HCP_20pct,arrhenius,1,4,-0.25505232239506626
HCP_20pct,power_law,1,0,0.0039010426701318046
HCP_20pct,power_law,1,1,-0.05415201051025598
HCP_20pct,power_law,1,2,0.019615675873316474
HCP_20pct,power_law,1,3,-0.029923154142356134
HCP_20pct,power_law,1,4,-0.0404335610486628
HCP_20pct,free_2stage,1,0,-0.024201091231324634
HCP_20pct,free_2stage,1,1,-0.01642219404140577
HCP_20pct,free_2stage,1,2,0.07205898421866608
HCP_20pct,free_2stage,1,3,-0.05596205775499885
HCP_20pct,free_2stage,1,4,-0.01025511613341945
HCP_20pct,free_1stage,1,0,-0.024447164324661097
HCP_20pct,free_1stage,1,1,-0.20820061181875227
HCP_20pct,free_1stage,1,2,0.023755860477670754
HCP_20pct,free_1stage,1,3,-0.024647236018517704
HCP_20pct,free_1stage,1,4,0.006374249226499318
HCP_20pct,entropy_weighted,1,0,-0.49138112704455805
HCP_20pct,entropy_weighted,1,1,-0.10892387243750346
HCP_20pct,entropy_weighted,1,2,-0.1280383658350901
HCP_20pct,entropy_weighted,1,3,-0.022775040839044802
HCP_20pct,entropy_weighted,1,4,-0.16007258762424947
HCP_20pct,calphad,1,0,-0.8467867166223695
HCP_20pct,calphad,1,1,-1.302090794640483
HCP_20pct,calphad,1,2,-0.6648945231683367
HCP_20pct,calphad,1,3,-0.07156992453058897
HCP_20pct,calphad,1,4,-1.9093370143706099
BCC_20pct,additive,1,0,-0.035136023071351774
BCC_20pct,additive,1,1,0.06144330998734371
BCC_20pct,additive,1,2,-0.3385294921249493
BCC_20pct,additive,1,3,-5.6373492984547005
BCC_20pct,additive,1,4,-0.019301514212736626
BCC_20pct,multiplicative,1,0,0.031458472542604365
BCC_20pct,multiplicative,1,1,0.02281319470849008
BCC_20pct,multiplicative,1,2,0.06601427550672956
BCC_20pct,multiplicative,1,3,0.03380100315000867
BCC_20pct,multiplicative,1,4,-0.029906148084825723
BCC_20pct,thermal_softening,1,0,0.12149371540995713
BCC_20pct,thermal_softening,1,1,-0.1373469037445294
BCC_20pct,thermal_softening,1,2,-0.012714148789594315
BCC_20pct,thermal_softening,1,3,-0.030149633537688292
BCC_20pct,thermal_softening,1,4,-0.1389928581045552
BCC_20pct,arrhenius,1,0,-0.06583973313462388
BCC_20pct,arrhenius,1,1,-3.9966317242276093
BCC_20pct,arrhenius,1,2,-0.03164808912816741
BCC_20pct,arrhenius,1,3,-0.020863737650952396
BCC_20pct,arrhenius,1,4,-0.22429744283653763
BCC_20pct,power_law,1,0,0.006495309537849825
BCC_20pct,power_law,1,1,0.02268642690292455
BCC_20pct,power_law,1,2,-0.21666814712962834
BCC_20pct,power_law,1,3,-0.037507087642366654
BCC_20pct,power_law,1,4,-0.01907356332844845
BCC_20pct,free_2stage,1,0,0.03872672775730046
BCC_20pct,free_2stage,1,1,-0.018483985276744885
BCC_20pct,free_2stage,1,2,-0.07531658573078737
BCC_20pct,free_2stage,1,3,-0.1104680929608246
BCC_20pct,free_2stage,1,4,0.07337786943411717
BCC_20pct,free_1stage,1,0,0.028726004818957596
BCC_20pct,free_1stage,1,1,-0.06868985417201046
BCC_20pct,free_1stage,1,2,0.0309270706183572
BCC_20pct,free_1stage,1,3,0.03116927848249751
BCC_20pct,free_1stage,1,4,-0.037404925157652036
BCC_20pct,entropy_weighted,1,0,-0.053808096313336495
BCC_20pct,entropy_weighted,1,1,-0.07328544134610948
BCC_20pct,entropy_weighted,1,2,-0.08655245754615137
BCC_20pct,entropy_weighted,1,3,-0.053063406730885276
BCC_20pct,entropy_weighted,1,4,-0.18766956837734372
BCC_20pct,calphad,1,0,-0.5258997091989617
BCC_20pct,calphad,1,1,0.004632143409680212
BCC_20pct,calphad,1,2,-228.14982839650187
BCC_20pct,calphad,1,3,-0.07901232028457428
BCC_20pct,calphad,1,4,-1.2498050592839234
Other_0pct,additive,1,0,-0.0905420879640122
Other_0pct,additive,1,1,0.021989859954637203
Other_0pct,additive,1,2,-0.11384098482166216
Other_0pct,additive,1,3,-2.355749978972756
Other_0pct,additive,1,4,0.0026827626353994605
Other_0pct,multiplicative,1,0,-0.07787569796061034
Other_0pct,multiplicative,1,1,0.03654898213212654
Other_0pct,multiplicative,1,2,-0.07887735207828928
Other_0pct,multiplicative,1,3,0.015462079792203154
Other_0pct,multiplicative,1,4,-0.03205340834838122
Other_0pct,thermal_softening,1,0,-0.00633861927787982
Other_0pct,thermal_softening,1,1,-0.021178609030543027
Other_0pct,thermal_softening,1,2,0.07217174052605735
Other_0pct,thermal_softening,1,3,-0.037762011598700074
Other_0pct,thermal_softening,1,4,-0.11629031692227643
Other_0pct,arrhenius,1,0,-0.23165487008180263
Other_0pct,arrhenius,1,1,-0.07122618719627427
Other_0pct,arrhenius,1,2,-0.12604730717365142
Other_0pct,arrhenius,1,3,-0.04671821853684355
Other_0pct,arrhenius,1,4,-0.017450681531271606
Other_0pct,power_law,1,0,-0.10583688982477124
Other_0pct,power_law,1,1,0.03660603637230664
Other_0pct,power_law,1,2,-0.07883405103407082
Other_0pct,power_law,1,3,-0.020151769648082185
Other_0pct,power_law,1,4,0.00877303397625906
Other_0pct,free_2stage,1,0,-0.03163956720602168
Other_0pct,free_2stage,1,1,-0.02083017175940305
Other_0pct,free_2stage,1,2,-0.016519449454279744
Other_0pct,free_2stage,1,3,-0.047387287380842746
Other_0pct,free_2stage,1,4,0.0257614574631031
Other_0pct,free_1stage,1,0,-0.05218507932747363
Other_0pct,free_1stage,1,1,-0.0058110885901909715
Other_0pct,free_1stage,1,2,-0.012048447452391642
Other_0pct,free_1stage,1,3,-0.0010700439970328102
Other_0pct,free_1stage,1,4,-0.013691095391922481
Other_0pct,entropy_weighted,1,0,-0.05833237042569106
Other_0pct,entropy_weighted,1,1,-0.047429500811968284
Other_0pct,entropy_weighted,1,2,-0.027365834046864546
Other_0pct,entropy_weighted,1,3,0.025360435097807832
Other_0pct,entropy_weighted,1,4,-0.09346675410997585
Other_0pct,calphad,1,0,-0.6979782664922944
Other_0pct,calphad,1,1,-1.321658699637001
Other_0pct,calphad,1,2,-0.02051825034832233
Other_0pct,calphad,1,3,-0.6948982477548935
Other_0pct,calphad,1,4,0.0028635534315859523
Other_20pct,additive,1,0,-0.14421729791761484
Other_20pct,additive,1,1,0.05633004487993598
Other_20pct,additive,1,2,-0.07108730486091375
Other_20pct,additive,1,3,-0.03720318774285891
Other_20pct,additive,1,4,-0.04233026698361053
Other_20pct,multiplicative,1,0,-0.08820456174258129
Other_20pct,multiplicative,1,1,0.05442143947169309
Other_20pct,multiplicative,1,2,-0.11461420837439174
Other_20pct,multiplicative,1,3,-0.04174555720205353
Other_20pct,multiplicative,1,4,-0.04861749053465925
Other_20pct,thermal_softening,1,0,-0.1838554640216341
Other_20pct,thermal_softening,1,1,-0.03675832922177524
Other_20pct,thermal_softening,1,2,-0.1435811389635917
Other_20pct,thermal_softening,1,3,-0.03656146615215117
Other_20pct,thermal_softening,1,4,-0.04580248186399327
Other_20pct,arrhenius,1,0,-0.12304455517711022
Other_20pct,arrhenius,1,1,-0.13220121886591696
Other_20pct,arrhenius,1,2,-0.058620222586378334
Other_20pct,arrhenius,1,3,0.018144482991299227
Other_20pct,arrhenius,1,4,-0.11384872575246208
Other_20pct,power_law,1,0,-0.056294191223442036
Other_20pct,power_law,1,1,-0.005604699974596006
Other_20pct,power_law,1,2,-0.11478010714077347
Other_20pct,power_law,1,3,-0.04184161605667369
Other_20pct,power_law,1,4,0.012999581035387675
Other_20pct,free_2stage,1,0,-0.11757494948314928
Other_20pct,free_2stage,1,1,-0.012658136241131102
Other_20pct,free_2stage,1,2,-0.03274370534701587
Other_20pct,free_2stage,1,3,-0.01790174332411265
Other_20pct,free_2stage,1,4,-0.022429501726688894
Other_20pct,free_1stage,1,0,0.048664635296192804
Other_20pct,free_1stage,1,1,-0.0110486167693431
Other_20pct,free_1stage,1,2,-0.12070420377042312
Other_20pct,free_1stage,1,3,-0.01119095681845228
Other_20pct,free_1stage,1,4,-0.008566014073623673
Other_20pct,entropy_weighted,1,0,-0.08921549064729972
Other_20pct,entropy_weighted,1,1,-0.074739322647418
Other_20pct,entropy_weighted,1,2,-0.016378052992430003
Other_20pct,entropy_weighted,1,3,-0.010561812233496726
Other_20pct,entropy_weighted,1,4,-0.039211427499560525
Other_20pct,calphad,1,0,-2.3003856377077345
Other_20pct,calphad,1,1,-1.175474362052439
Other_20pct,calphad,1,2,-0.5900055773964863
Other_20pct,calphad,1,3,-0.6572648000875085
Other_20pct,calphad,1,4,-0.131744736174652
Youngs_modulus,additive,2,0,0.0021828478591350287
Youngs_modulus,additive,2,1,-0.21512343338137563
Youngs_modulus,additive,2,2,-0.19568041935772085
Youngs_modulus,additive,2,3,-0.050357385931797616
Youngs_modulus,additive,2,4,-0.22022828496321
Youngs_modulus,multiplicative,2,0,0.05308956587394853
Youngs_modulus,multiplicative,2,1,-0.20537511482747184
Youngs_modulus,multiplicative,2,2,-0.19119162169316795
Youngs_modulus,multiplicative,2,3,-0.08612833878338133
Youngs_modulus,multiplicative,2,4,-0.19448704744023426
Youngs_modulus,thermal_softening,2,0,-0.054128022588306735
Youngs_modulus,thermal_softening,2,1,-0.046807020165272606
Youngs_modulus,thermal_softening,2,2,-0.014774442221604067
Youngs_modulus,thermal_softening,2,3,-0.0640237627695921
Youngs_modulus,thermal_softening,2,4,-0.04560641518006303
Youngs_modulus,arrhenius,2,0,-0.09879471599794298
Youngs_modulus,arrhenius,2,1,-0.1628607129792179
Youngs_modulus,arrhenius,2,2,-0.05150431329037897
Youngs_modulus,arrhenius,2,3,-0.1272329429939969
Youngs_modulus,arrhenius,2,4,-0.04537616426721125
Youngs_modulus,power_law,2,0,0.04577503779520842
Youngs_modulus,power_law,2,1,-0.20523615241946414
Youngs_modulus,power_law,2,2,-0.19109806663484963
Youngs_modulus,power_law,2,3,-0.03452347980351744
Youngs_modulus,power_law,2,4,-0.1456683233406988
Youngs_modulus,free_2stage,2,0,0.07220249350290409
Youngs_modulus,free_2stage,2,1,-0.020578724271146598
Youngs_modulus,free_2stage,2,2,-0.018077677091720146
Youngs_modulus,free_2stage,2,3,-0.000540930475884327
Youngs_modulus,free_2stage,2,4,-0.16657162925795066
Youngs_modulus,free_1stage,2,0,-0.032085205385851134
Youngs_modulus,free_1stage,2,1,-0.11814522687401974
Youngs_modulus,free_1stage,2,2,-0.0089473007794163
Youngs_modulus,free_1stage,2,3,-0.008365365780498513
Youngs_modulus,free_1stage,2,4,-0.07700627592832254
Youngs_modulus,entropy_weighted,2,0,-0.02138360750506374
Youngs_modulus,entropy_weighted,2,1,-0.1016806467939837
Youngs_modulus,entropy_weighted,2,2,-0.13487247564159355
Youngs_modulus,entropy_weighted,2,3,-0.11961359917627434
Youngs_modulus,entropy_weighted,2,4,-0.09821456382604721
Youngs_modulus,calphad,2,0,-0.8073217653660261
Youngs_modulus,calphad,2,1,-0.47626923538107846
Youngs_modulus,calphad,2,2,0.14122676262220013
Youngs_modulus,calphad,2,3,-0.3751652870477289
Youngs_modulus,calphad,2,4,-1.8799607245926655
UTS,additive,2,0,0.08277209949473596
UTS,additive,2,1,-0.06762571544466689
UTS,additive,2,2,-0.26641777201884476
UTS,additive,2,3,-0.03870296045364974
UTS,additive,2,4,-0.20641745846229909
UTS,multiplicative,2,0,0.09877077192486516
UTS,multiplicative,2,1,-0.06235287020403901
UTS,multiplicative,2,2,-0.18016341204672504
UTS,multiplicative,2,3,-0.016131914005252712
UTS,multiplicative,2,4,-0.15647271040276478
UTS,thermal_softening,2,0,-0.009111668297683728
UTS,thermal_softening,2,1,0.009381331855180863
UTS,thermal_softening,2,2,-0.0166786050609542
UTS,thermal_softening,2,3,-0.03279070564041109
UTS,thermal_softening,2,4,-0.1285259500625755
UTS,arrhenius,2,0,-0.040259971002287065
UTS,arrhenius,2,1,-0.013389940940442546
UTS,arrhenius,2,2,-0.019764094468191384
UTS,arrhenius,2,3,-0.048431030323604185
UTS,arrhenius,2,4,-0.1683348838045089
UTS,power_law,2,0,0.0037454893196791073
UTS,power_law,2,1,-0.06235444210112706
UTS,power_law,2,2,-0.1992435765897218
UTS,power_law,2,3,-0.22721680312241
UTS,power_law,2,4,-0.15662152919484829
UTS,free_2stage,2,0,0.0016933813933249775
UTS,free_2stage,2,1,0.024404530543350123
UTS,free_2stage,2,2,-0.014943728298332237
UTS,free_2stage,2,3,-0.018940440093372146
UTS,free_2stage,2,4,-0.23283327602849768
UTS,free_1stage,2,0,0.13999321669680997
UTS,free_1stage,2,1,-0.05588393948334702
UTS,free_1stage,2,2,-0.042756478668072306
UTS,free_1stage,2,3,-0.010306844827045358
UTS,free_1stage,2,4,-0.10245560664622144
UTS,entropy_weighted,2,0,0.17886614449517357
UTS,entropy_weighted,2,1,-0.0688231339741856
UTS,entropy_weighted,2,2,-0.11480567703867761
UTS,entropy_weighted,2,3,-0.18428044038554936
UTS,entropy_weighted,2,4,-0.26824093519207004
UTS,calphad,2,0,0.15025366132673335
UTS,calphad,2,1,0.02472926535444886
UTS,calphad,2,2,-0.04462376391181011
UTS,calphad,2,3,-1.0883360793793648
UTS,calphad,2,4,-1.5564560082317445
Disloc_0pct,additive,2,0,0.06250150033978885
Disloc_0pct,additive,2,1,-0.19337705246803205
Disloc_0pct,additive,2,2,-0.24833934417636416
Disloc_0pct,additive,2,3,-0.09312542274873836
Disloc_0pct,additive,2,4,-0.17310299766802273
Disloc_0pct,multiplicative,2,0,0.07463451369200313
Disloc_0pct,multiplicative,2,1,-0.18255254668845788
Disloc_0pct,multiplicative,2,2,-0.23570635187064726
Disloc_0pct,multiplicative,2,3,-0.15297550288660267
Disloc_0pct,multiplicative,2,4,-0.27392634638932
Disloc_0pct,thermal_softening,2,0,-0.035554056099510234
Disloc_0pct,thermal_softening,2,1,-0.004930365275494841
Disloc_0pct,thermal_softening,2,2,-0.010353305234422905
Disloc_0pct,thermal_softening,2,3,-0.12569539685553321
Disloc_0pct,thermal_softening,2,4,-0.13535523493703883
Disloc_0pct,arrhenius,2,0,-0.07933227065206339
Disloc_0pct,arrhenius,2,1,-0.10120523949583027
Disloc_0pct,arrhenius,2,2,-0.043918180020767084
Disloc_0pct,arrhenius,2,3,-0.04626112899891455
Disloc_0pct,arrhenius,2,4,-0.11418454362043806
Disloc_0pct,power_law,2,0,0.07269512239210896
Disloc_0pct,power_law,2,1,-0.1825526817069889
Disloc_0pct,power_law,2,2,-0.23550034741754322
Disloc_0pct,power_law,2,3,-1.0
Disloc_0pct,power_law,2,4,-0.1655434516200096
Disloc_0pct,free_2stage,2,0,-0.01652125770554047
Disloc_0pct,free_2stage,2,1,-0.005040577702087656
Disloc_0pct,free_2stage,2,2,-0.10366870034038222
Disloc_0pct,free_2stage,2,3,0.029325746087293103
Disloc_0pct,free_2stage,2,4,-0.17596056476851962
Disloc_0pct,free_1stage,2,0,-0.017437334996945886
Disloc_0pct,free_1stage,2,1,-0.042101951613766175
Disloc_0pct,free_1stage,2,2,-0.0481205643778051
Disloc_0pct,free_1stage,2,3,-0.00728169891473196
Disloc_0pct,free_1stage,2,4,-0.18595886415524499
Disloc_0pct,entropy_weighted,2,0,-0.025632081394178163
Disloc_0pct,entropy_weighted,2,1,-0.09315939177639554
Disloc_0pct,entropy_weighted,2,2,-0.2157957509058186
Disloc_0pct,entropy_weighted,2,3,-0.012718907018249626
Disloc_0pct,entropy_weighted,2,4,-0.30173582069153904
Disloc_0pct,calphad,2,0,-0.20762710703682297
Disloc_0pct,calphad,2,1,0.20289321649693637
Disloc_0pct,calphad,2,2,-0.1333397395592706
Disloc_0pct,calphad,2,3,-0.7815585013028321
Disloc_0pct,calphad,2,4,-1.8733151175981209
Disloc_20pct,additive,2,0,-0.013635866403452601
Disloc_20pct,additive,2,1,-0.13590933056344245
Disloc_20pct,additive,2,2,-0.13564423535271186
Disloc_20pct,additive,2,3,-0.5919625772784798
Disloc_20pct,additive,2,4,-0.23506882676173912
Disloc_20pct,multiplicative,2,0,-0.005790936421123272
Disloc_20pct,multiplicative,2,1,-0.1923008055031541
Disloc_20pct,multiplicative,2,2,-0.17705129192535307
Disloc_20pct,multiplicative,2,3,-0.3053044737142676
Disloc_20pct,multiplicative,2,4,-0.21186338692637752
Disloc_20pct,thermal_softening,2,0,0.02333855755610259
Disloc_20pct,thermal_softening,2,1,-0.08944055187294375
Disloc_20pct,thermal_softening,2,2,-0.051037579646874054
Disloc_20pct,thermal_softening,2,3,0.01298050439993581
Disloc_20pct,thermal_softening,2,4,-0.05266402968900419
Disloc_20pct,arrhenius,2,0,-0.059499644994266854
Disloc_20pct,arrhenius,2,1,-0.1803203418416841
Disloc_20pct,arrhenius,2,2,-0.10576161907475656
Disloc_20pct,arrhenius,2,3,-0.04810452186558867
Disloc_20pct,arrhenius,2,4,-0.11107423903654667
Disloc_20pct,power_law,2,0,-0.006518133040128715
Disloc_20pct,power_law,2,1,-0.13514456044439416
Disloc_20pct,power_law,2,2,-0.22274483910377474
Disloc_20pct,power_law,2,3,-0.06922622752153607
Disloc_20pct,power_law,2,4,-0.24422307913230745
Disloc_20pct,free_2stage,2,0,-0.006714842259000431
Disloc_20pct,free_2stage,2,1,-0.8941325839561636
Disloc_20pct,free_2stage,2,2,-0.16960553389705568
Disloc_20pct,free_2stage,2,3,-0.04238782120406248
Disloc_20pct,free_2stage,2,4,-0.22860479901257547
Disloc_20pct,free_1stage,2,0,-0.012178810527396333
Disloc_20pct,free_1stage,2,1,-0.03286482035634686
Disloc_20pct,free_1stage,2,2,0.006360683824345514
Disloc_20pct,free_1stage,2,3,-0.06563986988245674
Disloc_20pct,free_1stage,2,4,-0.1423060608275506
Disloc_20pct,entropy_weighted,2,0,-0.036338393818267756
Disloc_20pct,entropy_weighted,2,1,-0.18348282053421427
Disloc_20pct,entropy_weighted,2,2,-0.09081973720559877
Disloc_20pct,entropy_weighted,2,3,-0.5754398458709109
Disloc_20pct,entropy_weighted,2,4,-0.2551425030257466
Disloc_20pct,calphad,2,0,-0.8865911547477863
Disloc_20pct,calphad,2,1,0.23507147660784833
Disloc_20pct,calphad,2,2,0.46633297937298246
Disloc_20pct,calphad,2,3,-0.615650723630699
Disloc_20pct,calphad,2,4,-1.4231583059528967
FCC_0pct,additive,2,0,0.08609130573431967
FCC_0pct,additive,2,1,-0.10736525434841959
FCC_0pct,additive,2,2,-0.24113515648515293
FCC_0pct,additive,2,3,-0.07981028028782755
FCC_0pct,additive,2,4,-0.2043477279485575
FCC_0pct,multiplicative,2,0,-0.08441673299763797
FCC_0pct,multiplicative,2,1,-0.1066845172422497
FCC_0pct,multiplicative,2,2,-0.2132844795889659
FCC_0pct,multiplicative,2,3,-0.13671800354416508
FCC_0pct,multiplicative,2,4,-0.22254873182814694
FCC_0pct,thermal_softening,2,0,-0.03305570935384439
FCC_0pct,thermal_softening,2,1,-0.006282890204297953
FCC_0pct,thermal_softening,2,2,-0.08053802963392576
FCC_0pct,thermal_softening,2,3,-0.09186541902574108
FCC_0pct,thermal_softening,2,4,-0.00010396225655884272
FCC_0pct,arrhenius,2,0,-0.02324462318150755
FCC_0pct,arrhenius,2,1,-0.005795101618641274
FCC_0pct,arrhenius,2,2,-0.047613432571350645
FCC_0pct,arrhenius,2,3,-0.023178214843895928
FCC_0pct,arrhenius,2,4,-0.001065444082675393
FCC_0pct,power_law,2,0,0.05767510228437911
FCC_0pct,power_law,2,1,-0.10718246272765053
FCC_0pct,power_law,2,2,-0.1104275042803855
FCC_0pct,power_law,2,3,-0.09198727752464175
FCC_0pct,power_law,2,4,-0.2223354154769397
FCC_0pct,free_2stage,2,0,0.07951846508947769
FCC_0pct,free_2stage,2,1,-0.0042317909053937175
FCC_0pct,free_2stage,2,2,0.07825777550980961
FCC_0pct,free_2stage,2,3,-0.014491918135844495
FCC_0pct,free_2stage,2,4,-0.12338575617949177
FCC_0pct,free_1stage,2,0,0.17278307323418962
FCC_0pct,free_1stage,2,1,-0.05987878422515247
FCC_0pct,free_1stage,2,2,-0.023166594629131065
FCC_0pct,free_1stage,2,3,-0.018267545206581914
FCC_0pct,free_1stage,2,4,-0.1520180585764328
FCC_0pct,entropy_weighted,2,0,0.03690546810229123
FCC_0pct,entropy_weighted,2,1,-0.1428234683103815
FCC_0pct,entropy_weighted,2,2,-0.03501245723765711
FCC_0pct,entropy_weighted,2,3,-0.09975842715843375
FCC_0pct,entropy_weighted,2,4,-0.12319223596495488
FCC_0pct,calphad,2,0,-0.4744442775716071
FCC_0pct,calphad,2,1,-0.09839579514200847
FCC_0pct,calphad,2,2,-0.24399714533812955
FCC_0pct,calphad,2,3,-0.10463559859476446
FCC_0pct,calphad,2,4,-2.845363525831978
HCP_0pct,additive,2,0,-0.299051985598652
HCP_0pct,additive,2,1,0.10233524023899121
HCP_0pct,additive,2,2,-0.1934757493877297
HCP_0pct,additive,2,3,-0.4651160588136303
HCP_0pct,additive,2,4,-0.05917983228998258
HCP_0pct,multiplicative,2,0,-0.10554374323296667
HCP_0pct,multiplicative,2,1,0.09934711535619245
HCP_0pct,multiplicative,2,2,-0.1824773643873734
HCP_0pct,multiplicative,2,3,-0.0953468484638389
HCP_0pct,multiplicative,2,4,-0.1484970327256876
HCP_0pct,thermal_softening,2,0,-0.005626135852116798
HCP_0pct,thermal_softening,2,1,0.09252758619758483
HCP_0pct,thermal_softening,2,2,-0.18286046188789884
HCP_0pct,thermal_softening,2,3,-0.06780704620741362
HCP_0pct,thermal_softening,2,4,-0.13164064351954186
HCP_0pct,arrhenius,2,0,-0.29907089723840374
HCP_0pct,arrhenius,2,1,0.0052745197764692
HCP_0pct,arrhenius,2,2,-0.08974167214005724
HCP_0pct,arrhenius,2,3,-0.06974972841960536
HCP_0pct,arrhenius,2,4,-0.016854440381929958
HCP_0pct,power_law,2,0,-0.12530478219346186
HCP_0pct,power_law,2,1,0.09942303804245012
HCP_0pct,power_law,2,2,-0.1894258926981005
HCP_0pct,power_law,2,3,-0.1627274810655388
HCP_0pct,power_law,2,4,-0.04437186022469097
HCP_0pct,free_2stage,2,0,-0.021278822177412726
HCP_0pct,free_2stage,2,1,-0.020160773385515585
HCP_0pct,free_2stage,2,2,-0.037638907656475595
HCP_0pct,free_2stage,2,3,-0.006064409973928209
HCP_0pct,free_2stage,2,4,-0.09467300861707484
HCP_0pct,free_1stage,2,0,-0.08126642829375386
HCP_0pct,free_1stage,2,1,0.003955183378672178
HCP_0pct,free_1stage,2,2,-0.002123629393516291
HCP_0pct,free_1stage,2,3,-0.07128506969935966
HCP_0pct,free_1stage,2,4,-0.07351206928178367
HCP_0pct,entropy_weighted,2,0,-0.06806917435729476
HCP_0pct,entropy_weighted,2,1,-0.03824264892590312
HCP_0pct,entropy_weighted,2,2,-0.19711011468385853
HCP_0pct,entropy_weighted,2,3,-0.05130162798787796
HCP_0pct,entropy_weighted,2,4,-0.06964664346705507
HCP_0pct,calphad,2,0,-0.7656224179996227
HCP_0pct,calphad,2,1,-0.6326145228798397
HCP_0pct,calphad,2,2,-0.2288141831998809
HCP_0pct,calphad,2,3,0.20088279580619883
HCP_0pct,calphad,2,4,-0.3914209293984494
BCC_0pct,additive,2,0,-0.4073321247084083
BCC_0pct,additive,2,1,0.007761095512063831
BCC_0pct,additive,2,2,0.020600606380343556
BCC_0pct,additive,2,3,-0.18843940779171775
BCC_0pct,additive,2,4,0.013950057672455385
BCC_0pct,multiplicative,2,0,-1.0
BCC_0pct,multiplicative,2,1,0.03138000108892147
BCC_0pct,multiplicative,2,2,-0.005771374730287215
BCC_0pct,multiplicative,2,3,-0.064887899193244
BCC_0pct,multiplicative,2,4,-0.03948468979557229
BCC_0pct,thermal_softening,2,0,-0.2857911150176302
BCC_0pct,thermal_softening,2,1,0.025511484398125228
BCC_0pct,thermal_softening,2,2,-0.21926579820850223
BCC_0pct,thermal_softening,2,3,-0.1574611394866583
BCC_0pct,thermal_softening,2,4,-3.211173416062252e-08
BCC_0pct,arrhenius,2,0,-1.0
BCC_0pct,arrhenius,2,1,-0.2271831722814437
BCC_0pct,arrhenius,2,2,-0.10233869041547061
BCC_0pct,arrhenius,2,3,-0.5930985696120359
BCC_0pct,arrhenius,2,4,-0.04651883571032789
BCC_0pct,power_law,2,0,-0.4107318390549777
BCC_0pct,power_law,2,1,-0.14491004356355064
BCC_0pct,power_law,2,2,-0.18548995581913297
BCC_0pct,power_law,2,3,-0.017912985193533126
BCC_0pct,power_law,2,4,0.008386753834755512
BCC_0pct,free_2stage,2,0,-0.020668208972446145
BCC_0pct,free_2stage,2,1,-11639.82655515927
BCC_0pct,free_2stage,2,2,-0.02535523016656871
BCC_0pct,free_2stage,2,3,-0.09785110728969681
BCC_0pct,free_2stage,2,4,-0.000985102351023892
BCC_0pct,free_1stage,2,0,-0.1938242528908205
BCC_0pct,free_1stage,2,1,0.004950203529303643
BCC_0pct,free_1stage,2,2,-0.13536602002488962
BCC_0pct,free_1stage,2,3,-0.016696310665318403
BCC_0pct,free_1stage,2,4,0.03986290730847708
BCC_0pct,entropy_weighted,2,0,-0.30461655863736214
BCC_0pct,entropy_weighted,2,1,-1.5172172868163085
BCC_0pct,entropy_weighted,2,2,-0.06496489824337837
BCC_0pct,entropy_weighted,2,3,-0.2476152744099005
BCC_0pct,entropy_weighted,2,4,-0.01596876010919024
BCC_0pct,calphad,2,0,-0.6113877408764183
BCC_0pct,calphad,2,1,-0.850342484920656
BCC_0pct,calphad,2,2,-0.3102622191805795
BCC_0pct,calphad,2,3,-0.9817100200772468
BCC_0pct,calphad,2,4,-0.4604293176398455
FCC_20pct,additive,2,0,0.03284398718625736
FCC_20pct,additive,2,1,0.06051262335595642
FCC_20pct,additive,2,2,-0.1057692139043187
FCC_20pct,additive,2,3,-0.039345001614715436
FCC_20pct,additive,2,4,-0.2241360691592338
FCC_20pct,multiplicative,2,0,0.014287158821011836
FCC_20pct,multiplicative,2,1,0.06320734518677018
FCC_20pct,multiplicative,2,2,-0.19598791588289477
FCC_20pct,multiplicative,2,3,-0.02725997804638247
FCC_20pct,multiplicative,2,4,-0.26600020261647517
FCC_20pct,thermal_softening,2,0,-0.04750172837404065
FCC_20pct,thermal_softening,2,1,0.051374233523239776
FCC_20pct,thermal_softening,2,2,-0.08721526470423724
FCC_20pct,thermal_softening,2,3,-0.06124558287625437
FCC_20pct,thermal_softening,2,4,-0.01486527338191923
FCC_20pct,arrhenius,2,0,0.08184957688747918
FCC_20pct,arrhenius,2,1,0.0642875488373792
FCC_20pct,arrhenius,2,2,-0.16577144808227873
FCC_20pct,arrhenius,2,3,-0.11718661172619238
FCC_20pct,arrhenius,2,4,-0.03647613689716245
FCC_20pct,power_law,2,0,0.0515298134305997
FCC_20pct,power_law,2,1,0.06357611232860683
FCC_20pct,power_law,2,2,-0.10162658059294505
FCC_20pct,power_law,2,3,-0.17090162589342217
FCC_20pct,power_law,2,4,-0.2214162449897359
FCC_20pct,free_2stage,2,0,0.1460949935058431
FCC_20pct,free_2stage,2,1,0.020770254931924415
FCC_20pct,free_2stage,2,2,-0.0700019592584662
FCC_20pct,free_2stage,2,3,-0.013748997283516085
FCC_20pct,free_2stage,2,4,-0.15837062186667383
FCC_20pct,free_1stage,2,0,-0.05342717601870817
FCC_20pct,free_1stage,2,1,0.05035790519099659
FCC_20pct,free_1stage,2,2,-0.01915469874983944
FCC_20pct,free_1stage,2,3,-0.05114340309141996
FCC_20pct,free_1stage,2,4,-0.1590191725920016
FCC_20pct,entropy_weighted,2,0,-0.10385064020360524
FCC_20pct,entropy_weighted,2,1,0.06257740808428724
FCC_20pct,entropy_weighted,2,2,-0.1700948729076024
FCC_20pct,entropy_weighted,2,3,-0.1332552757853549
FCC_20pct,entropy_weighted,2,4,-0.13210306560124918
FCC_20pct,calphad,2,0,-0.3727271222785957
FCC_20pct,calphad,2,1,-1.1319331212119943
FCC_20pct,calphad,2,2,-0.11793403834603167
FCC_20pct,calphad,2,3,-0.23200643182651381
FCC_20pct,calphad,2,4,-2.771255676258831
HCP_20pct,additive,2,0,-0.07682649428090893
HCP_20pct,additive,2,1,-0.07977307058287275
HCP_20pct,additive,2,2,-0.3708706834538491
HCP_20pct,additive,2,3,-0.08315574120108593
HCP_20pct,additive,2,4,0.06428344045910184
HCP_20pct,multiplicative,2,0,-0.04537223919403055
HCP_20pct,multiplicative,2,1,-0.28377584437126835
HCP_20pct,multiplicative,2,2,-0.08393502578018897
HCP_20pct,multiplicative,2,3,-0.21207785720042227
HCP_20pct,multiplicative,2,4,0.06234168774550197
HCP_20pct,thermal_softening,2,0,-0.23362542726054136
HCP_20pct,thermal_softening,2,1,0.04336515632643556
HCP_20pct,thermal_softening,2,2,-0.09414700912945406
HCP_20pct,thermal_softening,2,3,-0.16969220930269824
HCP_20pct,thermal_softening,2,4,0.0691264284790567
HCP_20pct,arrhenius,2,0,-0.10504564805009653
HCP_20pct,arrhenius,2,1,0.08041515568172897
HCP_20pct,arrhenius,2,2,-0.1878265674504931
HCP_20pct,arrhenius,2,3,-0.7927106174378944
HCP_20pct,arrhenius,2,4,0.06919737925078517
HCP_20pct,power_law,2,0,-1.0
HCP_20pct,power_law,2,1,-0.07613228837805841
HCP_20pct,power_law,2,2,-0.24064232633831906
HCP_20pct,power_law,2,3,-0.39830238698246556
HCP_20pct,power_law,2,4,0.06258026277349726
HCP_20pct,free_2stage,2,0,-0.04438823604975628
HCP_20pct,free_2stage,2,1,0.06382275746001942
HCP_20pct,free_2stage,2,2,-1.6675715518294303
HCP_20pct,free_2stage,2,3,-0.1010926906134495
HCP_20pct,free_2stage,2,4,0.03284594243402261
HCP_20pct,free_1stage,2,0,-0.04048932690130558
HCP_20pct,free_1stage,2,1,-0.011778247659469443
HCP_20pct,free_1stage,2,2,-0.014166992260991496
HCP_20pct,free_1stage,2,3,-0.07088608492142612
HCP_20pct,free_1stage,2,4,-0.040732496470427204
HCP_20pct,entropy_weighted,2,0,-0.1941443960461553
HCP_20pct,entropy_weighted,2,1,-0.06689961462234395
HCP_20pct,entropy_weighted,2,2,-0.145028439663208
HCP_20pct,entropy_weighted,2,3,-0.2073723810630237
HCP_20pct,entropy_weighted,2,4,-6.845060077605392
HCP_20pct,calphad,2,0,-0.9447224791552471
HCP_20pct,calphad,2,1,-0.9601687931656404
HCP_20pct,calphad,2,2,-0.08348475534984012
HCP_20pct,calphad,2,3,-1.06051639317239
HCP_20pct,calphad,2,4,-0.28763426374637735
BCC_20pct,additive,2,0,-0.7604205706702454
BCC_20pct,additive,2,1,0.10422894920644021
BCC_20pct,additive,2,2,-0.01655752904309482
BCC_20pct,additive,2,3,-0.006101382785159926
BCC_20pct,additive,2,4,0.01761435554072943
BCC_20pct,multiplicative,2,0,0.07471145002280966
BCC_20pct,multiplicative,2,1,0.06731888385976748
BCC_20pct,multiplicative,2,2,-0.01998468583647628
BCC_20pct,multiplicative,2,3,-0.15686842344874607
BCC_20pct,multiplicative,2,4,-0.04134960442121449
BCC_20pct,thermal_softening,2,0,-0.2583136231888363
BCC_20pct,thermal_softening,2,1,0.05814245614385383
BCC_20pct,thermal_softening,2,2,-0.016410788779804175
BCC_20pct,thermal_softening,2,3,-0.12315959178981362
BCC_20pct,thermal_softening,2,4,0.058648258729242286
BCC_20pct,arrhenius,2,0,-0.15607044626016053
BCC_20pct,arrhenius,2,1,0.09729010714462971
BCC_20pct,arrhenius,2,2,-0.012771921540122078
BCC_20pct,arrhenius,2,3,-0.15952518502257584
BCC_20pct,arrhenius,2,4,0.04752024657420517
BCC_20pct,power_law,2,0,-0.08076765505888783
BCC_20pct,power_law,2,1,0.09142453852986787
BCC_20pct,power_law,2,2,-0.08544123218311617
BCC_20pct,power_law,2,3,-0.22918678023607275
BCC_20pct,power_law,2,4,-0.0408940000148903
BCC_20pct,free_2stage,2,0,0.007767302958987754
BCC_20pct,free_2stage,2,1,0.029392841850870544
BCC_20pct,free_2stage,2,2,-0.08020170536646143
BCC_20pct,free_2stage,2,3,0.0993737410767026
BCC_20pct,free_2stage,2,4,-0.1699308786516589
BCC_20pct,free_1stage,2,0,-0.01568550818733172
BCC_20pct,free_1stage,2,1,0.08857197154316276
BCC_20pct,free_1stage,2,2,-0.037780000923180124
BCC_20pct,free_1stage,2,3,-0.09424533854032191
BCC_20pct,free_1stage,2,4,-2.897220008568624e-05
BCC_20pct,entropy_weighted,2,0,-0.01453322607610974
BCC_20pct,entropy_weighted,2,1,0.0854157855745662
BCC_20pct,entropy_weighted,2,2,-0.2858234406980238
BCC_20pct,entropy_weighted,2,3,-0.12233876934848076
BCC_20pct,entropy_weighted,2,4,-0.010487911655818305
BCC_20pct,calphad,2,0,-0.29830946030133876
BCC_20pct,calphad,2,1,0.11794494167632141
BCC_20pct,calphad,2,2,-0.09366063248886936
BCC_20pct,calphad,2,3,-3.078175789966517
BCC_20pct,calphad,2,4,-0.8779930390081145
Other_0pct,additive,2,0,0.05142563196857031
Other_0pct,additive,2,1,-0.13921073287023478
Other_0pct,additive,2,2,-0.22242051833711107
Other_0pct,additive,2,3,-0.20194906769971888
Other_0pct,additive,2,4,-0.22920777441672868
Other_0pct,multiplicative,2,0,0.009836689048630332
Other_0pct,multiplicative,2,1,-0.14521761875669648
Other_0pct,multiplicative,2,2,-0.17518029709653482
Other_0pct,multiplicative,2,3,-0.0663310632933718
Other_0pct,multiplicative,2,4,-0.1949706171154877
Other_0pct,thermal_softening,2,0,-0.03740327022603385
Other_0pct,thermal_softening,2,1,-0.005284750809676053
Other_0pct,thermal_softening,2,2,-0.05054444896123744
Other_0pct,thermal_softening,2,3,-0.09251055991656343
Other_0pct,thermal_softening,2,4,-0.1949424965835016
Other_0pct,arrhenius,2,0,-0.15217229718823444
Other_0pct,arrhenius,2,1,-0.006633770800422489
Other_0pct,arrhenius,2,2,-0.016924643631209157
Other_0pct,arrhenius,2,3,-0.07632935025786591
Other_0pct,arrhenius,2,4,-0.040395653766028605
Other_0pct,power_law,2,0,0.04641045660518783
Other_0pct,power_law,2,1,-0.14532390998721012
Other_0pct,power_law,2,2,-0.250953478998714
Other_0pct,power_law,2,3,-0.06952086473709373
Other_0pct,power_law,2,4,-0.22533382164687166
Other_0pct,free_2stage,2,0,0.10323234055653263
Other_0pct,free_2stage,2,1,-0.06226274803440979
Other_0pct,free_2stage,2,2,-0.021760066799377142
Other_0pct,free_2stage,2,3,-0.04111514936014338
Other_0pct,free_2stage,2,4,-0.25088861820358654
Other_0pct,free_1stage,2,0,0.15965204426491142
Other_0pct,free_1stage,2,1,-0.009025014131543996
Other_0pct,free_1stage,2,2,0.003442632887774799
Other_0pct,free_1stage,2,3,-0.02708644879638955
Other_0pct,free_1stage,2,4,-0.16834182819329402
Other_0pct,entropy_weighted,2,0,-0.008660627854365499
Other_0pct,entropy_weighted,2,1,-0.08552434694101252
Other_0pct,entropy_weighted,2,2,-0.13972043977135362
Other_0pct,entropy_weighted,2,3,-0.0621847292209734
Other_0pct,entropy_weighted,2,4,-0.12642147223181022
Other_0pct,calphad,2,0,-1.1494348632821882
Other_0pct,calphad,2,1,0.22945053218500233
Other_0pct,calphad,2,2,-0.37282164010310725
Other_0pct,calphad,2,3,-0.6510225793578701
Other_0pct,calphad,2,4,-2.317701230217978
Other_20pct,additive,2,0,0.049356246380245716
Other_20pct,additive,2,1,-0.0878614471112722
Other_20pct,additive,2,2,-0.1871225455041281
Other_20pct,additive,2,3,-0.12146358346894814
Other_20pct,additive,2,4,-0.25794353125031577
Other_20pct,multiplicative,2,0,0.05679469307539842
Other_20pct,multiplicative,2,1,-0.11602913521764702
Other_20pct,multiplicative,2,2,-0.19753961944676002
Other_20pct,multiplicative,2,3,-0.06198166094908664
Other_20pct,multiplicative,2,4,-0.24258597517661507
Other_20pct,thermal_softening,2,0,0.1307935155725075
Other_20pct,thermal_softening,2,1,-0.029911629999417988
Other_20pct,thermal_softening,2,2,-0.030470807185813964
Other_20pct,thermal_softening,2,3,-0.1024902528524716
Other_20pct,thermal_softening,2,4,-0.08775360175103541
Other_20pct,arrhenius,2,0,-0.022377155330096432
Other_20pct,arrhenius,2,1,-0.006869522962768215
Other_20pct,arrhenius,2,2,-0.02952165488606351
Other_20pct,arrhenius,2,3,-0.07865558581348964
Other_20pct,arrhenius,2,4,-0.018518006514187446
Other_20pct,power_law,2,0,0.05731130311591315
Other_20pct,power_law,2,1,-0.11580751816468915
Other_20pct,power_law,2,2,-0.18409937776100072
Other_20pct,power_law,2,3,-0.15535627003988717
Other_20pct,power_law,2,4,-0.24212054453603948
Other_20pct,free_2stage,2,0,0.14416969904542198
Other_20pct,free_2stage,2,1,-0.07187146588528326
Other_20pct,free_2stage,2,2,-0.021234100258444633
Other_20pct,free_2stage,2,3,-0.013950044541351847
Other_20pct,free_2stage,2,4,-0.16285043268957788
Other_20pct,free_1stage,2,0,0.14626414338565552
Other_20pct,free_1stage,2,1,-0.06488773923269764
Other_20pct,free_1stage,2,2,-0.07740355725617931
Other_20pct,free_1stage,2,3,-0.007989694395606373
Other_20pct,free_1stage,2,4,-0.16122403036945343
Other_20pct,entropy_weighted,2,0,0.054405845300118494
Other_20pct,entropy_weighted,2,1,-0.12785851593537312
Other_20pct,entropy_weighted,2,2,-0.09874572356834066
Other_20pct,entropy_weighted,2,3,-0.14634568413520443
Other_20pct,entropy_weighted,2,4,-1.973030993925636
Other_20pct,calphad,2,0,-0.7419896007458895
Other_20pct,calphad,2,1,-0.27113970956796285
Other_20pct,calphad,2,2,0.2982333211255631
Other_20pct,calphad,2,3,-1.1868428491705365
Other_20pct,calphad,2,4,-2.8233313278236256
Youngs_modulus,additive,3,0,-0.021615816394158216
Youngs_modulus,additive,3,1,-0.20528269879763417
Youngs_modulus,additive,3,2,-0.09869165408970915
Youngs_modulus,additive,3,3,-0.20213959708885532
Youngs_modulus,additive,3,4,-0.03409089504739837
Youngs_modulus,multiplicative,3,0,-0.018521103329868893
Youngs_modulus,multiplicative,3,1,-0.2126051481502511
Youngs_modulus,multiplicative,3,2,-1.2727800204996074
Youngs_modulus,multiplicative,3,3,0.013798674724481153
Youngs_modulus,multiplicative,3,4,-0.02845892192274979
Youngs_modulus,thermal_softening,3,0,-0.15541932751038567
Youngs_modulus,thermal_softening,3,1,-0.003958660772235945
Youngs_modulus,thermal_softening,3,2,-0.059602791679299605
Youngs_modulus,thermal_softening,3,3,-0.07321082461649175
Youngs_modulus,thermal_softening,3,4,-0.07038157371859
Youngs_modulus,arrhenius,3,0,-0.10766631292844253
Youngs_modulus,arrhenius,3,1,-0.019579454014543307
Youngs_modulus,arrhenius,3,2,-0.14263207877653516
Youngs_modulus,arrhenius,3,3,-0.07840204041272658
Youngs_modulus,arrhenius,3,4,-0.014200307427142178
Youngs_modulus,power_law,3,0,-0.010380556251354811
Youngs_modulus,power_law,3,1,-0.2123881637083349
Youngs_modulus,power_law,3,2,-2.299959354342887
Youngs_modulus,power_law,3,3,-0.09713329419239325
Youngs_modulus,power_law,3,4,-0.07618503647593533
Youngs_modulus,free_2stage,3,0,-0.047118561707437445
Youngs_modulus,free_2stage,3,1,-0.15916139611599367
Youngs_modulus,free_2stage,3,2,-0.16128150104596006
Youngs_modulus,free_2stage,3,3,0.08105817363863943
Youngs_modulus,free_2stage,3,4,0.01665063105992537
Youngs_modulus,free_1stage,3,0,-0.006655273503228143
Youngs_modulus,free_1stage,3,1,-0.06631977879955997
Youngs_modulus,free_1stage,3,2,0.04562162475175158
Youngs_modulus,free_1stage,3,3,-0.07770187037096532
Youngs_modulus,free_1stage,3,4,-0.11623417093741573
Youngs_modulus,entropy_weighted,3,0,-0.047136662138175245
Youngs_modulus,entropy_weighted,3,1,-0.15299133784953756
Youngs_modulus,entropy_weighted,3,2,-0.2322130043862316
Youngs_modulus,entropy_weighted,3,3,-0.10713115231757331
Youngs_modulus,entropy_weighted,3,4,-0.04616391637646444
Youngs_modulus,calphad,3,0,-0.9189308326835788
Youngs_modulus,calphad,3,1,-1.9580358451035078
Youngs_modulus,calphad,3,2,-1.2391649682945651
Youngs_modulus,calphad,3,3,-0.6773284361974061
Youngs_modulus,calphad,3,4,0.08644166818959531
UTS,additive,3,0,-0.008885926687941081
UTS,additive,3,1,-0.17936426038993725
UTS,additive,3,2,-0.06042704938906662
UTS,additive,3,3,-0.05754150313959516
UTS,additive,3,4,-0.1127706224593148
UTS,multiplicative,3,0,-0.007458444788551288
UTS,multiplicative,3,1,-0.17542999149838479
UTS,multiplicative,3,2,-0.05284579156700153
UTS,multiplicative,3,3,-0.07067091619438237
UTS,multiplicative,3,4,-0.13271048263762775
UTS,thermal_softening,3,0,0.00323830338954878
UTS,thermal_softening,3,1,-0.0019117455659432014
UTS,thermal_softening,3,2,-0.018677702975131494
UTS,thermal_softening,3,3,-0.009050241708851159
UTS,thermal_softening,3,4,-0.047103703291416554
UTS,arrhenius,3,0,-0.03872132080113233
UTS,arrhenius,3,1,-0.11106473278219098
UTS,arrhenius,3,2,-0.03414319588586734
UTS,arrhenius,3,3,-0.06724288341882301
UTS,arrhenius,3,4,-0.05594295570951746
UTS,power_law,3,0,-0.03763781097626051
UTS,power_law,3,1,-0.2560211095104712
UTS,power_law,3,2,-0.053226261384034634
UTS,power_law,3,3,-0.0648828006061446
UTS,power_law,3,4,-0.15202931316108903
UTS,free_2stage,3,0,-0.002372252317338841
UTS,free_2stage,3,1,-17.80013905286436
UTS,free_2stage,3,2,-0.09069635766742623
UTS,free_2stage,3,3,-0.042183974360813226
UTS,free_2stage,3,4,-0.012960004342452924
UTS,free_1stage,3,0,0.011122762613199666
UTS,free_1stage,3,1,-0.06001778162373084
UTS,free_1stage,3,2,-0.020984752295752696
UTS,free_1stage,3,3,0.013575227212581087
UTS,free_1stage,3,4,-0.05065771376975792
UTS,entropy_weighted,3,0,-0.013338771212902056
UTS,entropy_weighted,3,1,-0.19008962182959843
UTS,entropy_weighted,3,2,-0.08538964853422848
UTS,entropy_weighted,3,3,-0.12966758816377655
UTS,entropy_weighted,3,4,-0.03874917410864076
UTS,calphad,3,0,-0.7830843168447785
UTS,calphad,3,1,-2.9778175290902626
UTS,calphad,3,2,-0.8637668426152116
UTS,calphad,3,3,-0.549682657245907
UTS,calphad,3,4,-0.020447975693876463
Disloc_0pct,additive,3,0,-0.006562785986763409
Disloc_0pct,additive,3,1,-0.2030406039445345
Disloc_0pct,additive,3,2,-0.05033672236432296
Disloc_0pct,additive,3,3,0.02888540899216807
Disloc_0pct,additive,3,4,-0.09318646623272886
Disloc_0pct,multiplicative,3,0,0.010981079194834042
Disloc_0pct,multiplicative,3,1,-0.22011426257974076
Disloc_0pct,multiplicative,3,2,-0.045625457916057766
Disloc_0pct,multiplicative,3,3,-0.09519683857296113
Disloc_0pct,multiplicative,3,4,-0.07884482952072669
Disloc_0pct,thermal_softening,3,0,9.756862225618335e-05
Disloc_0pct,thermal_softening,3,1,-0.012545803873199812
Disloc_0pct,thermal_softening,3,2,-0.0753808511671008
Disloc_0pct,thermal_softening,3,3,-0.07375139296411115
Disloc_0pct,thermal_softening,3,4,-0.04972611730734733
Disloc_0pct,arrhenius,3,0,-0.05795909933757182
Disloc_0pct,arrhenius,3,1,-0.07315480177050615
Disloc_0pct,arrhenius,3,2,0.026590732142167894
Disloc_0pct,arrhenius,3,3,-0.1134280520739166
Disloc_0pct,arrhenius,3,4,-0.023435473144834074
Disloc_0pct,power_law,3,0,-0.06745024229011465
Disloc_0pct,power_law,3,1,-0.15841344792752743
Disloc_0pct,power_law,3,2,-0.045443359896397695
Disloc_0pct,power_law,3,3,-0.11064382008177542
Disloc_0pct,power_law,3,4,-0.18526441289820905
Disloc_0pct,free_2stage,3,0,-0.006820061135210498
Disloc_0pct,free_2stage,3,1,-0.16729924510647365
Disloc_0pct,free_2stage,3,2,-0.03188150912073162
Disloc_0pct,free_2stage,3,3,-0.05990474753190922
Disloc_0pct,free_2stage,3,4,-0.023125923480079802
Disloc_0pct,free_1stage,3,0,-0.007785927435002504
Disloc_0pct,free_1stage,3,1,-0.11127830288578777
Disloc_0pct,free_1stage,3,2,-0.06462392522825078
Disloc_0pct,free_1stage,3,3,-0.022792636879795047
Disloc_0pct,free_1stage,3,4,0.0012583843715755494
Disloc_0pct,entropy_weighted,3,0,-0.07155718950599099
Disloc_0pct,entropy_weighted,3,1,-0.17257881733780445
Disloc_0pct,entropy_weighted,3,2,-0.1479186761439526
Disloc_0pct,entropy_weighted,3,3,-0.14745333956901008
Disloc_0pct,entropy_weighted,3,4,-0.4119471926519518
Disloc_0pct,calphad,3,0,-1.1349536617432348
Disloc_0pct,calphad,3,1,-1.9490589202066975
Disloc_0pct,calphad,3,2,-1.0176907714770973
Disloc_0pct,calphad,3,3,-0.35774633646710785
Disloc_0pct,calphad,3,4,-0.7432414505100278
Disloc_20pct,additive,3,0,0.06077769537366029
Disloc_20pct,additive,3,1,-0.12338246232070804
Disloc_20pct,additive,3,2,-0.10041079503412975
Disloc_20pct,additive,3,3,0.01846426069073126
Disloc_20pct,additive,3,4,-0.16735210580181836
Disloc_20pct,multiplicative,3,0,0.058335307310423024
Disloc_20pct,multiplicative,3,1,-0.23294787275327344
Disloc_20pct,multiplicative,3,2,-0.09657647570730377
Disloc_20pct,multiplicative,3,3,0.00981093436329361
Disloc_20pct,multiplicative,3,4,-0.07793539959925222
Disloc_20pct,thermal_softening,3,0,-0.08635125242342201
Disloc_20pct,thermal_softening,3,1,-0.018702655762142806
Disloc_20pct,thermal_softening,3,2,-0.04748032749971265
Disloc_20pct,thermal_softening,3,3,-0.08433990876834052
Disloc_20pct,thermal_softening,3,4,-0.1049578988630544
Disloc_20pct,arrhenius,3,0,-0.24983147188652866
Disloc_20pct,arrhenius,3,1,-0.14563194136353164
Disloc_20pct,arrhenius,3,2,-0.051842531930770486
Disloc_20pct,arrhenius,3,3,-0.14805741564364117
Disloc_20pct,arrhenius,3,4,0.03595778248531223
Disloc_20pct,power_law,3,0,0.05667090148486653
Disloc_20pct,power_law,3,1,-0.2040793225360833
Disloc_20pct,power_law,3,2,-0.10344334895814766
Disloc_20pct,power_law,3,3,0.009785290780450095
Disloc_20pct,power_law,3,4,-0.058253857283676824
Disloc_20pct,free_2stage,3,0,0.011797162038556297
Disloc_20pct,free_2stage,3,1,-0.08893474947314761
Disloc_20pct,free_2stage,3,2,0.015762551603323627
Disloc_20pct,free_2stage,3,3,0.09474595120350715
Disloc_20pct,free_2stage,3,4,-0.021331764558118138
Disloc_20pct,free_1stage,3,0,-0.11701218316327111
Disloc_20pct,free_1stage,3,1,-0.20370831854143745
Disloc_20pct,free_1stage,3,2,-0.028606878620764276
Disloc_20pct,free_1stage,3,3,-0.050819055349221376
Disloc_20pct,free_1stage,3,4,0.019186445145024877
Disloc_20pct,entropy_weighted,3,0,-0.11886833589751666
Disloc_20pct,entropy_weighted,3,1,-0.18840715618136028
Disloc_20pct,entropy_weighted,3,2,-0.18662237389741243
Disloc_20pct,entropy_weighted,3,3,-0.0823339422861249
Disloc_20pct,entropy_weighted,3,4,0.027582826553195217
Disloc_20pct,calphad,3,0,-0.37428966242174533
Disloc_20pct,calphad,3,1,-1.8701557776232094
Disloc_20pct,calphad,3,2,-0.8576438111266755
Disloc_20pct,calphad,3,3,-0.138077391951702
Disloc_20pct,calphad,3,4,-0.4022236533660106
FCC_0pct,additive,3,0,-0.06610843605570071
FCC_0pct,additive,3,1,-0.10967820651745819
FCC_0pct,additive,3,2,-0.07792836472097608
FCC_0pct,additive,3,3,0.015449986452372166
FCC_0pct,additive,3,4,-0.08405897673146834
FCC_0pct,multiplicative,3,0,-0.16251580854280645
FCC_0pct,multiplicative,3,1,-0.32876975571125544
FCC_0pct,multiplicative,3,2,-0.08464582499836415
FCC_0pct,multiplicative,3,3,0.02676737550552588
FCC_0pct,multiplicative,3,4,-0.08324327284530875
FCC_0pct,thermal_softening,3,0,-0.11822501854751244
FCC_0pct,thermal_softening,3,1,-0.014514444188266529
FCC_0pct,thermal_softening,3,2,-0.09422447796056921
FCC_0pct,thermal_softening,3,3,-0.06279940309821397
FCC_0pct,thermal_softening,3,4,-0.0336345966088234
FCC_0pct,arrhenius,3,0,-0.03669332472334719
FCC_0pct,arrhenius,3,1,-0.009849122916773645
FCC_0pct,arrhenius,3,2,-0.019495417726344222
FCC_0pct,arrhenius,3,3,-0.03088325333229447
FCC_0pct,arrhenius,3,4,-0.040713790258125826
FCC_0pct,power_law,3,0,-0.0315552373926109
FCC_0pct,power_law,3,1,-0.11519802255409362
FCC_0pct,power_law,3,2,-0.025375377436212432
FCC_0pct,power_law,3,3,0.008608732698727528
FCC_0pct,power_law,3,4,-0.0832461584322457
FCC_0pct,free_2stage,3,0,0.04417731969019101
FCC_0pct,free_2stage,3,1,-0.14079986973718128
FCC_0pct,free_2stage,3,2,-0.0418521155320597
FCC_0pct,free_2stage,3,3,-0.10598576444310837
FCC_0pct,free_2stage,3,4,0.0039154118595275955
FCC_0pct,free_1stage,3,0,0.0020716694523948975
FCC_0pct,free_1stage,3,1,-0.020398839367631982
FCC_0pct,free_1stage,3,2,-0.03811949408431747
FCC_0pct,free_1stage,3,3,-0.009169278286289329
FCC_0pct,free_1stage,3,4,-0.05842004079998553
FCC_0pct,entropy_weighted,3,0,-0.016586049021077187
FCC_0pct,entropy_weighted,3,1,-0.05787507066439046
FCC_0pct,entropy_weighted,3,2,-0.004607143241283973
FCC_0pct,entropy_weighted,3,3,-0.1036772171748952
FCC_0pct,entropy_weighted,3,4,-0.11629792669236405
FCC_0pct,calphad,3,0,-0.25988126378442433
FCC_0pct,calphad,3,1,-1.3182210494917692
FCC_0pct,calphad,3,2,-0.7141645446921405
FCC_0pct,calphad,3,3,-0.3588474757156459
FCC_0pct,calphad,3,4,0.22156314846359582
HCP_0pct,additive,3,0,-0.21098745807922525
HCP_0pct,additive,3,1,-0.13083587954105602
HCP_0pct,additive,3,2,-0.05139599497265057
HCP_0pct,additive,3,3,0.03809520468671379
HCP_0pct,additive,3,4,-0.11572121909064359
HCP_0pct,multiplicative,3,0,-0.12048835844897687
HCP_0pct,multiplicative,3,1,-0.09069061932021838
HCP_0pct,multiplicative,3,2,-0.35434512879335056
HCP_0pct,multiplicative,3,3,0.024142257758427488
HCP_0pct,multiplicative,3,4,-0.18083464468453392
HCP_0pct,thermal_softening,3,0,-0.3938052048999512
HCP_0pct,thermal_softening,3,1,-0.12382799256082255
HCP_0pct,thermal_softening,3,2,-0.029089776449134463
HCP_0pct,thermal_softening,3,3,-0.04305314924500747
HCP_0pct,thermal_softening,3,4,-0.9714987692779005
HCP_0pct,arrhenius,3,0,-0.02198478012673477
HCP_0pct,arrhenius,3,1,-0.07830140304415467
HCP_0pct,arrhenius,3,2,-0.2624366745247486
HCP_0pct,arrhenius,3,3,-0.09872879225025644
HCP_0pct,arrhenius,3,4,-0.11451436445146768
HCP_0pct,power_law,3,0,-0.11827957321143101
HCP_0pct,power_law,3,1,-0.07966796186322611
HCP_0pct,power_law,3,2,-0.12493361543650106
HCP_0pct,power_law,3,3,0.024138217967732856
HCP_0pct,power_law,3,4,-0.23417893770413634
HCP_0pct,free_2stage,3,0,-0.08452887326331915
HCP_0pct,free_2stage,3,1,-0.01786787516957733
HCP_0pct,free_2stage,3,2,-0.014110542318817698
HCP_0pct,free_2stage,3,3,-0.020016979988270345
HCP_0pct,free_2stage,3,4,-0.08704919024876312
HCP_0pct,free_1stage,3,0,0.008493824371176184
HCP_0pct,free_1stage,3,1,-0.010305933028559755
HCP_0pct,free_1stage,3,2,-0.0028094076862734685
HCP_0pct,free_1stage,3,3,-0.037107154595242164
HCP_0pct,free_1stage,3,4,-0.05282896522037883
HCP_0pct,entropy_weighted,3,0,-0.1234044484744119
HCP_0pct,entropy_weighted,3,1,-0.07515974970262596
HCP_0pct,entropy_weighted,3,2,-0.1034535575348905
HCP_0pct,entropy_weighted,3,3,-0.0934139543625625
HCP_0pct,entropy_weighted,3,4,-0.6346587815765043
HCP_0pct,calphad,3,0,-0.5141874602620615
HCP_0pct,calphad,3,1,-0.8266061613890014
HCP_0pct,calphad,3,2,-1.0989573952467007
HCP_0pct,calphad,3,3,-0.40755544492686013
HCP_0pct,calphad,3,4,-0.2136809637691095
BCC_0pct,additive,3,0,0.05007080134459396
BCC_0pct,additive,3,1,0.016780296120883276
BCC_0pct,additive,3,2,-0.02621678690236484
BCC_0pct,additive,3,3,-0.018032397447536264
BCC_0pct,additive,3,4,-0.14288091258696722
BCC_0pct,multiplicative,3,0,0.07385284207898146
BCC_0pct,multiplicative,3,1,-0.030438660780464533
BCC_0pct,multiplicative,3,2,-0.1168286927693365
BCC_0pct,multiplicative,3,3,-0.053697047106997076
BCC_0pct,multiplicative,3,4,-0.13986111116184752
BCC_0pct,thermal_softening,3,0,0.06723665221473574
BCC_0pct,thermal_softening,3,1,-0.012210550096859452
BCC_0pct,thermal_softening,3,2,-0.0022089801021651922
BCC_0pct,thermal_softening,3,3,-0.02300368025233257
BCC_0pct,thermal_softening,3,4,-9.128423997473156e-05
BCC_0pct,arrhenius,3,0,-0.017228333130751228
BCC_0pct,arrhenius,3,1,-0.004225919548057178
BCC_0pct,arrhenius,3,2,-0.2947438607718771
BCC_0pct,arrhenius,3,3,-0.02621464278444341
BCC_0pct,arrhenius,3,4,-0.035267356712111564
BCC_0pct,power_law,3,0,0.0594296062014783
BCC_0pct,power_law,3,1,0.012518471598693015
BCC_0pct,power_law,3,2,-0.016429766414810754
BCC_0pct,power_law,3,3,-0.017674044233796815
BCC_0pct,power_law,3,4,-0.13910220391324257
BCC_0pct,free_2stage,3,0,-0.12078344777124772
BCC_0pct,free_2stage,3,1,-0.0023220261040723944
BCC_0pct,free_2stage,3,2,-0.06682096471663268
BCC_0pct,free_2stage,3,3,-0.028539925883045214
BCC_0pct,free_2stage,3,4,0.023634210935891686
BCC_0pct,free_1stage,3,0,0.0067013120939386495
BCC_0pct,free_1stage,3,1,0.00800316824816849
BCC_0pct,free_1stage,3,2,-0.12537095793495268
BCC_0pct,free_1stage,3,3,-0.04705278774425081
BCC_0pct,free_1stage,3,4,-0.05004175199728045
BCC_0pct,entropy_weighted,3,0,0.014205228833369166
BCC_0pct,entropy_weighted,3,1,-0.06886425872711266
BCC_0pct,entropy_weighted,3,2,-0.0635381446709673
BCC_0pct,entropy_weighted,3,3,-0.13574906809983367
BCC_0pct,entropy_weighted,3,4,-0.19100396069755488
BCC_0pct,calphad,3,0,-0.665383268053952
BCC_0pct,calphad,3,1,-0.27278621867885655
BCC_0pct,calphad,3,2,-0.39791806703885957
BCC_0pct,calphad,3,3,-0.3323664350186457
BCC_0pct,calphad,3,4,-0.3464533867619506
FCC_20pct,additive,3,0,-0.19104469444421657
FCC_20pct,additive,3,1,-0.05009090670900318
FCC_20pct,additive,3,2,-0.16189727948002863
FCC_20pct,additive,3,3,-0.0006363950918408801
FCC_20pct,additive,3,4,-0.1936130504089313
FCC_20pct,multiplicative,3,0,-0.12249373249535456
FCC_20pct,multiplicative,3,1,-0.05473630620349246
FCC_20pct,multiplicative,3,2,-0.45955439930647524
FCC_20pct,multiplicative,3,3,-0.02849948865518659
FCC_20pct,multiplicative,3,4,-0.19020500860181855
FCC_20pct,thermal_softening,3,0,-1.7408598615764603e-05
FCC_20pct,thermal_softening,3,1,0.004458965968416884
FCC_20pct,thermal_softening,3,2,-0.05796366225125338
FCC_20pct,thermal_softening,3,3,-0.03426717102809618
FCC_20pct,thermal_softening,3,4,-0.014375692452739397
FCC_20pct,arrhenius,3,0,-0.0836380580066527
FCC_20pct,arrhenius,3,1,-0.03810275770515892
FCC_20pct,arrhenius,3,2,-0.009732567723655494
FCC_20pct,arrhenius,3,3,-0.032190040275242415
FCC_20pct,arrhenius,3,4,-0.017193183585571647
FCC_20pct,power_law,3,0,-0.045194730799852145
FCC_20pct,power_law,3,1,-0.05345540435841123
FCC_20pct,power_law,3,2,-0.08492052043081366
FCC_20pct,power_law,3,3,0.05527891450842526
FCC_20pct,power_law,3,4,-0.19015325447615483
FCC_20pct,free_2stage,3,0,-0.18941207098176882
FCC_20pct,free_2stage,3,1,-0.049035370128426736
FCC_20pct,free_2stage,3,2,-0.04552279691301142
FCC_20pct,free_2stage,3,3,0.03686960805391715
FCC_20pct,free_2stage,3,4,-0.013843454683267087
FCC_20pct,free_1stage,3,0,-0.14702484695781015
FCC_20pct,free_1stage,3,1,-0.021589158577127954
FCC_20pct,free_1stage,3,2,-0.07796959351725752
FCC_20pct,free_1stage,3,3,0.009529100861374706
FCC_20pct,free_1stage,3,4,-0.06495674251639971
FCC_20pct,entropy_weighted,3,0,-0.09180492251620387
FCC_20pct,entropy_weighted,3,1,-0.04589649137006524
FCC_20pct,entropy_weighted,3,2,-0.03132941513860876
FCC_20pct,entropy_weighted,3,3,0.05377718115678187
FCC_20pct,entropy_weighted,3,4,-0.19339807540918663
FCC_20pct,calphad,3,0,-1.5997733744989415
FCC_20pct,calphad,3,1,-0.774241469124874
FCC_20pct,calphad,3,2,-1.583477174925708
FCC_20pct,calphad,3,3,-11.163779167596878
FCC_20pct,calphad,3,4,0.22701831711794151
HCP_20pct,additive,3,0,-0.3234159998743986
HCP_20pct,additive,3,1,-0.37552945719978714
HCP_20pct,additive,3,2,-0.10238845869568824
HCP_20pct,additive,3,3,-0.17526256783636507
HCP_20pct,additive,3,4,-0.11920189152373983
HCP_20pct,multiplicative,3,0,-0.15054714822409032
HCP_20pct,multiplicative,3,1,-0.17855754585091366
HCP_20pct,multiplicative,3,2,-2.3155572606567816
HCP_20pct,multiplicative,3,3,-0.171625489995743
HCP_20pct,multiplicative,3,4,-0.022562148796194004
HCP_20pct,thermal_softening,3,0,-0.11162351637014067
HCP_20pct,thermal_softening,3,1,-1.7278832396096528
HCP_20pct,thermal_softening,3,2,-0.06950311344798465
HCP_20pct,thermal_softening,3,3,-0.0766175932362394
HCP_20pct,thermal_softening,3,4,-0.0922972375391935
HCP_20pct,arrhenius,3,0,-3.66994895163321
HCP_20pct,arrhenius,3,1,0.017599474047726327
HCP_20pct,arrhenius,3,2,-0.1052719124596806
HCP_20pct,arrhenius,3,3,-0.0806331290562512
HCP_20pct,arrhenius,3,4,-0.11760592124046831
HCP_20pct,power_law,3,0,-0.3118692037224109
HCP_20pct,power_law,3,1,-0.7771492137279565
HCP_20pct,power_law,3,2,-0.11725765669468835
HCP_20pct,power_law,3,3,-0.1716684925938916
HCP_20pct,power_law,3,4,-0.1274321324731933
HCP_20pct,free_2stage,3,0,6.658234902767735e-05
HCP_20pct,free_2stage,3,1,-0.45899014252796966
HCP_20pct,free_2stage,3,2,-0.03307305994324872
HCP_20pct,free_2stage,3,3,-0.05889961117115683
HCP_20pct,free_2stage,3,4,-0.013820785048165085
HCP_20pct,free_1stage,3,0,-0.14447818061423345
HCP_20pct,free_1stage,3,1,0.012533427210304815
HCP_20pct,free_1stage,3,2,0.039085557459695885
HCP_20pct,free_1stage,3,3,-0.09785691312024003
HCP_20pct,free_1stage,3,4,-0.07596315122626018
HCP_20pct,entropy_weighted,3,0,-0.3089322450429548
HCP_20pct,entropy_weighted,3,1,-0.12115864091631456
HCP_20pct,entropy_weighted,3,2,-0.047263297118489644
HCP_20pct,entropy_weighted,3,3,-0.20360670895388555
HCP_20pct,entropy_weighted,3,4,-0.19180379918826151
HCP_20pct,calphad,3,0,-0.41480692252024376
HCP_20pct,calphad,3,1,-0.8480887504128314
HCP_20pct,calphad,3,2,-1.7405140989129642
HCP_20pct,calphad,3,3,-0.009887957788270896
HCP_20pct,calphad,3,4,-0.16254826460068128
BCC_20pct,additive,3,0,-0.21313621701527308
BCC_20pct,additive,3,1,-0.026021044187731324
BCC_20pct,additive,3,2,-0.18898008015930157
BCC_20pct,additive,3,3,-0.06129618550681437
BCC_20pct,additive,3,4,-0.22313587361527998
BCC_20pct,multiplicative,3,0,-0.2127607157770146
BCC_20pct,multiplicative,3,1,0.03937873212175924
BCC_20pct,multiplicative,3,2,-0.2857054001922339
BCC_20pct,multiplicative,3,3,0.04583962758984517
BCC_20pct,multiplicative,3,4,-0.05696656029483971
BCC_20pct,thermal_softening,3,0,-0.02032088310029856
BCC_20pct,thermal_softening,3,1,-0.0011208423955668678
BCC_20pct,thermal_softening,3,2,-0.8763869903593551
BCC_20pct,thermal_softening,3,3,0.05911982934052262
BCC_20pct,thermal_softening,3,4,-0.18004311246523552
BCC_20pct,arrhenius,3,0,-0.21007488785839845
BCC_20pct,arrhenius,3,1,0.06706377354235038
BCC_20pct,arrhenius,3,2,-0.2042733307705622
BCC_20pct,arrhenius,3,3,0.04462755396036733
BCC_20pct,arrhenius,3,4,-0.01395231119991247
BCC_20pct,power_law,3,0,-0.21276267545011263
BCC_20pct,power_law,3,1,0.0492390612378345
BCC_20pct,power_law,3,2,-0.0820356866520997
BCC_20pct,power_law,3,3,0.08011511246244374
BCC_20pct,power_law,3,4,-0.05067905980343568
BCC_20pct,free_2stage,3,0,-0.03997118877366801
BCC_20pct,free_2stage,3,1,-0.5844122107981917
BCC_20pct,free_2stage,3,2,-0.019035570851404504
BCC_20pct,free_2stage,3,3,-0.02572151322946792
BCC_20pct,free_2stage,3,4,-0.13932873472885587
BCC_20pct,free_1stage,3,0,-0.047398588285876286
BCC_20pct,free_1stage,3,1,0.0354631929220236
BCC_20pct,free_1stage,3,2,-0.12891768264015946
BCC_20pct,free_1stage,3,3,-0.045103384514037836
BCC_20pct,free_1stage,3,4,-0.09234590112542329
BCC_20pct,entropy_weighted,3,0,-0.11381593851572003
BCC_20pct,entropy_weighted,3,1,-0.04465971656266721
BCC_20pct,entropy_weighted,3,2,-0.10368148683898615
BCC_20pct,entropy_weighted,3,3,-0.00157633952335412
BCC_20pct,entropy_weighted,3,4,-0.19217671319568175
BCC_20pct,calphad,3,0,-1.0451161575014418
BCC_20pct,calphad,3,1,-0.826147048479037
BCC_20pct,calphad,3,2,-0.4237220436510021
BCC_20pct,calphad,3,3,-0.12752993158166515
BCC_20pct,calphad,3,4,-0.25435491103571506
Other_0pct,additive,3,0,-0.0804371062939242
Other_0pct,additive,3,1,-0.30665756442354253
Other_0pct,additive,3,2,-0.034445197661842064
Other_0pct,additive,3,3,0.01768119262919221
Other_0pct,additive,3,4,-0.06673740458724042
Other_0pct,multiplicative,3,0,-0.0010048433153293512
Other_0pct,multiplicative,3,1,-0.1127866255442691
Other_0pct,multiplicative,3,2,-0.089889099436268
Other_0pct,multiplicative,3,3,0.021965071492533683
Other_0pct,multiplicative,3,4,-0.07247920036638078
Other_0pct,thermal_softening,3,0,-0.06434846314465648
Other_0pct,thermal_softening,3,1,-0.03383614744626362
Other_0pct,thermal_softening,3,2,-0.017123778924002186
Other_0pct,thermal_softening,3,3,-0.09677631609245863
Other_0pct,thermal_softening,3,4,-0.00010613853920005134
Other_0pct,arrhenius,3,0,-0.015816006409892447
Other_0pct,arrhenius,3,1,-0.01506165888907729
Other_0pct,arrhenius,3,2,-0.02058604180504009
Other_0pct,arrhenius,3,3,-0.032452267648339195
Other_0pct,arrhenius,3,4,-0.011140545619724218
Other_0pct,power_law,3,0,-0.0020404015705488554
Other_0pct,power_law,3,1,-0.08603938094758856
Other_0pct,power_law,3,2,-0.0885074628821938
Other_0pct,power_law,3,3,0.027401143670410133
Other_0pct,power_law,3,4,-0.0726248316249205
Other_0pct,free_2stage,3,0,-0.8532562955392373
Other_0pct,free_2stage,3,1,-0.09696892843821603
Other_0pct,free_2stage,3,2,-0.022617964313852434
Other_0pct,free_2stage,3,3,-0.019401169850812305
Other_0pct,free_2stage,3,4,-0.24102140363530156
Other_0pct,free_1stage,3,0,-5.3889500192472184e-05
Other_0pct,free_1stage,3,1,0.029655098356945575
Other_0pct,free_1stage,3,2,-0.027540263061263337
Other_0pct,free_1stage,3,3,-0.011224000376372167
Other_0pct,free_1stage,3,4,-0.01730073568316226
Other_0pct,entropy_weighted,3,0,-0.025269959217588234
Other_0pct,entropy_weighted,3,1,-0.0952349097654499
Other_0pct,entropy_weighted,3,2,-0.04936617910671304
Other_0pct,entropy_weighted,3,3,-0.08011066663387667
Other_0pct,entropy_weighted,3,4,-0.14875509112363883
Other_0pct,calphad,3,0,-0.6485221858515817
Other_0pct,calphad,3,1,-1.0271639691283139
Other_0pct,calphad,3,2,-0.7464580429382455
Other_0pct,calphad,3,3,-0.3646013548819298
Other_0pct,calphad,3,4,-0.6652411716789683
Other_20pct,additive,3,0,-0.06006427925908264
Other_20pct,additive,3,1,-0.15185829406783546
Other_20pct,additive,3,2,-0.05764358524932156
Other_20pct,additive,3,3,-0.055841206807035304
Other_20pct,additive,3,4,-0.11220819355250877
Other_20pct,multiplicative,3,0,-9.03001700927053e-05
Other_20pct,multiplicative,3,1,-0.16609797734535792
Other_20pct,multiplicative,3,2,-0.050251982988685384
Other_20pct,multiplicative,3,3,-0.005081083981275603
Other_20pct,multiplicative,3,4,-0.12990176553611144
Other_20pct,thermal_softening,3,0,-0.024628500194918468
Other_20pct,thermal_softening,3,1,-0.24844076167559792
Other_20pct,thermal_softening,3,2,-0.01807590775481782
Other_20pct,thermal_softening,3,3,-0.04708651211952075
Other_20pct,thermal_softening,3,4,-7.985944327448813e-05
Other_20pct,arrhenius,3,0,-0.10395153507557042
Other_20pct,arrhenius,3,1,-0.02735955666252643
Other_20pct,arrhenius,3,2,-0.0654709085085241
Other_20pct,arrhenius,3,3,-0.03080885542723477
Other_20pct,arrhenius,3,4,-0.014359735500475868
Other_20pct,power_law,3,0,-0.08842042227353963
Other_20pct,power_law,3,1,-0.1655151825072958
Other_20pct,power_law,3,2,-0.04288973621352099
Other_20pct,power_law,3,3,-0.039854359052547084
Other_20pct,power_law,3,4,-0.11773786261599972
Other_20pct,free_2stage,3,0,-0.0035741162567584084
Other_20pct,free_2stage,3,1,-0.14298450807604302
Other_20pct,free_2stage,3,2,-0.02749541983551862
Other_20pct,free_2stage,3,3,0.14340803866904195
Other_20pct,free_2stage,3,4,-0.08063475639791617
Other_20pct,free_1stage,3,0,-0.003159289129204712
Other_20pct,free_1stage,3,1,-0.014261693756022709
Other_20pct,free_1stage,3,2,-0.040952583424717526
Other_20pct,free_1stage,3,3,-0.00035562805701849776
Other_20pct,free_1stage,3,4,-0.05488473838530905
Other_20pct,entropy_weighted,3,0,-0.02262122891211593
Other_20pct,entropy_weighted,3,1,-0.1038754604411396
Other_20pct,entropy_weighted,3,2,-0.14706745861712367
Other_20pct,entropy_weighted,3,3,-0.13183165336695724
Other_20pct,entropy_weighted,3,4,-0.10135778628675496
Other_20pct,calphad,3,0,-0.542994938232058
Other_20pct,calphad,3,1,-1.9837036677272066
Other_20pct,calphad,3,2,-0.8135267600151008
Other_20pct,calphad,3,3,-0.6377282135947686
Other_20pct,calphad,3,4,-1.486046359852954
Youngs_modulus,additive,4,0,-0.22544931730413698
Youngs_modulus,additive,4,1,-0.09993723701858781
Youngs_modulus,additive,4,2,-0.10893968322950442
Youngs_modulus,additive,4,3,-0.10704031703907702
Youngs_modulus,additive,4,4,0.05516703831751657
Youngs_modulus,multiplicative,4,0,-0.2670182890388251
Youngs_modulus,multiplicative,4,1,-0.008117852935748182
Youngs_modulus,multiplicative,4,2,-0.15599949239526611
Youngs_modulus,multiplicative,4,3,-0.07216748775673909
Youngs_modulus,multiplicative,4,4,0.051676600564033226
Youngs_modulus,thermal_softening,4,0,-0.1080878100303877
Youngs_modulus,thermal_softening,4,1,-0.08546820630850549
Youngs_modulus,thermal_softening,4,2,-0.056869289108548715
Youngs_modulus,thermal_softening,4,3,-0.06544655748793748
Youngs_modulus,thermal_softening,4,4,0.057534081312177854
Youngs_modulus,arrhenius,4,0,-0.08698519794785575
Youngs_modulus,arrhenius,4,1,-0.06205787468143109
Youngs_modulus,arrhenius,4,2,-0.04435844831208646
Youngs_modulus,arrhenius,4,3,-0.0321276049330641
Youngs_modulus,arrhenius,4,4,0.05885108097733649
Youngs_modulus,power_law,4,0,-0.2164639515429807
Youngs_modulus,power_law,4,1,-0.1516058349958418
Youngs_modulus,power_law,4,2,-0.2782159564671227
Youngs_modulus,power_law,4,3,-0.07702215509285093
Youngs_modulus,power_law,4,4,0.05376112338269057
Youngs_modulus,free_2stage,4,0,0.022627022994900048
Youngs_modulus,free_2stage,4,1,-0.023823662198463547
Youngs_modulus,free_2stage,4,2,-0.13211309085697232
Youngs_modulus,free_2stage,4,3,-0.01951130679136992
Youngs_modulus,free_2stage,4,4,-0.014509248782152762
Youngs_modulus,free_1stage,4,0,-0.02833774118298482
Youngs_modulus,free_1stage,4,1,-0.014141404267161706
Youngs_modulus,free_1stage,4,2,-0.029254791036704697
Youngs_modulus,free_1stage,4,3,0.009455480577236663
Youngs_modulus,free_1stage,4,4,0.11031722958727419
Youngs_modulus,entropy_weighted,4,0,-0.1641678537140161
Youngs_modulus,entropy_weighted,4,1,-0.02978926816304983
Youngs_modulus,entropy_weighted,4,2,-0.15416613559902648
Youngs_modulus,entropy_weighted,4,3,-0.1201109924556305
Youngs_modulus,entropy_weighted,4,4,-0.02905748686301557
Youngs_modulus,calphad,4,0,0.3977807871348573
Youngs_modulus,calphad,4,1,-1.443199443731483
Youngs_modulus,calphad,4,2,-0.6200855725527104
Youngs_modulus,calphad,4,3,-0.7980460462099255
Youngs_modulus,calphad,4,4,-1.223215859951155
UTS,additive,4,0,-0.04368150602330245
UTS,additive,4,1,-0.07085788066569831
UTS,additive,4,2,-0.1696791278710179
UTS,additive,4,3,-0.14688313439292444
UTS,additive,4,4,0.024145907140273648
UTS,multiplicative,4,0,-0.04206795610599556
UTS,multiplicative,4,1,-0.1296995830071852
UTS,multiplicative,4,2,-0.1409853374938923
UTS,multiplicative,4,3,-0.14407638127433886
UTS,multiplicative,4,4,-0.025541802716489093
UTS,thermal_softening,4,0,-0.09467576492584073
UTS,thermal_softening,4,1,-0.03805212131063063
UTS,thermal_softening,4,2,-0.12520169038833884
UTS,thermal_softening,4,3,-0.050584196229358724
UTS,thermal_softening,4,4,0.10230800509386273
UTS,arrhenius,4,0,-0.09537386269620352
UTS,arrhenius,4,1,-0.09687618530480968
UTS,arrhenius,4,2,-0.08900613000311419
UTS,arrhenius,4,3,-0.0698145432960211
UTS,arrhenius,4,4,-0.1010079776747943
UTS,power_law,4,0,-0.10801778854056421
UTS,power_law,4,1,-0.1338756721681531
UTS,power_law,4,2,-0.19521819603670987
UTS,power_law,4,3,-0.13181644091741562
UTS,power_law,4,4,-0.037231569723648494
UTS,free_2stage,4,0,-0.02305894188271851
UTS,free_2stage,4,1,-0.1001470460627063
UTS,free_2stage,4,2,-0.6681831999073737
UTS,free_2stage,4,3,-0.05975782636887783
UTS,free_2stage,4,4,0.03091539856441816
UTS,free_1stage,4,0,-0.028048661753837356
UTS,free_1stage,4,1,-0.05711090822635878
UTS,free_1stage,4,2,-0.02415269376246476
UTS,free_1stage,4,3,-0.0539155741416848
UTS,free_1stage,4,4,0.08384993860775714
UTS,entropy_weighted,4,0,-0.05399075272756826
UTS,entropy_weighted,4,1,-0.07759046237177114
UTS,entropy_weighted,4,2,-0.11206701108587236
UTS,entropy_weighted,4,3,-0.14271509544787708
UTS,entropy_weighted,4,4,-0.04212774079278914
UTS,calphad,4,0,0.042347191723314914
UTS,calphad,4,1,-0.7541117525701702
UTS,calphad,4,2,-0.2583134130386435
UTS,calphad,4,3,-0.0898429648507435
UTS,calphad,4,4,-0.9721505997400273
Disloc_0pct,additive,4,0,-0.11767450546005231
Disloc_0pct,additive,4,1,-0.09541634213831673
Disloc_0pct,additive,4,2,-0.1207210284614797
Disloc_0pct,additive,4,3,-0.11441188048979622
Disloc_0pct,additive,4,4,0.024780396768182666
Disloc_0pct,multiplicative,4,0,-0.09123513928159377
Disloc_0pct,multiplicative,4,1,-0.11202291756735727
Disloc_0pct,multiplicative,4,2,-0.2222266810984046
Disloc_0pct,multiplicative,4,3,-0.10423580654405362
Disloc_0pct,multiplicative,4,4,0.05423925089743509
Disloc_0pct,thermal_softening,4,0,-0.046584066396317514
Disloc_0pct,thermal_softening,4,1,0.003831148750189084
Disloc_0pct,thermal_softening,4,2,-0.05032938898071926
Disloc_0pct,thermal_softening,4,3,-0.036747557066145076
Disloc_0pct,thermal_softening,4,4,0.02402715045160131
Disloc_0pct,arrhenius,4,0,-0.06676959076373268
Disloc_0pct,arrhenius,4,1,-0.10459858254063148
Disloc_0pct,arrhenius,4,2,-0.08521168609856256
Disloc_0pct,arrhenius,4,3,-0.03181685682793023
Disloc_0pct,arrhenius,4,4,-0.08367442763897626
Disloc_0pct,power_law,4,0,-0.0913276840465429
Disloc_0pct,power_law,4,1,-0.05407473576203192
Disloc_0pct,power_law,4,2,-0.227872778344419
Disloc_0pct,power_law,4,3,-0.09909384296343582
Disloc_0pct,power_law,4,4,0.030341940174864912
Disloc_0pct,free_2stage,4,0,0.03324248689990161
Disloc_0pct,free_2stage,4,1,0.027985578103872144
Disloc_0pct,free_2stage,4,2,-1.0
Disloc_0pct,free_2stage,4,3,-0.014268116597443647
Disloc_0pct,free_2stage,4,4,0.07839869399325972
Disloc_0pct,free_1stage,4,0,-0.06892625502685656
Disloc_0pct,free_1stage,4,1,-0.014811911590344229
Disloc_0pct,free_1stage,4,2,-0.05831044410735031
Disloc_0pct,free_1stage,4,3,0.0013439971830424557
Disloc_0pct,free_1stage,4,4,-0.023934519390671483
Disloc_0pct,entropy_weighted,4,0,-0.056031194567321085
Disloc_0pct,entropy_weighted,4,1,-0.12603530299458487
Disloc_0pct,entropy_weighted,4,2,-0.06875599526972986
Disloc_0pct,entropy_weighted,4,3,-0.09529739421147365
Disloc_0pct,entropy_weighted,4,4,0.03328407362439523
Disloc_0pct,calphad,4,0,0.5004534331501769
Disloc_0pct,calphad,4,1,-1.3214311611384666
Disloc_0pct,calphad,4,2,-0.9168251368093752
Disloc_0pct,calphad,4,3,-0.3636970108853832
Disloc_0pct,calphad,4,4,-0.5114772374135221
Disloc_20pct,additive,4,0,-0.11388126239984242
Disloc_20pct,additive,4,1,0.034120508627204615
Disloc_20pct,additive,4,2,-0.05812817888797839
Disloc_20pct,additive,4,3,-0.05100361953152843
Disloc_20pct,additive,4,4,0.052586735254346095
Disloc_20pct,multiplicative,4,0,-0.08738969067910651
Disloc_20pct,multiplicative,4,1,0.006852708946833541
Disloc_20pct,multiplicative,4,2,-0.12641589654176277
Disloc_20pct,multiplicative,4,3,-0.05025295364178506
Disloc_20pct,multiplicative,4,4,0.07082872160098286
Disloc_20pct,thermal_softening,4,0,-0.07124189925167324
Disloc_20pct,thermal_softening,4,1,-0.07893260622696818
Disloc_20pct,thermal_softening,4,2,-0.08784880496617142
Disloc_20pct,thermal_softening,4,3,-0.127196699956865
Disloc_20pct,thermal_softening,4,4,0.08388265782848414
Disloc_20pct,arrhenius,4,0,-0.004552293087665582
Disloc_20pct,arrhenius,4,1,-0.17981426426653746
Disloc_20pct,arrhenius,4,2,-0.02886429149682912
Disloc_20pct,arrhenius,4,3,-0.04937083959594357
Disloc_20pct,arrhenius,4,4,0.01602651256275678
Disloc_20pct,power_law,4,0,-0.08837821420389158
Disloc_20pct,power_law,4,1,0.02379716957326583
Disloc_20pct,power_law,4,2,-0.08913381375876539
Disloc_20pct,power_law,4,3,-0.050221468899015465
Disloc_20pct,power_law,4,4,-0.1393536245712299
Disloc_20pct,free_2stage,4,0,-0.015051813913635748
Disloc_20pct,free_2stage,4,1,0.006211716712660853
Disloc_20pct,free_2stage,4,2,-1.0
Disloc_20pct,free_2stage,4,3,-0.04289065689040861
Disloc_20pct,free_2stage,4,4,-0.015506228940133315
Disloc_20pct,free_1stage,4,0,-0.0008359789714269539
Disloc_20pct,free_1stage,4,1,-0.02242650506629995
Disloc_20pct,free_1stage,4,2,-0.19404204297095107
Disloc_20pct,free_1stage,4,3,-0.046828497016569326
Disloc_20pct,free_1stage,4,4,0.0042061382994958985
Disloc_20pct,entropy_weighted,4,0,-0.044996966687252726
Disloc_20pct,entropy_weighted,4,1,-0.05093432555798105
Disloc_20pct,entropy_weighted,4,2,0.011693359990199603
Disloc_20pct,entropy_weighted,4,3,-0.1963439902663051
Disloc_20pct,entropy_weighted,4,4,0.07402646601391083
Disloc_20pct,calphad,4,0,0.45588152198087906
Disloc_20pct,calphad,4,1,-1.8191515725048597
Disloc_20pct,calphad,4,2,-0.2541602177445448
Disloc_20pct,calphad,4,3,-0.40741198001420753
Disloc_20pct,calphad,4,4,-0.8191798392999166
FCC_0pct,additive,4,0,-0.027863983224535538
FCC_0pct,additive,4,1,-0.026828829180228553
FCC_0pct,additive,4,2,-0.10574316486298718
FCC_0pct,additive,4,3,-0.0817387084177632
FCC_0pct,additive,4,4,-0.06978314556206011
FCC_0pct,multiplicative,4,0,-0.028275854233748676
FCC_0pct,multiplicative,4,1,-0.17464026231659635
FCC_0pct,multiplicative,4,2,-0.19631288514166267
FCC_0pct,multiplicative,4,3,-0.1416181738443787
FCC_0pct,multiplicative,4,4,0.02050021906243782
FCC_0pct,thermal_softening,4,0,-0.024364478723551297
FCC_0pct,thermal_softening,4,1,-0.07475058201236395
FCC_0pct,thermal_softening,4,2,-0.023203882380963714
FCC_0pct,thermal_softening,4,3,-0.01980517583082486
FCC_0pct,thermal_softening,4,4,0.023103472224031307
FCC_0pct,arrhenius,4,0,-0.02170206150753451
FCC_0pct,arrhenius,4,1,-0.01201313666820214
FCC_0pct,arrhenius,4,2,-0.11424571238540637
FCC_0pct,arrhenius,4,3,-0.018527852350861407
FCC_0pct,arrhenius,4,4,0.021529450032708897
FCC_0pct,power_law,4,0,-0.01486411926942277
FCC_0pct,power_law,4,1,-0.0339893149077406
FCC_0pct,power_law,4,2,-0.14351905801173492
FCC_0pct,power_law,4,3,-0.10045144082006319
FCC_0pct,power_law,4,4,0.018679582709028586
FCC_0pct,free_2stage,4,0,0.018061894421115388
FCC_0pct,free_2stage,4,1,-0.004939660806295487
FCC_0pct,free_2stage,4,2,-0.0771619654662552
FCC_0pct,free_2stage,4,3,-0.011123448246646683
FCC_0pct,free_2stage,4,4,0.04130145792076634
FCC_0pct,free_1stage,4,0,0.0781412291997825
FCC_0pct,free_1stage,4,1,-0.0074485930125205435
FCC_0pct,free_1stage,4,2,-0.013537828652488981
FCC_0pct,free_1stage,4,3,-0.005183018962372721
FCC_0pct,free_1stage,4,4,-0.01732852321694378
FCC_0pct,entropy_weighted,4,0,-0.04334191108277219
FCC_0pct,entropy_weighted,4,1,-0.02852233460552167
FCC_0pct,entropy_weighted,4,2,-0.04845681222265541
FCC_0pct,entropy_weighted,4,3,-0.15361655923921358
FCC_0pct,entropy_weighted,4,4,-0.08225647459700691
FCC_0pct,calphad,4,0,0.5151591271184299
FCC_0pct,calphad,4,1,-0.36162237662809615
FCC_0pct,calphad,4,2,0.041957193460920306
FCC_0pct,calphad,4,3,-0.3074578107047783
FCC_0pct,calphad,4,4,-0.9454979725748203
HCP_0pct,additive,4,0,0.11224134482489156
HCP_0pct,additive,4,1,-0.2273120803295039
HCP_0pct,additive,4,2,-0.08591392190608094
HCP_0pct,additive,4,3,-0.005077704195224797
HCP_0pct,additive,4,4,-0.028205064351140008
HCP_0pct,multiplicative,4,0,0.04081538504829052
HCP_0pct,multiplicative,4,1,-0.18539585879231968
HCP_0pct,multiplicative,4,2,-0.013322199910902999
HCP_0pct,multiplicative,4,3,-0.02774835316009061
HCP_0pct,multiplicative,4,4,-0.13747349710183432
HCP_0pct,thermal_softening,4,0,0.10014279402368287
HCP_0pct,thermal_softening,4,1,-0.01754373570396095
HCP_0pct,thermal_softening,4,2,0.06384134710122347
HCP_0pct,thermal_softening,4,3,-14.825714792293253
HCP_0pct,thermal_softening,4,4,-0.1526810573710835
HCP_0pct,arrhenius,4,0,0.018604263862092463
HCP_0pct,arrhenius,4,1,-0.18996425518073123
HCP_0pct,arrhenius,4,2,0.04067792162472983
HCP_0pct,arrhenius,4,3,-0.13734490282229084
HCP_0pct,arrhenius,4,4,-0.1757976904617744
HCP_0pct,power_law,4,0,0.09384522804896578
HCP_0pct,power_law,4,1,-0.04496394428912054
HCP_0pct,power_law,4,2,-1.1168771420717936
HCP_0pct,power_law,4,3,-0.021803302094536514
HCP_0pct,power_law,4,4,-0.01659882745522623
HCP_0pct,free_2stage,4,0,0.03158333671423086
HCP_0pct,free_2stage,4,1,-0.03249852237846218
HCP_0pct,free_2stage,4,2,-0.007241145883678302
HCP_0pct,free_2stage,4,3,-0.0034483741198760853
HCP_0pct,free_2stage,4,4,0.09852988620676528
HCP_0pct,free_1stage,4,0,0.0017015659674163297
HCP_0pct,free_1stage,4,1,-0.04782172012707386
HCP_0pct,free_1stage,4,2,0.06383894665027912
HCP_0pct,free_1stage,4,3,0.0007697136733820775
HCP_0pct,free_1stage,4,4,0.03424743802210661
HCP_0pct,entropy_weighted,4,0,0.10980569236606164
HCP_0pct,entropy_weighted,4,1,-0.17149067385527084
HCP_0pct,entropy_weighted,4,2,-0.20350281008684212
HCP_0pct,entropy_weighted,4,3,-0.12449273927075666
HCP_0pct,entropy_weighted,4,4,-0.059948367960996674
HCP_0pct,calphad,4,0,-0.533587606419401
HCP_0pct,calphad,4,1,-0.033582039355075644
HCP_0pct,calphad,4,2,-0.10522557917327213
HCP_0pct,calphad,4,3,0.10866482720186099
HCP_0pct,calphad,4,4,-1.6575445182833608
BCC_0pct,additive,4,0,-0.07020242388448827
BCC_0pct,additive,4,1,-367.20897373940534
BCC_0pct,additive,4,2,-0.05410773326419127
BCC_0pct,additive,4,3,-0.02767164056601823
BCC_0pct,additive,4,4,-0.12921380694144902
BCC_0pct,multiplicative,4,0,-0.0331384057992703
BCC_0pct,multiplicative,4,1,-0.30069708194735023
BCC_0pct,multiplicative,4,2,-0.060739106269821264
BCC_0pct,multiplicative,4,3,-0.03959769778682065
BCC_0pct,multiplicative,4,4,-0.2592233559805761
BCC_0pct,thermal_softening,4,0,-0.03282322175326513
BCC_0pct,thermal_softening,4,1,-0.12527717938033134
BCC_0pct,thermal_softening,4,2,-0.023680818933931036
BCC_0pct,thermal_softening,4,3,-0.2797222112758311
BCC_0pct,thermal_softening,4,4,-0.07229452741681541
BCC_0pct,arrhenius,4,0,0.011751925637350835
BCC_0pct,arrhenius,4,1,-0.17222425572522382
BCC_0pct,arrhenius,4,2,-0.06564070224134255
BCC_0pct,arrhenius,4,3,-0.01673672530169168
BCC_0pct,arrhenius,4,4,-0.014421078855485048
BCC_0pct,power_law,4,0,-0.0052174242217284394
BCC_0pct,power_law,4,1,-0.053765863721129126
BCC_0pct,power_law,4,2,-0.03963523202850472
BCC_0pct,power_law,4,3,-0.0899574361204698
BCC_0pct,power_law,4,4,-0.040673973377616024
BCC_0pct,free_2stage,4,0,0.0025082862515747317
BCC_0pct,free_2stage,4,1,-0.1134028913950853
BCC_0pct,free_2stage,4,2,0.02095950348705078
BCC_0pct,free_2stage,4,3,0.00674828146623363
BCC_0pct,free_2stage,4,4,0.005635669201687787
BCC_0pct,free_1stage,4,0,-0.03533840189673376
BCC_0pct,free_1stage,4,1,-0.12962422396815976
BCC_0pct,free_1stage,4,2,0.04072938194941067
BCC_0pct,free_1stage,4,3,0.0007688830570637961
BCC_0pct,free_1stage,4,4,0.008152828390816658
BCC_0pct,entropy_weighted,4,0,-0.06433613949789008
BCC_0pct,entropy_weighted,4,1,-0.041389310810702185
BCC_0pct,entropy_weighted,4,2,-0.023389804001293202
BCC_0pct,entropy_weighted,4,3,-0.23570254220839293
BCC_0pct,entropy_weighted,4,4,-0.1026142397724672
BCC_0pct,calphad,4,0,-5.3075425327546055
BCC_0pct,calphad,4,1,-1.5301636199889428
BCC_0pct,calphad,4,2,-0.4615731379105559
BCC_0pct,calphad,4,3,-0.09675054381397885
BCC_0pct,calphad,4,4,-0.5316326659643458
FCC_20pct,additive,4,0,0.013890589357671845
FCC_20pct,additive,4,1,-0.09446368995016852
FCC_20pct,additive,4,2,-0.1380712176080776
FCC_20pct,additive,4,3,-0.04107259853347145
FCC_20pct,additive,4,4,-0.02725146114554544
FCC_20pct,multiplicative,4,0,-0.06534147669771873
FCC_20pct,multiplicative,4,1,-0.2578708441983941
FCC_20pct,multiplicative,4,2,-0.14270755329181006
FCC_20pct,multiplicative,4,3,-0.06425731893167397
FCC_20pct,multiplicative,4,4,-0.021582374611358146
FCC_20pct,thermal_softening,4,0,0.07349682633925658
FCC_20pct,thermal_softening,4,1,-0.03926076510114629
FCC_20pct,thermal_softening,4,2,-0.063004266560162
FCC_20pct,thermal_softening,4,3,-0.023706658095638433
FCC_20pct,thermal_softening,4,4,0.06061105052035132
FCC_20pct,arrhenius,4,0,0.04687075624196779
FCC_20pct,arrhenius,4,1,-0.007851117956326537
FCC_20pct,arrhenius,4,2,-0.08202030510780767
FCC_20pct,arrhenius,4,3,0.018555354299235827
FCC_20pct,arrhenius,4,4,0.05914276988843292
FCC_20pct,power_law,4,0,0.01059682729419742
FCC_20pct,power_law,4,1,-0.12339206402150871
FCC_20pct,power_law,4,2,-0.09835330539425069
FCC_20pct,power_law,4,3,-0.12730072851766283
FCC_20pct,power_law,4,4,-0.02429862467846955
FCC_20pct,free_2stage,4,0,0.06777729832928558
FCC_20pct,free_2stage,4,1,-0.007177757233237214
FCC_20pct,free_2stage,4,2,-0.044872470197626635
FCC_20pct,free_2stage,4,3,-0.15728093742082638
FCC_20pct,free_2stage,4,4,-0.0014489835970745713
FCC_20pct,free_1stage,4,0,0.058179599981211805
FCC_20pct,free_1stage,4,1,0.001818338723183821
FCC_20pct,free_1stage,4,2,-0.07853755727200462
FCC_20pct,free_1stage,4,3,-0.02735284333221566
FCC_20pct,free_1stage,4,4,0.08139387242347251
FCC_20pct,entropy_weighted,4,0,-0.06894935856679352
FCC_20pct,entropy_weighted,4,1,-0.15852412273493233
FCC_20pct,entropy_weighted,4,2,-0.09941606524382807
FCC_20pct,entropy_weighted,4,3,0.021018133930238436
FCC_20pct,entropy_weighted,4,4,-0.07747967883010531
FCC_20pct,calphad,4,0,0.44404993860332487
FCC_20pct,calphad,4,1,-0.640649349777878
FCC_20pct,calphad,4,2,-0.18415433637906986
FCC_20pct,calphad,4,3,-1.0226909863351081
FCC_20pct,calphad,4,4,-1.0358861420191015
HCP_20pct,additive,4,0,-0.08902680276240882
HCP_20pct,additive,4,1,0.054524098312271896
HCP_20pct,additive,4,2,-0.0547648150839235
HCP_20pct,additive,4,3,-0.08935694172778685
HCP_20pct,additive,4,4,0.046081311049414375
HCP_20pct,multiplicative,4,0,-0.06936554159601305
HCP_20pct,multiplicative,4,1,0.035284864492282964
HCP_20pct,multiplicative,4,2,-0.01553399928289445
HCP_20pct,multiplicative,4,3,-0.18166481678390367
HCP_20pct,multiplicative,4,4,0.0021179292508856085
HCP_20pct,thermal_softening,4,0,-1.102133274955618
HCP_20pct,thermal_softening,4,1,-0.13282923496054977
HCP_20pct,thermal_softening,4,2,-0.054070576430155226
HCP_20pct,thermal_softening,4,3,-0.17231358096976845
HCP_20pct,thermal_softening,4,4,-0.047720454073858054
HCP_20pct,arrhenius,4,0,0.056642361327184476
HCP_20pct,arrhenius,4,1,-0.09195364642516823
HCP_20pct,arrhenius,4,2,0.01649915653367151
HCP_20pct,arrhenius,4,3,-0.004781375324317105
HCP_20pct,arrhenius,4,4,0.012104861375484721
HCP_20pct,power_law,4,0,-0.33757030277179
HCP_20pct,power_law,4,1,-0.1502176711707719
HCP_20pct,power_law,4,2,-0.044912090196240984
HCP_20pct,power_law,4,3,-0.04673194601373365
HCP_20pct,power_law,4,4,0.0471707631651852
HCP_20pct,free_2stage,4,0,0.007586650953919305
HCP_20pct,free_2stage,4,1,-0.020231142760127607
HCP_20pct,free_2stage,4,2,-0.03075549905698227
HCP_20pct,free_2stage,4,3,0.01784667752631075
HCP_20pct,free_2stage,4,4,0.049436557795886515
HCP_20pct,free_1stage,4,0,0.05829658650196923
HCP_20pct,free_1stage,4,1,0.008524061474163735
HCP_20pct,free_1stage,4,2,-0.04006396896159092
HCP_20pct,free_1stage,4,3,-0.04385250234424598
HCP_20pct,free_1stage,4,4,0.08371909519979459
HCP_20pct,entropy_weighted,4,0,0.002751220398196086
HCP_20pct,entropy_weighted,4,1,-0.11388104682445555
HCP_20pct,entropy_weighted,4,2,-0.0992835247165329
HCP_20pct,entropy_weighted,4,3,-0.03192495217983016
HCP_20pct,entropy_weighted,4,4,0.02900625475085228
HCP_20pct,calphad,4,0,-0.387560929638628
HCP_20pct,calphad,4,1,-0.4785147758454211
HCP_20pct,calphad,4,2,0.0674130178742034
HCP_20pct,calphad,4,3,-0.2062167555010197
HCP_20pct,calphad,4,4,-0.8482204053539222
BCC_20pct,additive,4,0,-0.17251251549260904
BCC_20pct,additive,4,1,-0.07864064251008518
BCC_20pct,additive,4,2,0.00670286881061688
BCC_20pct,additive,4,3,-0.07560358389346211
BCC_20pct,additive,4,4,-0.09425828763601896
BCC_20pct,multiplicative,4,0,-0.09829722730648949
BCC_20pct,multiplicative,4,1,-0.007713950249973678
BCC_20pct,multiplicative,4,2,-0.3375841464767724
BCC_20pct,multiplicative,4,3,-0.17390463941292955
BCC_20pct,multiplicative,4,4,-0.05373870147077486
BCC_20pct,thermal_softening,4,0,0.01919150661764646
BCC_20pct,thermal_softening,4,1,-0.14506918358673593
BCC_20pct,thermal_softening,4,2,-0.054275027328823944
BCC_20pct,thermal_softening,4,3,-0.11448113151260775
BCC_20pct,thermal_softening,4,4,-0.060937673845479656
BCC_20pct,arrhenius,4,0,-0.14436987230804754
BCC_20pct,arrhenius,4,1,-0.1717291259456828
BCC_20pct,arrhenius,4,2,-0.1477607539171477
BCC_20pct,arrhenius,4,3,-0.09117419460604936
BCC_20pct,arrhenius,4,4,-0.058493530706783536
BCC_20pct,power_law,4,0,0.13243867253577823
BCC_20pct,power_law,4,1,-0.07824635303355576
BCC_20pct,power_law,4,2,-0.005674420012424575
BCC_20pct,power_law,4,3,-1.1068507872058495
BCC_20pct,power_law,4,4,-0.12419450199420612
BCC_20pct,free_2stage,4,0,0.024043204302943266
BCC_20pct,free_2stage,4,1,-0.1260532515813746
BCC_20pct,free_2stage,4,2,-0.0023219254825086466
BCC_20pct,free_2stage,4,3,-0.01508814854365137
BCC_20pct,free_2stage,4,4,-0.09032301976541723
BCC_20pct,free_1stage,4,0,0.011373956660848727
BCC_20pct,free_1stage,4,1,-0.0019685558128039737
BCC_20pct,free_1stage,4,2,-0.0880850581918613
BCC_20pct,free_1stage,4,3,-0.03093094384219075
BCC_20pct,free_1stage,4,4,0.0007904039490232995
BCC_20pct,entropy_weighted,4,0,0.006400299999150261
BCC_20pct,entropy_weighted,4,1,-0.183289098455361
BCC_20pct,entropy_weighted,4,2,-0.029864110405880773
BCC_20pct,entropy_weighted,4,3,-0.1970664980497201
BCC_20pct,entropy_weighted,4,4,-0.8475157228103867
BCC_20pct,calphad,4,0,-0.09486792034179659
BCC_20pct,calphad,4,1,0.052722243135522096
BCC_20pct,calphad,4,2,-0.34837709039580034
BCC_20pct,calphad,4,3,-0.9383508357414256
BCC_20pct,calphad,4,4,-0.041186559649035726
Other_0pct,additive,4,0,-0.06337182220155313
Other_0pct,additive,4,1,-0.12734829033867423
Other_0pct,additive,4,2,-0.20550726508195294
Other_0pct,additive,4,3,-0.08826788710407829
Other_0pct,additive,4,4,0.021234677547334213
Other_0pct,multiplicative,4,0,-0.1382725105611129
Other_0pct,multiplicative,4,1,-0.05530822106015254
Other_0pct,multiplicative,4,2,-0.2392660575964991
Other_0pct,multiplicative,4,3,-0.0725289468060637
Other_0pct,multiplicative,4,4,0.044865938519600856
Other_0pct,thermal_softening,4,0,-0.029282274737316483
Other_0pct,thermal_softening,4,1,-0.0013260568701358721
Other_0pct,thermal_softening,4,2,-0.10205661206323047
Other_0pct,thermal_softening,4,3,-0.06365264855124186
Other_0pct,thermal_softening,4,4,0.03396376694844805
Other_0pct,arrhenius,4,0,-0.0602437493829191
Other_0pct,arrhenius,4,1,-0.006237641538987093
Other_0pct,arrhenius,4,2,-0.027591593741956855
Other_0pct,arrhenius,4,3,-0.031158163302696718
Other_0pct,arrhenius,4,4,0.08251194913865212
Other_0pct,power_law,4,0,-0.038732123566302734
Other_0pct,power_law,4,1,-0.10394817428847802
Other_0pct,power_law,4,2,-0.20457440905938507
Other_0pct,power_law,4,3,-0.07730413848364326
Other_0pct,power_law,4,4,0.04251854159237345
Other_0pct,free_2stage,4,0,-0.1038495363117844
Other_0pct,free_2stage,4,1,-0.005445574849348711
Other_0pct,free_2stage,4,2,-0.12224777315011459
Other_0pct,free_2stage,4,3,-0.019140333949419164
Other_0pct,free_2stage,4,4,0.045578839705559426
Other_0pct,free_1stage,4,0,-0.011360205358529996
Other_0pct,free_1stage,4,1,0.02853126839497311
Other_0pct,free_1stage,4,2,-0.03470790387561151
Other_0pct,free_1stage,4,3,-0.013996743897724206
Other_0pct,free_1stage,4,4,-0.018496799127984742
Other_0pct,entropy_weighted,4,0,-0.08986078330642222
Other_0pct,entropy_weighted,4,1,-0.06573836445056713
Other_0pct,entropy_weighted,4,2,-0.25307990900135535
Other_0pct,entropy_weighted,4,3,-0.02275614382993818
Other_0pct,entropy_weighted,4,4,0.07219456036077754
Other_0pct,calphad,4,0,0.5235085890974235
Other_0pct,calphad,4,1,-0.621154780331663
Other_0pct,calphad,4,2,-0.6066277208161079
Other_0pct,calphad,4,3,-0.5791279751983573
Other_0pct,calphad,4,4,-1.164845020208178
Other_20pct,additive,4,0,-0.08668948342643978
Other_20pct,additive,4,1,-0.027323756972263524
Other_20pct,additive,4,2,-0.12901686613900254
Other_20pct,additive,4,3,-0.07121369725729165
Other_20pct,additive,4,4,0.011629551575086494
Other_20pct,multiplicative,4,0,-0.05676596685771673
Other_20pct,multiplicative,4,1,-0.034905513428648005
Other_20pct,multiplicative,4,2,-0.12650458448063095
Other_20pct,multiplicative,4,3,-0.08597434892566347
Other_20pct,multiplicative,4,4,0.03729693662924061
Other_20pct,thermal_softening,4,0,-0.03727728050852663
Other_20pct,thermal_softening,4,1,-0.07606443986447808
Other_20pct,thermal_softening,4,2,-0.049433585793536405
Other_20pct,thermal_softening,4,3,-0.07427934884284682
Other_20pct,thermal_softening,4,4,-0.015557950263040299
Other_20pct,arrhenius,4,0,-0.035702385564990946
Other_20pct,arrhenius,4,1,-0.021574601615935718
Other_20pct,arrhenius,4,2,-0.05385484800430018
Other_20pct,arrhenius,4,3,-0.08191679149696363
Other_20pct,arrhenius,4,4,0.07961499517564075
Other_20pct,power_law,4,0,-0.060730173501502005
Other_20pct,power_law,4,1,-0.08796112798636724
Other_20pct,power_law,4,2,-0.20914909026597783
Other_20pct,power_law,4,3,-0.07837242806529088
Other_20pct,power_law,4,4,0.034916379147470256
Other_20pct,free_2stage,4,0,0.07670071265975342
Other_20pct,free_2stage,4,1,-0.03448220068649355
Other_20pct,free_2stage,4,2,-0.029242592709659343
Other_20pct,free_2stage,4,3,-0.02923630578296965
Other_20pct,free_2stage,4,4,0.12962014826202928
Other_20pct,free_1stage,4,0,-0.03466478801963935
Other_20pct,free_1stage,4,1,-0.0004785867727574722
Other_20pct,free_1stage,4,2,-0.04498793675577062
Other_20pct,free_1stage,4,3,-0.005133259487923425
Other_20pct,free_1stage,4,4,-0.14210257956728367
Other_20pct,entropy_weighted,4,0,-0.06908298795231849
Other_20pct,entropy_weighted,4,1,-0.02950780738256964
Other_20pct,entropy_weighted,4,2,-0.13177880228921746
Other_20pct,entropy_weighted,4,3,-0.08565104449432281
Other_20pct,entropy_weighted,4,4,0.06763078117553423
Other_20pct,calphad,4,0,0.4783384458012391
Other_20pct,calphad,4,1,-0.7880462664706609
Other_20pct,calphad,4,2,-0.4890528914053929
Other_20pct,calphad,4,3,-0.9538366298048901
Other_20pct,calphad,4,4,-1.3221083286103692
