target,template,seed,fold,test_r2
Youngs_modulus,additive,0,0,0.9685294130721024
Youngs_modulus,additive,0,1,0.9658780442733831
Youngs_modulus,additive,0,2,0.9725137271584385
Youngs_modulus,additive,0,3,0.9687657213524763
Youngs_modulus,additive,0,4,0.9689810620192403
Youngs_modulus,multiplicative,0,0,0.9736432091716787
Youngs_modulus,multiplicative,0,1,0.9699287427166705
Youngs_modulus,multiplicative,0,2,0.9782371533473102
Youngs_modulus,multiplicative,0,3,0.9742002394721418
Youngs_modulus,multiplicative,0,4,0.9721023283546689
Youngs_modulus,thermal_softening,0,0,0.9905727429351934
Youngs_modulus,thermal_softening,0,1,0.9877346800363715
Youngs_modulus,thermal_softening,0,2,0.9934620799756214
Youngs_modulus,thermal_softening,0,3,0.9916220447845039
Youngs_modulus,thermal_softening,0,4,0.988601836274847
Youngs_modulus,arrhenius,0,0,0.9924874675697691
Youngs_modulus,arrhenius,0,1,0.9882175156390629
Youngs_modulus,arrhenius,0,2,0.9929700926315633
Youngs_modulus,arrhenius,0,3,0.9954818411788791
Youngs_modulus,arrhenius,0,4,0.9924487615358862
Youngs_modulus,power_law,0,0,0.9727425216632185
Youngs_modulus,power_law,0,1,0.9702273203237022
Youngs_modulus,power_law,0,2,0.978640165260858
Youngs_modulus,power_law,0,3,0.9745041979431356
Youngs_modulus,power_law,0,4,0.9734805165867967
Youngs_modulus,free_2stage,0,0,0.973012448036862
Youngs_modulus,free_2stage,0,1,0.9704961503826441
Youngs_modulus,free_2stage,0,2,0.9776161696875458
Youngs_modulus,free_2stage,0,3,0.974604408913032
Youngs_modulus,free_2stage,0,4,0.972551776512807
Youngs_modulus,free_1stage,0,0,0.9819692320280828
Youngs_modulus,free_1stage,0,1,0.9878055565554276
Youngs_modulus,free_1stage,0,2,0.9837863955595396
Youngs_modulus,free_1stage,0,3,0.989999914618395
Youngs_modulus,free_1stage,0,4,0.9869140385311387
Youngs_modulus,entropy_weighted,0,0,0.9770072743389095
Youngs_modulus,entropy_weighted,0,1,0.9630875394585656
Youngs_modulus,entropy_weighted,0,2,0.9823258387395333
Youngs_modulus,entropy_weighted,0,3,0.9797501007814979
Youngs_modulus,entropy_weighted,0,4,0.9769728731813623
Youngs_modulus,calphad,0,0,-1.1897501706644031
Youngs_modulus,calphad,0,1,-1.1392474991792931
Youngs_modulus,calphad,0,2,-0.9744114879101498
Youngs_modulus,calphad,0,3,-1.1256416028321405
Youngs_modulus,calphad,0,4,-1.121736915109008
UTS,additive,0,0,0.9906662586470798
UTS,additive,0,1,0.9896713031384761
UTS,additive,0,2,0.9922988073301786
UTS,additive,0,3,0.991251279365559
UTS,additive,0,4,0.9928723114342325
UTS,multiplicative,0,0,0.990100608366913
UTS,multiplicative,0,1,0.9876632528955409
UTS,multiplicative,0,2,0.992935317141392
UTS,multiplicative,0,3,0.990196463001744
UTS,multiplicative,0,4,0.9920437655553801
UTS,thermal_softening,0,0,0.9947240355609843
UTS,thermal_softening,0,1,0.9888333471709454
UTS,thermal_softening,0,2,0.9937792049240104
UTS,thermal_softening,0,3,0.9931308448757703
UTS,thermal_softening,0,4,0.9939127879099754
UTS,arrhenius,0,0,0.9946608527011209
UTS,arrhenius,0,1,0.9905152418862843
UTS,arrhenius,0,2,0.9949688613561569
UTS,arrhenius,0,3,0.9947339047041823
UTS,arrhenius,0,4,0.9944561991297883
UTS,power_law,0,0,0.9889642270636779
UTS,power_law,0,1,0.987663254671632
UTS,power_law,0,2,0.9925539724980609
UTS,power_law,0,3,0.9901960793710574
UTS,power_law,0,4,0.9910655547620745
UTS,free_2stage,0,0,0.9906339762709221
UTS,free_2stage,0,1,0.9896712613984917
UTS,free_2stage,0,2,0.9921042429126293
UTS,free_2stage,0,3,0.9923818400742066
UTS,free_2stage,0,4,0.9936712076812259
UTS,free_1stage,0,0,0.992342926514659
UTS,free_1stage,0,1,0.9919557583006653
UTS,free_1stage,0,2,0.9925646630162888
UTS,free_1stage,0,3,0.9923681753480657
UTS,free_1stage,0,4,0.994385101496057
UTS,entropy_weighted,0,0,0.9896247880367957
UTS,entropy_weighted,0,1,0.9882182145069826
UTS,entropy_weighted,0,2,0.9920817100874816
UTS,entropy_weighted,0,3,0.9901934294066819
UTS,entropy_weighted,0,4,0.9901954733792693
UTS,calphad,0,0,-3.504751565716602
UTS,calphad,0,1,-3.640189373236506
UTS,calphad,0,2,-3.6267278776839387
UTS,calphad,0,3,-3.545399333468441
UTS,calphad,0,4,-3.6403276043165045
Disloc_0pct,additive,0,0,0.9736511996086673
Disloc_0pct,additive,0,1,0.9667738812302703
Disloc_0pct,additive,0,2,0.9677196008724954
Disloc_0pct,additive,0,3,0.978471799883511
Disloc_0pct,additive,0,4,0.9661642935021667
Disloc_0pct,multiplicative,0,0,0.9715364335345551
Disloc_0pct,multiplicative,0,1,0.9635871466098918
Disloc_0pct,multiplicative,0,2,0.9734645452976746
Disloc_0pct,multiplicative,0,3,0.9753721371347375
Disloc_0pct,multiplicative,0,4,0.9703926843797992
Disloc_0pct,thermal_softening,0,0,0.9715594692228477
Disloc_0pct,thermal_softening,0,1,0.9749478257269928
Disloc_0pct,thermal_softening,0,2,0.9734639753692682
Disloc_0pct,thermal_softening,0,3,0.9795715838410965
Disloc_0pct,thermal_softening,0,4,0.9703927788621827
Disloc_0pct,arrhenius,0,0,0.9754079955395829
Disloc_0pct,arrhenius,0,1,0.9737358889677388
Disloc_0pct,arrhenius,0,2,0.9744373695459222
Disloc_0pct,arrhenius,0,3,0.9784213034809357
Disloc_0pct,arrhenius,0,4,0.9698925821763718
Disloc_0pct,power_law,0,0,0.9715615694748563
Disloc_0pct,power_law,0,1,0.9636272984992382
Disloc_0pct,power_law,0,2,0.9643154095016716
Disloc_0pct,power_law,0,3,0.9752001449738403
Disloc_0pct,power_law,0,4,0.9703928929180623
Disloc_0pct,free_2stage,0,0,0.973683946970146
Disloc_0pct,free_2stage,0,1,0.9660904491533858
Disloc_0pct,free_2stage,0,2,0.9686051260311783
Disloc_0pct,free_2stage,0,3,0.9784615357587356
Disloc_0pct,free_2stage,0,4,0.9661633209714126
Disloc_0pct,free_1stage,0,0,0.981218314477183
Disloc_0pct,free_1stage,0,1,0.9777813017208882
Disloc_0pct,free_1stage,0,2,0.9764680188061456
Disloc_0pct,free_1stage,0,3,0.9819708640399258
Disloc_0pct,free_1stage,0,4,0.9735443183477924
Disloc_0pct,entropy_weighted,0,0,0.971584763869089
Disloc_0pct,entropy_weighted,0,1,0.9750725280306524
Disloc_0pct,entropy_weighted,0,2,0.9642404843370485
Disloc_0pct,entropy_weighted,0,3,0.9752940277768564
Disloc_0pct,entropy_weighted,0,4,0.9628891149231373
Disloc_0pct,calphad,0,0,-0.3414273905954399
Disloc_0pct,calphad,0,1,-0.5061384597128498
Disloc_0pct,calphad,0,2,-0.44871841210759444
Disloc_0pct,calphad,0,3,-0.49479122193710756
Disloc_0pct,calphad,0,4,-0.45140570153399806
Disloc_20pct,additive,0,0,0.9052728939636715
Disloc_20pct,additive,0,1,0.8674441904351108
Disloc_20pct,additive,0,2,0.8780562594364231
Disloc_20pct,additive,0,3,0.918913687493159
Disloc_20pct,additive,0,4,0.8791907223862663
Disloc_20pct,multiplicative,0,0,0.8691169717232015
Disloc_20pct,multiplicative,0,1,0.8583161889395108
Disloc_20pct,multiplicative,0,2,0.8664886179797583
Disloc_20pct,multiplicative,0,3,0.9074045427472808
Disloc_20pct,multiplicative,0,4,0.8925729222958193
Disloc_20pct,thermal_softening,0,0,0.8891582833843117
Disloc_20pct,thermal_softening,0,1,0.8887799172248172
Disloc_20pct,thermal_softening,0,2,0.8714299265860277
Disloc_20pct,thermal_softening,0,3,0.9041955522748492
Disloc_20pct,thermal_softening,0,4,0.8810523593910736
Disloc_20pct,arrhenius,0,0,0.9037305274501065
Disloc_20pct,arrhenius,0,1,0.9024056483395269
Disloc_20pct,arrhenius,0,2,0.8771729772507646
Disloc_20pct,arrhenius,0,3,0.9194784417174805
Disloc_20pct,arrhenius,0,4,0.8856537569414139
Disloc_20pct,power_law,0,0,0.8932606308351876
Disloc_20pct,power_law,0,1,0.8449949329139425
Disloc_20pct,power_law,0,2,0.8547660271522879
Disloc_20pct,power_law,0,3,0.909390351095819
Disloc_20pct,power_law,0,4,0.8922821479359886
Disloc_20pct,free_2stage,0,0,0.8909663849568525
Disloc_20pct,free_2stage,0,1,0.8674450675400183
Disloc_20pct,free_2stage,0,2,0.8780511768725187
Disloc_20pct,free_2stage,0,3,0.9189204236372003
Disloc_20pct,free_2stage,0,4,0.8791893548474831
Disloc_20pct,free_1stage,0,0,0.9075894158109061
Disloc_20pct,free_1stage,0,1,0.8998490098959955
Disloc_20pct,free_1stage,0,2,0.9046449801928086
Disloc_20pct,free_1stage,0,3,0.9387281056600688
Disloc_20pct,free_1stage,0,4,0.8767675355483947
Disloc_20pct,entropy_weighted,0,0,0.8933329109192677
Disloc_20pct,entropy_weighted,0,1,0.8587067554880226
Disloc_20pct,entropy_weighted,0,2,0.8649721499412628
Disloc_20pct,entropy_weighted,0,3,0.9194747030519963
Disloc_20pct,entropy_weighted,0,4,0.8722052045433191
Disloc_20pct,calphad,0,0,-0.10826076777920712
Disloc_20pct,calphad,0,1,-0.25956322119762243
Disloc_20pct,calphad,0,2,-0.48161567411087214
Disloc_20pct,calphad,0,3,-0.3156860292762571
Disloc_20pct,calphad,0,4,-0.3533787571930944
FCC_0pct,additive,0,0,0.979880866746377
FCC_0pct,additive,0,1,0.9763037849379499
FCC_0pct,additive,0,2,0.9780568122545718
FCC_0pct,additive,0,3,0.9758697333009555
FCC_0pct,additive,0,4,0.977116561280802
FCC_0pct,multiplicative,0,0,0.9791816351818255
FCC_0pct,multiplicative,0,1,0.975469686980803
FCC_0pct,multiplicative,0,2,0.9782199813040262
FCC_0pct,multiplicative,0,3,0.9767209755937185
FCC_0pct,multiplicative,0,4,0.9769019383704863
FCC_0pct,thermal_softening,0,0,0.9968442026780002
FCC_0pct,thermal_softening,0,1,0.9891129663659624
FCC_0pct,thermal_softening,0,2,0.9963875867023003
FCC_0pct,thermal_softening,0,3,0.9908196375545899
FCC_0pct,thermal_softening,0,4,0.9910939091947637
FCC_0pct,arrhenius,0,0,0.9978737131855591
FCC_0pct,arrhenius,0,1,0.997968742025422
FCC_0pct,arrhenius,0,2,0.9982407664716549
FCC_0pct,arrhenius,0,3,0.9981915765257477
FCC_0pct,arrhenius,0,4,0.9947285850650321
FCC_0pct,power_law,0,0,0.9719143843825501
FCC_0pct,power_law,0,1,0.9754254727245018
FCC_0pct,power_law,0,2,0.9698011306907918
FCC_0pct,power_law,0,3,0.9665045744914589
FCC_0pct,power_law,0,4,0.9693957241761046
FCC_0pct,free_2stage,0,0,0.9797716806149223
FCC_0pct,free_2stage,0,1,0.9757804362027453
FCC_0pct,free_2stage,0,2,0.9783107577568528
FCC_0pct,free_2stage,0,3,0.9755869456523779
FCC_0pct,free_2stage,0,4,0.9779901759618655
FCC_0pct,free_1stage,0,0,0.9984274210609231
FCC_0pct,free_1stage,0,1,0.9954944977289729
FCC_0pct,free_1stage,0,2,0.9990126472178325
FCC_0pct,free_1stage,0,3,0.9967857064039772
FCC_0pct,free_1stage,0,4,0.9979113365124123
FCC_0pct,entropy_weighted,0,0,0.9795646414858526
FCC_0pct,entropy_weighted,0,1,0.975367078676833
FCC_0pct,entropy_weighted,0,2,0.9781403516429806
FCC_0pct,entropy_weighted,0,3,0.9753643974254684
FCC_0pct,entropy_weighted,0,4,0.9771648987088051
FCC_0pct,calphad,0,0,0.1090953361366439
FCC_0pct,calphad,0,1,0.11277565142839086
FCC_0pct,calphad,0,2,0.1101379149460533
FCC_0pct,calphad,0,3,0.11186932071734612
FCC_0pct,calphad,0,4,0.11277994036959971
HCP_0pct,additive,0,0,0.5317929318853327
HCP_0pct,additive,0,1,0.5590305875142989
HCP_0pct,additive,0,2,0.6336833390048802
HCP_0pct,additive,0,3,0.593538709688548
HCP_0pct,additive,0,4,0.5953739769292081
HCP_0pct,multiplicative,0,0,0.5428912047720544
HCP_0pct,multiplicative,0,1,0.5721693834409479
HCP_0pct,multiplicative,0,2,0.6417646207209307
HCP_0pct,multiplicative,0,3,0.6025361254194197
HCP_0pct,multiplicative,0,4,0.6096361708715606
HCP_0pct,thermal_softening,0,0,0.5569836063713334
HCP_0pct,thermal_softening,0,1,0.5952691040738808
HCP_0pct,thermal_softening,0,2,0.674733869276974
HCP_0pct,thermal_softening,0,3,0.6025342211849509
HCP_0pct,thermal_softening,0,4,0.6239648896060225
HCP_0pct,arrhenius,0,0,0.5560406081155682
HCP_0pct,arrhenius,0,1,0.5923232800715188
HCP_0pct,arrhenius,0,2,0.6647403745020036
HCP_0pct,arrhenius,0,3,0.7108801930334815
HCP_0pct,arrhenius,0,4,0.6244514321201938
HCP_0pct,power_law,0,0,0.5428912060620352
HCP_0pct,power_law,0,1,0.5721682148892782
HCP_0pct,power_law,0,2,0.6417641203758008
HCP_0pct,power_law,0,3,0.6025399886244129
HCP_0pct,power_law,0,4,0.6096374809350575
HCP_0pct,free_2stage,0,0,0.536724303673576
HCP_0pct,free_2stage,0,1,0.588670018593949
HCP_0pct,free_2stage,0,2,0.6518304982516732
HCP_0pct,free_2stage,0,3,0.6174539205032434
HCP_0pct,free_2stage,0,4,0.6149271677012625
HCP_0pct,free_1stage,0,0,0.6934820793803959
HCP_0pct,free_1stage,0,1,0.7347682836068665
HCP_0pct,free_1stage,0,2,0.7092861599607678
HCP_0pct,free_1stage,0,3,0.7118951345862405
HCP_0pct,free_1stage,0,4,0.686253474199982
HCP_0pct,entropy_weighted,0,0,0.5560464655719588
HCP_0pct,entropy_weighted,0,1,0.5923232800715188
HCP_0pct,entropy_weighted,0,2,0.7131184206230845
HCP_0pct,entropy_weighted,0,3,0.7134831211656181
HCP_0pct,entropy_weighted,0,4,0.6244505842702075
HCP_0pct,calphad,0,0,-4.6565693564319135
HCP_0pct,calphad,0,1,-4.138127603069364
HCP_0pct,calphad,0,2,-4.114319147711644
HCP_0pct,calphad,0,3,-4.407767200160932
HCP_0pct,calphad,0,4,-4.836073648966174
BCC_0pct,additive,0,0,0.2680872773889348
BCC_0pct,additive,0,1,0.409995756420115
BCC_0pct,additive,0,2,0.2908806498842804
BCC_0pct,additive,0,3,0.4061976392496276
BCC_0pct,additive,0,4,0.419355844203959
BCC_0pct,multiplicative,0,0,0.21424912483695546
BCC_0pct,multiplicative,0,1,-0.2144737790797817
BCC_0pct,multiplicative,0,2,-0.2595156491308981
BCC_0pct,multiplicative,0,3,0.11996453967074372
BCC_0pct,multiplicative,0,4,0.1610410425926534
BCC_0pct,thermal_softening,0,0,0.21220085475877748
BCC_0pct,thermal_softening,0,1,0.42614728850126005
BCC_0pct,thermal_softening,0,2,0.21139239134112453
BCC_0pct,thermal_softening,0,3,0.35680512139608933
BCC_0pct,thermal_softening,0,4,0.3037018752195285
BCC_0pct,arrhenius,0,0,0.39240924456195503
BCC_0pct,arrhenius,0,1,0.23201889021309974
BCC_0pct,arrhenius,0,2,-0.13731774910819827
BCC_0pct,arrhenius,0,3,0.4102083997972066
BCC_0pct,arrhenius,0,4,0.4393028389645679
BCC_0pct,power_law,0,0,-0.18829465955905023
BCC_0pct,power_law,0,1,0.10422440199040639
BCC_0pct,power_law,0,2,-0.3064333146713154
BCC_0pct,power_law,0,3,0.1443976815638579
BCC_0pct,power_law,0,4,-0.09510213440588111
BCC_0pct,free_2stage,0,0,0.6096313215745507
BCC_0pct,free_2stage,0,1,0.5617909433608537
BCC_0pct,free_2stage,0,2,0.5239278158152663
BCC_0pct,free_2stage,0,3,0.4130625976940173
BCC_0pct,free_2stage,0,4,0.5380455974580481
BCC_0pct,free_1stage,0,0,0.37257704041190043
BCC_0pct,free_1stage,0,1,0.4193926808875138
BCC_0pct,free_1stage,0,2,0.287110992828163
BCC_0pct,free_1stage,0,3,0.42373223489554823
BCC_0pct,free_1stage,0,4,0.5195839354779878
BCC_0pct,entropy_weighted,0,0,0.3098224836790926
BCC_0pct,entropy_weighted,0,1,0.09204820919319878
BCC_0pct,entropy_weighted,0,2,-0.04558600699651083
BCC_0pct,entropy_weighted,0,3,0.3760549837480419
BCC_0pct,entropy_weighted,0,4,0.3095249741833116
BCC_0pct,calphad,0,0,-3.735381618762581
BCC_0pct,calphad,0,1,-3.0214570712918603
BCC_0pct,calphad,0,2,-3.9705803128126202
BCC_0pct,calphad,0,3,-3.4854697275468514
BCC_0pct,calphad,0,4,-3.560106261885796
FCC_20pct,additive,0,0,0.9231133399589935
FCC_20pct,additive,0,1,0.9431760191978023
FCC_20pct,additive,0,2,0.942794103098489
FCC_20pct,additive,0,3,0.9185061090480026
FCC_20pct,additive,0,4,0.9360111780725285
FCC_20pct,multiplicative,0,0,0.871901880228686
FCC_20pct,multiplicative,0,1,0.9166038151635232
FCC_20pct,multiplicative,0,2,0.9453812297992066
FCC_20pct,multiplicative,0,3,0.920480805119545
FCC_20pct,multiplicative,0,4,0.9301015223092621
FCC_20pct,thermal_softening,0,0,0.9568971844068753
FCC_20pct,thermal_softening,0,1,0.9473651303095464
FCC_20pct,thermal_softening,0,2,0.9454091151054783
FCC_20pct,thermal_softening,0,3,0.9483345630107253
FCC_20pct,thermal_softening,0,4,0.9502125066579388
FCC_20pct,arrhenius,0,0,0.9498289973767099
FCC_20pct,arrhenius,0,1,0.9447218038644845
FCC_20pct,arrhenius,0,2,0.9542726670456161
FCC_20pct,arrhenius,0,3,0.9435055484431502
FCC_20pct,arrhenius,0,4,0.9494167899809868
FCC_20pct,power_law,0,0,0.9141738353301511
FCC_20pct,power_law,0,1,0.916406063820712
FCC_20pct,power_law,0,2,0.9328591381066039
FCC_20pct,power_law,0,3,0.9219246014248117
FCC_20pct,power_law,0,4,0.9090983045529981
FCC_20pct,free_2stage,0,0,0.8976380394745237
FCC_20pct,free_2stage,0,1,0.935568906850324
FCC_20pct,free_2stage,0,2,0.9506780407877038
FCC_20pct,free_2stage,0,3,0.9324960193489923
FCC_20pct,free_2stage,0,4,0.9401829858396998
FCC_20pct,free_1stage,0,0,0.932823424369309
FCC_20pct,free_1stage,0,1,0.9480019122630352
FCC_20pct,free_1stage,0,2,0.9435051506075337
FCC_20pct,free_1stage,0,3,0.950550067816649
FCC_20pct,free_1stage,0,4,0.9353323546794944
FCC_20pct,entropy_weighted,0,0,0.9161391981734958
FCC_20pct,entropy_weighted,0,1,0.9383750254697582
FCC_20pct,entropy_weighted,0,2,0.9372199036703621
FCC_20pct,entropy_weighted,0,3,0.9217110654282945
FCC_20pct,entropy_weighted,0,4,0.9141460461327513
FCC_20pct,calphad,0,0,0.17953402000224494
FCC_20pct,calphad,0,1,0.3098932011856116
FCC_20pct,calphad,0,2,0.22183975982874404
FCC_20pct,calphad,0,3,0.16708458582904528
FCC_20pct,calphad,0,4,0.17883125339702743
HCP_20pct,additive,0,0,0.7221376454423161
HCP_20pct,additive,0,1,0.7385068254665956
HCP_20pct,additive,0,2,0.6722177813957222
HCP_20pct,additive,0,3,0.6362838033740601
HCP_20pct,additive,0,4,0.5878345982121411
HCP_20pct,multiplicative,0,0,0.6819602090899533
HCP_20pct,multiplicative,0,1,0.7146859592014703
HCP_20pct,multiplicative,0,2,0.6437854102381626
HCP_20pct,multiplicative,0,3,0.6124053150162702
HCP_20pct,multiplicative,0,4,0.5713964002987724
HCP_20pct,thermal_softening,0,0,0.771704552806216
HCP_20pct,thermal_softening,0,1,0.7517701713873701
HCP_20pct,thermal_softening,0,2,0.6826340623732063
HCP_20pct,thermal_softening,0,3,0.7119285650222127
HCP_20pct,thermal_softening,0,4,0.675558717822576
HCP_20pct,arrhenius,0,0,0.7768634832616778
HCP_20pct,arrhenius,0,1,0.7655954181759724
HCP_20pct,arrhenius,0,2,0.7651914195977
HCP_20pct,arrhenius,0,3,0.7175970853777809
HCP_20pct,arrhenius,0,4,0.7623691275662449
HCP_20pct,power_law,0,0,0.6621672137075827
HCP_20pct,power_law,0,1,0.7367895112606803
HCP_20pct,power_law,0,2,0.641215164542664
HCP_20pct,power_law,0,3,0.6496336338895605
HCP_20pct,power_law,0,4,0.5715423509178565
HCP_20pct,free_2stage,0,0,0.6455888199758704
HCP_20pct,free_2stage,0,1,0.8106330611330863
HCP_20pct,free_2stage,0,2,0.6729760132184712
HCP_20pct,free_2stage,0,3,0.6683508731955562
HCP_20pct,free_2stage,0,4,0.5860391372994781
HCP_20pct,free_1stage,0,0,0.7762945414486326
HCP_20pct,free_1stage,0,1,0.8046821731811378
HCP_20pct,free_1stage,0,2,0.7907213194199093
HCP_20pct,free_1stage,0,3,0.709512715310495
HCP_20pct,free_1stage,0,4,0.7006363139079026
HCP_20pct,entropy_weighted,0,0,0.7080089165209323
HCP_20pct,entropy_weighted,0,1,0.7736094701734298
HCP_20pct,entropy_weighted,0,2,0.5815488308381048
HCP_20pct,entropy_weighted,0,3,0.7008648980294434
HCP_20pct,entropy_weighted,0,4,0.6910205126275317
HCP_20pct,calphad,0,0,0.2771398817263495
HCP_20pct,calphad,0,1,0.5167827835917927
HCP_20pct,calphad,0,2,-0.13029799570616452
HCP_20pct,calphad,0,3,0.030500051785266935
HCP_20pct,calphad,0,4,0.38859332737466856
BCC_20pct,additive,0,0,0.815360361027124
BCC_20pct,additive,0,1,0.8467920390400951
BCC_20pct,additive,0,2,0.8259987612281942
BCC_20pct,additive,0,3,0.777737149698766
BCC_20pct,additive,0,4,0.8222292725859088
BCC_20pct,multiplicative,0,0,0.8998734193347789
BCC_20pct,multiplicative,0,1,0.8909074657513462
BCC_20pct,multiplicative,0,2,0.8839680434399273
BCC_20pct,multiplicative,0,3,0.8992315372896317
BCC_20pct,multiplicative,0,4,0.8744820734393497
BCC_20pct,thermal_softening,0,0,0.8843739365818706
BCC_20pct,thermal_softening,0,1,0.9052097818467073
BCC_20pct,thermal_softening,0,2,0.8806169233098068
BCC_20pct,thermal_softening,0,3,0.874474652946857
BCC_20pct,thermal_softening,0,4,0.8835557592991371
BCC_20pct,arrhenius,0,0,0.8917193674081259
BCC_20pct,arrhenius,0,1,0.8805655727806172
BCC_20pct,arrhenius,0,2,0.8825330338965616
BCC_20pct,arrhenius,0,3,0.9071126018641738
BCC_20pct,arrhenius,0,4,0.8934561007395435
BCC_20pct,power_law,0,0,0.903722742258361
BCC_20pct,power_law,0,1,0.8689221747102832
BCC_20pct,power_law,0,2,0.8506709785173936
BCC_20pct,power_law,0,3,0.8921586607820792
BCC_20pct,power_law,0,4,0.8849550474453146
BCC_20pct,free_2stage,0,0,0.8733340144895526
BCC_20pct,free_2stage,0,1,0.9109090672484219
BCC_20pct,free_2stage,0,2,0.8981508496006407
BCC_20pct,free_2stage,0,3,0.8806623441105579
BCC_20pct,free_2stage,0,4,0.8586491901980214
BCC_20pct,free_1stage,0,0,0.881343874790985
BCC_20pct,free_1stage,0,1,0.8971371873152625
BCC_20pct,free_1stage,0,2,0.8450477422857364
BCC_20pct,free_1stage,0,3,0.8431407056788736
BCC_20pct,free_1stage,0,4,0.7462640846755317
BCC_20pct,entropy_weighted,0,0,0.8862584436034064
BCC_20pct,entropy_weighted,0,1,0.8611118614452482
BCC_20pct,entropy_weighted,0,2,0.867474849427196
BCC_20pct,entropy_weighted,0,3,0.8870553883628532
BCC_20pct,entropy_weighted,0,4,0.869849890194585
BCC_20pct,calphad,0,0,-1.0218458668892985
BCC_20pct,calphad,0,1,-1.3923118388322115
BCC_20pct,calphad,0,2,-1.5580380586176923
BCC_20pct,calphad,0,3,-1.5107607955402962
BCC_20pct,calphad,0,4,-1.2119412137316043
Other_0pct,additive,0,0,0.9771206825252987
Other_0pct,additive,0,1,0.9731767869580141
Other_0pct,additive,0,2,0.9766441004666025
Other_0pct,additive,0,3,0.9737422411855993
Other_0pct,additive,0,4,0.9761856534746596
Other_0pct,multiplicative,0,0,0.9796050611624743
Other_0pct,multiplicative,0,1,0.9690590781840522
Other_0pct,multiplicative,0,2,0.9777763803095505
Other_0pct,multiplicative,0,3,0.9761232760950805
Other_0pct,multiplicative,0,4,0.9789055963822847
Other_0pct,thermal_softening,0,0,0.9938125993755763
Other_0pct,thermal_softening,0,1,0.9974104766735833
Other_0pct,thermal_softening,0,2,0.9968522328141062
Other_0pct,thermal_softening,0,3,0.9947436758456476
Other_0pct,thermal_softening,0,4,0.9943250516782479
Other_0pct,arrhenius,0,0,0.9969204871209489
Other_0pct,arrhenius,0,1,0.9952503998355481
Other_0pct,arrhenius,0,2,0.9970523140419413
Other_0pct,arrhenius,0,3,0.9948842894208499
Other_0pct,arrhenius,0,4,0.9992847039391455
Other_0pct,power_law,0,0,0.9796070939321836
Other_0pct,power_law,0,1,0.9683811886636111
Other_0pct,power_law,0,2,0.9781604519721218
Other_0pct,power_law,0,3,0.9714464019533171
Other_0pct,power_law,0,4,0.9724816766430363
Other_0pct,free_2stage,0,0,0.9824867311484901
Other_0pct,free_2stage,0,1,0.9820616874583796
Other_0pct,free_2stage,0,2,0.9877147927988525
Other_0pct,free_2stage,0,3,0.9807586984790418
Other_0pct,free_2stage,0,4,0.9887143912770117
Other_0pct,free_1stage,0,0,0.997742495268263
Other_0pct,free_1stage,0,1,0.99826097401526
Other_0pct,free_1stage,0,2,0.9977407730106568
Other_0pct,free_1stage,0,3,0.9987939007897569
Other_0pct,free_1stage,0,4,0.9979006757094078
Other_0pct,entropy_weighted,0,0,0.9814084929245587
Other_0pct,entropy_weighted,0,1,0.976628363646723
Other_0pct,entropy_weighted,0,2,0.9783778619019008
Other_0pct,entropy_weighted,0,3,0.9756233189398026
Other_0pct,entropy_weighted,0,4,0.9773605003494207
Other_0pct,calphad,0,0,0.141245198062655
Other_0pct,calphad,0,1,0.12087544816988371
Other_0pct,calphad,0,2,0.14175135242026515
Other_0pct,calphad,0,3,0.13369379921172964
Other_0pct,calphad,0,4,0.14452301795015887
Other_20pct,additive,0,0,0.982930210442991
Other_20pct,additive,0,1,0.9820314717654729
Other_20pct,additive,0,2,0.983893255469922
Other_20pct,additive,0,3,0.9816098676307083
Other_20pct,additive,0,4,0.9819591454190982
Other_20pct,multiplicative,0,0,0.9834738299988875
Other_20pct,multiplicative,0,1,0.9833446343422649
Other_20pct,multiplicative,0,2,0.9866348851589193
Other_20pct,multiplicative,0,3,0.9830402578674484
Other_20pct,multiplicative,0,4,0.9839677420759738
Other_20pct,thermal_softening,0,0,0.9960529805380739
Other_20pct,thermal_softening,0,1,0.9955649920643259
Other_20pct,thermal_softening,0,2,0.9951713874032614
Other_20pct,thermal_softening,0,3,0.9943004784496238
Other_20pct,thermal_softening,0,4,0.9967079402026012
Other_20pct,arrhenius,0,0,0.9955861361783899
Other_20pct,arrhenius,0,1,0.9977285137526062
Other_20pct,arrhenius,0,2,0.9972162728523515
Other_20pct,arrhenius,0,3,0.9966601945371036
Other_20pct,arrhenius,0,4,0.996731730406653
Other_20pct,power_law,0,0,0.9837865163157039
Other_20pct,power_law,0,1,0.9834674508044591
Other_20pct,power_law,0,2,0.9866417857517888
Other_20pct,power_law,0,3,0.9816009585464631
Other_20pct,power_law,0,4,0.9843163026036396
Other_20pct,free_2stage,0,0,0.9820745315574965
Other_20pct,free_2stage,0,1,0.9862134669952507
Other_20pct,free_2stage,0,2,0.9838939888065522
Other_20pct,free_2stage,0,3,0.9811583575568148
Other_20pct,free_2stage,0,4,0.9861233720420911
Other_20pct,free_1stage,0,0,0.9963011335063553
Other_20pct,free_1stage,0,1,0.9966772106798762
Other_20pct,free_1stage,0,2,0.9972347496260241
Other_20pct,free_1stage,0,3,0.9953730096923938
Other_20pct,free_1stage,0,4,0.9975573969626227
Other_20pct,entropy_weighted,0,0,0.9833973911337541
Other_20pct,entropy_weighted,0,1,0.9841015112439226
Other_20pct,entropy_weighted,0,2,0.9872635751072231
Other_20pct,entropy_weighted,0,3,0.9846882663345099
Other_20pct,entropy_weighted,0,4,0.9838906071026202
Other_20pct,calphad,0,0,0.2556457458467468
Other_20pct,calphad,0,1,0.20271952854877495
Other_20pct,calphad,0,2,0.1456127599686885
Other_20pct,calphad,0,3,0.26189195569794677
Other_20pct,calphad,0,4,0.24690424763336116
Youngs_modulus,additive,1,0,0.9698777398859616
Youngs_modulus,additive,1,1,0.9674578313544042
Youngs_modulus,additive,1,2,0.9735861556848223
Youngs_modulus,additive,1,3,0.9683207434035296
Youngs_modulus,additive,1,4,0.9678268491552823
Youngs_modulus,multiplicative,1,0,0.9748336070513001
Youngs_modulus,multiplicative,1,1,0.9699946521227774
Youngs_modulus,multiplicative,1,2,0.9768608064845535
Youngs_modulus,multiplicative,1,3,0.9739218016247049
Youngs_modulus,multiplicative,1,4,0.9725386850051588
Youngs_modulus,thermal_softening,1,0,0.9901490988282764
Youngs_modulus,thermal_softening,1,1,0.9846285801483448
Youngs_modulus,thermal_softening,1,2,0.9928118661776664
Youngs_modulus,thermal_softening,1,3,0.9897493379144667
Youngs_modulus,thermal_softening,1,4,0.9949657599721827
Youngs_modulus,arrhenius,1,0,0.9945705494771802
Youngs_modulus,arrhenius,1,1,0.9860451028784971
Youngs_modulus,arrhenius,1,2,0.9936042583251485
Youngs_modulus,arrhenius,1,3,0.9947045847815883
Youngs_modulus,arrhenius,1,4,0.9910286951392608
Youngs_modulus,power_law,1,0,0.974168202163091
Youngs_modulus,power_law,1,1,0.9693116791857854
Youngs_modulus,power_law,1,2,0.9782836826047283
Youngs_modulus,power_law,1,3,0.9742000306440357
Youngs_modulus,power_law,1,4,0.9699937152192738
Youngs_modulus,free_2stage,1,0,0.9737936620147647
Youngs_modulus,free_2stage,1,1,0.9701642905127257
Youngs_modulus,free_2stage,1,2,0.9781210980145402
Youngs_modulus,free_2stage,1,3,0.9746691098314115
Youngs_modulus,free_2stage,1,4,0.9722827643833505
Youngs_modulus,free_1stage,1,0,0.978271765229845
Youngs_modulus,free_1stage,1,1,0.9832281468618316
Youngs_modulus,free_1stage,1,2,0.9854087134349417
Youngs_modulus,free_1stage,1,3,0.9852396125214262
Youngs_modulus,free_1stage,1,4,0.9858921759604266
Youngs_modulus,entropy_weighted,1,0,0.975049286899483
Youngs_modulus,entropy_weighted,1,1,0.9640124045097795
Youngs_modulus,entropy_weighted,1,2,0.9829053888644383
Youngs_modulus,entropy_weighted,1,3,0.9792145438183961
Youngs_modulus,entropy_weighted,1,4,0.9760933273865985
Youngs_modulus,calphad,1,0,-1.19641393713633
Youngs_modulus,calphad,1,1,-1.1215821467591174
Youngs_modulus,calphad,1,2,-0.9597112023514172
Youngs_modulus,calphad,1,3,-1.1491630823142525
Youngs_modulus,calphad,1,4,-1.146314058949447
UTS,additive,1,0,0.9903376499229009
UTS,additive,1,1,0.9896711482526516
UTS,additive,1,2,0.9914963352006056
UTS,additive,1,3,0.9904989953874397
UTS,additive,1,4,0.9927094575174388
UTS,multiplicative,1,0,0.990174774401867
UTS,multiplicative,1,1,0.9876619392833508
UTS,multiplicative,1,2,0.9925501867301182
UTS,multiplicative,1,3,0.9901964048408602
UTS,multiplicative,1,4,0.9910653798828362
UTS,thermal_softening,1,0,0.9931589714933442
UTS,thermal_softening,1,1,0.9898677291034335
UTS,thermal_softening,1,2,0.9927472322151291
UTS,thermal_softening,1,3,0.9949388186569641
UTS,thermal_softening,1,4,0.9916360591865617
UTS,arrhenius,1,0,0.9948786485336033
UTS,arrhenius,1,1,0.9909949495948569
UTS,arrhenius,1,2,0.9932605852277814
UTS,arrhenius,1,3,0.994932716256696
UTS,arrhenius,1,4,0.9950243139855605
UTS,power_law,1,0,0.9893090858465489
UTS,power_law,1,1,0.9876631735875929
UTS,power_law,1,2,0.9927617991260838
UTS,power_law,1,3,0.9916994101345072
UTS,power_law,1,4,0.9923815268044077
UTS,free_2stage,1,0,0.9903374893208374
UTS,free_2stage,1,1,0.989671435279443
UTS,free_2stage,1,2,0.9915499640180928
UTS,free_2stage,1,3,0.9923768088475703
UTS,free_2stage,1,4,0.9932515703405637
UTS,free_1stage,1,0,0.9926797980823957
UTS,free_1stage,1,1,0.9915545206038195
UTS,free_1stage,1,2,0.9923773583594611
UTS,free_1stage,1,3,0.9932691077636303
UTS,free_1stage,1,4,0.9933017852396456
UTS,entropy_weighted,1,0,0.9896247555867773
UTS,entropy_weighted,1,1,0.986720516687365
UTS,entropy_weighted,1,2,0.9927639666392506
UTS,entropy_weighted,1,3,0.9920203538357238
UTS,entropy_weighted,1,4,0.9906373445044467
UTS,calphad,1,0,-3.504708824536502
UTS,calphad,1,1,-3.640173293257967
UTS,calphad,1,2,-3.6119399265853733
UTS,calphad,1,3,-3.5454045938767758
UTS,calphad,1,4,-3.619805626336486
Disloc_0pct,additive,1,0,0.9736790502313205
Disloc_0pct,additive,1,1,0.9667746035715451
Disloc_0pct,additive,1,2,0.9677186316133591
Disloc_0pct,additive,1,3,0.978467987295979
Disloc_0pct,additive,1,4,0.9646164212803023
Disloc_0pct,multiplicative,1,0,0.9714827869315056
Disloc_0pct,multiplicative,1,1,0.9636061337545521
Disloc_0pct,multiplicative,1,2,0.9734642649538161
Disloc_0pct,multiplicative,1,3,0.9753428008655146
Disloc_0pct,multiplicative,1,4,0.962886397212474
Disloc_0pct,thermal_softening,1,0,0.9745054021285321
Disloc_0pct,thermal_softening,1,1,0.9749531176089802
Disloc_0pct,thermal_softening,1,2,0.973463955228164
Disloc_0pct,thermal_softening,1,3,0.9795673864106662
Disloc_0pct,thermal_softening,1,4,0.9712652009622279
Disloc_0pct,arrhenius,1,0,0.9772786069780702
Disloc_0pct,arrhenius,1,1,0.9765329353467275
Disloc_0pct,arrhenius,1,2,0.9759775484717726
Disloc_0pct,arrhenius,1,3,0.9820812475502452
Disloc_0pct,arrhenius,1,4,0.9698927999879634
Disloc_0pct,power_law,1,0,0.9715612843331421
Disloc_0pct,power_law,1,1,0.9749522397262007
Disloc_0pct,power_law,1,2,0.9642979348774088
Disloc_0pct,power_law,1,3,0.9795645782793204
Disloc_0pct,power_law,1,4,0.9628796687954644
Disloc_0pct,free_2stage,1,0,0.9736746796202009
Disloc_0pct,free_2stage,1,1,0.9667733951564419
Disloc_0pct,free_2stage,1,2,0.967848277792574
Disloc_0pct,free_2stage,1,3,0.9784700221368074
Disloc_0pct,free_2stage,1,4,0.9661638657229645
Disloc_0pct,free_1stage,1,0,0.9796837846162241
Disloc_0pct,free_1stage,1,1,0.9777809962760702
Disloc_0pct,free_1stage,1,2,0.976468931849428
Disloc_0pct,free_1stage,1,3,0.9819686650558608
Disloc_0pct,free_1stage,1,4,0.9736730514002775
Disloc_0pct,entropy_weighted,1,0,0.9715847202609029
Disloc_0pct,entropy_weighted,1,1,0.9750752419042756
Disloc_0pct,entropy_weighted,1,2,0.9642411506303142
Disloc_0pct,entropy_weighted,1,3,0.9752934928474922
Disloc_0pct,entropy_weighted,1,4,0.9628891611523535
Disloc_0pct,calphad,1,0,-0.34140947299605373
Disloc_0pct,calphad,1,1,-0.506958532140311
Disloc_0pct,calphad,1,2,-0.44867725517167134
Disloc_0pct,calphad,1,3,-0.4893052165016478
Disloc_0pct,calphad,1,4,-0.45142495771396485
Disloc_20pct,additive,1,0,0.8755943914072141
Disloc_20pct,additive,1,1,0.8674441853818645
Disloc_20pct,additive,1,2,0.8780544055658329
Disloc_20pct,additive,1,3,0.9189159798096624
Disloc_20pct,additive,1,4,0.9011302862860242
Disloc_20pct,multiplicative,1,0,0.8691169717232015
Disloc_20pct,multiplicative,1,1,0.8578773719096222
Disloc_20pct,multiplicative,1,2,0.8548373893658208
Disloc_20pct,multiplicative,1,3,0.919900350741784
Disloc_20pct,multiplicative,1,4,0.872222649463847
Disloc_20pct,thermal_softening,1,0,0.9148765971151744
Disloc_20pct,thermal_softening,1,1,0.8577958340178002
Disloc_20pct,thermal_softening,1,2,0.8656543376242147
Disloc_20pct,thermal_softening,1,3,0.8906379297624136
Disloc_20pct,thermal_softening,1,4,0.8702592691084271
Disloc_20pct,arrhenius,1,0,0.897065124732548
Disloc_20pct,arrhenius,1,1,0.8755610061457668
Disloc_20pct,arrhenius,1,2,0.9055891010558099
Disloc_20pct,arrhenius,1,3,0.9194732286659049
Disloc_20pct,arrhenius,1,4,0.8907227333691128
Disloc_20pct,power_law,1,0,0.8457746359153887
Disloc_20pct,power_law,1,1,0.8583262144164318
Disloc_20pct,power_law,1,2,0.8547358094897402
Disloc_20pct,power_law,1,3,0.8977572250854777
Disloc_20pct,power_law,1,4,0.8925894805381231
Disloc_20pct,free_2stage,1,0,0.9024129881478707
Disloc_20pct,free_2stage,1,1,0.8674412203925893
Disloc_20pct,free_2stage,1,2,0.878055023251611
Disloc_20pct,free_2stage,1,3,0.9328771284779437
Disloc_20pct,free_2stage,1,4,0.8791875071614118
Disloc_20pct,free_1stage,1,0,0.8828653858785653
Disloc_20pct,free_1stage,1,1,0.8634124023335962
Disloc_20pct,free_1stage,1,2,0.9039385766425433
Disloc_20pct,free_1stage,1,3,0.9279884674136973
Disloc_20pct,free_1stage,1,4,0.8763441137489307
Disloc_20pct,entropy_weighted,1,0,0.8951255186056105
Disloc_20pct,entropy_weighted,1,1,0.8587029882508597
Disloc_20pct,entropy_weighted,1,2,0.8649662255416807
Disloc_20pct,entropy_weighted,1,3,0.9194731020359463
Disloc_20pct,entropy_weighted,1,4,0.8722025630998452
Disloc_20pct,calphad,1,0,-0.4211157550253304
Disloc_20pct,calphad,1,1,-0.2595354195366666
Disloc_20pct,calphad,1,2,-0.48165416871022315
Disloc_20pct,calphad,1,3,-0.3982891734712257
Disloc_20pct,calphad,1,4,-0.35344181935626184
FCC_0pct,additive,1,0,0.9798077478994874
FCC_0pct,additive,1,1,0.9757892290216871
FCC_0pct,additive,1,2,0.9776484201008987
FCC_0pct,additive,1,3,0.9758707891601107
FCC_0pct,additive,1,4,0.9774133197734649
FCC_0pct,multiplicative,1,0,0.9769944078378594
FCC_0pct,multiplicative,1,1,0.9674257002378527
FCC_0pct,multiplicative,1,2,0.9780484557507773
FCC_0pct,multiplicative,1,3,0.9753451304216573
FCC_0pct,multiplicative,1,4,0.9773788918552607
FCC_0pct,thermal_softening,1,0,0.9970761029116866
FCC_0pct,thermal_softening,1,1,0.9949851663761766
FCC_0pct,thermal_softening,1,2,0.992067897324068
FCC_0pct,thermal_softening,1,3,0.9979015486303732
FCC_0pct,thermal_softening,1,4,0.9934000505375518
FCC_0pct,arrhenius,1,0,0.996693379768377
FCC_0pct,arrhenius,1,1,0.9969767068791027
FCC_0pct,arrhenius,1,2,0.997683185957267
FCC_0pct,arrhenius,1,3,0.998872892728594
FCC_0pct,arrhenius,1,4,0.9970378694062945
FCC_0pct,power_law,1,0,0.9797224604477551
FCC_0pct,power_law,1,1,0.9771496789235365
FCC_0pct,power_law,1,2,0.9779756297473842
FCC_0pct,power_law,1,3,0.9671682051299411
FCC_0pct,power_law,1,4,0.9781727760982553
FCC_0pct,free_2stage,1,0,0.9798366965215505
FCC_0pct,free_2stage,1,1,0.9764298671837466
FCC_0pct,free_2stage,1,2,0.9784928905316848
FCC_0pct,free_2stage,1,3,0.9758671155845634
FCC_0pct,free_2stage,1,4,0.9779284271260803
FCC_0pct,free_1stage,1,0,0.9983764931904077
FCC_0pct,free_1stage,1,1,0.9981557017215784
FCC_0pct,free_1stage,1,2,0.9984430918119981
FCC_0pct,free_1stage,1,3,0.996194245958943
FCC_0pct,free_1stage,1,4,0.9972501244089771
FCC_0pct,entropy_weighted,1,0,0.9795250560398042
FCC_0pct,entropy_weighted,1,1,0.9756342769310594
FCC_0pct,entropy_weighted,1,2,0.9779953814094603
FCC_0pct,entropy_weighted,1,3,0.9752714308849918
FCC_0pct,entropy_weighted,1,4,0.9773944712828763
FCC_0pct,calphad,1,0,0.10747197990311574
FCC_0pct,calphad,1,1,0.09984857700919925
FCC_0pct,calphad,1,2,0.09969613017449586
FCC_0pct,calphad,1,3,0.11173727347181461
FCC_0pct,calphad,1,4,0.11175616738528626
HCP_0pct,additive,1,0,0.5317926489020666
HCP_0pct,additive,1,1,0.5590323122468455
HCP_0pct,additive,1,2,0.6336817170991078
HCP_0pct,additive,1,3,0.593538709688548
HCP_0pct,additive,1,4,0.5953748008631269
HCP_0pct,multiplicative,1,0,0.5428912773333321
HCP_0pct,multiplicative,1,1,0.5721692704314192
HCP_0pct,multiplicative,1,2,0.641764696881769
HCP_0pct,multiplicative,1,3,0.6025360020923025
HCP_0pct,multiplicative,1,4,0.6096367959914714
HCP_0pct,thermal_softening,1,0,0.7260266752306227
HCP_0pct,thermal_softening,1,1,0.5721694319046289
HCP_0pct,thermal_softening,1,2,0.7416211874614093
HCP_0pct,thermal_softening,1,3,0.7055147866140243
HCP_0pct,thermal_softening,1,4,0.7031767598956125
HCP_0pct,arrhenius,1,0,0.6920487280364765
HCP_0pct,arrhenius,1,1,0.5923232582809553
HCP_0pct,arrhenius,1,2,0.7395072562800276
HCP_0pct,arrhenius,1,3,0.710864528183418
HCP_0pct,arrhenius,1,4,0.7150306919870595
HCP_0pct,power_law,1,0,0.5428912337427843
HCP_0pct,power_law,1,1,0.5721695266297984
HCP_0pct,power_law,1,2,0.6417639680944995
HCP_0pct,power_law,1,3,0.6025308215566922
HCP_0pct,power_law,1,4,0.6096367686323565
HCP_0pct,free_2stage,1,0,0.5367244382942896
HCP_0pct,free_2stage,1,1,0.570139725306935
HCP_0pct,free_2stage,1,2,0.643885835509673
HCP_0pct,free_2stage,1,3,0.617453953530573
HCP_0pct,free_2stage,1,4,0.608819839529853
HCP_0pct,free_1stage,1,0,0.6856649934717519
HCP_0pct,free_1stage,1,1,0.5780198561332117
HCP_0pct,free_1stage,1,2,0.7343802115651592
HCP_0pct,free_1stage,1,3,0.7758188886291003
HCP_0pct,free_1stage,1,4,0.7116114379352965
HCP_0pct,entropy_weighted,1,0,0.5560403360910169
HCP_0pct,entropy_weighted,1,1,0.6401243289576513
HCP_0pct,entropy_weighted,1,2,0.6647411889557395
HCP_0pct,entropy_weighted,1,3,0.6303066035843843
HCP_0pct,entropy_weighted,1,4,0.6244498550734883
HCP_0pct,calphad,1,0,-4.655631627970892
HCP_0pct,calphad,1,1,-4.138095604213831
HCP_0pct,calphad,1,2,-4.1143169558601675
HCP_0pct,calphad,1,3,-4.407770056518033
HCP_0pct,calphad,1,4,-4.836114054861789
BCC_0pct,additive,1,0,0.47185805036444695
BCC_0pct,additive,1,1,0.34077947740160364
BCC_0pct,additive,1,2,0.22024437629175386
BCC_0pct,additive,1,3,0.2866399135920441
BCC_0pct,additive,1,4,0.4126687324540791
BCC_0pct,multiplicative,1,0,0.321700476910611
BCC_0pct,multiplicative,1,1,0.10747224245258635
BCC_0pct,multiplicative,1,2,-0.17293562727321565
BCC_0pct,multiplicative,1,3,0.06761765271638664
BCC_0pct,multiplicative,1,4,0.1479784048054409
BCC_0pct,thermal_softening,1,0,0.23928638344212838
BCC_0pct,thermal_softening,1,1,0.06081334907226943
BCC_0pct,thermal_softening,1,2,0.2957089461277784
BCC_0pct,thermal_softening,1,3,0.3261510557824411
BCC_0pct,thermal_softening,1,4,0.43558487647899
BCC_0pct,arrhenius,1,0,0.3865243168024588
BCC_0pct,arrhenius,1,1,0.48446324874717395
BCC_0pct,arrhenius,1,2,0.21293505974438331
BCC_0pct,arrhenius,1,3,0.3727122225354701
BCC_0pct,arrhenius,1,4,0.4043795026627781
BCC_0pct,power_law,1,0,0.3059441336878639
BCC_0pct,power_law,1,1,-0.6346418281611064
BCC_0pct,power_law,1,2,-0.4614437524582691
BCC_0pct,power_law,1,3,0.119667475268036
BCC_0pct,power_law,1,4,0.1930374106928585
BCC_0pct,free_2stage,1,0,0.5259420771992891
BCC_0pct,free_2stage,1,1,0.49879735601909025
BCC_0pct,free_2stage,1,2,0.5189610156409067
BCC_0pct,free_2stage,1,3,0.6574916900837344
BCC_0pct,free_2stage,1,4,0.5626897602576202
BCC_0pct,free_1stage,1,0,0.43109666925938805
BCC_0pct,free_1stage,1,1,0.4353268061328036
BCC_0pct,free_1stage,1,2,0.45170433853803493
BCC_0pct,free_1stage,1,3,0.3597151662018625
BCC_0pct,free_1stage,1,4,0.527945935025472
BCC_0pct,entropy_weighted,1,0,0.34113705019951057
BCC_0pct,entropy_weighted,1,1,0.3740166991705659
BCC_0pct,entropy_weighted,1,2,0.001480167905494656
BCC_0pct,entropy_weighted,1,3,0.23875764699495627
BCC_0pct,entropy_weighted,1,4,0.233321990144168
BCC_0pct,calphad,1,0,-3.940534002026271
BCC_0pct,calphad,1,1,-2.92823534620516
BCC_0pct,calphad,1,2,-3.9704928133372492
BCC_0pct,calphad,1,3,-3.4853163899464423
BCC_0pct,calphad,1,4,-3.5607429767621266
FCC_20pct,additive,1,0,0.9138591035348752
FCC_20pct,additive,1,1,0.9446237464111664
FCC_20pct,additive,1,2,0.9413827578338407
FCC_20pct,additive,1,3,0.9298779755301065
FCC_20pct,additive,1,4,0.9401837492782706
FCC_20pct,multiplicative,1,0,0.888792012225679
FCC_20pct,multiplicative,1,1,0.92232578862358
FCC_20pct,multiplicative,1,2,0.9395455770103568
FCC_20pct,multiplicative,1,3,0.9251629297606047
FCC_20pct,multiplicative,1,4,0.9141542003066825
FCC_20pct,thermal_softening,1,0,0.9432793295729205
FCC_20pct,thermal_softening,1,1,0.9437991580838501
FCC_20pct,thermal_softening,1,2,0.9528369512486922
FCC_20pct,thermal_softening,1,3,0.9439649377300998
FCC_20pct,thermal_softening,1,4,0.9411570564311641
FCC_20pct,arrhenius,1,0,0.9472541935263862
FCC_20pct,arrhenius,1,1,0.9473223814195226
FCC_20pct,arrhenius,1,2,0.9549724137588226
FCC_20pct,arrhenius,1,3,0.9450933418603268
FCC_20pct,arrhenius,1,4,0.9607368459389708
FCC_20pct,power_law,1,0,0.9057591778137081
FCC_20pct,power_law,1,1,0.8753654495943712
FCC_20pct,power_law,1,2,0.9416864899698973
FCC_20pct,power_law,1,3,0.8949702217859309
FCC_20pct,power_law,1,4,0.9351084273314372
FCC_20pct,free_2stage,1,0,0.9231119027645472
FCC_20pct,free_2stage,1,1,0.9446498663243861
FCC_20pct,free_2stage,1,2,0.9456109386322002
FCC_20pct,free_2stage,1,3,0.9287123145568161
FCC_20pct,free_2stage,1,4,0.9187965953380762
FCC_20pct,free_1stage,1,0,0.9448719525290828
FCC_20pct,free_1stage,1,1,0.9562829432041603
FCC_20pct,free_1stage,1,2,0.9475020108072533
FCC_20pct,free_1stage,1,3,0.949329864648364
FCC_20pct,free_1stage,1,4,0.954092937800922
FCC_20pct,entropy_weighted,1,0,0.9075662081283224
FCC_20pct,entropy_weighted,1,1,0.9171666178841561
FCC_20pct,entropy_weighted,1,2,0.942127199432055
FCC_20pct,entropy_weighted,1,3,0.9274183833437164
FCC_20pct,entropy_weighted,1,4,0.9349549638306383
FCC_20pct,calphad,1,0,0.26475450739356143
FCC_20pct,calphad,1,1,0.27137888000339516
FCC_20pct,calphad,1,2,0.40184220469541143
FCC_20pct,calphad,1,3,0.010232862962765377
FCC_20pct,calphad,1,4,0.31355587914920846
HCP_20pct,additive,1,0,0.7086796747094812
HCP_20pct,additive,1,1,0.7588456218469759
HCP_20pct,additive,1,2,0.672965420558753
HCP_20pct,additive,1,3,0.6361593866185784
HCP_20pct,additive,1,4,0.5860378034197367
HCP_20pct,multiplicative,1,0,0.6820452667283076
HCP_20pct,multiplicative,1,1,0.7529835452151434
HCP_20pct,multiplicative,1,2,0.6163181843373658
HCP_20pct,multiplicative,1,3,0.6277252767720709
HCP_20pct,multiplicative,1,4,0.5611466207969393
HCP_20pct,thermal_softening,1,0,0.6982397761021842
HCP_20pct,thermal_softening,1,1,0.7797914783717628
HCP_20pct,thermal_softening,1,2,0.8064566590013482
HCP_20pct,thermal_softening,1,3,0.7135461264483158
HCP_20pct,thermal_softening,1,4,0.7748110187226497
HCP_20pct,arrhenius,1,0,0.7543219244387388
HCP_20pct,arrhenius,1,1,0.7655949846109178
HCP_20pct,arrhenius,1,2,0.7651887960738049
HCP_20pct,arrhenius,1,3,0.6955818225850547
HCP_20pct,arrhenius,1,4,0.8027241865508674
HCP_20pct,power_law,1,0,0.6610644588074492
HCP_20pct,power_law,1,1,0.7190549640705053
HCP_20pct,power_law,1,2,0.6261617187150972
HCP_20pct,power_law,1,3,0.6396336682831434
HCP_20pct,power_law,1,4,0.587030361836988
HCP_20pct,free_2stage,1,0,0.7640112689367218
HCP_20pct,free_2stage,1,1,0.7484270975234486
HCP_20pct,free_2stage,1,2,0.755760401165885
HCP_20pct,free_2stage,1,3,0.6567533262859699
HCP_20pct,free_2stage,1,4,0.5860372517835151
HCP_20pct,free_1stage,1,0,0.8094897655244078
HCP_20pct,free_1stage,1,1,0.7887282986307564
HCP_20pct,free_1stage,1,2,0.748487860451635
HCP_20pct,free_1stage,1,3,0.7075205192070012
HCP_20pct,free_1stage,1,4,0.6838890118483398
HCP_20pct,entropy_weighted,1,0,0.6808531036607322
HCP_20pct,entropy_weighted,1,1,0.7529104424304238
HCP_20pct,entropy_weighted,1,2,0.7409259193383909
HCP_20pct,entropy_weighted,1,3,0.6153295981014056
HCP_20pct,entropy_weighted,1,4,0.6632595281162912
HCP_20pct,calphad,1,0,0.27968381658288854
HCP_20pct,calphad,1,1,0.33931783362522716
HCP_20pct,calphad,1,2,-0.13680483520720688
HCP_20pct,calphad,1,3,0.3500398146403215
HCP_20pct,calphad,1,4,0.4763310252233197
BCC_20pct,additive,1,0,0.7946185270153788
BCC_20pct,additive,1,1,0.7777977976359921
BCC_20pct,additive,1,2,0.8257841577141228
BCC_20pct,additive,1,3,0.7877458958964997
BCC_20pct,additive,1,4,0.8472009295934694
BCC_20pct,multiplicative,1,0,0.8999028811392614
BCC_20pct,multiplicative,1,1,0.8626496141962026
BCC_20pct,multiplicative,1,2,0.8867466202496249
BCC_20pct,multiplicative,1,3,0.8507277832274274
BCC_20pct,multiplicative,1,4,0.8629969808942584
BCC_20pct,thermal_softening,1,0,0.8463012460124785
BCC_20pct,thermal_softening,1,1,0.9049527787119793
BCC_20pct,thermal_softening,1,2,0.8816486123350865
BCC_20pct,thermal_softening,1,3,0.8628136688118337
BCC_20pct,thermal_softening,1,4,0.8733179156500506
BCC_20pct,arrhenius,1,0,0.8949993228739073
BCC_20pct,arrhenius,1,1,0.8770115436197657
BCC_20pct,arrhenius,1,2,0.8927502046846726
BCC_20pct,arrhenius,1,3,0.9125801121296658
BCC_20pct,arrhenius,1,4,0.8609487974505772
BCC_20pct,power_law,1,0,0.8665169620037163
BCC_20pct,power_law,1,1,0.9049267458952783
BCC_20pct,power_law,1,2,0.8538944568530876
BCC_20pct,power_law,1,3,0.901524721758513
BCC_20pct,power_law,1,4,0.8699960608400337
BCC_20pct,free_2stage,1,0,0.8787370549794346
BCC_20pct,free_2stage,1,1,0.9121598930351593
BCC_20pct,free_2stage,1,2,0.8767373181665344
BCC_20pct,free_2stage,1,3,0.9094604779306884
BCC_20pct,free_2stage,1,4,0.8783248821907775
BCC_20pct,free_1stage,1,0,0.8711128327179393
BCC_20pct,free_1stage,1,1,0.9061413928348904
BCC_20pct,free_1stage,1,2,0.8059319315385857
BCC_20pct,free_1stage,1,3,0.8984670342763004
BCC_20pct,free_1stage,1,4,0.8599497920793874
BCC_20pct,entropy_weighted,1,0,0.861864179570781
BCC_20pct,entropy_weighted,1,1,0.8657271062275907
BCC_20pct,entropy_weighted,1,2,0.879678167840413
BCC_20pct,entropy_weighted,1,3,0.8690520842678482
BCC_20pct,entropy_weighted,1,4,0.8645682338871917
BCC_20pct,calphad,1,0,-0.90799358974588
BCC_20pct,calphad,1,1,-1.004535050302446
BCC_20pct,calphad,1,2,-1.5660247456350542
BCC_20pct,calphad,1,3,-1.4371112164493223
BCC_20pct,calphad,1,4,-1.4257131629696684
Other_0pct,additive,1,0,0.9776772492962653
Other_0pct,additive,1,1,0.9746211144544829
Other_0pct,additive,1,2,0.9759384385149148
Other_0pct,additive,1,3,0.9736879010546858
Other_0pct,additive,1,4,0.9765592783623483
Other_0pct,multiplicative,1,0,0.9779111569765508
Other_0pct,multiplicative,1,1,0.9740367490935904
Other_0pct,multiplicative,1,2,0.9773198709210058
Other_0pct,multiplicative,1,3,0.9760934816918282
Other_0pct,multiplicative,1,4,0.9774746039033502
Other_0pct,thermal_softening,1,0,0.99768403594449
Other_0pct,thermal_softening,1,1,0.9901894079648278
Other_0pct,thermal_softening,1,2,0.9958880596721563
Other_0pct,thermal_softening,1,3,0.9940102147129628
Other_0pct,thermal_softening,1,4,0.995173726688868
Other_0pct,arrhenius,1,0,0.9925553656121209
Other_0pct,arrhenius,1,1,0.9990370128438238
Other_0pct,arrhenius,1,2,0.9972541168925115
Other_0pct,arrhenius,1,3,0.9952595218661217
Other_0pct,arrhenius,1,4,0.993100815246794
Other_0pct,power_law,1,0,0.9791795451513923
Other_0pct,power_law,1,1,0.9761551317399495
Other_0pct,power_law,1,2,0.9729243155340057
Other_0pct,power_law,1,3,0.9760316939695854
Other_0pct,power_law,1,4,0.9772882213530761
Other_0pct,free_2stage,1,0,0.9880936560253941
Other_0pct,free_2stage,1,1,0.9727727428986643
Other_0pct,free_2stage,1,2,0.992626976114112
Other_0pct,free_2stage,1,3,0.9831586684570905
Other_0pct,free_2stage,1,4,0.9821951401233373
Other_0pct,free_1stage,1,0,0.9994924895114373
Other_0pct,free_1stage,1,1,0.9990936055774405
Other_0pct,free_1stage,1,2,0.9988592005811461
Other_0pct,free_1stage,1,3,0.9971626656866994
Other_0pct,free_1stage,1,4,0.9986981716900337
Other_0pct,entropy_weighted,1,0,0.9791035984919951
Other_0pct,entropy_weighted,1,1,0.9769348739241311
Other_0pct,entropy_weighted,1,2,0.9783878417957349
Other_0pct,entropy_weighted,1,3,0.9736229595071504
Other_0pct,entropy_weighted,1,4,0.9782024221980568
Other_0pct,calphad,1,0,0.13908126321126835
Other_0pct,calphad,1,1,0.14029600043215595
Other_0pct,calphad,1,2,0.13554663915085519
Other_0pct,calphad,1,3,0.13648367605398792
Other_0pct,calphad,1,4,0.1330292562545936
Other_20pct,additive,1,0,0.9820751045604421
Other_20pct,additive,1,1,0.980730093329707
Other_20pct,additive,1,2,0.9844960289207112
Other_20pct,additive,1,3,0.9801221734352831
Other_20pct,additive,1,4,0.9836687222241702
Other_20pct,multiplicative,1,0,0.983540772417056
Other_20pct,multiplicative,1,1,0.9823629421799829
Other_20pct,multiplicative,1,2,0.9872262285790768
Other_20pct,multiplicative,1,3,0.9828253612386367
Other_20pct,multiplicative,1,4,0.9856139956944097
Other_20pct,thermal_softening,1,0,0.9932534005924296
Other_20pct,thermal_softening,1,1,0.994038544743638
Other_20pct,thermal_softening,1,2,0.9972688801667112
Other_20pct,thermal_softening,1,3,0.9978419809279234
Other_20pct,thermal_softening,1,4,0.9948604114574903
Other_20pct,arrhenius,1,0,0.9932845039652629
Other_20pct,arrhenius,1,1,0.9948330179420202
Other_20pct,arrhenius,1,2,0.9939389157899811
Other_20pct,arrhenius,1,3,0.9942180274361095
Other_20pct,arrhenius,1,4,0.997618080077823
Other_20pct,power_law,1,0,0.9844864129486641
Other_20pct,power_law,1,1,0.9828353072603939
Other_20pct,power_law,1,2,0.9858008668722987
Other_20pct,power_law,1,3,0.9827348300359859
Other_20pct,power_law,1,4,0.9839687898835832
Other_20pct,free_2stage,1,0,0.9862311807752293
Other_20pct,free_2stage,1,1,0.9816917231196064
Other_20pct,free_2stage,1,2,0.9838933195221781
Other_20pct,free_2stage,1,3,0.9808435544964433
Other_20pct,free_2stage,1,4,0.9823813810398464
Other_20pct,free_1stage,1,0,0.996417991258054
Other_20pct,free_1stage,1,1,0.997529906373223
Other_20pct,free_1stage,1,2,0.9970523746547426
Other_20pct,free_1stage,1,3,0.9962459890080323
Other_20pct,free_1stage,1,4,0.9970850991646041
Other_20pct,entropy_weighted,1,0,0.9837285349036515
Other_20pct,entropy_weighted,1,1,0.9840947070863764
Other_20pct,entropy_weighted,1,2,0.9858392985555959
Other_20pct,entropy_weighted,1,3,0.9826386949662838
Other_20pct,entropy_weighted,1,4,0.983890754671767
Other_20pct,calphad,1,0,0.258713146635289
Other_20pct,calphad,1,1,0.20277399183223832
Other_20pct,calphad,1,2,0.1456115558133253
Other_20pct,calphad,1,3,0.25641105135039266
Other_20pct,calphad,1,4,0.2640514006723301
Youngs_modulus,additive,2,0,0.968777758701404
Youngs_modulus,additive,2,1,0.9665506758771066
Youngs_modulus,additive,2,2,0.9720146998828901
Youngs_modulus,additive,2,3,0.9686503335426195
Youngs_modulus,additive,2,4,0.9678436482990829
Youngs_modulus,multiplicative,2,0,0.9732128359984793
Youngs_modulus,multiplicative,2,1,0.9683848141364069
Youngs_modulus,multiplicative,2,2,0.9787463766252382
Youngs_modulus,multiplicative,2,3,0.9736266319587285
Youngs_modulus,multiplicative,2,4,0.9723456615035131
Youngs_modulus,thermal_softening,2,0,0.9897314273780174
Youngs_modulus,thermal_softening,2,1,0.9853951190393077
Youngs_modulus,thermal_softening,2,2,0.9946284501905137
Youngs_modulus,thermal_softening,2,3,0.9914356324440516
Youngs_modulus,thermal_softening,2,4,0.9909563023839656
Youngs_modulus,arrhenius,2,0,0.994379850555456
Youngs_modulus,arrhenius,2,1,0.98709713417691
Youngs_modulus,arrhenius,2,2,0.9927478615988358
Youngs_modulus,arrhenius,2,3,0.9937651436879649
Youngs_modulus,arrhenius,2,4,0.9910478632259047
Youngs_modulus,power_law,2,0,0.9726520343770954
Youngs_modulus,power_law,2,1,0.9692215654478451
Youngs_modulus,power_law,2,2,0.9766136520833508
Youngs_modulus,power_law,2,3,0.9728755709774355
Youngs_modulus,power_law,2,4,0.969994674616229
Youngs_modulus,free_2stage,2,0,0.9737541067988025
Youngs_modulus,free_2stage,2,1,0.9696970308754338
Youngs_modulus,free_2stage,2,2,0.9784214043071496
Youngs_modulus,free_2stage,2,3,0.9747256816433428
Youngs_modulus,free_2stage,2,4,0.9700286462946451
Youngs_modulus,free_1stage,2,0,0.9861643339128094
Youngs_modulus,free_1stage,2,1,0.981595393973894
Youngs_modulus,free_1stage,2,2,0.9815929922194433
Youngs_modulus,free_1stage,2,3,0.9826108196703445
Youngs_modulus,free_1stage,2,4,0.9829310427028897
Youngs_modulus,entropy_weighted,2,0,0.9770078784872451
Youngs_modulus,entropy_weighted,2,1,0.9770089101611131
Youngs_modulus,entropy_weighted,2,2,0.9825399088624197
Youngs_modulus,entropy_weighted,2,3,0.9799705532891887
Youngs_modulus,entropy_weighted,2,4,0.9769206163291315
Youngs_modulus,calphad,2,0,-1.1813840641936824
Youngs_modulus,calphad,2,1,-1.1355155941304202
Youngs_modulus,calphad,2,2,-1.0620012916163786
Youngs_modulus,calphad,2,3,-1.0814247132080337
Youngs_modulus,calphad,2,4,-1.1735528999607001
UTS,additive,2,0,0.9901722973288641
UTS,additive,2,1,0.9896712678141854
UTS,additive,2,2,0.9914963368572043
UTS,additive,2,3,0.992387826934811
UTS,additive,2,4,0.9922575034436438
UTS,multiplicative,2,0,0.9893091148285457
UTS,multiplicative,2,1,0.9876633254900284
UTS,multiplicative,2,2,0.9933522603681711
UTS,multiplicative,2,3,0.9901963350442804
UTS,multiplicative,2,4,0.9910658558648843
UTS,thermal_softening,2,0,0.9920698578176634
UTS,thermal_softening,2,1,0.9898668717493291
UTS,thermal_softening,2,2,0.9940867264822616
UTS,thermal_softening,2,3,0.9936512809040938
UTS,thermal_softening,2,4,0.9943758618881758
UTS,arrhenius,2,0,0.9927678482676882
UTS,arrhenius,2,1,0.9900080701506244
UTS,arrhenius,2,2,0.9949448680465327
UTS,arrhenius,2,3,0.9941877843449625
UTS,arrhenius,2,4,0.994546725514584
UTS,power_law,2,0,0.9893091148285457
UTS,power_law,2,1,0.9876622856462323
UTS,power_law,2,2,0.99162866328967
UTS,power_law,2,3,0.9901968432840836
UTS,power_law,2,4,0.9916898592727382
UTS,free_2stage,2,0,0.9906338532952005
UTS,free_2stage,2,1,0.9896716184501442
UTS,free_2stage,2,2,0.9914963829951982
UTS,free_2stage,2,3,0.9912511732869305
UTS,free_2stage,2,4,0.9922570843137009
UTS,free_1stage,2,0,0.992789756460767
UTS,free_1stage,2,1,0.9921062491031869
UTS,free_1stage,2,2,0.9926462032947045
UTS,free_1stage,2,3,0.9935585037969719
UTS,free_1stage,2,4,0.9935850204223513
UTS,entropy_weighted,2,0,0.9905634548588714
UTS,entropy_weighted,2,1,0.9882163381012221
UTS,entropy_weighted,2,2,0.9918416547662043
UTS,entropy_weighted,2,3,0.990193400858585
UTS,entropy_weighted,2,4,0.9913591837706781
UTS,calphad,2,0,-3.504273015272142
UTS,calphad,2,1,-3.621801804307819
UTS,calphad,2,2,-3.640920723050227
UTS,calphad,2,3,-3.5141220419292862
UTS,calphad,2,4,-3.657533398103846
Disloc_0pct,additive,2,0,0.9736789028695129
Disloc_0pct,additive,2,1,0.9667748691327986
Disloc_0pct,additive,2,2,0.9678552130053291
Disloc_0pct,additive,2,3,0.978459690300543
Disloc_0pct,additive,2,4,0.9661644873115124
Disloc_0pct,multiplicative,2,0,0.9779922113975456
Disloc_0pct,multiplicative,2,1,0.9749452056154818
Disloc_0pct,multiplicative,2,2,0.9642818815809502
Disloc_0pct,multiplicative,2,3,0.9795674076334642
Disloc_0pct,multiplicative,2,4,0.9628879134649101
Disloc_0pct,thermal_softening,2,0,0.9802382016933722
Disloc_0pct,thermal_softening,2,1,0.9749505930198904
Disloc_0pct,thermal_softening,2,2,0.9743714110443185
Disloc_0pct,thermal_softening,2,3,0.9795677868064928
Disloc_0pct,thermal_softening,2,4,0.9703932071972564
Disloc_0pct,arrhenius,2,0,0.9828760758210116
Disloc_0pct,arrhenius,2,1,0.9737337104575645
Disloc_0pct,arrhenius,2,2,0.978221427567874
Disloc_0pct,arrhenius,2,3,0.9808699405262928
Disloc_0pct,arrhenius,2,4,0.9698928313560058
Disloc_0pct,power_law,2,0,0.9780490118435223
Disloc_0pct,power_law,2,1,0.9749511504310527
Disloc_0pct,power_law,2,2,0.9734645213405002
Disloc_0pct,power_law,2,3,0.9753689395422799
Disloc_0pct,power_law,2,4,0.9703926014220741
Disloc_0pct,free_2stage,2,0,0.9736791746093582
Disloc_0pct,free_2stage,2,1,0.9667739469407354
Disloc_0pct,free_2stage,2,2,0.9677194025768716
Disloc_0pct,free_2stage,2,3,0.978464976251047
Disloc_0pct,free_2stage,2,4,0.9661649445961574
Disloc_0pct,free_1stage,2,0,0.9802450938030728
Disloc_0pct,free_1stage,2,1,0.9778480712781894
Disloc_0pct,free_1stage,2,2,0.9769517185545902
Disloc_0pct,free_1stage,2,3,0.9819723635474837
Disloc_0pct,free_1stage,2,4,0.9735442052356973
Disloc_0pct,entropy_weighted,2,0,0.9715847966626422
Disloc_0pct,entropy_weighted,2,1,0.9649634883531512
Disloc_0pct,entropy_weighted,2,2,0.965307491775308
Disloc_0pct,entropy_weighted,2,3,0.975293699802935
Disloc_0pct,entropy_weighted,2,4,0.9639495264206869
Disloc_0pct,calphad,2,0,-0.34165104847850736
Disloc_0pct,calphad,2,1,-0.5065691244294641
Disloc_0pct,calphad,2,2,-0.4497940937922833
Disloc_0pct,calphad,2,3,-0.4947667073863633
Disloc_0pct,calphad,2,4,-0.44857869693959773
Disloc_20pct,additive,2,0,0.9024115255682952
Disloc_20pct,additive,2,1,0.8674441705434212
Disloc_20pct,additive,2,2,0.8780559165857638
Disloc_20pct,additive,2,3,0.9328914018197417
Disloc_20pct,additive,2,4,0.901130350192004
Disloc_20pct,multiplicative,2,0,0.8597095612845037
Disloc_20pct,multiplicative,2,1,0.8589895357602243
Disloc_20pct,multiplicative,2,2,0.8492941536350036
Disloc_20pct,multiplicative,2,3,0.9074050778140226
Disloc_20pct,multiplicative,2,4,0.8856451186798152
Disloc_20pct,thermal_softening,2,0,0.9015985790648324
Disloc_20pct,thermal_softening,2,1,0.8577967918882379
Disloc_20pct,thermal_softening,2,2,0.8714286573402197
Disloc_20pct,thermal_softening,2,3,0.9201567563770741
Disloc_20pct,thermal_softening,2,4,0.881044839421993
Disloc_20pct,arrhenius,2,0,0.903730848830736
Disloc_20pct,arrhenius,2,1,0.875560460301513
Disloc_20pct,arrhenius,2,2,0.9131587078220574
Disloc_20pct,arrhenius,2,3,0.9196698446030995
Disloc_20pct,arrhenius,2,4,0.8856528166329127
Disloc_20pct,power_law,2,0,0.845777033884199
Disloc_20pct,power_law,2,1,0.8589892467985972
Disloc_20pct,power_law,2,2,0.8656471788742248
Disloc_20pct,power_law,2,3,0.8978119256581414
Disloc_20pct,power_law,2,4,0.8722224459780422
Disloc_20pct,free_2stage,2,0,0.9038618048718374
Disloc_20pct,free_2stage,2,1,0.8674424262150733
Disloc_20pct,free_2stage,2,2,0.8780520141712171
Disloc_20pct,free_2stage,2,3,0.9189190004043493
Disloc_20pct,free_2stage,2,4,0.879189987212507
Disloc_20pct,free_1stage,2,0,0.8788808902487378
Disloc_20pct,free_1stage,2,1,0.889956899233289
Disloc_20pct,free_1stage,2,2,0.8963615865153987
Disloc_20pct,free_1stage,2,3,0.9398032972978668
Disloc_20pct,free_1stage,2,4,0.893191774227993
Disloc_20pct,entropy_weighted,2,0,0.8933339119404115
Disloc_20pct,entropy_weighted,2,1,0.8587010067195033
Disloc_20pct,entropy_weighted,2,2,0.8649660913594835
Disloc_20pct,entropy_weighted,2,3,0.9069674012122058
Disloc_20pct,entropy_weighted,2,4,0.8925392052205688
Disloc_20pct,calphad,2,0,0.01746263479472443
Disloc_20pct,calphad,2,1,-0.25958673800351706
Disloc_20pct,calphad,2,2,-0.12182733239611676
Disloc_20pct,calphad,2,3,-0.3156687604183799
Disloc_20pct,calphad,2,4,-0.35332250886006844
FCC_0pct,additive,2,0,0.9800044130014867
FCC_0pct,additive,2,1,0.976701961879221
FCC_0pct,additive,2,2,0.9785094908514345
FCC_0pct,additive,2,3,0.9747616512431021
FCC_0pct,additive,2,4,0.9780740863728445
FCC_0pct,multiplicative,2,0,0.9718750696395135
FCC_0pct,multiplicative,2,1,0.9765533033383809
FCC_0pct,multiplicative,2,2,0.9694341108603315
FCC_0pct,multiplicative,2,3,0.9753580917683301
FCC_0pct,multiplicative,2,4,0.9767630270871955
FCC_0pct,thermal_softening,2,0,0.9901869046257006
FCC_0pct,thermal_softening,2,1,0.9858754306823453
FCC_0pct,thermal_softening,2,2,0.9954762066381585
FCC_0pct,thermal_softening,2,3,0.9952829769446665
FCC_0pct,thermal_softening,2,4,0.9926878921363719
FCC_0pct,arrhenius,2,0,0.9965858785544036
FCC_0pct,arrhenius,2,1,0.9967626583000074
FCC_0pct,arrhenius,2,2,0.9983105817390109
FCC_0pct,arrhenius,2,3,0.9990149393181268
FCC_0pct,arrhenius,2,4,0.997854765512727
FCC_0pct,power_law,2,0,0.9719033814535988
FCC_0pct,power_law,2,1,0.9777715290421567
FCC_0pct,power_law,2,2,0.9696412383884434
FCC_0pct,power_law,2,3,0.9767272601882313
FCC_0pct,power_law,2,4,0.969220873856567
FCC_0pct,free_2stage,2,0,0.9799805630583477
FCC_0pct,free_2stage,2,1,0.9760362626443077
FCC_0pct,free_2stage,2,2,0.9785163719844783
FCC_0pct,free_2stage,2,3,0.9753676757596842
FCC_0pct,free_2stage,2,4,0.9780661800843694
FCC_0pct,free_1stage,2,0,0.9977232201842134
FCC_0pct,free_1stage,2,1,0.998129820276827
FCC_0pct,free_1stage,2,2,0.9988872952225445
FCC_0pct,free_1stage,2,3,0.9990328733430137
FCC_0pct,free_1stage,2,4,0.9982796521881103
FCC_0pct,entropy_weighted,2,0,0.9795140138316433
FCC_0pct,entropy_weighted,2,1,0.9749568449154644
FCC_0pct,entropy_weighted,2,2,0.977765855977017
FCC_0pct,entropy_weighted,2,3,0.9753470209158285
FCC_0pct,entropy_weighted,2,4,0.9777701875581645
FCC_0pct,calphad,2,0,0.1095619849812769
FCC_0pct,calphad,2,1,0.09856337018821115
FCC_0pct,calphad,2,2,0.11041544325419239
FCC_0pct,calphad,2,3,0.11029486065416927
FCC_0pct,calphad,2,4,0.10807452873882983
HCP_0pct,additive,2,0,0.5317926145973884
HCP_0pct,additive,2,1,0.5590336419157931
HCP_0pct,additive,2,2,0.6336817096289146
HCP_0pct,additive,2,3,0.593538709688548
HCP_0pct,additive,2,4,0.5953788768145364
HCP_0pct,multiplicative,2,0,0.5428912491592921
HCP_0pct,multiplicative,2,1,0.5721693920538111
HCP_0pct,multiplicative,2,2,0.6417660333012318
HCP_0pct,multiplicative,2,3,0.6025368585378694
HCP_0pct,multiplicative,2,4,0.609638358835295
HCP_0pct,thermal_softening,2,0,0.6621553300287712
HCP_0pct,thermal_softening,2,1,0.7424938824224301
HCP_0pct,thermal_softening,2,2,0.6974608595908588
HCP_0pct,thermal_softening,2,3,0.7154281290764439
HCP_0pct,thermal_softening,2,4,0.6951261303754344
HCP_0pct,arrhenius,2,0,0.5560403360910169
HCP_0pct,arrhenius,2,1,0.6448472143148299
HCP_0pct,arrhenius,2,2,0.7334365673452472
HCP_0pct,arrhenius,2,3,0.6968617055122438
HCP_0pct,arrhenius,2,4,0.6474463331932516
HCP_0pct,power_law,2,0,0.5428912461229456
HCP_0pct,power_law,2,1,0.5721693928283464
HCP_0pct,power_law,2,2,0.6417647786605081
HCP_0pct,power_law,2,3,0.6025398050999016
HCP_0pct,power_law,2,4,0.6096359663053528
HCP_0pct,free_2stage,2,0,0.5429932011749709
HCP_0pct,free_2stage,2,1,0.5701530319466681
HCP_0pct,free_2stage,2,2,0.6445188610376538
HCP_0pct,free_2stage,2,3,0.6174539205032434
HCP_0pct,free_2stage,2,4,0.6149264655354458
HCP_0pct,free_1stage,2,0,0.5935385151564729
HCP_0pct,free_1stage,2,1,0.7347610348936393
HCP_0pct,free_1stage,2,2,0.7321685994355802
HCP_0pct,free_1stage,2,3,0.7626357867692951
HCP_0pct,free_1stage,2,4,0.6917344240820151
HCP_0pct,entropy_weighted,2,0,0.5560403301899111
HCP_0pct,entropy_weighted,2,1,0.5923237542403035
HCP_0pct,entropy_weighted,2,2,0.6647478755172995
HCP_0pct,entropy_weighted,2,3,0.6303023164782336
HCP_0pct,entropy_weighted,2,4,0.6244504992634443
HCP_0pct,calphad,2,0,-4.655696587795441
HCP_0pct,calphad,2,1,-4.13812306272104
HCP_0pct,calphad,2,2,-4.114318188776559
HCP_0pct,calphad,2,3,-4.407769605514224
HCP_0pct,calphad,2,4,-4.8374323900913145
BCC_0pct,additive,2,0,0.4637620268227668
BCC_0pct,additive,2,1,0.40535446182012713
BCC_0pct,additive,2,2,0.2193201711472138
BCC_0pct,additive,2,3,0.45720083011903945
BCC_0pct,additive,2,4,0.28959776832653583
BCC_0pct,multiplicative,2,0,0.30560262820125117
BCC_0pct,multiplicative,2,1,0.2701749635285431
BCC_0pct,multiplicative,2,2,-0.12113031506016658
BCC_0pct,multiplicative,2,3,0.2219330234951875
BCC_0pct,multiplicative,2,4,-0.09102030312514575
BCC_0pct,thermal_softening,2,0,-0.41006787269253575
BCC_0pct,thermal_softening,2,1,0.2660262733214618
BCC_0pct,thermal_softening,2,2,0.18237708530861862
BCC_0pct,thermal_softening,2,3,0.47349267910006276
BCC_0pct,thermal_softening,2,4,0.4246776555911628
BCC_0pct,arrhenius,2,0,0.39240632353610316
BCC_0pct,arrhenius,2,1,0.3753390811289896
BCC_0pct,arrhenius,2,2,0.3269225865137402
BCC_0pct,arrhenius,2,3,0.403919824378171
BCC_0pct,arrhenius,2,4,0.4043869862285192
BCC_0pct,power_law,2,0,0.30560154257793204
BCC_0pct,power_law,2,1,0.11324645679796996
BCC_0pct,power_law,2,2,-0.34297942913783497
BCC_0pct,power_law,2,3,0.04384427599927421
BCC_0pct,power_law,2,4,0.1581690067877587
BCC_0pct,free_2stage,2,0,0.39787324225081966
BCC_0pct,free_2stage,2,1,0.5061988357510412
BCC_0pct,free_2stage,2,2,0.5288498975318654
BCC_0pct,free_2stage,2,3,0.5362911806173161
BCC_0pct,free_2stage,2,4,0.482951663056453
BCC_0pct,free_1stage,2,0,0.4918608268611969
BCC_0pct,free_1stage,2,1,0.48779880608249737
BCC_0pct,free_1stage,2,2,0.3168391815602708
BCC_0pct,free_1stage,2,3,0.5606679581766649
BCC_0pct,free_1stage,2,4,0.47034747753722084
BCC_0pct,entropy_weighted,2,0,0.2932332275815248
BCC_0pct,entropy_weighted,2,1,0.25060356370463255
BCC_0pct,entropy_weighted,2,2,-0.06127764799891411
BCC_0pct,entropy_weighted,2,3,0.28567035292116316
BCC_0pct,entropy_weighted,2,4,0.26068417359897567
BCC_0pct,calphad,2,0,-3.8490259166835497
BCC_0pct,calphad,2,1,-2.888983622574111
BCC_0pct,calphad,2,2,-3.931540384171152
BCC_0pct,calphad,2,3,-3.233448722904839
BCC_0pct,calphad,2,4,-3.560334775133488
FCC_20pct,additive,2,0,0.8976375025552256
FCC_20pct,additive,2,1,0.9303711155335879
FCC_20pct,additive,2,2,0.9427930910085127
FCC_20pct,additive,2,3,0.9298635945446273
FCC_20pct,additive,2,4,0.9401844450340726
FCC_20pct,multiplicative,2,0,0.9074327262308768
FCC_20pct,multiplicative,2,1,0.9320024866477872
FCC_20pct,multiplicative,2,2,0.9484411844552642
FCC_20pct,multiplicative,2,3,0.9263747967928185
FCC_20pct,multiplicative,2,4,0.9362655311856921
FCC_20pct,thermal_softening,2,0,0.9400186600945912
FCC_20pct,thermal_softening,2,1,0.9475528979867033
FCC_20pct,thermal_softening,2,2,0.9522039701006392
FCC_20pct,thermal_softening,2,3,0.9621426222820141
FCC_20pct,thermal_softening,2,4,0.9333213501604254
FCC_20pct,arrhenius,2,0,0.9453368058380072
FCC_20pct,arrhenius,2,1,0.9501759523621304
FCC_20pct,arrhenius,2,2,0.9543043083712615
FCC_20pct,arrhenius,2,3,0.9466947387875507
FCC_20pct,arrhenius,2,4,0.9516974613244444
FCC_20pct,power_law,2,0,0.9160715098826109
FCC_20pct,power_law,2,1,0.9390041016494537
FCC_20pct,power_law,2,2,0.9356492803412574
FCC_20pct,power_law,2,3,0.9100984493003496
FCC_20pct,power_law,2,4,0.924061572205457
FCC_20pct,free_2stage,2,0,0.9231065089910877
FCC_20pct,free_2stage,2,1,0.916027714734267
FCC_20pct,free_2stage,2,2,0.9427876364231333
FCC_20pct,free_2stage,2,3,0.9267406468037688
FCC_20pct,free_2stage,2,4,0.9188045610941834
FCC_20pct,free_1stage,2,0,0.949160102213446
FCC_20pct,free_1stage,2,1,0.9599470981411717
FCC_20pct,free_1stage,2,2,0.9581275455376073
FCC_20pct,free_1stage,2,3,0.9609100838813892
FCC_20pct,free_1stage,2,4,0.9532897938955844
FCC_20pct,entropy_weighted,2,0,0.8939030148484298
FCC_20pct,entropy_weighted,2,1,0.9215667303950246
FCC_20pct,entropy_weighted,2,2,0.9372200188513147
FCC_20pct,entropy_weighted,2,3,0.9274238650309908
FCC_20pct,entropy_weighted,2,4,0.9265264999141256
FCC_20pct,calphad,2,0,0.2935016541157104
FCC_20pct,calphad,2,1,0.30673674566672715
FCC_20pct,calphad,2,2,0.29803607224350415
FCC_20pct,calphad,2,3,0.32423620126785335
FCC_20pct,calphad,2,4,0.3224991251370094
HCP_20pct,additive,2,0,0.7192661343909389
HCP_20pct,additive,2,1,0.7634648283902633
HCP_20pct,additive,2,2,0.6722183121819771
HCP_20pct,additive,2,3,0.6635954541489106
HCP_20pct,additive,2,4,0.679798015384486
HCP_20pct,multiplicative,2,0,0.6836957435376015
HCP_20pct,multiplicative,2,1,0.7530045153041627
HCP_20pct,multiplicative,2,2,0.6461169769776054
HCP_20pct,multiplicative,2,3,0.6172066311814608
HCP_20pct,multiplicative,2,4,0.5693024903733119
HCP_20pct,thermal_softening,2,0,0.7517308893955419
HCP_20pct,thermal_softening,2,1,0.763998041880951
HCP_20pct,thermal_softening,2,2,0.7652835964361138
HCP_20pct,thermal_softening,2,3,0.6439484805544526
HCP_20pct,thermal_softening,2,4,0.7675117694137937
HCP_20pct,arrhenius,2,0,0.7776094768013558
HCP_20pct,arrhenius,2,1,0.7760866306778217
HCP_20pct,arrhenius,2,2,0.7167052578254989
HCP_20pct,arrhenius,2,3,0.7873478307380907
HCP_20pct,arrhenius,2,4,0.8025289013779855
HCP_20pct,power_law,2,0,0.669808665035613
HCP_20pct,power_law,2,1,0.7530233975942818
HCP_20pct,power_law,2,2,0.6462303797861804
HCP_20pct,power_law,2,3,0.6291345204569733
HCP_20pct,power_law,2,4,0.5694777830759152
HCP_20pct,free_2stage,2,0,0.7640099371254603
HCP_20pct,free_2stage,2,1,0.7354447995019808
HCP_20pct,free_2stage,2,2,0.6722310098897274
HCP_20pct,free_2stage,2,3,0.663583355836282
HCP_20pct,free_2stage,2,4,0.5860360113910077
HCP_20pct,free_1stage,2,0,0.783416760677881
HCP_20pct,free_1stage,2,1,0.7082817285277019
HCP_20pct,free_1stage,2,2,0.7302725513168916
HCP_20pct,free_1stage,2,3,0.6730485801791187
HCP_20pct,free_1stage,2,4,0.7262501807817896
HCP_20pct,entropy_weighted,2,0,0.7705400268769337
HCP_20pct,entropy_weighted,2,1,0.7397855283404121
HCP_20pct,entropy_weighted,2,2,0.6485543670813707
HCP_20pct,entropy_weighted,2,3,0.6822018731856423
HCP_20pct,entropy_weighted,2,4,0.6338514262313686
HCP_20pct,calphad,2,0,0.5473102796474987
HCP_20pct,calphad,2,1,-0.043409871401898004
HCP_20pct,calphad,2,2,-0.05073370842057501
HCP_20pct,calphad,2,3,-0.18068656228645685
HCP_20pct,calphad,2,4,0.22548798518570645
BCC_20pct,additive,2,0,0.8438786822023245
BCC_20pct,additive,2,1,0.8287365553608645
BCC_20pct,additive,2,2,0.83860539068867
BCC_20pct,additive,2,3,0.8189839676498388
BCC_20pct,additive,2,4,0.8331844153408262
BCC_20pct,multiplicative,2,0,0.8604901307151742
BCC_20pct,multiplicative,2,1,0.8977751661751652
BCC_20pct,multiplicative,2,2,0.882883339248909
BCC_20pct,multiplicative,2,3,0.8904153341181107
BCC_20pct,multiplicative,2,4,0.8807983786320948
BCC_20pct,thermal_softening,2,0,0.8843995159150212
BCC_20pct,thermal_softening,2,1,0.9050426541107954
BCC_20pct,thermal_softening,2,2,0.8834310527938358
BCC_20pct,thermal_softening,2,3,0.8721301751408561
BCC_20pct,thermal_softening,2,4,0.8870291015157861
BCC_20pct,arrhenius,2,0,0.9053605793240078
BCC_20pct,arrhenius,2,1,0.9042059500148598
BCC_20pct,arrhenius,2,2,0.8764261143469987
BCC_20pct,arrhenius,2,3,0.8722296873060644
BCC_20pct,arrhenius,2,4,0.8934682071014793
BCC_20pct,power_law,2,0,0.8939905344717847
BCC_20pct,power_law,2,1,0.8874747110187419
BCC_20pct,power_law,2,2,0.8432819098994406
BCC_20pct,power_law,2,3,0.8837900696831222
BCC_20pct,power_law,2,4,0.8867847859803325
BCC_20pct,free_2stage,2,0,0.9128570571707995
BCC_20pct,free_2stage,2,1,0.8993157107003329
BCC_20pct,free_2stage,2,2,0.9244012963420966
BCC_20pct,free_2stage,2,3,0.8946804843449521
BCC_20pct,free_2stage,2,4,0.9039935001557036
BCC_20pct,free_1stage,2,0,0.8873225902334897
BCC_20pct,free_1stage,2,1,0.8816854105123891
BCC_20pct,free_1stage,2,2,0.8221177720290315
BCC_20pct,free_1stage,2,3,0.8058006641382391
BCC_20pct,free_1stage,2,4,0.8370429044270331
BCC_20pct,entropy_weighted,2,0,0.867108954947721
BCC_20pct,entropy_weighted,2,1,0.8595556259621082
BCC_20pct,entropy_weighted,2,2,0.8717270808524524
BCC_20pct,entropy_weighted,2,3,0.8711787249927299
BCC_20pct,entropy_weighted,2,4,0.8706236057260729
BCC_20pct,calphad,2,0,-1.0522086612687596
BCC_20pct,calphad,2,1,-1.2176872343783463
BCC_20pct,calphad,2,2,-1.7316024715019513
BCC_20pct,calphad,2,3,-1.3933664015131613
BCC_20pct,calphad,2,4,-1.2821919047514365
Other_0pct,additive,2,0,0.9779567591570537
Other_0pct,additive,2,1,0.9732636755226631
Other_0pct,additive,2,2,0.9761273952079648
Other_0pct,additive,2,3,0.9734502986020179
Other_0pct,additive,2,4,0.9760955503183129
Other_0pct,multiplicative,2,0,0.9796151985668994
Other_0pct,multiplicative,2,1,0.9740393631735472
Other_0pct,multiplicative,2,2,0.9783179011574182
Other_0pct,multiplicative,2,3,0.9763628740977606
Other_0pct,multiplicative,2,4,0.9788716268685561
Other_0pct,thermal_softening,2,0,0.9981639196056522
Other_0pct,thermal_softening,2,1,0.9929214305856384
Other_0pct,thermal_softening,2,2,0.997576606145346
Other_0pct,thermal_softening,2,3,0.9908766051077615
Other_0pct,thermal_softening,2,4,0.9976517134362212
Other_0pct,arrhenius,2,0,0.9982087402627665
Other_0pct,arrhenius,2,1,0.9978979177211383
Other_0pct,arrhenius,2,2,0.9926833591535703
Other_0pct,arrhenius,2,3,0.9951723904905893
Other_0pct,arrhenius,2,4,0.9974091691018483
Other_0pct,power_law,2,0,0.9792464043611517
Other_0pct,power_law,2,1,0.9769961676565482
Other_0pct,power_law,2,2,0.9776160007233239
Other_0pct,power_law,2,3,0.9737577877922169
Other_0pct,power_law,2,4,0.978932504812551
Other_0pct,free_2stage,2,0,0.9800470937561355
Other_0pct,free_2stage,2,1,0.9729705900583523
Other_0pct,free_2stage,2,2,0.9883639761246541
Other_0pct,free_2stage,2,3,0.9723575135303341
Other_0pct,free_2stage,2,4,0.9835683408280528
Other_0pct,free_1stage,2,0,0.9974335303753936
Other_0pct,free_1stage,2,1,0.998815814355828
Other_0pct,free_1stage,2,2,0.997822901497455
Other_0pct,free_1stage,2,3,0.9971028591858303
Other_0pct,free_1stage,2,4,0.9987826797959682
Other_0pct,entropy_weighted,2,0,0.9791036938869602
Other_0pct,entropy_weighted,2,1,0.9745757093995954
Other_0pct,entropy_weighted,2,2,0.978813283814079
Other_0pct,entropy_weighted,2,3,0.9748758062267767
Other_0pct,entropy_weighted,2,4,0.9765502163906126
Other_0pct,calphad,2,0,0.1473012767123122
Other_0pct,calphad,2,1,0.14074842558037604
Other_0pct,calphad,2,2,0.13683341940110516
Other_0pct,calphad,2,3,0.13914945328472295
Other_0pct,calphad,2,4,0.12156195621449606
Other_20pct,additive,2,0,0.9823566734973488
Other_20pct,additive,2,1,0.9820311327673702
Other_20pct,additive,2,2,0.9860540077854236
Other_20pct,additive,2,3,0.9808446962463405
Other_20pct,additive,2,4,0.9837071314513699
Other_20pct,multiplicative,2,0,0.9844947352045803
Other_20pct,multiplicative,2,1,0.9845534202701977
Other_20pct,multiplicative,2,2,0.9820054514512843
Other_20pct,multiplicative,2,3,0.9829164196704914
Other_20pct,multiplicative,2,4,0.9809449670769106
Other_20pct,thermal_softening,2,0,0.996653421931045
Other_20pct,thermal_softening,2,1,0.995808152914381
Other_20pct,thermal_softening,2,2,0.9973930265020685
Other_20pct,thermal_softening,2,3,0.994662427291733
Other_20pct,thermal_softening,2,4,0.9966387402376763
Other_20pct,arrhenius,2,0,0.9959326563976876
Other_20pct,arrhenius,2,1,0.9962320454687957
Other_20pct,arrhenius,2,2,0.995770193976318
Other_20pct,arrhenius,2,3,0.9965579562099046
Other_20pct,arrhenius,2,4,0.9973858714226241
Other_20pct,power_law,2,0,0.9836599562304293
Other_20pct,power_law,2,1,0.9836360763200193
Other_20pct,power_law,2,2,0.9870217050971939
Other_20pct,power_law,2,3,0.9829165127138779
Other_20pct,power_law,2,4,0.9833997500187859
Other_20pct,free_2stage,2,0,0.9878390112287014
Other_20pct,free_2stage,2,1,0.9861538548001695
Other_20pct,free_2stage,2,2,0.9844997825693267
Other_20pct,free_2stage,2,3,0.9801215738218614
Other_20pct,free_2stage,2,4,0.9823804705460135
Other_20pct,free_1stage,2,0,0.9973099114467048
Other_20pct,free_1stage,2,1,0.9962568200652099
Other_20pct,free_1stage,2,2,0.9969655245371195
Other_20pct,free_1stage,2,3,0.995988351252725
Other_20pct,free_1stage,2,4,0.9970107913072856
Other_20pct,entropy_weighted,2,0,0.9845323123002627
Other_20pct,entropy_weighted,2,1,0.9841020914468275
Other_20pct,entropy_weighted,2,2,0.9866794605698084
Other_20pct,entropy_weighted,2,3,0.981547810353772
Other_20pct,entropy_weighted,2,4,0.9839017579579808
Other_20pct,calphad,2,0,0.255919536576973
Other_20pct,calphad,2,1,0.07517070395148395
Other_20pct,calphad,2,2,0.23479513321102574
Other_20pct,calphad,2,3,0.26188912405309983
Other_20pct,calphad,2,4,0.25737952909658857
Youngs_modulus,additive,3,0,0.9700238104248368
Youngs_modulus,additive,3,1,0.9674579373254207
Youngs_modulus,additive,3,2,0.9729213848098157
Youngs_modulus,additive,3,3,0.9666847241520529
Youngs_modulus,additive,3,4,0.9681762410447126
Youngs_modulus,multiplicative,3,0,0.9729132512174024
Youngs_modulus,multiplicative,3,1,0.9702046831973827
Youngs_modulus,multiplicative,3,2,0.9776932652402495
Youngs_modulus,multiplicative,3,3,0.9741997105512268
Youngs_modulus,multiplicative,3,4,0.9726178249427204
Youngs_modulus,thermal_softening,3,0,0.9889816253372619
Youngs_modulus,thermal_softening,3,1,0.9877829543236063
Youngs_modulus,thermal_softening,3,2,0.9912575672989585
Youngs_modulus,thermal_softening,3,3,0.992751343041763
Youngs_modulus,thermal_softening,3,4,0.9934972108280132
Youngs_modulus,arrhenius,3,0,0.9948641080788337
Youngs_modulus,arrhenius,3,1,0.9895605181835435
Youngs_modulus,arrhenius,3,2,0.9937378126983417
Youngs_modulus,arrhenius,3,3,0.9933518923942866
Youngs_modulus,arrhenius,3,4,0.9936698924737677
Youngs_modulus,power_law,3,0,0.9730000080484613
Youngs_modulus,power_law,3,1,0.970799992450633
Youngs_modulus,power_law,3,2,0.9776923375131351
Youngs_modulus,power_law,3,3,0.973800372583421
Youngs_modulus,power_law,3,4,0.9724602305633656
Youngs_modulus,free_2stage,3,0,0.9744719321729436
Youngs_modulus,free_2stage,3,1,0.9779245572211347
Youngs_modulus,free_2stage,3,2,0.978000986898315
Youngs_modulus,free_2stage,3,3,0.9742464695242427
Youngs_modulus,free_2stage,3,4,0.9742008685376371
Youngs_modulus,free_1stage,3,0,0.98117303343591
Youngs_modulus,free_1stage,3,1,0.9823483539119681
Youngs_modulus,free_1stage,3,2,0.9891224757119492
Youngs_modulus,free_1stage,3,3,0.9845249945116912
Youngs_modulus,free_1stage,3,4,0.9856578290067981
Youngs_modulus,entropy_weighted,3,0,0.9782259508855742
Youngs_modulus,entropy_weighted,3,1,0.9640159118313447
Youngs_modulus,entropy_weighted,3,2,0.9821424531664413
Youngs_modulus,entropy_weighted,3,3,0.979533195773476
Youngs_modulus,entropy_weighted,3,4,0.9754736115189131
Youngs_modulus,calphad,3,0,-1.1927161227190135
Youngs_modulus,calphad,3,1,-1.0981075090248225
Youngs_modulus,calphad,3,2,-0.9613450616824757
Youngs_modulus,calphad,3,3,-1.1202752530488782
Youngs_modulus,calphad,3,4,-1.1379365984397039
UTS,additive,3,0,0.9903383376119703
UTS,additive,3,1,0.9896712924592888
UTS,additive,3,2,0.9936362333345607
UTS,additive,3,3,0.9912512313405252
UTS,additive,3,4,0.992257088903752
UTS,multiplicative,3,0,0.989309469759903
UTS,multiplicative,3,1,0.9876630433612323
UTS,multiplicative,3,2,0.991628730971803
UTS,multiplicative,3,3,0.9913373764499147
UTS,multiplicative,3,4,0.9926493847378374
UTS,thermal_softening,3,0,0.9924682343519491
UTS,thermal_softening,3,1,0.9898688721735701
UTS,thermal_softening,3,2,0.9941261740328442
UTS,thermal_softening,3,3,0.9901963182708822
UTS,thermal_softening,3,4,0.9943869281554608
UTS,arrhenius,3,0,0.994268475276199
UTS,arrhenius,3,1,0.9912273528397414
UTS,arrhenius,3,2,0.9946576095459392
UTS,arrhenius,3,3,0.9949327747333682
UTS,arrhenius,3,4,0.9935796976348805
UTS,power_law,3,0,0.9893091189843319
UTS,power_law,3,1,0.9876632783416945
UTS,power_law,3,2,0.9928193753991764
UTS,power_law,3,3,0.9901964352769164
UTS,power_law,3,4,0.9916880476960672
UTS,free_2stage,3,0,0.990337485284749
UTS,free_2stage,3,1,0.989671226204222
UTS,free_2stage,3,2,0.9914963465217446
UTS,free_2stage,3,3,0.9912529305840693
UTS,free_2stage,3,4,0.9922570858109308
UTS,free_1stage,3,0,0.9949325661707845
UTS,free_1stage,3,1,0.9917816225096525
UTS,free_1stage,3,2,0.99428482959157
UTS,free_1stage,3,3,0.993383081374574
UTS,free_1stage,3,4,0.9929789682949939
UTS,entropy_weighted,3,0,0.9896247349016168
UTS,entropy_weighted,3,1,0.986720871935675
UTS,entropy_weighted,3,2,0.9918416793439343
UTS,entropy_weighted,3,3,0.990193328641219
UTS,entropy_weighted,3,4,0.9917487979232902
UTS,calphad,3,0,-3.5133694130303743
UTS,calphad,3,1,-3.6401762719395157
UTS,calphad,3,2,-3.51837942324382
UTS,calphad,3,3,-3.516174210562152
UTS,calphad,3,4,-3.627170121112048
Disloc_0pct,additive,3,0,0.9736794355332442
Disloc_0pct,additive,3,1,0.9667743392881722
Disloc_0pct,additive,3,2,0.967715895906103
Disloc_0pct,additive,3,3,0.97846969822245
Disloc_0pct,additive,3,4,0.9661634879026512
Disloc_0pct,multiplicative,3,0,0.9715434680914792
Disloc_0pct,multiplicative,3,1,0.9749503300433956
Disloc_0pct,multiplicative,3,2,0.9642843865516353
Disloc_0pct,multiplicative,3,3,0.9753155947064118
Disloc_0pct,multiplicative,3,4,0.9628889208312715
Disloc_0pct,thermal_softening,3,0,0.9779934425135915
Disloc_0pct,thermal_softening,3,1,0.9749500148617195
Disloc_0pct,thermal_softening,3,2,0.9734645426689165
Disloc_0pct,thermal_softening,3,3,0.9795155407412148
Disloc_0pct,thermal_softening,3,4,0.9703970728112817
Disloc_0pct,arrhenius,3,0,0.9800837789745283
Disloc_0pct,arrhenius,3,1,0.9770789590096881
Disloc_0pct,arrhenius,3,2,0.9723589030333529
Disloc_0pct,arrhenius,3,3,0.9840576711072097
Disloc_0pct,arrhenius,3,4,0.9733483788829485
Disloc_0pct,power_law,3,0,0.9715612912885085
Disloc_0pct,power_law,3,1,0.9636257721928417
Disloc_0pct,power_law,3,2,0.9642858060499983
Disloc_0pct,power_law,3,3,0.9753457680481281
Disloc_0pct,power_law,3,4,0.9703929967636352
Disloc_0pct,free_2stage,3,0,0.9736794282327137
Disloc_0pct,free_2stage,3,1,0.9667738091772038
Disloc_0pct,free_2stage,3,2,0.9677151905116071
Disloc_0pct,free_2stage,3,3,0.9784815206581013
Disloc_0pct,free_2stage,3,4,0.966164448903
Disloc_0pct,free_1stage,3,0,0.9802102418053361
Disloc_0pct,free_1stage,3,1,0.9777810732302321
Disloc_0pct,free_1stage,3,2,0.9764694707170988
Disloc_0pct,free_1stage,3,3,0.9819676843620546
Disloc_0pct,free_1stage,3,4,0.9735443097009036
Disloc_0pct,entropy_weighted,3,0,0.9715850374371815
Disloc_0pct,entropy_weighted,3,1,0.9649636971875621
Disloc_0pct,entropy_weighted,3,2,0.9642415886578113
Disloc_0pct,entropy_weighted,3,3,0.97533184979957
Disloc_0pct,entropy_weighted,3,4,0.9628884425322138
Disloc_0pct,calphad,3,0,-0.34140284651471164
Disloc_0pct,calphad,3,1,-0.5061031882029716
Disloc_0pct,calphad,3,2,-0.44869760807239145
Disloc_0pct,calphad,3,3,-0.49478350239226176
Disloc_0pct,calphad,3,4,-0.44919717836485784
Disloc_20pct,additive,3,0,0.8909737922857122
Disloc_20pct,additive,3,1,0.8674429140427544
Disloc_20pct,additive,3,2,0.8780544247122476
Disloc_20pct,additive,3,3,0.9328975220320119
Disloc_20pct,additive,3,4,0.8791886372828742
Disloc_20pct,multiplicative,3,0,0.8691177764915495
Disloc_20pct,multiplicative,3,1,0.8583189726548982
Disloc_20pct,multiplicative,3,2,0.879813185448332
Disloc_20pct,multiplicative,3,3,0.9198974228133
Disloc_20pct,multiplicative,3,4,0.8708522112548677
Disloc_20pct,thermal_softening,3,0,0.8891494326164203
Disloc_20pct,thermal_softening,3,1,0.8590363362818396
Disloc_20pct,thermal_softening,3,2,0.8663722251047404
Disloc_20pct,thermal_softening,3,3,0.9202079691184859
Disloc_20pct,thermal_softening,3,4,0.8810494073363179
Disloc_20pct,arrhenius,3,0,0.9037312332716079
Disloc_20pct,arrhenius,3,1,0.9024144273702508
Disloc_20pct,arrhenius,3,2,0.8825355739640636
Disloc_20pct,arrhenius,3,3,0.919673342489676
Disloc_20pct,arrhenius,3,4,0.8925371389911104
Disloc_20pct,power_law,3,0,0.8691169718560304
Disloc_20pct,power_law,3,1,0.8589869536172804
Disloc_20pct,power_law,3,2,0.8550017473764566
Disloc_20pct,power_law,3,3,0.9074054143524886
Disloc_20pct,power_law,3,4,0.8700911314237116
Disloc_20pct,free_2stage,3,0,0.9084005545251617
Disloc_20pct,free_2stage,3,1,0.8674429787621927
Disloc_20pct,free_2stage,3,2,0.878060107147965
Disloc_20pct,free_2stage,3,3,0.9189168583546778
Disloc_20pct,free_2stage,3,4,0.8791888598281075
Disloc_20pct,free_1stage,3,0,0.9091233675583449
Disloc_20pct,free_1stage,3,1,0.8998490263779175
Disloc_20pct,free_1stage,3,2,0.8845419136136166
Disloc_20pct,free_1stage,3,3,0.939807137111585
Disloc_20pct,free_1stage,3,4,0.9069094943312767
Disloc_20pct,entropy_weighted,3,0,0.8933329109192677
Disloc_20pct,entropy_weighted,3,1,0.8587015361853644
Disloc_20pct,entropy_weighted,3,2,0.8649729995151691
Disloc_20pct,entropy_weighted,3,3,0.919471871309224
Disloc_20pct,entropy_weighted,3,4,0.8925380017432286
Disloc_20pct,calphad,3,0,-0.10925023696759495
Disloc_20pct,calphad,3,1,-0.2595517509364984
Disloc_20pct,calphad,3,2,-0.48159888031210474
Disloc_20pct,calphad,3,3,-0.3156845611948784
Disloc_20pct,calphad,3,4,-0.3534023999765905
FCC_0pct,additive,3,0,0.9797763935510361
FCC_0pct,additive,3,1,0.9758485777399504
FCC_0pct,additive,3,2,0.9783038556631038
FCC_0pct,additive,3,3,0.9755233982159911
FCC_0pct,additive,3,4,0.9776655462426019
FCC_0pct,multiplicative,3,0,0.9797204463792754
FCC_0pct,multiplicative,3,1,0.9774249617388242
FCC_0pct,multiplicative,3,2,0.9780131291631414
FCC_0pct,multiplicative,3,3,0.9757234140412306
FCC_0pct,multiplicative,3,4,0.9772089266306216
FCC_0pct,thermal_softening,3,0,0.9911104885852305
FCC_0pct,thermal_softening,3,1,0.9934786261461267
FCC_0pct,thermal_softening,3,2,0.9912062536322783
FCC_0pct,thermal_softening,3,3,0.9938561804126911
FCC_0pct,thermal_softening,3,4,0.9942845388411357
FCC_0pct,arrhenius,3,0,0.9982629488160836
FCC_0pct,arrhenius,3,1,0.9967081010477215
FCC_0pct,arrhenius,3,2,0.9985393006006654
FCC_0pct,arrhenius,3,3,0.9972466528297707
FCC_0pct,arrhenius,3,4,0.9958485033565896
FCC_0pct,power_law,3,0,0.9706638656481336
FCC_0pct,power_law,3,1,0.9749758478264561
FCC_0pct,power_law,3,2,0.9778302651358117
FCC_0pct,power_law,3,3,0.9754178801044742
FCC_0pct,power_law,3,4,0.9693825497456348
FCC_0pct,free_2stage,3,0,0.9800089214260823
FCC_0pct,free_2stage,3,1,0.9760559117801761
FCC_0pct,free_2stage,3,2,0.9783073249270671
FCC_0pct,free_2stage,3,3,0.9758510029627234
FCC_0pct,free_2stage,3,4,0.9779805607339825
FCC_0pct,free_1stage,3,0,0.9991116101822445
FCC_0pct,free_1stage,3,1,0.9981839163115787
FCC_0pct,free_1stage,3,2,0.9971723239357824
FCC_0pct,free_1stage,3,3,0.997425549802789
FCC_0pct,free_1stage,3,4,0.9986837662544147
FCC_0pct,entropy_weighted,3,0,0.9797608894876934
FCC_0pct,entropy_weighted,3,1,0.9759569928229724
FCC_0pct,entropy_weighted,3,2,0.9778447405971906
FCC_0pct,entropy_weighted,3,3,0.975215310543957
FCC_0pct,entropy_weighted,3,4,0.9767691187398498
FCC_0pct,calphad,3,0,0.10930223183820897
FCC_0pct,calphad,3,1,0.08059010879579087
FCC_0pct,calphad,3,2,0.11040816609876392
FCC_0pct,calphad,3,3,0.10259429319691771
FCC_0pct,calphad,3,4,0.11278279067919617
HCP_0pct,additive,3,0,0.5317921035971316
HCP_0pct,additive,3,1,0.5590227477583685
HCP_0pct,additive,3,2,0.6336817456959419
HCP_0pct,additive,3,3,0.5935387868428106
HCP_0pct,additive,3,4,0.5953787433729525
HCP_0pct,multiplicative,3,0,0.5428912225645965
HCP_0pct,multiplicative,3,1,0.5721697509819658
HCP_0pct,multiplicative,3,2,0.641764014354806
HCP_0pct,multiplicative,3,3,0.6025340285632278
HCP_0pct,multiplicative,3,4,0.609635515378
HCP_0pct,thermal_softening,3,0,0.5428912145475263
HCP_0pct,thermal_softening,3,1,0.6622781538381621
HCP_0pct,thermal_softening,3,2,0.7186986583960666
HCP_0pct,thermal_softening,3,3,0.6026599005477002
HCP_0pct,thermal_softening,3,4,0.6580912344361577
HCP_0pct,arrhenius,3,0,0.6822765720035526
HCP_0pct,arrhenius,3,1,0.5923232800715188
HCP_0pct,arrhenius,3,2,0.739507105316874
HCP_0pct,arrhenius,3,3,0.718565159673511
HCP_0pct,arrhenius,3,4,0.6244506259943786
HCP_0pct,power_law,3,0,0.5428912282835717
HCP_0pct,power_law,3,1,0.5721693928283464
HCP_0pct,power_law,3,2,0.6417647468974776
HCP_0pct,power_law,3,3,0.6025361110858127
HCP_0pct,power_law,3,4,0.6096368882428507
HCP_0pct,free_2stage,3,0,0.5367246804124048
HCP_0pct,free_2stage,3,1,0.5701396535970249
HCP_0pct,free_2stage,3,2,0.6518322017206889
HCP_0pct,free_2stage,3,3,0.6044160905320457
HCP_0pct,free_2stage,3,4,0.6149258584599596
HCP_0pct,free_1stage,3,0,0.7497016485431568
HCP_0pct,free_1stage,3,1,0.6711480647306801
HCP_0pct,free_1stage,3,2,0.763460145048022
HCP_0pct,free_1stage,3,3,0.7237140369342366
HCP_0pct,free_1stage,3,4,0.6984386897754913
HCP_0pct,entropy_weighted,3,0,0.6636560770625172
HCP_0pct,entropy_weighted,3,1,0.5923232800715188
HCP_0pct,entropy_weighted,3,2,0.6707419942418085
HCP_0pct,entropy_weighted,3,3,0.630307997349961
HCP_0pct,entropy_weighted,3,4,0.6244503728197965
HCP_0pct,calphad,3,0,-4.655733776140075
HCP_0pct,calphad,3,1,-4.138124339693773
HCP_0pct,calphad,3,2,-4.114319147711644
HCP_0pct,calphad,3,3,-4.407768102168344
HCP_0pct,calphad,3,4,-4.834655703483892
BCC_0pct,additive,3,0,0.46380126998822857
BCC_0pct,additive,3,1,0.3432948713955387
BCC_0pct,additive,3,2,0.21621700364427698
BCC_0pct,additive,3,3,0.3864974301872085
BCC_0pct,additive,3,4,0.43949073378819414
BCC_0pct,multiplicative,3,0,0.026938641388769224
BCC_0pct,multiplicative,3,1,0.11404935685293371
BCC_0pct,multiplicative,3,2,-0.5745640181437017
BCC_0pct,multiplicative,3,3,-0.0039112817158268864
BCC_0pct,multiplicative,3,4,0.18591730821167907
BCC_0pct,thermal_softening,3,0,0.5467482737400231
BCC_0pct,thermal_softening,3,1,0.38405798689242776
BCC_0pct,thermal_softening,3,2,0.371502221927717
BCC_0pct,thermal_softening,3,3,0.42049659694248487
BCC_0pct,thermal_softening,3,4,0.034099354090345146
BCC_0pct,arrhenius,3,0,0.3924067291658344
BCC_0pct,arrhenius,3,1,0.42310085213528015
BCC_0pct,arrhenius,3,2,0.002542530709408908
BCC_0pct,arrhenius,3,3,0.3285878491200015
BCC_0pct,arrhenius,3,4,0.40439176603126115
BCC_0pct,power_law,3,0,0.31092099110525584
BCC_0pct,power_law,3,1,0.04929021412238421
BCC_0pct,power_law,3,2,-0.6003403696977798
BCC_0pct,power_law,3,3,0.05904595817449565
BCC_0pct,power_law,3,4,-0.12669161763213554
BCC_0pct,free_2stage,3,0,0.5880371788102154
BCC_0pct,free_2stage,3,1,0.416112662721127
BCC_0pct,free_2stage,3,2,0.45280344266972405
BCC_0pct,free_2stage,3,3,0.6045392093764432
BCC_0pct,free_2stage,3,4,0.5443839680486098
BCC_0pct,free_1stage,3,0,0.48464418261298026
BCC_0pct,free_1stage,3,1,0.4720667827659204
BCC_0pct,free_1stage,3,2,0.27928416229073316
BCC_0pct,free_1stage,3,3,0.42013936037165356
BCC_0pct,free_1stage,3,4,0.5221108160142616
BCC_0pct,entropy_weighted,3,0,0.3375066171151031
BCC_0pct,entropy_weighted,3,1,0.3669925263073317
BCC_0pct,entropy_weighted,3,2,0.2907113429431232
BCC_0pct,entropy_weighted,3,3,0.1929640330543787
BCC_0pct,entropy_weighted,3,4,0.3080089660778699
BCC_0pct,calphad,3,0,-3.8986848214641343
BCC_0pct,calphad,3,1,-2.928334178316937
BCC_0pct,calphad,3,2,-4.306537401855979
BCC_0pct,calphad,3,3,-3.705653946308792
BCC_0pct,calphad,3,4,-3.6190103300541194
FCC_20pct,additive,3,0,0.9088034572194775
FCC_20pct,additive,3,1,0.9274838139516322
FCC_20pct,additive,3,2,0.9413829120069722
FCC_20pct,additive,3,3,0.9287250639309926
FCC_20pct,additive,3,4,0.9187976494739467
FCC_20pct,multiplicative,3,0,0.9102144501505208
FCC_20pct,multiplicative,3,1,0.9246556704614313
FCC_20pct,multiplicative,3,2,0.9434541056057317
FCC_20pct,multiplicative,3,3,0.9273606185009181
FCC_20pct,multiplicative,3,4,0.9350493320089337
FCC_20pct,thermal_softening,3,0,0.9398317559270613
FCC_20pct,thermal_softening,3,1,0.9524847679553513
FCC_20pct,thermal_softening,3,2,0.9547541031805031
FCC_20pct,thermal_softening,3,3,0.9406243066921007
FCC_20pct,thermal_softening,3,4,0.9452569857864179
FCC_20pct,arrhenius,3,0,0.9600389956347136
FCC_20pct,arrhenius,3,1,0.9608026568175783
FCC_20pct,arrhenius,3,2,0.9534376206340549
FCC_20pct,arrhenius,3,3,0.9462606519596726
FCC_20pct,arrhenius,3,4,0.9570441548836184
FCC_20pct,power_law,3,0,0.893657978416082
FCC_20pct,power_law,3,1,0.8947635131000716
FCC_20pct,power_law,3,2,0.9372215892525699
FCC_20pct,power_law,3,3,0.9273157071555718
FCC_20pct,power_law,3,4,0.9141514576039338
FCC_20pct,free_2stage,3,0,0.9158415117911081
FCC_20pct,free_2stage,3,1,0.9446249993098158
FCC_20pct,free_2stage,3,2,0.941388983643301
FCC_20pct,free_2stage,3,3,0.9325021689885551
FCC_20pct,free_2stage,3,4,0.932635574278188
FCC_20pct,free_1stage,3,0,0.9442146454965041
FCC_20pct,free_1stage,3,1,0.948596921106023
FCC_20pct,free_1stage,3,2,0.9570433562224727
FCC_20pct,free_1stage,3,3,0.9472168763208921
FCC_20pct,free_1stage,3,4,0.9318370887849116
FCC_20pct,entropy_weighted,3,0,0.900239838646942
FCC_20pct,entropy_weighted,3,1,0.9239758924800985
FCC_20pct,entropy_weighted,3,2,0.9372201868744979
FCC_20pct,entropy_weighted,3,3,0.9236859121169513
FCC_20pct,entropy_weighted,3,4,0.9141457100913812
FCC_20pct,calphad,3,0,0.3568223216164489
FCC_20pct,calphad,3,1,0.2713858998867459
FCC_20pct,calphad,3,2,0.2692581845953872
FCC_20pct,calphad,3,3,0.3752603073480667
FCC_20pct,calphad,3,4,0.1785775386832248
HCP_20pct,additive,3,0,0.6771055897412979
HCP_20pct,additive,3,1,0.7588440637305565
HCP_20pct,additive,3,2,0.6722208154083933
HCP_20pct,additive,3,3,0.6362657193128093
HCP_20pct,additive,3,4,0.5878693332944933
HCP_20pct,multiplicative,3,0,0.5923509723736278
HCP_20pct,multiplicative,3,1,0.7132096845578038
HCP_20pct,multiplicative,3,2,0.644930249334055
HCP_20pct,multiplicative,3,3,0.627706963215245
HCP_20pct,multiplicative,3,4,0.5715168214182595
HCP_20pct,thermal_softening,3,0,0.7385459294767414
HCP_20pct,thermal_softening,3,1,0.7640026923675522
HCP_20pct,thermal_softening,3,2,0.7800471801629459
HCP_20pct,thermal_softening,3,3,0.7136901283199644
HCP_20pct,thermal_softening,3,4,0.779236889508622
HCP_20pct,arrhenius,3,0,0.7589819521917827
HCP_20pct,arrhenius,3,1,0.7894682748612234
HCP_20pct,arrhenius,3,2,0.8338692304761581
HCP_20pct,arrhenius,3,3,0.7873403550367887
HCP_20pct,arrhenius,3,4,0.8017675556843258
HCP_20pct,power_law,3,0,0.6786257046457367
HCP_20pct,power_law,3,1,0.7371732616229756
HCP_20pct,power_law,3,2,0.6437648022261067
HCP_20pct,power_law,3,3,0.6278338763007513
HCP_20pct,power_law,3,4,0.6362705293642504
HCP_20pct,free_2stage,3,0,0.6771119789758229
HCP_20pct,free_2stage,3,1,0.7031640649803417
HCP_20pct,free_2stage,3,2,0.6319826134123523
HCP_20pct,free_2stage,3,3,0.656751055302844
HCP_20pct,free_2stage,3,4,0.6545123118887308
HCP_20pct,free_1stage,3,0,0.7068993892931553
HCP_20pct,free_1stage,3,1,0.7952836176518963
HCP_20pct,free_1stage,3,2,0.7900896137510487
HCP_20pct,free_1stage,3,3,0.692307310946424
HCP_20pct,free_1stage,3,4,0.7767571248474265
HCP_20pct,entropy_weighted,3,0,0.746413523213771
HCP_20pct,entropy_weighted,3,1,0.7239779670402829
HCP_20pct,entropy_weighted,3,2,0.7409276881991969
HCP_20pct,entropy_weighted,3,3,0.7232512975922087
HCP_20pct,entropy_weighted,3,4,0.6910166329772067
HCP_20pct,calphad,3,0,0.2806656648022616
HCP_20pct,calphad,3,1,-0.04367975271414393
HCP_20pct,calphad,3,2,-0.04378344374182097
HCP_20pct,calphad,3,3,0.13034517572435067
HCP_20pct,calphad,3,4,0.4763310252233197
BCC_20pct,additive,3,0,0.8454239539049899
BCC_20pct,additive,3,1,0.8637236833639774
BCC_20pct,additive,3,2,0.8416763467661647
BCC_20pct,additive,3,3,0.8158250499070115
BCC_20pct,additive,3,4,0.821076471891963
BCC_20pct,multiplicative,3,0,0.8675049208747807
BCC_20pct,multiplicative,3,1,0.8305039193512632
BCC_20pct,multiplicative,3,2,0.88178099478468
BCC_20pct,multiplicative,3,3,0.837258172673961
BCC_20pct,multiplicative,3,4,0.8872418030447438
BCC_20pct,thermal_softening,3,0,0.9263410033399057
BCC_20pct,thermal_softening,3,1,0.8688873254794698
BCC_20pct,thermal_softening,3,2,0.8759043439829549
BCC_20pct,thermal_softening,3,3,0.92008128946453
BCC_20pct,thermal_softening,3,4,0.8925540400244669
BCC_20pct,arrhenius,3,0,0.9075652763442262
BCC_20pct,arrhenius,3,1,0.9034811052042119
BCC_20pct,arrhenius,3,2,0.8667723629989943
BCC_20pct,arrhenius,3,3,0.9009185411331245
BCC_20pct,arrhenius,3,4,0.8548579093241497
BCC_20pct,power_law,3,0,0.8885882056895832
BCC_20pct,power_law,3,1,0.868892686755276
BCC_20pct,power_law,3,2,0.8836509685015119
BCC_20pct,power_law,3,3,0.8734639029332426
BCC_20pct,power_law,3,4,0.8795228758697223
BCC_20pct,free_2stage,3,0,0.8878078204608737
BCC_20pct,free_2stage,3,1,0.8938915090088962
BCC_20pct,free_2stage,3,2,0.8731406412143408
BCC_20pct,free_2stage,3,3,0.8934701125370837
BCC_20pct,free_2stage,3,4,0.8924762302488534
BCC_20pct,free_1stage,3,0,0.8907827037093268
BCC_20pct,free_1stage,3,1,0.8984142267831919
BCC_20pct,free_1stage,3,2,0.8415881033299769
BCC_20pct,free_1stage,3,3,0.8373519925804959
BCC_20pct,free_1stage,3,4,0.8690480194528118
BCC_20pct,entropy_weighted,3,0,0.8673385319915868
BCC_20pct,entropy_weighted,3,1,0.8793882349954681
BCC_20pct,entropy_weighted,3,2,0.8816804114672028
BCC_20pct,entropy_weighted,3,3,0.8644907699631855
BCC_20pct,entropy_weighted,3,4,0.8789946159159732
BCC_20pct,calphad,3,0,-0.8775255020114638
BCC_20pct,calphad,3,1,-1.2364966594428504
BCC_20pct,calphad,3,2,-1.461744824699017
BCC_20pct,calphad,3,3,-1.616075198953006
BCC_20pct,calphad,3,4,-1.2826073955256643
Other_0pct,additive,3,0,0.9782152837198868
Other_0pct,additive,3,1,0.9730743630946211
Other_0pct,additive,3,2,0.9758160670086038
Other_0pct,additive,3,3,0.971980306074688
Other_0pct,additive,3,4,0.9757199844056679
Other_0pct,multiplicative,3,0,0.9798266707839767
Other_0pct,multiplicative,3,1,0.97452146293682
Other_0pct,multiplicative,3,2,0.9717896218868665
Other_0pct,multiplicative,3,3,0.9706708385117789
Other_0pct,multiplicative,3,4,0.9790722056400037
Other_0pct,thermal_softening,3,0,0.9951646196633959
Other_0pct,thermal_softening,3,1,0.9964006404368403
Other_0pct,thermal_softening,3,2,0.9951123986092012
Other_0pct,thermal_softening,3,3,0.9946937402405179
Other_0pct,thermal_softening,3,4,0.9931389016070165
Other_0pct,arrhenius,3,0,0.9946991237902214
Other_0pct,arrhenius,3,1,0.9925133788827555
Other_0pct,arrhenius,3,2,0.9970581226696836
Other_0pct,arrhenius,3,3,0.9961362265347021
Other_0pct,arrhenius,3,4,0.9972381982924389
Other_0pct,power_law,3,0,0.9795929007746909
Other_0pct,power_law,3,1,0.974047598188231
Other_0pct,power_law,3,2,0.9759460116969672
Other_0pct,power_law,3,3,0.976830763940847
Other_0pct,power_law,3,4,0.9780514515170882
Other_0pct,free_2stage,3,0,0.9831351311880248
Other_0pct,free_2stage,3,1,0.9729798246504432
Other_0pct,free_2stage,3,2,0.9913895972635106
Other_0pct,free_2stage,3,3,0.9793046333745384
Other_0pct,free_2stage,3,4,0.9752356746705937
Other_0pct,free_1stage,3,0,0.9983751215587441
Other_0pct,free_1stage,3,1,0.9985222675248975
Other_0pct,free_1stage,3,2,0.9991271092012023
Other_0pct,free_1stage,3,3,0.9992584843684732
Other_0pct,free_1stage,3,4,0.9985486821042422
Other_0pct,entropy_weighted,3,0,0.9793134585250824
Other_0pct,entropy_weighted,3,1,0.9743358729062814
Other_0pct,entropy_weighted,3,2,0.9788193905886143
Other_0pct,entropy_weighted,3,3,0.9758432784460097
Other_0pct,entropy_weighted,3,4,0.978667255801329
Other_0pct,calphad,3,0,0.13966668724592446
Other_0pct,calphad,3,1,0.1371718764913481
Other_0pct,calphad,3,2,0.13683117591964378
Other_0pct,calphad,3,3,0.1463770133611907
Other_0pct,calphad,3,4,0.1415459660463224
Other_20pct,additive,3,0,0.9820749565380961
Other_20pct,additive,3,1,0.9820311418168407
Other_20pct,additive,3,2,0.9856829583377057
Other_20pct,additive,3,3,0.9808439731839943
Other_20pct,additive,3,4,0.9823819863805904
Other_20pct,multiplicative,3,0,0.984420844035466
Other_20pct,multiplicative,3,1,0.9835004659528799
Other_20pct,multiplicative,3,2,0.9871226844194455
Other_20pct,multiplicative,3,3,0.9817555100592334
Other_20pct,multiplicative,3,4,0.984142253196104
Other_20pct,thermal_softening,3,0,0.9925083328498139
Other_20pct,thermal_softening,3,1,0.9923376650443426
Other_20pct,thermal_softening,3,2,0.995210622362455
Other_20pct,thermal_softening,3,3,0.9965023921567432
Other_20pct,thermal_softening,3,4,0.9959056982073021
Other_20pct,arrhenius,3,0,0.9956351587211397
Other_20pct,arrhenius,3,1,0.9948149754045009
Other_20pct,arrhenius,3,2,0.9958266540150029
Other_20pct,arrhenius,3,3,0.9977255569429201
Other_20pct,arrhenius,3,4,0.9963650988031794
Other_20pct,power_law,3,0,0.9836590767320507
Other_20pct,power_law,3,1,0.9830641875541068
Other_20pct,power_law,3,2,0.9886482930771505
Other_20pct,power_law,3,3,0.9827782106868397
Other_20pct,power_law,3,4,0.9840720370978262
Other_20pct,free_2stage,3,0,0.9868270709613415
Other_20pct,free_2stage,3,1,0.980731317200824
Other_20pct,free_2stage,3,2,0.9844966262599024
Other_20pct,free_2stage,3,3,0.9887736094820142
Other_20pct,free_2stage,3,4,0.9823808307166191
Other_20pct,free_1stage,3,0,0.9966471228638046
Other_20pct,free_1stage,3,1,0.9977061405939989
Other_20pct,free_1stage,3,2,0.9964073708066061
Other_20pct,free_1stage,3,3,0.9965732095352849
Other_20pct,free_1stage,3,4,0.996190159999257
Other_20pct,entropy_weighted,3,0,0.9845326156732813
Other_20pct,entropy_weighted,3,1,0.9825504137446279
Other_20pct,entropy_weighted,3,2,0.987044118564716
Other_20pct,entropy_weighted,3,3,0.9815477856092834
Other_20pct,entropy_weighted,3,4,0.9838913630107687
Other_20pct,calphad,3,0,0.2580060499802219
Other_20pct,calphad,3,1,0.21126601273934154
Other_20pct,calphad,3,2,0.19223750635776315
Other_20pct,calphad,3,3,0.2563930238220492
Other_20pct,calphad,3,4,0.2546498879627591
Youngs_modulus,additive,4,0,0.9693953882921909
Youngs_modulus,additive,4,1,0.9654357636203519
Youngs_modulus,additive,4,2,0.9725921525139091
Youngs_modulus,additive,4,3,0.967927689509665
Youngs_modulus,additive,4,4,0.96959029020738
Youngs_modulus,multiplicative,4,0,0.9736470042044855
Youngs_modulus,multiplicative,4,1,0.9693117757096433
Youngs_modulus,multiplicative,4,2,0.9785063336120143
Youngs_modulus,multiplicative,4,3,0.9738000550537644
Youngs_modulus,multiplicative,4,4,0.9723878497232331
Youngs_modulus,thermal_softening,4,0,0.9852165058302649
Youngs_modulus,thermal_softening,4,1,0.9825260838432255
Youngs_modulus,thermal_softening,4,2,0.9934165275681903
Youngs_modulus,thermal_softening,4,3,0.98307120608747
Youngs_modulus,thermal_softening,4,4,0.9898224158335206
Youngs_modulus,arrhenius,4,0,0.9896306307915672
Youngs_modulus,arrhenius,4,1,0.9906914862332609
Youngs_modulus,arrhenius,4,2,0.9920590243946338
Youngs_modulus,arrhenius,4,3,0.9916903418354562
Youngs_modulus,arrhenius,4,4,0.9894702056548078
Youngs_modulus,power_law,4,0,0.9736438873356633
Youngs_modulus,power_law,4,1,0.9693119499115992
Youngs_modulus,power_law,4,2,0.9778357802719103
Youngs_modulus,power_law,4,3,0.9747376438502358
Youngs_modulus,power_law,4,4,0.9725391256591277
Youngs_modulus,free_2stage,4,0,0.9744749459951481
Youngs_modulus,free_2stage,4,1,0.9692426405270378
Youngs_modulus,free_2stage,4,2,0.9782060453611915
Youngs_modulus,free_2stage,4,3,0.9735037046025763
Youngs_modulus,free_2stage,4,4,0.970980992293459
Youngs_modulus,free_1stage,4,0,0.97689795490155
Youngs_modulus,free_1stage,4,1,0.9825697166043519
Youngs_modulus,free_1stage,4,2,0.9830427254014165
Youngs_modulus,free_1stage,4,3,0.9768836633444279
Youngs_modulus,free_1stage,4,4,0.989850793551484
Youngs_modulus,entropy_weighted,4,0,0.9789619137404925
Youngs_modulus,entropy_weighted,4,1,0.9630151141294537
Youngs_modulus,entropy_weighted,4,2,0.9826658456658094
Youngs_modulus,entropy_weighted,4,3,0.9789499276048845
Youngs_modulus,entropy_weighted,4,4,0.9748834170645075
Youngs_modulus,calphad,4,0,-1.1828785584654073
Youngs_modulus,calphad,4,1,-1.180414498322952
Youngs_modulus,calphad,4,2,-1.0383144605842345
Youngs_modulus,calphad,4,3,-1.1285938731082803
Youngs_modulus,calphad,4,4,-1.1510621940931753
UTS,additive,4,0,0.9903374769078095
UTS,additive,4,1,0.9896714045666949
UTS,additive,4,2,0.9934339138409615
UTS,additive,4,3,0.991251196736612
UTS,additive,4,4,0.9925653673455438
UTS,multiplicative,4,0,0.9893091452820019
UTS,multiplicative,4,1,0.9898032463506603
UTS,multiplicative,4,2,0.992197744757955
UTS,multiplicative,4,3,0.9901964030315835
UTS,multiplicative,4,4,0.991065389790549
UTS,thermal_softening,4,0,0.9946415455707978
UTS,thermal_softening,4,1,0.9921463587602108
UTS,thermal_softening,4,2,0.994464892600337
UTS,thermal_softening,4,3,0.9938205434417143
UTS,thermal_softening,4,4,0.9941707120526758
UTS,arrhenius,4,0,0.9927692089457952
UTS,arrhenius,4,1,0.9900034442593009
UTS,arrhenius,4,2,0.9945083677686303
UTS,arrhenius,4,3,0.9949018559795931
UTS,arrhenius,4,4,0.9943901772735855
UTS,power_law,4,0,0.9893090774544804
UTS,power_law,4,1,0.9876632783416945
UTS,power_law,4,2,0.9934470262209429
UTS,power_law,4,3,0.9901964314741908
UTS,power_law,4,4,0.9910655503203915
UTS,free_2stage,4,0,0.9910174261602557
UTS,free_2stage,4,1,0.989671294188811
UTS,free_2stage,4,2,0.9923390005489207
UTS,free_2stage,4,3,0.9912511386444547
UTS,free_2stage,4,4,0.9932537826474077
UTS,free_1stage,4,0,0.9922825675054208
UTS,free_1stage,4,1,0.9918480249518086
UTS,free_1stage,4,2,0.9935137948174558
UTS,free_1stage,4,3,0.9932971273472357
UTS,free_1stage,4,4,0.9935191791042486
UTS,entropy_weighted,4,0,0.989624748423786
UTS,entropy_weighted,4,1,0.9887064740196967
UTS,entropy_weighted,4,2,0.9918416877291819
UTS,entropy_weighted,4,3,0.9901932937630604
UTS,entropy_weighted,4,4,0.9906378375856201
UTS,calphad,4,0,-3.50407472627351
UTS,calphad,4,1,-3.6401895157444883
UTS,calphad,4,2,-3.5183785793679547
UTS,calphad,4,3,-3.5145175343140336
UTS,calphad,4,4,-3.6552337720550954
Disloc_0pct,additive,4,0,0.9736795373635578
Disloc_0pct,additive,4,1,0.9667746212038911
Disloc_0pct,additive,4,2,0.9677190869177384
Disloc_0pct,additive,4,3,0.9784641877332441
Disloc_0pct,additive,4,4,0.9661645329844517
Disloc_0pct,multiplicative,4,0,0.9779931825067366
Disloc_0pct,multiplicative,4,1,0.9749498028480594
Disloc_0pct,multiplicative,4,2,0.9734647610293282
Disloc_0pct,multiplicative,4,3,0.9753441569938056
Disloc_0pct,multiplicative,4,4,0.9704840020921032
Disloc_0pct,thermal_softening,4,0,0.97450896924574
Disloc_0pct,thermal_softening,4,1,0.9749503887000148
Disloc_0pct,thermal_softening,4,2,0.9743714450628214
Disloc_0pct,thermal_softening,4,3,0.9795686468065248
Disloc_0pct,thermal_softening,4,4,0.9716114712871904
Disloc_0pct,arrhenius,4,0,0.9780393426676479
Disloc_0pct,arrhenius,4,1,0.9764348477155743
Disloc_0pct,arrhenius,4,2,0.9723594293662482
Disloc_0pct,arrhenius,4,3,0.9784202354229888
Disloc_0pct,arrhenius,4,4,0.9733485280778442
Disloc_0pct,power_law,4,0,0.9715399522077822
Disloc_0pct,power_law,4,1,0.9749509901058174
Disloc_0pct,power_law,4,2,0.9653467230760903
Disloc_0pct,power_law,4,3,0.9753939314837019
Disloc_0pct,power_law,4,4,0.9703929408582584
Disloc_0pct,free_2stage,4,0,0.9736813748608819
Disloc_0pct,free_2stage,4,1,0.9667737208526582
Disloc_0pct,free_2stage,4,2,0.9677190814326293
Disloc_0pct,free_2stage,4,3,0.9784568929538285
Disloc_0pct,free_2stage,4,4,0.9661639646459246
Disloc_0pct,free_1stage,4,0,0.981869941017854
Disloc_0pct,free_1stage,4,1,0.9777798088523831
Disloc_0pct,free_1stage,4,2,0.9764676990172635
Disloc_0pct,free_1stage,4,3,0.9819699247461682
Disloc_0pct,free_1stage,4,4,0.9735440076256368
Disloc_0pct,entropy_weighted,4,0,0.9715843298987296
Disloc_0pct,entropy_weighted,4,1,0.9750729472441378
Disloc_0pct,entropy_weighted,4,2,0.9642410102857889
Disloc_0pct,entropy_weighted,4,3,0.9752940729972094
Disloc_0pct,entropy_weighted,4,4,0.9628885363456923
Disloc_0pct,calphad,4,0,-0.34139652483843674
Disloc_0pct,calphad,4,1,-0.5061257826846033
Disloc_0pct,calphad,4,2,-0.4486900134260017
Disloc_0pct,calphad,4,3,-0.49483407086224407
Disloc_0pct,calphad,4,4,-0.44897107333803477
Disloc_20pct,additive,4,0,0.890976566990698
Disloc_20pct,additive,4,1,0.8674427809401742
Disloc_20pct,additive,4,2,0.8780544078286797
Disloc_20pct,additive,4,3,0.9189160106213901
Disloc_20pct,additive,4,4,0.9011302954187552
Disloc_20pct,multiplicative,4,0,0.8932504293888993
Disloc_20pct,multiplicative,4,1,0.858987616942429
Disloc_20pct,multiplicative,4,2,0.8560186558860791
Disloc_20pct,multiplicative,4,3,0.8978227663996688
Disloc_20pct,multiplicative,4,4,0.8706197600192647
Disloc_20pct,thermal_softening,4,0,0.8968095913017996
Disloc_20pct,thermal_softening,4,1,0.9041064623253847
Disloc_20pct,thermal_softening,4,2,0.9113774307234599
Disloc_20pct,thermal_softening,4,3,0.9152823972305505
Disloc_20pct,thermal_softening,4,4,0.9018133874914729
Disloc_20pct,arrhenius,4,0,0.8893305775010664
Disloc_20pct,arrhenius,4,1,0.8755637137408419
Disloc_20pct,arrhenius,4,2,0.8957907520908415
Disloc_20pct,arrhenius,4,3,0.9194743973576716
Disloc_20pct,arrhenius,4,4,0.9046375547110785
Disloc_20pct,power_law,4,0,0.8691168477838194
Disloc_20pct,power_law,4,1,0.8583334003005185
Disloc_20pct,power_law,4,2,0.8658745944884872
Disloc_20pct,power_law,4,3,0.9199002946860776
Disloc_20pct,power_law,4,4,0.8655562471104226
Disloc_20pct,free_2stage,4,0,0.8938322735397094
Disloc_20pct,free_2stage,4,1,0.8674416155200657
Disloc_20pct,free_2stage,4,2,0.8780599648136329
Disloc_20pct,free_2stage,4,3,0.9189192415004623
Disloc_20pct,free_2stage,4,4,0.8791862662727664
Disloc_20pct,free_1stage,4,0,0.9075888556883491
Disloc_20pct,free_1stage,4,1,0.8943285936983649
Disloc_20pct,free_1stage,4,2,0.9046526188810883
Disloc_20pct,free_1stage,4,3,0.9412885690834614
Disloc_20pct,free_1stage,4,4,0.8898123345438705
Disloc_20pct,entropy_weighted,4,0,0.8997134156188901
Disloc_20pct,entropy_weighted,4,1,0.8587053296604659
Disloc_20pct,entropy_weighted,4,2,0.8649739148286394
Disloc_20pct,entropy_weighted,4,3,0.9069640662517775
Disloc_20pct,entropy_weighted,4,4,0.8925380614757324
Disloc_20pct,calphad,4,0,-0.14440569078910914
Disloc_20pct,calphad,4,1,-0.25956077107091646
Disloc_20pct,calphad,4,2,-0.4816422934050313
Disloc_20pct,calphad,4,3,-0.31568710940792566
Disloc_20pct,calphad,4,4,-0.3534373181546653
FCC_0pct,additive,4,0,0.9799900065459283
FCC_0pct,additive,4,1,0.9764180287864209
FCC_0pct,additive,4,2,0.9783244531041367
FCC_0pct,additive,4,3,0.9747779116736094
FCC_0pct,additive,4,4,0.9780751626458389
FCC_0pct,multiplicative,4,0,0.9717857036373375
FCC_0pct,multiplicative,4,1,0.9752619435495368
FCC_0pct,multiplicative,4,2,0.9696513363837029
FCC_0pct,multiplicative,4,3,0.9671674151045878
FCC_0pct,multiplicative,4,4,0.9693664169479975
FCC_0pct,thermal_softening,4,0,0.9936120950431693
FCC_0pct,thermal_softening,4,1,0.9961280248736617
FCC_0pct,thermal_softening,4,2,0.9944477680079588
FCC_0pct,thermal_softening,4,3,0.997943979014562
FCC_0pct,thermal_softening,4,4,0.9936377285497306
FCC_0pct,arrhenius,4,0,0.9984532950248202
FCC_0pct,arrhenius,4,1,0.9966103306713815
FCC_0pct,arrhenius,4,2,0.9989765641948695
FCC_0pct,arrhenius,4,3,0.9965303288242876
FCC_0pct,arrhenius,4,4,0.998547968539164
FCC_0pct,power_law,4,0,0.9794375190118227
FCC_0pct,power_law,4,1,0.9779539470502212
FCC_0pct,power_law,4,2,0.9696421528597249
FCC_0pct,power_law,4,3,0.9662492135622811
FCC_0pct,power_law,4,4,0.976811612469131
FCC_0pct,free_2stage,4,0,0.979876530316001
FCC_0pct,free_2stage,4,1,0.975780873650027
FCC_0pct,free_2stage,4,2,0.9784779328749063
FCC_0pct,free_2stage,4,3,0.9755003767857605
FCC_0pct,free_2stage,4,4,0.9776507405857496
FCC_0pct,free_1stage,4,0,0.9983059208538262
FCC_0pct,free_1stage,4,1,0.9975781778468573
FCC_0pct,free_1stage,4,2,0.998785051614589
FCC_0pct,free_1stage,4,3,0.9981389938250292
FCC_0pct,free_1stage,4,4,0.9974089099236698
FCC_0pct,entropy_weighted,4,0,0.979564033347154
FCC_0pct,entropy_weighted,4,1,0.9757527757556734
FCC_0pct,entropy_weighted,4,2,0.9779994517080692
FCC_0pct,entropy_weighted,4,3,0.976374141278679
FCC_0pct,entropy_weighted,4,4,0.9773949004990565
FCC_0pct,calphad,4,0,0.10747139324889299
FCC_0pct,calphad,4,1,0.08303626314401469
FCC_0pct,calphad,4,2,0.11039870678447561
FCC_0pct,calphad,4,3,0.11369920792803645
FCC_0pct,calphad,4,4,0.11072616768958243
HCP_0pct,additive,4,0,0.5317926436555135
HCP_0pct,additive,4,1,0.5590304173673958
HCP_0pct,additive,4,2,0.6336893999064019
HCP_0pct,additive,4,3,0.593538709688548
HCP_0pct,additive,4,4,0.5953788430159406
HCP_0pct,multiplicative,4,0,0.5428912207755185
HCP_0pct,multiplicative,4,1,0.5721667134372298
HCP_0pct,multiplicative,4,2,0.6417670380512931
HCP_0pct,multiplicative,4,3,0.6025414677887925
HCP_0pct,multiplicative,4,4,0.6096362426153838
HCP_0pct,thermal_softening,4,0,0.6625249826175982
HCP_0pct,thermal_softening,4,1,0.5721694559918828
HCP_0pct,thermal_softening,4,2,0.6747339168899426
HCP_0pct,thermal_softening,4,3,0.6535416556785768
HCP_0pct,thermal_softening,4,4,0.6951272841103128
HCP_0pct,arrhenius,4,0,0.5560404686247371
HCP_0pct,arrhenius,4,1,0.5923236895154151
HCP_0pct,arrhenius,4,2,0.7370407710898723
HCP_0pct,arrhenius,4,3,0.6303045556550576
HCP_0pct,arrhenius,4,4,0.6244512685601205
HCP_0pct,power_law,4,0,0.5428913081480327
HCP_0pct,power_law,4,1,0.5721685932154501
HCP_0pct,power_law,4,2,0.6417646598753093
HCP_0pct,power_law,4,3,0.602536112613474
HCP_0pct,power_law,4,4,0.6096350976227191
HCP_0pct,free_2stage,4,0,0.536723742662274
HCP_0pct,free_2stage,4,1,0.5886678391583537
HCP_0pct,free_2stage,4,2,0.6518307116209424
HCP_0pct,free_2stage,4,3,0.6174539205032434
HCP_0pct,free_2stage,4,4,0.6149280433530975
HCP_0pct,free_1stage,4,0,0.6768463491919485
HCP_0pct,free_1stage,4,1,0.640835088578223
HCP_0pct,free_1stage,4,2,0.7542415193504146
HCP_0pct,free_1stage,4,3,0.6567787435471957
HCP_0pct,free_1stage,4,4,0.6543217366136906
HCP_0pct,entropy_weighted,4,0,0.5560465809543091
HCP_0pct,entropy_weighted,4,1,0.5923232800715188
HCP_0pct,entropy_weighted,4,2,0.6647285157344696
HCP_0pct,entropy_weighted,4,3,0.6303077633418365
HCP_0pct,entropy_weighted,4,4,0.6244497340083481
HCP_0pct,calphad,4,0,-4.655680504740735
HCP_0pct,calphad,4,1,-4.13812306272104
HCP_0pct,calphad,4,2,-4.114186865581174
HCP_0pct,calphad,4,3,-4.407768102168344
HCP_0pct,calphad,4,4,-4.836616415619181
BCC_0pct,additive,4,0,0.3355943238427085
BCC_0pct,additive,4,1,0.41653209298237803
BCC_0pct,additive,4,2,0.22054394344093353
BCC_0pct,additive,4,3,0.1763398872805484
BCC_0pct,additive,4,4,0.38172485969913417
BCC_0pct,multiplicative,4,0,0.28020140168002894
BCC_0pct,multiplicative,4,1,-0.25208951179874184
BCC_0pct,multiplicative,4,2,-0.24721583137764735
BCC_0pct,multiplicative,4,3,0.11335672951225961
BCC_0pct,multiplicative,4,4,0.17163642370600918
BCC_0pct,thermal_softening,4,0,0.3351328188191748
BCC_0pct,thermal_softening,4,1,0.49939433855152204
BCC_0pct,thermal_softening,4,2,0.19581359814828458
BCC_0pct,thermal_softening,4,3,0.4139963249258226
BCC_0pct,thermal_softening,4,4,0.4071647337132456
BCC_0pct,arrhenius,4,0,0.37417668748285426
BCC_0pct,arrhenius,4,1,0.461830438818995
BCC_0pct,arrhenius,4,2,0.3294427902602066
BCC_0pct,arrhenius,4,3,0.4039464172589722
BCC_0pct,arrhenius,4,4,0.4043863277136125
BCC_0pct,power_law,4,0,0.07334388227392619
BCC_0pct,power_law,4,1,0.11361797921182193
BCC_0pct,power_law,4,2,-0.4499281606742027
BCC_0pct,power_law,4,3,0.10608097242198145
BCC_0pct,power_law,4,4,0.19423735800681852
BCC_0pct,free_2stage,4,0,0.5638622729967353
BCC_0pct,free_2stage,4,1,0.49864323077812966
BCC_0pct,free_2stage,4,2,0.41507683496981285
BCC_0pct,free_2stage,4,3,0.5194297260508887
BCC_0pct,free_2stage,4,4,0.49482409741736366
BCC_0pct,free_1stage,4,0,0.3725779532767255
BCC_0pct,free_1stage,4,1,0.5340935116470209
BCC_0pct,free_1stage,4,2,0.29333382490665905
BCC_0pct,free_1stage,4,3,0.5399457561984081
BCC_0pct,free_1stage,4,4,0.5304669237653517
BCC_0pct,entropy_weighted,4,0,0.34258440047539884
BCC_0pct,entropy_weighted,4,1,0.21676983074652179
BCC_0pct,entropy_weighted,4,2,0.297998973877883
BCC_0pct,entropy_weighted,4,3,0.1992839983726351
BCC_0pct,entropy_weighted,4,4,-0.049007438510993984
BCC_0pct,calphad,4,0,-3.849078247810759
BCC_0pct,calphad,4,1,-2.9284031755938837
BCC_0pct,calphad,4,2,-4.148594429694746
BCC_0pct,calphad,4,3,-3.8794527585677328
BCC_0pct,calphad,4,4,-3.5601565868740455
FCC_20pct,additive,4,0,0.9231124611103438
FCC_20pct,additive,4,1,0.9303772543587632
FCC_20pct,additive,4,2,0.9506780069671815
FCC_20pct,additive,4,3,0.9338841303412062
FCC_20pct,additive,4,4,0.941881984627135
FCC_20pct,multiplicative,4,0,0.9076879987661828
FCC_20pct,multiplicative,4,1,0.9279443903180475
FCC_20pct,multiplicative,4,2,0.9416861359318608
FCC_20pct,multiplicative,4,3,0.9211524761282424
FCC_20pct,multiplicative,4,4,0.9141560603900968
FCC_20pct,thermal_softening,4,0,0.957269282507454
FCC_20pct,thermal_softening,4,1,0.9550431558004417
FCC_20pct,thermal_softening,4,2,0.957494538165155
FCC_20pct,thermal_softening,4,3,0.9637919324132613
FCC_20pct,thermal_softening,4,4,0.9508276017053359
FCC_20pct,arrhenius,4,0,0.9484492730166822
FCC_20pct,arrhenius,4,1,0.9650647239151382
FCC_20pct,arrhenius,4,2,0.9459268077051521
FCC_20pct,arrhenius,4,3,0.9380092514751163
FCC_20pct,arrhenius,4,4,0.9555432695521495
FCC_20pct,power_law,4,0,0.8937596366432967
FCC_20pct,power_law,4,1,0.9386734576658078
FCC_20pct,power_law,4,2,0.9372069122593107
FCC_20pct,power_law,4,3,0.9248972419948501
FCC_20pct,power_law,4,4,0.9350746357007277
FCC_20pct,free_2stage,4,0,0.9088028180629442
FCC_20pct,free_2stage,4,1,0.9446291221785035
FCC_20pct,free_2stage,4,2,0.941375831906215
FCC_20pct,free_2stage,4,3,0.9325019588444579
FCC_20pct,free_2stage,4,4,0.9354704642947429
FCC_20pct,free_1stage,4,0,0.948479812558328
FCC_20pct,free_1stage,4,1,0.9626887047828971
FCC_20pct,free_1stage,4,2,0.9601872889840734
FCC_20pct,free_1stage,4,3,0.9530048478963162
FCC_20pct,free_1stage,4,4,0.9506679918765942
FCC_20pct,entropy_weighted,4,0,0.9179908054665157
FCC_20pct,entropy_weighted,4,1,0.9222183510487283
FCC_20pct,entropy_weighted,4,2,0.9471937587229844
FCC_20pct,entropy_weighted,4,3,0.9274247178440992
FCC_20pct,entropy_weighted,4,4,0.9349548526875089
FCC_20pct,calphad,4,0,0.19390960410455904
FCC_20pct,calphad,4,1,0.30701327161379555
FCC_20pct,calphad,4,2,0.3971226637132045
FCC_20pct,calphad,4,3,0.32786618494653474
FCC_20pct,calphad,4,4,0.1794167215830087
HCP_20pct,additive,4,0,0.6087912127187127
HCP_20pct,additive,4,1,0.7031640319261425
HCP_20pct,additive,4,2,0.6212591966463601
HCP_20pct,additive,4,3,0.6567521207370721
HCP_20pct,additive,4,4,0.6648410627168642
HCP_20pct,multiplicative,4,0,0.6825330073378439
HCP_20pct,multiplicative,4,1,0.7140801780671698
HCP_20pct,multiplicative,4,2,0.6032847774222003
HCP_20pct,multiplicative,4,3,0.6277122743638186
HCP_20pct,multiplicative,4,4,0.6367966808770724
HCP_20pct,thermal_softening,4,0,0.7958783878056084
HCP_20pct,thermal_softening,4,1,0.7642513651583298
HCP_20pct,thermal_softening,4,2,0.7121798246127274
HCP_20pct,thermal_softening,4,3,0.7329429002025851
HCP_20pct,thermal_softening,4,4,0.7709917407478166
HCP_20pct,arrhenius,4,0,0.7776048910203927
HCP_20pct,arrhenius,4,1,0.8036863654557073
HCP_20pct,arrhenius,4,2,0.7651876083631243
HCP_20pct,arrhenius,4,3,0.6963387406193751
HCP_20pct,arrhenius,4,4,0.8017720585350353
HCP_20pct,power_law,4,0,0.7001662590231099
HCP_20pct,power_law,4,1,0.6834894221796597
HCP_20pct,power_law,4,2,0.6537096961351185
HCP_20pct,power_law,4,3,0.6086045720629187
HCP_20pct,power_law,4,4,0.6453986015449443
HCP_20pct,free_2stage,4,0,0.7640112666723333
HCP_20pct,free_2stage,4,1,0.7634539846855553
HCP_20pct,free_2stage,4,2,0.6722207873905184
HCP_20pct,free_2stage,4,3,0.6567520559103195
HCP_20pct,free_2stage,4,4,0.5860367056261488
HCP_20pct,free_1stage,4,0,0.7742091121792581
HCP_20pct,free_1stage,4,1,0.7496403693811736
HCP_20pct,free_1stage,4,2,0.7240488696339766
HCP_20pct,free_1stage,4,3,0.664634180479142
HCP_20pct,free_1stage,4,4,0.7460946992230154
HCP_20pct,entropy_weighted,4,0,0.7823937199429009
HCP_20pct,entropy_weighted,4,1,0.7473361571027995
HCP_20pct,entropy_weighted,4,2,0.6485347950548698
HCP_20pct,entropy_weighted,4,3,0.7232631581897857
HCP_20pct,entropy_weighted,4,4,0.6910161925739406
HCP_20pct,calphad,4,0,0.2800784526837904
HCP_20pct,calphad,4,1,-0.15018271436715946
HCP_20pct,calphad,4,2,-0.04468959940587891
HCP_20pct,calphad,4,3,-0.019663530576464083
HCP_20pct,calphad,4,4,-0.04589014835311711
BCC_20pct,additive,4,0,0.8439240055650774
BCC_20pct,additive,4,1,0.8464336339261409
BCC_20pct,additive,4,2,0.8066853142164956
BCC_20pct,additive,4,3,0.7971255901809798
BCC_20pct,additive,4,4,0.8315085920295441
BCC_20pct,multiplicative,4,0,0.8939908612718235
BCC_20pct,multiplicative,4,1,0.8378095278945096
BCC_20pct,multiplicative,4,2,0.8563175954384005
BCC_20pct,multiplicative,4,3,0.8904237034692908
BCC_20pct,multiplicative,4,4,0.8798486671072216
BCC_20pct,thermal_softening,4,0,0.8675179583036887
BCC_20pct,thermal_softening,4,1,0.8667057736719932
BCC_20pct,thermal_softening,4,2,0.8838024738219608
BCC_20pct,thermal_softening,4,3,0.8630770887570396
BCC_20pct,thermal_softening,4,4,0.8583876648735772
BCC_20pct,arrhenius,4,0,0.8939216917554323
BCC_20pct,arrhenius,4,1,0.8793100623969907
BCC_20pct,arrhenius,4,2,0.883201180810906
BCC_20pct,arrhenius,4,3,0.8885819125579585
BCC_20pct,arrhenius,4,4,0.8709945088254665
BCC_20pct,power_law,4,0,0.8606120978380422
BCC_20pct,power_law,4,1,0.9009908560189547
BCC_20pct,power_law,4,2,0.8817796567552485
BCC_20pct,power_law,4,3,0.8121416847993687
BCC_20pct,power_law,4,4,0.8743732445777945
BCC_20pct,free_2stage,4,0,0.8958444391705224
BCC_20pct,free_2stage,4,1,0.92487148226635
BCC_20pct,free_2stage,4,2,0.8938349477641598
BCC_20pct,free_2stage,4,3,0.908526920464252
BCC_20pct,free_2stage,4,4,0.8947539176409206
BCC_20pct,free_1stage,4,0,0.8161810703933656
BCC_20pct,free_1stage,4,1,0.8694374090082998
BCC_20pct,free_1stage,4,2,0.7973758742064374
BCC_20pct,free_1stage,4,3,0.8054972537711954
BCC_20pct,free_1stage,4,4,0.8783754519402469
BCC_20pct,entropy_weighted,4,0,0.8616426589972328
BCC_20pct,entropy_weighted,4,1,0.8329323732511472
BCC_20pct,entropy_weighted,4,2,0.8500659181914301
BCC_20pct,entropy_weighted,4,3,0.8929050319264121
BCC_20pct,entropy_weighted,4,4,0.8651891594142882
BCC_20pct,calphad,4,0,-1.0049379510271566
BCC_20pct,calphad,4,1,-0.4613702699957538
BCC_20pct,calphad,4,2,-1.6705797951191586
BCC_20pct,calphad,4,3,-1.582279224153583
BCC_20pct,calphad,4,4,-1.0147047153913826
Other_0pct,additive,4,0,0.9779529238886822
Other_0pct,additive,4,1,0.9746054172142294
Other_0pct,additive,4,2,0.9761485233910443
Other_0pct,additive,4,3,0.9741332185957384
Other_0pct,additive,4,4,0.9764097313305847
Other_0pct,multiplicative,4,0,0.980012737852299
Other_0pct,multiplicative,4,1,0.974036573358923
Other_0pct,multiplicative,4,2,0.9789673991939666
Other_0pct,multiplicative,4,3,0.9690639785508545
Other_0pct,multiplicative,4,4,0.9781949609253542
Other_0pct,thermal_softening,4,0,0.9943633901252207
Other_0pct,thermal_softening,4,1,0.9977764887492611
Other_0pct,thermal_softening,4,2,0.9965398058791429
Other_0pct,thermal_softening,4,3,0.9951658773967174
Other_0pct,thermal_softening,4,4,0.995655805079018
Other_0pct,arrhenius,4,0,0.9983425115754724
Other_0pct,arrhenius,4,1,0.9980136911746466
Other_0pct,arrhenius,4,2,0.9978703212273394
Other_0pct,arrhenius,4,3,0.9992144348514282
Other_0pct,arrhenius,4,4,0.9961387512752725
Other_0pct,power_law,4,0,0.9796207752083965
Other_0pct,power_law,4,1,0.9762365962609585
Other_0pct,power_law,4,2,0.9780881222555194
Other_0pct,power_law,4,3,0.9694713491209875
Other_0pct,power_law,4,4,0.9780847059871004
Other_0pct,free_2stage,4,0,0.9798467593631025
Other_0pct,free_2stage,4,1,0.9729675996692221
Other_0pct,free_2stage,4,2,0.9905245438759482
Other_0pct,free_2stage,4,3,0.9898590909362274
Other_0pct,free_2stage,4,4,0.9756776971847327
Other_0pct,free_1stage,4,0,0.9979531589277421
Other_0pct,free_1stage,4,1,0.9985840052535196
Other_0pct,free_1stage,4,2,0.9988919294563774
Other_0pct,free_1stage,4,3,0.9985835339068162
Other_0pct,free_1stage,4,4,0.998461643119975
Other_0pct,entropy_weighted,4,0,0.9794656572087462
Other_0pct,entropy_weighted,4,1,0.9744201801624058
Other_0pct,entropy_weighted,4,2,0.9786693394207362
Other_0pct,entropy_weighted,4,3,0.9753006058574147
Other_0pct,entropy_weighted,4,4,0.9783047403044141
Other_0pct,calphad,4,0,0.13600587547930687
Other_0pct,calphad,4,1,0.1408297702769118
Other_0pct,calphad,4,2,0.12433424003786209
Other_0pct,calphad,4,3,0.14025398147861534
Other_0pct,calphad,4,4,0.14275058712414146
Other_20pct,additive,4,0,0.9829306683086434
Other_20pct,additive,4,1,0.9820303943444773
Other_20pct,additive,4,2,0.985633623147709
Other_20pct,additive,4,3,0.9808061807836486
Other_20pct,additive,4,4,0.9823820382762836
Other_20pct,multiplicative,4,0,0.9842830856453553
Other_20pct,multiplicative,4,1,0.9838005487858297
Other_20pct,multiplicative,4,2,0.9870161324726295
Other_20pct,multiplicative,4,3,0.9816460436628281
Other_20pct,multiplicative,4,4,0.9842460675177458
Other_20pct,thermal_softening,4,0,0.992794968296689
Other_20pct,thermal_softening,4,1,0.9953186685689326
Other_20pct,thermal_softening,4,2,0.994608972535913
Other_20pct,thermal_softening,4,3,0.9966762200829099
Other_20pct,thermal_softening,4,4,0.9971211065123788
Other_20pct,arrhenius,4,0,0.9973614952419498
Other_20pct,arrhenius,4,1,0.9965364324555923
Other_20pct,arrhenius,4,2,0.9954437532461484
Other_20pct,arrhenius,4,3,0.9967135368596705
Other_20pct,arrhenius,4,4,0.9941790415510597
Other_20pct,power_law,4,0,0.9840542294104678
Other_20pct,power_law,4,1,0.9845399335099806
Other_20pct,power_law,4,2,0.9816689248770648
Other_20pct,power_law,4,3,0.9837308804760436
Other_20pct,power_law,4,4,0.9839713022622353
Other_20pct,free_2stage,4,0,0.9859375783804749
Other_20pct,free_2stage,4,1,0.9821408162929871
Other_20pct,free_2stage,4,2,0.9860540488942559
Other_20pct,free_2stage,4,3,0.9801211874941622
Other_20pct,free_2stage,4,4,0.982974146104845
Other_20pct,free_1stage,4,0,0.9978818810534607
Other_20pct,free_1stage,4,1,0.997615225189082
Other_20pct,free_1stage,4,2,0.9963668933226154
Other_20pct,free_1stage,4,3,0.9958742996900238
Other_20pct,free_1stage,4,4,0.9974444536394433
Other_20pct,entropy_weighted,4,0,0.9848241296320558
Other_20pct,entropy_weighted,4,1,0.982552199401785
Other_20pct,entropy_weighted,4,2,0.9887199778794457
Other_20pct,entropy_weighted,4,3,0.9815480291260034
Other_20pct,entropy_weighted,4,4,0.9838572289857144
Other_20pct,calphad,4,0,0.2559185713688532
Other_20pct,calphad,4,1,0.21126989910622385
Other_20pct,calphad,4,2,0.1456111677096168
Other_20pct,calphad,4,3,0.25335997018983214
Other_20pct,calphad,4,4,0.25740644180086447
