atomic_radius_avg,atomic_radius_delta,atomic_radius_rahm_avg,atomic_radius_rahm_delta,atomic_volume_avg,atomic_volume_delta,atomic_weight_avg,atomic_weight_delta,atomic_weight_uncertainty_avg,atomic_weight_uncertainty_delta,boiling_point_avg,boiling_point_delta,c6_avg,c6_delta,c6_gb_avg,c6_gb_delta,covalent_radius_avg,covalent_radius_delta,covalent_radius_bragg_avg,covalent_radius_bragg_delta,covalent_radius_cordero_avg,covalent_radius_cordero_delta,covalent_radius_pyykko_avg,covalent_radius_pyykko_delta,covalent_radius_pyykko_double_avg,covalent_radius_pyykko_double_delta,covalent_radius_pyykko_triple_avg,covalent_radius_pyykko_triple_delta,density_avg,density_delta,dipole_polarizability_avg,dipole_polarizability_delta,dipole_polarizability_unc_avg,dipole_polarizability_unc_delta,electron_affinity_avg,electron_affinity_delta,en_allen_avg,en_allen_delta,en_ghosh_avg,en_ghosh_delta,en_miedema_avg,en_miedema_delta,en_pauling_avg,en_pauling_delta,en_robles_bartolotti_avg,en_robles_bartolotti_delta,evaporation_heat_avg,evaporation_heat_delta,fusion_heat_avg,fusion_heat_delta,gas_basicity_avg,gas_basicity_delta,group_id_avg,group_id_delta,heat_of_formation_avg,heat_of_formation_delta,lattice_constant_avg,lattice_constant_delta,mass_avg,mass_delta,melting_point_avg,melting_point_delta,metallic_radius_avg,metallic_radius_delta,metallic_radius_c12_avg,metallic_radius_c12_delta,miedema_electron_density_avg,miedema_electron_density_delta,miedema_molar_volume_avg,miedema_molar_volume_delta,molar_heat_capacity_avg,molar_heat_capacity_delta,proton_affinity_avg,proton_affinity_delta,specific_heat_avg,specific_heat_delta,specific_heat_capacity_avg,specific_heat_capacity_delta,thermal_conductivity_avg,thermal_conductivity_delta,vdw_radius_avg,vdw_radius_delta,vdw_radius_alvarez_avg,vdw_radius_alvarez_delta,vdw_radius_batsanov_avg,vdw_radius_batsanov_delta,vdw_radius_mm3_avg,vdw_radius_mm3_delta,vdw_radius_uff_avg,vdw_radius_uff_delta,S_mix,T,VEC
137.75,2.48746859276655,233.0,4.732863826479693,6.933083433557544,0.26050015975566776,56.8400338,2.7798106800076803,0.0011208000000000001,0.0009379821746707131,3114.2000000000003,104.6854693832912,451.95000000000005,85.73475083068709,509.55,112.9661343058175,114.5,4.018706259482016,138.25,2.0463381929681126,136.65,6.762211176826704,114.5,4.018706259482016,106.80000000000001,4.190465367951393,101.65,4.860812689252694,8.2205,0.6500113460548208,60.375,10.914296816561293,4.824999999999999,3.1195953263203866,0.585701292,0.4047875619530287,10.667500000000002,0.41904504531136055,0.14104427500000002,0.005403221090042033,4.952,0.2077402223932572,1.8339999999999999,0.0796492310069595,4.265000000000001,0.880065338483456,356.07000000000005,24.190227365611932,15.938500000000001,2.5887685779149896,726.1000000000001,27.4611725896765,8.450000000000001,1.3592277219068187,414.052,20.477105654852693,2.9665000000000004,0.35847280231560114,56.8400338,2.7798106800076803,1818.6310000000003,179.98182091255774,116.75,1.2599603168354152,125.8,1.3266499161421599,5.3,0.5033090501868608,6.9365000000000006,0.24054677299851698,24.9405,0.8128436196464851,749.0,27.461172589676494,0.4392,0.01644870815596168,0.4392,0.01644870815596168,104.47500000000002,68.45313634158774,201.70000000000002,3.3926390907374753,242.25,2.299456457513384,202.75,2.4874685927665356,223.25,1.0897247358851583,293.41999999999996,14.101971493376386,12.01078741877911,80,8.450000000000001
137.5,2.5,232.0,5.779273310719955,6.932896112242424,0.26038431057192607,57.2250838,3.1269919147328733,0.0011708,0.0010075865024899847,3099.15,121.0871586915805,440.50000000000006,95.67261886245197,495.35,124.50111445284335,114.3,4.038564101261726,138.1,2.0223748416156684,136.15,6.7177004994268685,114.3,4.038564101261726,107.1,4.537620521815371,102.55000000000001,6.296626080687974,8.275,0.6638862854435238,59.599999999999994,11.314371392171992,4.6499999999999995,3.2561480310329873,0.639901292,0.41538718114438367,10.6835,0.42377204957382486,0.14164019500000002,0.005814414467637737,4.928,0.23485314560380055,1.8375,0.08092434738692675,4.2325,0.8860918406124728,354.3,26.487355473886034,15.899,2.6268439237990515,721.1650000000001,34.168644617543734,8.6,1.4628738838327795,410.147,26.414663560227307,3.0035000000000003,0.3838915862584123,57.2250838,3.1269919147328733,1795.9620000000002,206.1465912791187,116.8,1.2884098726725126,125.89999999999999,1.4106735979665883,5.1815,0.6788760932600292,6.938000000000001,0.2415905627295902,24.9075,0.8190718832923027,744.0649999999999,34.168644617543734,0.436,0.02005991026899174,0.436,0.02005991026899174,120.50500000000001,93.78829604486906,201.3,3.5651086939951773,241.95,2.43874967965144,202.49999999999997,2.499999999999986,223.39999999999998,1.2409673645990733,296.335,18.637872062013955,12.68749170113598,80,8.6
137.75,2.48746859276655,232.4,5.834380858325929,6.957954606310353,0.250568279638418,57.0826638,3.1217349214814445,0.0012508,0.001006728642683817,3096.5500000000006,119.74197259106766,445.95,94.7726094396477,503.1,122.7,114.6,3.929376540877692,138.35,1.9306734576307822,137.05,6.216711349258545,114.6,3.929376540877692,107.50000000000001,4.330127018922194,102.60000000000001,6.288083968904996,8.223500000000001,0.6532708090830326,60.25,11.057237448838656,4.7,3.2380549717384355,0.589651292,0.4106760007659043,10.659,0.41122864686205923,0.141242515,0.00569076435237614,4.9145,0.226439285460805,1.8335,0.07920069444139993,4.202999999999999,0.8697189201115497,352.37000000000006,26.04909019524483,15.7085,2.633995586556667,722.0150000000001,34.19376076128509,8.5,1.4317821063276355,409.41700000000003,26.052411999659466,2.971,0.3658811282370273,57.0826638,3.1217349214814445,1800.1120000000003,205.57432961340285,116.9,1.2206555615733703,126.0,1.3416407864998738,5.191,0.6826265450449462,6.9625,0.23067021914412802,24.859,0.7764077536964707,744.915,34.1937607612851,0.43625,0.020188796398002536,0.43625,0.020188796398002536,119.98000000000002,93.9817354596094,201.65,3.4680686267719674,242.15,2.43464576478797,202.75,2.487468592766536,223.45000000000002,1.2031209415515853,296.72499999999997,18.44372183156101,12.369555731333724,80,8.5
137.25,2.48746859276655,231.0,6.511528238439882,6.932708790927303,0.26026827500245947,57.6101338,3.3959214431321523,0.0012208,0.0010703506715091088,3084.1000000000004,133.83627124214124,429.05,103.41106082039772,481.15000000000003,133.5530886950953,114.1,4.048456495999424,137.95000000000002,1.9868316486305528,135.65,6.635322147416808,114.1,4.048456495999424,107.4,4.841487374764082,103.45,7.3517004835616095,8.3295,0.6730785615364673,58.824999999999996,11.649329379839854,4.475,3.3781466812440217,0.694101292,0.4187657700986042,10.6995,0.4278489803657364,0.142236115,0.0061408298919832524,4.904,0.2569124364447932,1.841,0.08203048213926332,4.2,0.8908928106119164,352.53000000000003,28.49082483888454,15.8595,2.6637895468673944,716.2300000000001,39.14291889984701,8.75,1.5451537140362444,406.24199999999996,30.751569000621753,3.0405,0.40435720594543634,57.6101338,3.3959214431321523,1773.2930000000001,227.0938378974648,116.85000000000001,1.3143439428094914,126.0,1.4832396974191326,5.063000000000001,0.8002130966186444,6.939500000000001,0.2426205885740121,24.874499999999998,0.8239324911666002,739.13,39.14291889984701,0.43279999999999996,0.022666274506411503,0.43279999999999996,0.022666274506411503,136.535,111.3226628993396,200.9,3.686461718233352,241.65,2.5352514668174435,202.25,2.4874685927665356,223.54999999999998,1.3592277219068045,299.25,21.88333841076357,13.087092356442959,80,8.75
137.5,2.5,231.39999999999998,6.6211781428987395,6.957767284995232,0.250466437914988,57.4677138,3.4072144891563196,0.0013008,0.0010657966785461476,3081.5000000000005,132.32508265631276,434.5,103.18551254900078,488.9,132.7075355810664,114.39999999999999,3.9547439866570295,138.2,1.9131126469708992,136.55,6.200604809210146,114.39999999999999,3.9547439866570295,107.8,4.621688003316537,103.50000000000001,7.338255923582932,8.278,0.6668328126299724,59.475,11.443857522706232,4.525,3.3633130987167994,0.643851292,0.4206187555878566,10.674999999999999,0.4163712285929471,0.141838435,0.0060630970639001846,4.8905,0.2479410212127068,1.837,0.08050465825031493,4.1705,0.8735128791265759,350.6,27.961938416354474,15.669,2.6680234256842645,717.08,39.27180413477334,8.65,1.5256146302392357,405.512,30.347181351815863,3.008,0.39039211057602075,57.4677138,3.4072144891563196,1777.443,226.989320918408,116.95,1.2439855304624727,126.1,1.4106735979665885,5.0725,0.8047973347371373,6.964,0.23159015523117568,24.825999999999997,0.7794831621016579,739.98,39.27180413477334,0.43305,0.022815510075385126,0.43305,0.022815510075385126,136.01,111.56114422145373,201.25000000000003,3.6314597615834874,241.85,2.5548972582082436,202.49999999999997,2.499999999999986,223.6,1.319090595827279,299.64,21.665811778006386,12.82874576032767,80,8.65
137.75,2.48746859276655,231.8,6.705221845696084,6.9828257790631625,0.23763720630613439,57.3252938,3.412531580734274,0.0013808000000000002,0.0010551751323832456,3078.9000000000005,130.74474176807266,439.95,102.67057757702545,496.65000000000003,131.40025684906405,114.7,3.8353617821530133,138.45000000000002,1.8020821290940099,137.45,5.58994633247941,114.7,3.8353617821530133,108.2,4.354308211415448,103.55,7.324445371494008,8.226500000000001,0.6565003808072011,60.125,11.196958292322071,4.575,3.347667098144617,0.593601292,0.416443729570127,10.650500000000001,0.40308156742773565,0.14144075500000003,0.005957868871121203,4.877000000000001,0.23786761023729128,1.8330000000000002,0.07874642849044011,4.141,0.8547625401244489,348.67,27.286683565431694,15.4785,2.6586355052921413,717.9300000000001,39.381926057520346,8.55,1.499166435056495,404.782,29.919525998919173,2.9755,0.3730881263187024,57.3252938,3.412531580734274,1781.593,226.80883450827045,117.05000000000001,1.16081867662439,126.20000000000002,1.3266499161421599,5.082000000000001,0.809244091730054,6.9885,0.2172619386823197,24.7775,0.7291219033879038,740.83,39.38192605752035,0.4333,0.022961053982777015,0.4333,0.022961053982777015,135.485,111.79665144806438,201.6,3.5411862419251547,242.05,2.558808316384797,202.75,2.4874685927665356,223.65,1.275735082217296,300.03,21.438985517043484,12.369555731333724,80,8.55
137.0,2.449489742783178,230.0,7.0285133563222315,6.932521469612182,0.26015205279786724,57.9951838,3.6041586335849263,0.0012708,0.0011274176510947486,3069.05,143.9068796131721,417.6,109.41773165259825,466.95000000000005,140.60244485783312,113.9,4.0484564959994245,137.8,1.9390719429665317,135.15,6.513639535620619,113.9,4.0484564959994245,107.7,5.109794516416487,104.35000000000001,8.17480886626715,8.384,0.6777787249538009,58.05,11.924659324274216,4.3,3.487119154832539,0.748301292,0.41509968700720196,10.7155,0.43129427308973195,0.14283203500000002,0.006395461408708136,4.88,0.275136329843952,1.8444999999999998,0.08297439364044788,4.1675,0.8944879820321792,350.76000000000005,30.259021795160532,15.819999999999999,2.6996518294031913,711.2950000000001,42.98989968585645,8.9,1.6093476939431082,402.337,34.104039218250975,3.0775,0.4205933309029044,57.9951838,3.6041586335849263,1750.6240000000003,244.17010096242336,116.9,1.3379088160259651,126.10000000000001,1.5459624833740306,4.9445,0.8897891604194782,6.941000000000001,0.2436370251008661,24.841499999999996,0.8274495452896203,734.195,42.98989968585646,0.4296,0.024589428622885896,0.4296,0.024589428622885896,152.56500000000003,124.399776024718,200.50000000000003,3.7616485747608057,241.35,2.5937424698685874,202.0,2.449489742783164,223.70000000000002,1.4525839046333793,302.165,24.359726496822585,13.275831245125143,80,8.9
137.25,2.48746859276655,230.4,7.1860976892886725,6.957579963680112,0.2503644146122577,57.8527638,3.629940113174977,0.0013508,0.0011195278290422263,3066.4500000000003,142.22766960053872,423.05,109.77453028822305,474.7,140.58452973211527,114.2,3.9698866482558333,138.04999999999998,1.8834808201837363,136.05,6.14389941323912,114.2,3.9698866482558333,108.10000000000001,4.877499359302879,104.4,8.157205403813245,8.332500000000001,0.6757431094728232,58.7,11.766902736064406,4.3500000000000005,3.4752697737010285,0.698051292,0.4234503719439588,10.690999999999999,0.4208432012044394,0.142434355,0.006358242823726935,4.8665,0.2655611982199205,1.8404999999999998,0.08163792011069365,4.138,0.8760856122548756,348.83000000000004,29.6465697847154,15.6295,2.701045121800078,712.1450000000001,43.20448443159576,8.8,1.6,401.60699999999997,33.65526126774238,3.045,0.4101280287910106,57.8527638,3.629940113174977,1754.7740000000001,244.45803628434885,117.0,1.2649110640673518,126.2,1.4696938456699067,4.954,0.8951726090536953,6.9655000000000005,0.23249677417117004,24.793,0.7811536340567069,735.045,43.204484431595766,0.42985,0.024759392157320828,0.42985,0.024759392157320828,152.04,124.68074991753939,200.85000000000002,3.7453304260105007,241.54999999999998,2.6358110706194404,202.25,2.487468592766536,223.75,1.409787217987154,302.555,24.117410205077995,13.087092356442959,80,8.8
137.5,2.5,230.8,7.318469785412795,6.982638457748041,0.23754943355737076,57.7103438,3.6499868604734407,0.0014308,0.0011058094591745904,3063.8500000000004,140.4802833140651,428.5,109.86013835782295,482.45000000000005,140.13867239274103,114.5,3.866522985836233,138.3,1.7916472867168918,136.95000000000002,5.607807058021879,114.5,3.866522985836233,108.49999999999999,4.598912915026768,104.45,8.13925672282181,8.281,0.6697529395232245,59.349999999999994,11.570544498855703,4.3999999999999995,3.462657938636157,0.647801292,0.4257494096830635,10.6665,0.4086596995055914,0.14203667500000003,0.0062957349226182525,4.853,0.25491371089056764,1.8365,0.08007964785137356,4.1085,0.8562725909428609,346.90000000000003,28.892559595854433,15.438999999999998,2.688975455447669,712.995,43.40136489789233,8.700000000000001,1.5842979517754858,400.877,33.18436274813787,3.0124999999999997,0.39673511314225773,57.7103438,3.6499868604734407,1758.924,244.67525376302365,117.10000000000001,1.1789826122551597,126.30000000000001,1.3820274961085253,4.9635,0.9004236502891292,6.99,0.21805962487356534,24.7445,0.7287144502478318,735.8950000000001,43.401364897892336,0.4301,0.024925689559167668,0.4301,0.024925689559167668,151.51500000000001,124.95888633866741,201.2,3.6959437225152656,241.75,2.662235902394827,202.49999999999997,2.499999999999986,223.8,1.3638181696985727,302.945,23.86626227543811,12.68749170113598,80,8.700000000000001
137.75,2.48746859276655,231.2,7.426977851050857,7.007696951815972,0.22118153271196037,57.567923799999996,3.6643929954660655,0.0015108000000000003,0.0010860416934906322,3061.2500000000005,138.6621433557119,433.95,109.6751909047803,490.2,139.26076260023856,114.8,3.736308338453873,138.55,1.6575584454250776,137.85,4.85051543652837,114.8,3.736308338453873,108.9,4.264973622427225,104.5,8.120960534321048,8.229500000000002,0.6597005002271864,60.00000000000001,11.333578428722326,4.450000000000001,3.449275286201436,0.597551292,0.42209569672229197,10.642000000000001,0.39458332453361505,0.14163899500000002,0.006207173741847014,4.8395,0.24305297776410786,1.8324999999999998,0.07828633341778116,4.079000000000001,0.8349485014059251,344.97,27.985551629367613,15.2485,2.663259797691543,713.8450000000001,43.580781027879716,8.600000000000001,1.5620499351813308,400.147,32.690387746247374,2.98,0.3801052485825472,57.567923799999996,3.6643929954660655,1763.074,244.82194163105564,117.2,1.0770329614269007,126.40000000000002,1.2806248474865698,4.973,0.9055445875273066,7.0145,0.199611497664839,24.696,0.6686882681788276,736.745,43.580781027879716,0.43035,0.02508839373096652,0.43035,0.02508839373096652,150.99,125.23420419358283,201.55,3.6121323342314025,241.95,2.67348087705897,202.75,2.4874685927665356,223.85,1.3143439428094803,303.33500000000004,23.606000826061162,12.010787418779111,80,8.600000000000001
138.0,2.449489742783178,233.8,2.9933259094191533,6.942083149466636,0.26881781725007997,56.2625388,2.513669139091651,0.0010008,0.0008380946008655586,3119.7500000000005,91.78583768752127,469.40000000000003,78.69332881509081,531.8,106.02150725206656,115.0,4.289522117905436,138.4,2.0591260281974,137.0,6.6932802122726045,115.0,4.289522117905436,106.60000000000001,3.8781438859330635,100.80000000000001,2.4819347291981715,8.13,0.6665433219228888,62.2,11.478675881825394,5.4,3.32264954516723,0.557251292,0.37720885637359713,10.608000000000002,0.4561315599692706,0.14005096,0.005274691420206495,4.962000000000001,0.18712562625145698,1.8219999999999998,0.08657944328765345,4.192,0.9744208536356354,357.94000000000005,21.42686164607408,16.338,2.7192381285941103,732.9000000000001,18.930293183149587,8.200000000000001,1.3266499161421599,417.056,11.412403077354039,2.93,0.3268638860443289,56.2625388,2.513669139091651,1859.7500000000002,163.14974716498952,116.80000000000001,1.32664991614216,125.8,1.3266499161421599,5.4,0.13899640283115242,6.942,0.24587801853764818,24.886,0.878466846272527,755.8,18.930293183149573,0.4424,0.010873821775254559,0.4424,0.010873821775254559,89.12000000000002,7.7002337626853885,202.20000000000002,3.249615361854384,242.6,2.154065922853802,203.0,2.449489742783164,223.20000000000002,0.9797958971132642,291.06,6.323796328156066,11.075736540306957,80,8.200000000000001
137.75,2.48746859276655,232.8,4.64327470649756,6.941895828151514,0.2687118280009755,56.6475888,2.968836886466106,0.0010508,0.0009218582103555839,3104.7000000000003,110.88168243673074,457.95000000000005,91.62449181305182,517.6,120.87861680214579,114.8,4.331281565541536,138.25,2.0463381929681126,136.5,6.674578638386096,114.8,4.331281565541536,106.9,4.264973622427225,101.7,4.86929152957594,8.1845,0.6872952422358239,61.425,11.978392003937758,5.225,3.480211918834829,0.611451292,0.39250992506416577,10.624,0.46254080901040534,0.14064688,0.005798177263726941,4.938000000000001,0.21793577035447842,1.8255,0.08823123029857399,4.1595,0.9774429650879892,356.17,24.12764182426456,16.2985,2.7612321072303936,727.965,28.962946586975573,8.35,1.4585952145814822,413.151,20.787659295841852,2.9670000000000005,0.35834480601789115,56.6475888,2.968836886466106,1837.0810000000001,196.4307879610526,116.85000000000001,1.3518505834595775,125.89999999999999,1.4106735979665883,5.281499999999999,0.5005724223326731,6.9435,0.24686585426097324,24.852999999999998,0.88219669008674,750.865,28.962946586975566,0.4392,0.01644870815596168,0.4392,0.01644870815596168,105.15,68.27874852397342,201.8,3.4871191548325386,242.3,2.3473389188611002,202.74999999999997,2.4874685927665356,223.35,1.1521718621802812,293.97499999999997,14.22159889042017,12.328723388581363,80,8.35
138.0,2.449489742783178,233.2,4.64327470649756,6.966954322219444,0.2583398564316451,56.5051688,2.935412963764002,0.0011308,0.0009312865080092162,3102.1000000000004,109.54290255420476,463.40000000000003,89.62945944275242,525.35,117.56499266363265,115.1,4.194043395102146,138.5,1.9364916731037085,137.4,6.118823416311342,115.1,4.194043395102146,107.30000000000001,4.063249930782009,101.75000000000001,4.866980583482946,8.133000000000001,0.6701275997897713,62.075,11.63429735738261,5.275,3.4549782922617616,0.561201292,0.38381386585150495,10.5995,0.44783339536037314,0.14024920000000002,0.005604123470802551,4.924500000000001,0.2094868730970987,1.8215,0.08609732864613164,4.13,0.9603853393300006,354.24,23.797823429885355,16.108,2.795395499745966,728.815,28.792521164357943,8.25,1.4097872179871684,412.421,20.43297185922792,2.9345000000000003,0.33546199486678074,56.5051688,2.935412963764002,1841.2310000000002,194.9568020331684,116.95,1.2835497652993435,126.0,1.3416407864998738,5.291,0.5037648260845531,6.968,0.23561833544951474,24.8045,0.8395920140163314,751.7149999999999,28.792521164357936,0.43945,0.01655740015823741,0.43945,0.01655740015823741,104.62500000000001,68.42650710799143,202.15,3.335790760824186,242.5,2.313006701244076,203.0,2.449489742783164,223.40000000000003,1.1135528725659958,294.365,14.031937678025804,12.01078741877911,80,8.25
137.5,2.5,231.8,5.670978751503131,6.9417085068363935,0.2686056662946708,57.03263880000001,3.3185727912857,0.0011008,0.0009961137284467071,3089.65,125.34691858996774,446.50000000000006,101.66243160578051,503.4,132.58748055529225,114.6,4.363484845854279,138.10000000000002,2.0223748416156684,136.0,6.618156843109719,114.6,4.363484845854279,107.2,4.6,102.60000000000001,6.296030495478878,8.238999999999999,0.7032275591869248,60.65,12.409774373452565,5.05,3.6224991373359914,0.6656512920000001,0.399957849305495,10.64,0.4683161325429654,0.1412428,0.006221342965309022,4.914,0.24253659517689272,1.8289999999999997,0.08971621926942752,4.127,0.9793778637482063,354.40000000000003,26.43690602169627,16.259,2.8020401496052836,723.0300000000001,35.64603905064348,8.5,1.5652475842498528,409.246,26.52381126459771,3.0040000000000004,0.38372385904449574,57.03263880000001,3.3185727912857,1814.4120000000003,222.54101149226406,116.9,1.374772708486752,126.0,1.4832396974191326,5.163,0.6736029988056763,6.945,0.24784067462787474,24.82,0.8846807333722146,745.93,35.64603905064348,0.436,0.02005991026899174,0.436,0.02005991026899174,121.18000000000002,93.54549481402084,201.4,3.6660605559646724,242.0,2.4899799195977463,202.5,2.499999999999986,223.5,1.2845232578665007,296.89,18.64196609802733,12.945838297251267,80,8.5
137.75,2.48746859276655,232.2,5.74108003776293,6.966767000904323,0.2582476076544151,56.8902188,3.305338079902533,0.0011807999999999999,0.0010008569128501835,3087.05,123.84865764310892,451.95000000000005,100.49103193817844,511.15,130.42019590538882,114.89999999999999,4.241462012089692,138.35,1.9306734576307822,136.9,6.131068422387732,114.89999999999999,4.241462012089692,107.60000000000001,4.386342439892262,102.65,6.28708994686731,8.1875,0.6905351185855791,61.3,12.119612205017122,5.1000000000000005,3.600694377477766,0.615401292,0.39832452041906363,10.615499999999999,0.4546589381063571,0.14084512000000002,0.006080001605065582,4.9005,0.23359098869605383,1.825,0.08777812939451375,4.097499999999999,0.9613577637903593,352.47,26.00521293894746,16.0685,2.8330571384989747,723.88,35.62564525731429,8.399999999999999,1.5297058540778357,408.516,26.137919274494674,2.9715000000000003,0.365749572795376,56.8902188,3.305338079902533,1818.5620000000001,221.66586272134916,117.0,1.3038404810405297,126.1,1.4106735979665885,5.1725,0.6776420515286813,6.9695,0.23648414323163416,24.7715,0.8402992026653362,746.78,35.62564525731429,0.43625,0.020188796398002536,0.43625,0.020188796398002536,120.65500000000002,93.74321562118509,201.75,3.561951712193752,242.2,2.4819347291981715,202.74999999999997,2.4874685927665356,223.55,1.243985530462462,297.28,18.43612215190603,12.68749170113598,80,8.399999999999999
138.0,2.449489742783178,232.60000000000002,5.782732917920384,6.991825494972253,0.24490568287189343,56.747798800000005,3.2858830412913,0.0012608000000000003,0.0009991929543386503,3084.4500000000007,122.27677620873067,457.40000000000003,99.00626242819189,518.9,127.74697648085453,115.2,4.093897898091737,138.60000000000002,1.8,137.8,5.455272678794342,115.2,4.093897898091737,108.0,4.123105625617661,102.7,6.277738446287803,8.136000000000001,0.6736794489963308,61.95,11.786538932188705,5.1499999999999995,3.578058132562969,0.565151292,0.3902671404475107,10.591000000000001,0.43921407081285574,0.14044744000000003,0.005908589677613436,4.8870000000000005,0.22347483079756414,1.821,0.08560957890329797,4.0680000000000005,0.9420700610888768,350.54,25.42011801703525,15.878,2.8510377058187077,724.73,35.58494204013827,8.3,1.4866068747318506,407.786,25.72553758427606,2.939,0.3437862708137136,56.747798800000005,3.2858830412913,1822.7120000000002,220.70922634996484,117.10000000000001,1.2206555615733703,126.20000000000002,1.3266499161421599,5.182,0.6815247611055668,6.994000000000001,0.22186482371029448,24.723000000000003,0.7904688482160442,747.63,35.58494204013827,0.43650000000000005,0.020313788420676243,0.43650000000000005,0.020313788420676243,120.13000000000002,93.93758619423858,202.1,3.4190641994557516,242.4,2.4576411454889016,203.0,2.449489742783164,223.60000000000002,1.1999999999999906,297.66999999999996,18.219607569868245,12.228301672142035,80,8.3
137.25,2.48746859276655,230.8,6.384355879804947,6.941521185521274,0.2684993319266029,57.41768880000001,3.5937906559344497,0.0011508,0.001062855850997679,3074.6000000000004,136.6599703644048,435.05000000000007,109.60496111034391,489.20000000000005,141.92941907863923,114.4,4.386342439892254,137.95000000000002,1.9868316486305528,135.5,6.523036102920173,114.4,4.386342439892254,107.50000000000001,4.893873721296862,103.50000000000001,7.345066371381542,8.2935,0.7146626826692436,59.875,12.77974471576017,4.875,3.751249791736082,0.7198512920000001,0.3999915513711222,10.656,0.4734807282244974,0.14183872,0.006563620625051395,4.890000000000001,0.2626785107312738,1.8324999999999998,0.09104257245926216,4.0945,0.9802319878477749,352.63,28.45015114195354,16.2195,2.841713347612669,718.095,40.665949822916964,8.65,1.6515144564913744,405.341,30.731096612389226,3.041,0.40415219905377237,57.41768880000001,3.5937906559344497,1791.7430000000002,243.79536913362406,116.95,1.3955285736952863,126.1,1.5459624833740306,5.0445,0.7929847098147605,6.9465,0.24880263262272784,24.787,0.8859294554308483,740.995,40.665949822916964,0.4328,0.022666274506411507,0.4328,0.022666274506411507,137.21,111.02076337334381,201.00000000000003,3.794733192202055,241.7,2.5903667693977237,202.25,2.4874685927665356,223.65,1.3883443376914681,299.805,21.81278237639573,13.275831245125143,80,8.65
137.5,2.5,231.2,6.508456038109191,6.966579679589203,0.2581551899900218,57.2752688,3.596851869631798,0.0012308,0.0010635480995234772,3072.0000000000005,134.99750923628184,440.5,109.09285036151545,496.95,140.69131991704393,114.7,4.279018579066927,138.2,1.9131126469708992,136.4,6.102458520956943,114.7,4.279018579066927,107.9,4.6679760067935225,103.55000000000001,7.331268648740134,8.242,0.7061628707316747,60.525000000000006,12.538415968534462,4.925000000000001,3.7325426990189947,0.6696012920000001,0.40513761058963293,10.631499999999999,0.4608283302923121,0.14144104,0.006466559971607785,4.8765,0.2531654597294029,1.8285,0.08929025702729274,4.0649999999999995,0.9612309816063984,350.7,27.927405894568874,16.029,2.869680992723756,718.945,40.75114078157813,8.55,1.627114009527298,404.611,30.30473987679156,3.0085,0.3902214115089022,57.2752688,3.596851869631798,1795.893,243.3836223146496,117.05,1.3219304066402287,126.19999999999999,1.469693845669907,5.054,0.797830809131861,6.971,0.2373373127007215,24.7385,0.8397099201510004,741.845,40.75114078157814,0.43305,0.022815510075385122,0.43305,0.022815510075385122,136.685,111.26307687188954,201.35000000000002,3.7319565913874184,241.89999999999998,2.6057628441590768,202.5,2.499999999999986,223.70000000000002,1.3453624047073582,300.195,21.58451933678395,13.087092356442959,80,8.55
137.75,2.48746859276655,231.6,6.606057825965498,6.991638173657132,0.24482740194396435,57.132848800000005,3.594271630339833,0.0013108,0.001058209128669754,3069.4000000000005,133.26360155721443,445.95000000000005,108.30442050073488,504.70000000000005,139.01082691646718,115.0,4.147288270665538,138.45000000000002,1.8020821290940099,137.3,5.505451843400322,115.0,4.147288270665538,108.3,4.3943145085439665,103.6,7.3171032519706865,8.1905,0.6937468918849294,61.175,12.257931106022745,4.9750000000000005,3.713068138345969,0.619351292,0.4040168323972122,10.607,0.44647620317324893,0.14104336,0.006343136547355737,4.863,0.24253041046433726,1.8245,0.08731981447529535,4.0355,0.9409222869079041,348.77,27.258376694146705,15.8385,2.884826294597302,719.795,40.81845752842702,8.450000000000001,1.5960889699512368,403.881,29.854453922321213,2.976,0.37295308015888545,57.132848800000005,3.594271630339833,1800.0430000000001,242.90028450168603,117.15,1.2359207094308275,126.3,1.3820274961085255,5.0635,0.8025352017201488,6.9955,0.2226089620837401,24.689999999999998,0.7878134296900502,742.695,40.81845752842702,0.4333,0.022961053982777015,0.4333,0.022961053982777015,136.16,111.50239190259552,201.7,3.6345563690772495,242.1,2.6057628441590763,202.74999999999997,2.4874685927665356,223.75,1.2990381056766467,300.585,21.346692366734484,12.68749170113598,80,8.450000000000001
138.0,2.4494897427831783,232.0,6.6783231428256,7.016696667725062,0.22799332252628313,56.9904288,3.5860377606012133,0.0013908000000000002,0.0010467466551176555,3066.8,131.4554202001576,451.4,107.23357683113997,512.45,136.87164607762998,115.3,3.9887341350358194,138.70000000000002,1.6462077633154328,138.2,4.66476151587624,115.3,3.9887341350358194,108.7,4.063249930782009,103.65,7.302568041449528,8.139000000000001,0.677199379798889,61.82500000000001,11.93552994215171,5.025,3.692813967694555,0.569101292,0.3965760875371548,10.582500000000001,0.43025428527790427,0.14064568,0.006191774049947241,4.8495,0.23061819095639421,1.8205,0.08511609718496262,4.006,0.919219233915392,346.84000000000003,26.431957929748606,15.648000000000001,2.8873510351185216,720.6450000000001,40.86798838944731,8.350000000000001,1.5580436450882884,403.151,29.379138499962863,2.9435000000000002,0.3518561495838889,56.9904288,3.5860377606012133,1804.1930000000002,242.34492734736583,117.25,1.1346805717910218,126.4,1.2806248474865698,5.0729999999999995,0.8071003655060502,7.0200000000000005,0.20391174561559722,24.6415,0.7290286345542264,743.5450000000001,40.86798838944731,0.43355000000000005,0.02310297599877557,0.43355000000000005,0.02310297599877557,135.635,111.73872773125707,202.05,3.4996428389194234,242.29999999999998,2.5903667693977237,203.0,2.449489742783164,223.8,1.2489995996796701,300.975,21.098978055820623,12.010787418779111,80,8.350000000000001
137.0,2.449489742783178,229.8,6.881860213634101,6.941333864206153,0.26839282469155157,57.8027388,3.8106705684566546,0.0012008000000000001,0.0011234244789926913,3059.55,145.55768615913072,423.6,115.88373483798318,475.00000000000006,149.34925510359938,114.2,4.399999999999992,137.8,1.9390719429665317,135.00000000000003,6.3874877690685254,114.2,4.399999999999992,107.80000000000001,5.15363949069005,104.4,8.16333265278342,8.348,0.721814380571626,59.099999999999994,13.093509842666329,4.7,3.8678159211627436,0.774051292,0.3926129405858613,10.672000000000002,0.47805439021098883,0.14243464000000003,0.006837169138934629,4.8660000000000005,0.27932776446318386,1.8359999999999999,0.09221713506718802,4.062,0.980008163231307,350.86000000000007,30.226584325722285,16.18,2.8802985956320573,713.1600000000001,44.58800735623875,8.8,1.7204650534085255,401.436,33.982200988164394,3.0780000000000003,0.4203522332520669,57.8027388,3.8106705684566546,1769.0740000000003,261.38112996924633,117.00000000000001,1.4142135623730951,126.2,1.6,4.926,0.8808087193028915,6.948,0.24975187686982472,24.753999999999998,0.8859480797428252,736.06,44.58800735623875,0.4296,0.024589428622885896,0.4296,0.024589428622885896,153.24,124.04248626982611,200.60000000000002,3.8781438859330635,241.4,2.6532998322843198,202.0,2.449489742783164,223.8,1.4696938456698914,302.72,24.22968427363428,13.380866803977112,80,8.8
137.25,2.48746859276655,230.2,7.054076835419359,6.966392358274082,0.25806260325701896,57.6603188,3.827910646383189,0.0012808000000000001,0.001120515310024812,3056.9500000000003,143.72598929908258,429.05,115.9389817964605,482.75,148.91402721033367,114.5,4.306971093471598,138.05,1.8834808201837363,135.9,6.032412452742269,114.5,4.306971093471598,108.20000000000002,4.915282290977803,104.45000000000002,8.14539747342019,8.296500000000002,0.7173233231953356,59.75,12.897189616346656,4.750000000000001,3.851947559352282,0.723801292,0.4046421424684743,10.6475,0.46636761251184705,0.14203696000000002,0.00677909543541025,4.8525,0.2692002043089862,1.8319999999999999,0.09064215354899728,4.0325,0.9600045572808497,348.93,29.61997805535987,15.9895,2.905306309152272,714.01,44.759534179881726,8.7,1.705872210923198,400.706,33.51217157989021,3.0455,0.40992041910595284,57.6603188,3.827910646383189,1773.2240000000004,261.3573289655372,117.10000000000001,1.3379088160259651,126.3,1.5198684153570663,4.9355,0.8864450067545081,6.9725,0.23817797967066573,24.7055,0.8378214308550477,736.91,44.75953417988173,0.42985,0.024759392157320828,0.42985,0.024759392157320828,152.715,124.32711801936051,200.95000000000002,3.8532453853861943,241.6,2.6907248094147422,202.25,2.4874685927665356,223.85000000000002,1.4239030865898001,303.11,23.977028589881613,13.275831245125142,80,8.7
137.5,2.5,230.6,7.2,6.991450852342012,0.24474895261014765,57.517898800000005,3.8397946220189647,0.0013608000000000001,0.0011118572570253792,3054.3500000000004,141.8229882635393,434.50000000000006,115.73785033427914,490.5,148.07244848384187,114.8,4.1904653679513855,138.3,1.7916472867168918,136.8,5.509990925582365,114.8,4.1904653679513855,108.60000000000001,4.6303347611160905,104.5,8.127115109311545,8.245000000000001,0.709073338943159,60.4,12.664517361510466,4.8,3.8353617821530217,0.6735512920000001,0.4102139451645654,10.623,0.4530573915079637,0.14163928000000003,0.0066969462627081075,4.839,0.2579709285946769,1.8279999999999998,0.08885943956609224,4.003,0.9386484965097426,347.0,28.871958714295783,15.799,2.917688982739593,714.86,44.914322882572776,8.6,1.6852299546352718,399.976,33.019320162595726,3.013,0.3965614706448422,57.517898800000005,3.8397946220189647,1777.3740000000003,261.2676151075751,117.2,1.2489995996796797,126.4,1.42828568570857,4.945,0.891944505000171,6.997,0.22334054714717624,24.657,0.7837608053481621,737.7600000000001,44.914322882572776,0.4301,0.024925689559167668,0.4301,0.024925689559167668,152.19,124.6088877247526,201.29999999999998,3.7960505792204615,241.79999999999998,2.7129319932501073,202.5,2.499999999999986,223.90000000000003,1.3747727084867394,303.5,23.715269342767336,12.945838297251266,80,8.6
137.75,2.48746859276655,230.99999999999997,7.321202087089251,7.016509346409942,0.22792967371062964,57.375478799999996,3.846372141262174,0.0014408000000000001,0.0010973142485177162,3051.75,139.8457721920831,439.95,115.27899852097953,498.25,146.81753131012658,115.1,4.048456495999425,138.55,1.6575584454250776,137.7,4.765501022977542,115.1,4.048456495999425,109.0,4.2895221179054435,104.55,8.108483212044039,8.1935,0.6969309506687158,61.05,12.393445848512027,4.8500000000000005,3.8180492401225,0.623301292,0.40959195933694437,10.5985,0.43797574133734885,0.1412416,0.006589821302888272,4.8255,0.2454887981151073,1.8239999999999998,0.08685620300243385,3.9734999999999996,0.915845374503797,345.07,27.971183385763286,15.6085,2.9176073673474296,715.71,45.05254598799052,8.5,1.6583123951776997,399.246,32.50260857223618,2.9805,0.37996677486327674,57.375478799999996,3.846372141262174,1781.5240000000001,261.1119204555779,117.30000000000001,1.1445523142259597,126.5,1.3228756555322954,4.9544999999999995,0.8973097291348177,7.0215,0.20453056006377146,24.6085,0.7224352912199125,738.61,45.05254598799052,0.43035,0.02508839373096652,0.43035,0.02508839373096652,151.665,124.8878147578858,201.65,3.7050641020095725,242.0,2.720294101747089,202.74999999999997,2.4874685927665356,223.95,1.3219304066402175,303.89000000000004,23.444101603601712,12.328723388581363,80,8.5
138.0,2.449489742783178,233.6,2.90516780926679,6.9508955440606055,0.27649613749625096,56.0700938,2.6800943140174676,0.0009308,0.0008097002902308978,3110.25,99.32668322258625,475.40000000000003,83.83221337886768,539.85,112.83894496139176,115.3,4.550824101193094,138.4,2.0591260281974,136.85,6.6126772187972405,115.3,4.550824101193094,106.7,3.9635842365212826,100.85000000000001,2.515452245621053,8.094,0.6983007947868882,63.24999999999999,12.340482162379233,5.799999999999999,3.6,0.5830012920000001,0.366009244813129,10.5645,0.4911463631138892,0.139653565,0.005608649943014364,4.948,0.19908792027644456,1.8135,0.09344918405208255,4.0865,1.055922700769332,358.04,21.34742138994779,16.698,2.833601242235752,734.7650000000001,20.43840196786431,8.1,1.4106735979665885,416.155,12.18487074203087,2.9305000000000003,0.3267793598133151,56.0700938,2.6800943140174676,1878.2,176.89586626035106,116.9,1.4106735979665885,125.89999999999999,1.4106735979665883,5.3815,0.14238240762116647,6.949,0.2519106984627689,24.798499999999997,0.9379353655769674,757.665,20.43840196786429,0.4424,0.010873821775254559,0.4424,0.010873821775254559,89.795,7.495230149902,202.3,3.3331666624997918,242.65,2.1971572542719833,202.99999999999997,2.449489742783164,223.29999999999998,1.053565375285267,291.61499999999995,6.782202813245868,11.28863695125724,80,8.1
138.25,2.384848003542364,234.0,2.792848008753788,6.975954038128535,0.2655795743433611,55.9276738,2.6117175700333224,0.0010108,0.000832037595304443,3107.6500000000005,97.97729328778173,480.85,80.47376901823351,547.6,107.69233956043485,115.6,4.386342439892255,138.65,1.9306734576307822,137.75,5.998958242895178,115.6,4.386342439892255,107.10000000000001,3.7669616403674726,100.9,2.5278449319529077,8.0425,0.6745359515993197,63.900000000000006,11.90756062340226,5.8500000000000005,3.567562192870644,0.532751292,0.35263661839729155,10.54,0.4742573141238839,0.139255885,0.005334252661739508,4.934500000000001,0.19051181065750214,1.8094999999999999,0.0909106704408234,4.0569999999999995,1.0380804400430634,356.11,21.14530444330373,16.5075,2.893326588893829,735.615,19.9079199064091,8.0,1.3416407864998738,415.425,11.75740086073448,2.898,0.2975499957990254,55.9276738,2.6117175700333224,1882.3500000000001,174.28126692217955,117.0,1.3416407864998738,126.0,1.3416407864998738,5.391,0.14689792374298555,6.9735000000000005,0.24033882333073048,24.75,0.8950307257295692,758.515,19.90791990640908,0.44265000000000004,0.01096483014004322,0.44265000000000004,0.01096483014004322,89.27000000000001,7.762415861057688,202.65,3.118894034750139,242.85,2.1277922830953213,203.25,2.3848480035423507,223.35000000000002,1.013656746635659,292.005,6.517704734030235,10.970700981454987,80,8.0
137.75,2.48746859276655,232.6,4.5431266766402185,6.950708222745485,0.27639906509531387,56.4551438,3.1347356099276955,0.0009808,0.0009000191997952043,3095.2000000000003,115.97390870363904,463.95000000000005,96.78660806123955,525.65,127.79799489819862,115.1,4.6032597145935545,138.25,2.0463381929681126,136.35,6.582362797658604,115.1,4.6032597145935545,107.0,4.33589667773576,101.75,4.877243073704652,8.1485,0.7208625042267075,62.475,12.869999028748992,5.624999999999999,3.7645550865938993,0.6372012920000001,0.37808595218002616,10.5805,0.49850250751626146,0.140249485,0.006142237006439515,4.924,0.22681269805722948,1.8169999999999997,0.09529428104561155,4.054,1.0554686163027303,356.27,24.064477970652106,16.6585,2.878868310638748,729.83,30.27593268588104,8.25,1.5451537140362444,412.25,21.055120517346847,2.9675000000000002,0.35821606608302764,56.4551438,3.1347356099276955,1855.5310000000002,209.990114193502,116.95,1.4309088021254184,126.0,1.4832396974191326,5.263,0.4971327790439894,6.9505,0.25283344319927314,24.7655,0.9383574745266323,752.73,30.27593268588103,0.4392,0.01644870815596168,0.4392,0.01644870815596168,105.82500000000002,68.09722369524324,201.9,3.576310948449533,242.35,2.3932195887548637,202.75,2.4874685927665356,223.45,1.2031209415515867,294.53,14.31873248580335,12.482034425844683,80,8.25
138.0,2.449489742783178,232.99999999999997,4.560701700396552,6.975766716813414,0.2654961909778485,56.3127238,3.0942540489980392,0.0010608,0.0009158092377782612,3092.6000000000004,114.47902646336577,469.40000000000003,94.554957564371,533.4,124.16698433963836,115.39999999999999,4.4542114902640115,138.5,1.9364916731037085,137.25,6.040488390850528,115.39999999999999,4.4542114902640115,107.4,4.127953488110059,101.80000000000001,4.874423042781577,8.097000000000001,0.7018767698107694,63.125,12.495874319150301,5.675,3.735890121510535,0.5869512920000001,0.37253980268137393,10.556,0.4826841617455459,0.139851805,0.005932819199206651,4.9105,0.21784111182235535,1.813,0.09295697929687691,4.0245,1.0366941448662668,354.34,23.741912307141572,16.468,2.935110900800854,730.6800000000001,30.06024949996257,8.149999999999999,1.49248115565993,411.52,20.673224228455513,2.935,0.3353729267546801,56.3127238,3.0942540489980392,1859.681,208.244599591442,117.05,1.3592277219068187,126.1,1.4106735979665885,5.2725,0.5006982624295794,6.975,0.24115347810056578,24.717,0.8936839486082311,753.5799999999999,30.06024949996256,0.43945,0.01655740015823741,0.43945,0.01655740015823741,105.30000000000001,68.25056776320619,202.25,3.418698582794336,242.55,2.3553131426627756,202.99999999999997,2.449489742783164,223.5,1.1618950038622164,294.91999999999996,14.115048706965208,12.223687829729393,80,8.149999999999999
138.25,2.3848480035423645,233.4,4.5431266766402185,7.000825210881343,0.25164291250107546,56.1703038,3.0465852987455913,0.0011408000000000002,0.00092443418370374,3090.0000000000005,112.90450611025231,474.85,91.94687324754442,541.15,119.9267588989213,115.7,4.2790185790669275,138.75,1.7853571071357126,138.15,5.294100490168278,115.7,4.2790185790669275,107.8,3.867815921162743,101.85,4.871088174114692,8.0455,0.6784649954124382,63.775000000000006,12.075258796398527,5.725,3.706329046374593,0.536701292,0.35996207706906713,10.5315,0.4650405896263253,0.139454125,0.005687997283128312,4.897000000000001,0.20760780332155127,1.809,0.09038252043398659,3.995,1.0167177582790614,352.41,23.25527682054119,16.2775,2.978135112784509,731.53,29.81878770171584,8.05,1.4309088021254186,410.79,20.257850330180645,2.9025,0.3074390183434758,56.1703038,3.0465852987455913,1863.8310000000001,206.4009046952072,117.15,1.2757350822173075,126.2,1.3266499161421599,5.282,0.5040595202949747,6.9995,0.22624046941252587,24.6685,0.8438736576052126,754.4300000000001,29.818787701715834,0.43970000000000004,0.01666163257307039,0.43970000000000004,0.01666163257307039,104.77500000000002,68.39953855838502,202.6,3.215587038162705,242.75,2.299456457513384,203.25,2.3848480035423507,223.55,1.1169153951844266,295.30999999999995,13.89744221070914,11.764497800735448,80,8.05
137.5,2.5,231.60000000000002,5.5533773507659285,6.950520901430364,0.276301831594058,56.84019380000001,3.489083282363544,0.0010308000000000001,0.0009795175138811966,3080.15,128.7676201535153,452.50000000000006,106.98247520038036,511.45,139.74529509074713,114.9,4.64650406219557,138.10000000000002,2.0223748416156684,135.85,6.513639535620619,114.9,4.64650406219557,107.3,4.659399102888698,102.65,6.295037728242779,8.203,0.7387293144312062,61.699999999999996,13.333604163916073,5.449999999999999,3.9143965052099667,0.691401292,0.38217787374869966,10.5965,0.5052452374837395,0.140845405,0.006579282286881683,4.9,0.2491987158875421,1.8204999999999998,0.09697809030910023,4.0215,1.0540126896769317,354.5,26.385981126348145,16.619,2.922900785178997,724.8950000000001,36.97062989725763,8.4,1.6552945357246849,408.345,26.602012611830716,3.0045,0.38355540668852534,56.84019380000001,3.489083282363544,1832.862,236.37212504015784,117.0,1.449137674618944,126.1,1.5459624833740306,5.1445,0.6677759729130721,6.952,0.25374396544548616,24.7325,0.9376186591573353,747.795,36.97062989725763,0.436,0.02005991026899174,0.436,0.02005991026899174,121.85500000000002,93.29717827994585,201.5,3.7616485747608057,242.05,2.5391927851189244,202.5,2.499999999999986,223.6,1.3190905958272798,297.445,18.62953233444147,13.02954162708148,80,8.4
137.75,2.48746859276655,232.0,5.639148871948674,6.975579395498293,0.2654126492097566,56.6977738,3.468604988876762,0.0011108,0.000990013414050537,3077.55,127.11545932733753,457.95000000000005,105.56063423454788,519.1999999999999,137.2368755109209,115.2,4.512205669071385,138.35,1.9306734576307822,136.75,6.040488390850528,115.2,4.512205669071385,107.7,4.439594576084623,102.7,6.285698051927088,8.1515,0.7241013395927395,62.35,13.011629413720636,5.5,3.8890872965260113,0.641151292,0.38385406670905164,10.572,0.49044469616869174,0.140447725,0.006421229987227919,4.8865,0.23971389196289797,1.8164999999999998,0.09483011125164834,3.992,1.0342852604576747,352.57,25.960876333436826,16.4285,2.975784392391357,725.745,36.90804079059196,8.299999999999999,1.6155494421403511,407.615,26.192172017608627,2.972,0.36561728624341605,56.6977738,3.468604988876762,1837.0120000000002,235.22308431784498,117.1,1.374772708486752,126.19999999999999,1.469693845669907,5.154,0.672111597876424,6.976500000000001,0.2419560910578613,24.684,0.891113909665874,748.645,36.908040790591954,0.43625,0.020188796398002536,0.43625,0.020188796398002536,121.33000000000001,93.4992144352026,201.85,3.650684867254362,242.25,2.5273503912200224,202.75,2.487468592766536,223.65,1.2757350822172966,297.835,18.411797169206494,12.840802738399296,80,8.299999999999999
138.0,2.449489742783178,232.4,5.6956123463592565,7.000637889566223,0.25157342929837906,56.555353800000006,3.4421173823175706,0.0011908,0.0009939811668235974,3074.9500000000003,125.38763894419577,463.40000000000003,103.83371321492841,526.9499999999999,134.23504572204683,115.5,4.353159771935777,138.60000000000002,1.8,137.65,5.378429138698399,115.5,4.353159771935777,108.1,4.170131892398609,102.75,6.275946143809713,8.1,0.705421859598921,62.99999999999999,12.648122390299678,5.55,3.862965182343739,0.5909012920000001,0.3789166621766283,10.5475,0.47391850565260724,0.140050045,0.00623386997959334,4.873,0.2290436639595165,1.8125,0.09245945057158841,3.9625,1.0133157207899224,350.64,25.382363956101496,16.238,3.0157347363453564,726.595,36.82573115363767,8.2,1.5684387141358123,406.885,25.755132983543305,2.9395,0.3436928134250119,56.555353800000006,3.4421173823175706,1841.162,233.9948125407912,117.2,1.2884098726725126,126.3,1.3820274961085255,5.1635,0.676285997193495,7.001,0.2269339110842627,24.6355,0.8392465370795399,749.495,36.82573115363767,0.4365,0.02031378842067624,0.4365,0.02031378842067624,120.805,93.69787337501316,202.2,3.5014282800023193,242.45000000000002,2.499499949989997,202.99999999999997,2.449489742783164,223.7,1.2288205727444417,298.22499999999997,18.183093108709535,12.441202083092318,80,8.2
138.25,2.3848480035423645,232.79999999999998,5.723635208501674,7.025696383634153,0.23426192615840677,56.4129338,3.4094804099224216,0.0012708,0.000991499147755559,3072.3500000000004,123.5809855924446,468.85,101.78618521194318,534.6999999999999,130.70581471380683,115.8,4.1665333311999255,138.85000000000002,1.6209565077447328,138.54999999999998,4.443815927780988,115.8,4.1665333311999255,108.5,3.8405728739343044,102.8,6.265780079128216,8.0485,0.6823582270332789,63.650000000000006,12.239383154391401,5.6,3.8360135557633264,0.5406512920000001,0.36709890250595556,10.523,0.4554788688841671,0.139652365,0.0060144639438004,4.8595,0.21701324844349917,1.8084999999999998,0.08984848357095405,3.933,0.9910252267223071,348.71000000000004,24.63964082530426,16.047500000000003,3.0432612030517525,727.445,36.72356838598341,8.1,1.5132745950421556,406.15500000000003,25.28948546333041,2.907,0.3169558328852776,56.4129338,3.4094804099224216,1845.3120000000001,232.68605500974917,117.3,1.1874342087037917,126.4,1.2806248474865698,5.173,0.6803021387589487,7.0255,0.2079777632344382,24.587000000000003,0.7809487819313119,750.345,36.723568385983405,0.43675,0.02043495779295862,0.43675,0.02043495779295862,120.28000000000002,93.89317653589104,202.54999999999998,3.3087006513131403,242.65,2.4550967394381833,203.25,2.3848480035423507,223.75,1.1779218989389673,298.615,17.943000724516516,11.764497800735448,80,8.1
137.25,2.48746859276655,230.60000000000002,6.248199740725323,6.9503335801152435,0.27620443682234475,57.2252438,3.7715129528332207,0.0010808,0.0010506543484895495,3065.1000000000004,138.77769093049503,441.05,115.15488482908573,497.25000000000006,149.4051120276679,114.7,4.680811895387373,137.95000000000002,1.9868316486305528,135.35000000000002,6.405271266699015,114.7,4.680811895387373,107.6,4.94368283772331,103.55000000000001,7.338085581403368,8.2575,0.7522358340307911,60.925,13.737972011909182,5.2749999999999995,4.051157242072937,0.745601292,0.3785440359195704,10.6125,0.5113988169716474,0.141441325,0.006938054056064646,4.876,0.26758923745173296,1.8239999999999998,0.09850888284819802,3.989,1.0515507595927076,352.73,28.40906721453558,16.5795,2.965753656324139,719.96,42.0513305378082,8.55,1.7457090250096092,404.44,30.68416529742989,3.0415,0.4039464692258122,57.2252438,3.7715129528332207,1810.1930000000002,258.10840321655553,117.05000000000001,1.4654350889752845,126.2,1.6,5.026,0.7852540990023548,6.9535,0.2546423963129472,24.6995,0.9357161695728033,742.86,42.0513305378082,0.4328,0.022666274506411507,0.4328,0.022666274506411507,137.885,110.71392538881457,201.10000000000002,3.8974350539810154,241.75,2.6433879775772606,202.25,2.4874685927665356,223.75,1.4097872179871547,300.36,21.72782547794418,13.275831245125143,80,8.55
137.5,2.5,231.0,6.3874877690685254,6.975392074183173,0.2653289488894611,57.0828238,3.7671615326371075,0.0011607999999999998,0.0010566676677177173,3062.5000000000005,136.96067866362228,446.5,114.38203530275197,505.0,147.8079835462212,115.0,4.560701700396545,138.2,1.9131126469708992,136.25,5.998958242895178,115.0,4.560701700396545,108.0,4.711687595755898,103.60000000000001,7.323933369440222,8.206000000000001,0.7416697378213566,61.575,13.463167346505056,5.325,4.028880117352712,0.695351292,0.38733280841709894,10.588,0.4975700955644344,0.141043645,0.006823181380739859,4.8625,0.2575242707008408,1.8199999999999998,0.09654014708917737,3.9595,1.0308466180766176,350.8,27.892472102701838,16.389,3.015392014315883,720.8100000000001,42.09607938989093,8.45,1.7168284713389397,403.71,30.235401436064986,3.009,0.3900499967952827,57.0828238,3.7671615326371075,1814.343,257.42225702335844,117.15,1.3883443376914821,126.3,1.5198684153570663,5.0355,0.7903700082872578,6.978,0.242746781647049,24.651,0.8873099796576163,743.71,42.09607938989093,0.43305000000000005,0.022815510075385126,0.43305000000000005,0.022815510075385126,137.35999999999999,110.96010273967845,201.45000000000002,3.8272052466519217,241.95,2.654712790491657,202.5,2.499999999999986,223.8,1.363818169698573,300.75,21.488589995623265,13.170795686273172,80,8.45
137.75,2.48746859276655,231.4,6.499230723708768,7.000450568251102,0.25150378738165946,56.940403800000006,3.757410698842058,0.0012408,0.0010566070982157938,3059.9000000000005,135.0691952297044,451.95000000000005,113.3421699986373,512.75,145.7819861985698,115.3,4.417012565071548,138.45000000000002,1.8020821290940099,137.15,5.41548705104167,115.3,4.417012565071548,108.39999999999999,4.431703961232068,103.64999999999999,7.309411741036347,8.1545,0.7273133781252754,62.225,13.150546566588021,5.375,4.005855089740517,0.6451012920000001,0.3894967224795057,10.5635,0.4821024268762815,0.140645965,0.006682717670175442,4.849,0.24631077930127196,1.8159999999999998,0.09436100889668358,3.9299999999999997,1.0088557875137556,348.87,27.229673152647283,16.1985,3.052360193358575,721.66,42.12363232201136,8.35,1.6815171720800235,402.97999999999996,29.761975740867747,2.9764999999999997,0.37281731451208117,56.940403800000006,3.757410698842058,1818.4930000000002,256.6671853022899,117.25,1.299038105676658,126.4,1.42828568570857,5.045,0.7953395501293771,7.0024999999999995,0.22761535536953575,24.6025,0.8332879154289947,744.5600000000001,42.12363232201136,0.4333,0.02296105398277701,0.4333,0.02296105398277701,136.835,111.20325658450834,201.79999999999998,3.722902093797257,242.14999999999998,2.6509432283623124,202.75,2.4874685927665356,223.85000000000002,1.3143439428094805,301.14,21.239500935756475,12.840802738399296,80,8.35
138.0,2.449489742783178,231.79999999999998,6.584831053261731,7.025509062319032,0.23420717915116684,56.7979838,3.742218245074005,0.0013208,0.0010504715893349995,3057.3,133.10006574002884,457.4,112.02785367934173,520.5,143.3089320314683,115.6,4.247352116319053,138.7,1.6462077633154328,138.04999999999998,4.58775544247947,115.6,4.247352116319053,108.79999999999998,4.093897898091744,103.7,7.294518489934753,8.103,0.7089365274832437,62.875,12.797338590503886,5.425000000000001,3.982069185737485,0.594851292,0.385147457694163,10.539,0.4648322277983749,0.140248285,0.006515007904774567,4.8355,0.23378355374148946,1.8119999999999998,0.09195651146058119,3.9004999999999996,0.9854921359402113,346.94,26.409664897533254,16.008,3.077114882483265,722.5100000000001,42.13402306924892,8.25,1.6393596310755003,402.25,29.262691263791858,2.944,0.3517584398418892,56.7979838,3.742218245074005,1822.643,255.84257779150056,117.35000000000001,1.1947803145348521,126.5,1.3228756555322951,5.054499999999999,0.8001654516410965,7.026999999999999,0.2085449591814677,24.554,0.7724726532376402,745.4100000000001,42.13402306924892,0.43355000000000005,0.02310297599877557,0.43355000000000005,0.02310297599877557,136.30999999999997,111.44340671390121,202.15,3.581549943809244,242.35,2.6320144376503714,202.99999999999997,2.449489742783164,223.89999999999998,1.26095202129184,301.53000000000003,20.980207339299586,12.223687829729394,80,8.25
137.0,2.449489742783178,229.60000000000002,6.726068688320094,6.950146258800122,0.27610688060951305,57.61029380000001,3.9972979311665977,0.0011308,0.0011150311923888048,3050.05,146.57554366264517,429.6000000000001,121.71211936368539,483.05,157.19970578852877,114.5,4.706378650300031,137.8,1.9390719429665317,134.85,6.255197838597913,114.5,4.706378650300031,107.9,5.195190083144215,104.45,8.151533598041537,8.312000000000001,0.761614075500184,60.14999999999999,14.088204285855598,5.1,4.176122603564219,0.7998012919999999,0.36695499325867886,10.6285,0.5169842840938208,0.142037245,0.007230213791201136,4.852,0.28276492003075615,1.8274999999999997,0.09989369349463459,3.9565,1.048075736767148,350.96000000000004,30.1937808165854,16.54,3.0074773482106227,715.0250000000001,46.05532406790772,8.700000000000001,1.8193405398660252,400.53499999999997,33.835940580985785,3.0785,0.42011040215638557,57.61029380000001,3.9972979311665977,1787.5240000000001,276.29756966719776,117.1,1.4798648586948744,126.3,1.6462077633154328,4.907500000000001,0.871343072503592,6.955000000000001,0.25552886334032815,24.6665,0.9326428844954532,737.925,46.05532406790772,0.42960000000000004,0.024589428622885896,0.42960000000000004,0.024589428622885896,153.91500000000002,123.68048057393698,200.7,3.9887341350358265,241.45,2.71062723368596,202.0,2.449489742783164,223.89999999999998,1.4798648586948588,303.275,24.08615525566503,13.275831245125142,80,8.700000000000001
137.25,2.48746859276655,230.0,6.913754406977442,6.975204752868052,0.2652450898668645,57.4678738,4.006902101636721,0.0012108,0.001117124236600388,3047.4500000000003,144.58599517242325,435.05,121.49587441555371,490.8,156.38785119055763,114.80000000000001,4.5999999999999925,138.05,1.8834808201837363,135.75,5.915023245939106,114.80000000000001,4.5999999999999925,108.30000000000001,4.950757517794625,104.50000000000001,8.133265027035577,8.2605,0.7549071134914546,60.8,13.856767299770896,5.15,4.156621224023185,0.749551292,0.3831894889261409,10.604,0.5040872940275328,0.14163956500000002,0.007153263064313733,4.838500000000001,0.27207122229298697,1.8235,0.09809561661970427,3.927,1.026367867774513,349.03000000000003,29.59302451592267,16.3495,3.0539752372931903,715.875,46.1870964123098,8.6,1.8,399.805,33.344131042808726,3.046,0.40971209403677605,57.4678738,4.006902101636721,1791.6740000000002,275.99777228086464,117.2,1.4,126.39999999999999,1.5620499351813308,4.917000000000001,0.8772405599378086,6.979500000000001,0.2435256659984735,24.618,0.8822561986180654,738.775,46.1870964123098,0.42985,0.024759392157320828,0.42985,0.024759392157320828,153.39000000000001,123.96880212376016,201.05,3.955692101263697,241.65,2.7436289836637897,202.25,2.487468592766536,223.95,1.4309088021254044,303.66499999999996,23.822893925801715,13.275831245125142,80,8.6
137.5,2.5,230.4,7.0738956735309575,7.000263246935981,0.2514339866190353,57.325453800000005,4.01143007428682,0.0012908000000000002,0.0011134803815065625,3044.8500000000004,142.52126157173885,440.50000000000006,121.03408610800513,498.55,155.1852038694411,115.10000000000001,4.471017781221625,138.3,1.7916472867168918,136.65,5.40624638728203,115.10000000000001,4.471017781221625,108.7,4.659399102888697,104.55,8.114647250497091,8.209000000000001,0.7445864624071539,61.449999999999996,13.590345838130832,5.2,4.136423575989287,0.699301292,0.3923802706170088,10.5795,0.48962715406725593,0.14124188500000004,0.007053088309618355,4.825,0.2602402735934619,1.8195,0.09609760662992602,3.8975,1.0033238510072409,347.1,28.850996516585006,16.159,3.0880461460282613,716.725,46.30289272820868,8.5,1.7748239349298849,399.075,32.82872941494996,3.0135,0.3963871213851429,57.325453800000005,4.01143007428682,1795.824,275.63517301679775,117.3,1.307669683062202,126.5,1.466287829861518,4.926500000000001,0.8829964609215599,7.0040000000000004,0.22828490970714654,24.569499999999998,0.8259689764149737,739.625,46.30289272820868,0.43010000000000004,0.024925689559167668,0.43010000000000004,0.024925689559167668,152.865,124.25423644689143,201.39999999999998,3.891015291668744,241.85,2.7617928959282954,202.5,2.499999999999986,224.0,1.37840487520901,304.05499999999995,23.55023301370923,13.029541627081478,80,8.5
137.75,2.48746859276655,230.79999999999998,7.2083285163760396,7.0253217410039115,0.2341522694869655,57.183033800000004,4.010899040973826,0.0013708000000000001,0.0011040428252563394,3042.25,140.37802534584964,445.95000000000005,120.32392737938702,506.29999999999995,153.58258364801654,115.4,4.317406628984574,138.55,1.6575584454250776,137.54999999999998,4.674130935264865,115.4,4.317406628984574,109.10000000000001,4.31161222746202,104.6,8.095677859203638,8.1575,0.7304989733052333,62.1,13.286835590162166,5.25,4.115519408288582,0.649051292,0.39501929587740026,10.555,0.4734606636247623,0.140844205,0.006928682282690923,4.8115,0.24710878171364106,1.8154999999999997,0.09388690004468142,3.868,0.9788493244621463,345.17,27.956450060764155,15.9685,3.1100985113015307,717.575,46.402832618278815,8.4,1.7435595774162693,398.34499999999997,32.28860596247538,2.9810000000000003,0.3798275924679512,57.183033800000004,4.010899040973826,1799.9740000000002,275.20952364335074,117.39999999999999,1.2000000000000002,126.6,1.3564659966250536,4.936,0.8886135267932849,7.0285,0.2090998565279279,24.521,0.7624755733792392,740.475,46.402832618278815,0.43035,0.02508839373096652,0.43035,0.02508839373096652,152.34,124.53680339562277,201.74999999999997,3.7930858150060356,242.04999999999998,2.7654113618049667,202.75,2.4874685927665356,224.04999999999998,1.321930406640218,304.445,23.26784207871457,12.482034425844681,80,8.4
137.75,2.48746859276655,233.8,2.9933259094191533,6.91105416013768,0.2647091387347969,56.6093935,2.3758618049176916,0.0009710000000000001,0.0008620690227586188,3132.55,83.91805526821983,459.7,73.53849332152515,519.4,98.8303597079359,114.45,4.055551750378724,138.25,2.0463381929681126,136.95000000000002,6.681878478392136,114.45,4.055551750378724,106.2,3.8157568056677826,100.45,2.6358110706194404,8.2155,0.6446663865907697,60.8,10.524257693538296,5.0,2.9664793948382653,0.557064115,0.37715577217139296,10.662500000000001,0.41611146343257616,0.14064751,0.00491421293595424,4.984500000000001,0.17491355007545864,1.833,0.07893668348746354,4.319,0.8805560743075934,360.2950000000001,22.122555797194874,16.062,2.503632560900261,730.47,17.263229709414166,8.35,1.2359207094308275,418.517,10.658225508967238,2.9115,0.3394005745428255,56.6093935,2.3758618049176916,1839.1500000000003,146.56124999466945,116.65,1.2359207094308275,125.65,1.2359207094308275,5.409,0.12999615378925636,6.915500000000001,0.24193955856783744,24.959,0.8054185247435024,753.37,17.263229709414148,0.441,0.011704699910719636,0.441,0.011704699910719636,89.42500000000001,7.998554556918392,201.9,3.1606961258558215,242.35,2.1511624764298953,202.75,2.4874685927665356,223.10000000000002,0.8888194417315518,290.305,5.817944224552184,10.970700981454987,80,8.35
137.5,2.5,232.8,4.64327470649756,6.9108668388225585,0.26457953621561603,56.9944435,2.8058985065780178,0.001021,0.0009452846132250328,3117.5,106.29029824024391,448.25,85.95456648718555,505.2,113.0767880689932,114.25,4.072775466435626,138.1,2.0223748416156684,136.45000000000002,6.659391864126934,114.25,4.072775466435626,106.5,4.236744032862973,101.35000000000001,5.012733785071775,8.27,0.6590675230960784,60.02499999999999,10.968676994059036,4.824999999999999,3.1195953263203866,0.611264115,0.3924847594699693,10.6785,0.4210614563219961,0.14124343,0.005406938748598879,4.9605,0.21013031670846535,1.8364999999999998,0.08026674280173575,4.2865,0.8885565541933726,358.52500000000003,24.91539433763793,16.022499999999997,2.544900538331508,725.5350000000001,27.468732679175424,8.5,1.3601470508735443,414.61199999999997,20.661365298546954,2.9485,0.3716621449650207,56.9944435,2.8058985065780178,1816.4810000000002,180.31486810299367,116.7,1.268857754044952,125.75,1.3369741957120937,5.2905,0.5002846689635811,6.917,0.24310697233933884,24.926,0.8124555372449619,748.435,27.46873267917542,0.43779999999999997,0.01674395413276088,0.43779999999999997,0.01674395413276088,105.45500000000001,68.2414278499505,201.5,3.3689761055846037,242.05,2.3124662159694354,202.49999999999997,2.499999999999986,223.25,1.0897247358851583,293.21999999999997,14.160282483058033,12.223687829729394,80,8.5
137.75,2.48746859276655,233.2,4.64327470649756,6.935925332890489,0.25708139836953314,56.852023499999994,2.788282864301388,0.001101,0.0009569759662603864,3114.9000000000005,105.2097310138183,453.7,84.45300468307803,512.95,110.40130207565488,114.55,3.968311983702886,138.35,1.9306734576307822,137.35,6.10962355632489,114.55,3.968311983702886,106.9,4.07308237088326,101.4,5.01398045468867,8.2185,0.6479758868970356,60.675000000000004,10.677400198550208,4.875,3.0978823412131065,0.561014115,0.38376362187380353,10.654,0.40813478165919675,0.14084575,0.005243739022253111,4.947,0.20285709255532564,1.8325,0.07847770384000795,4.257,0.8740543461364402,356.595,24.78024364287003,15.832,2.561483164106295,726.385,27.364562393723748,8.4,1.3190905958272918,413.882,20.356930908169833,2.916,0.3479281535029898,56.852023499999994,2.788282864301388,1820.6310000000003,179.18574680760744,116.8,1.2083045973594573,125.85,1.2757350822173072,5.3,0.5033090501868608,6.9415000000000004,0.23446268359805156,24.8775,0.7705898714621154,749.285,27.36456239372374,0.43805,0.016871499636961742,0.43805,0.016871499636961742,104.93000000000002,68.39160840337067,201.85000000000002,3.2446109165815242,242.25,2.299456457513384,202.75,2.4874685927665356,223.3,1.053565375285265,293.61,13.990850581719474,11.905751859927141,80,8.4
137.25,2.48746859276655,231.8,5.670978751503131,6.910679517507438,0.26444973749253897,57.3794935,3.131275544784705,0.001071,0.001019295344833871,3102.4500000000003,122.88209796386128,436.8,95.4267258161989,491.0,124.10479442793498,114.05,4.080134801694661,137.95000000000002,1.9868316486305528,135.95,6.599052962357553,114.05,4.080134801694661,106.8,4.6,102.25,6.456585785072479,8.3245,0.6687336913899283,59.24999999999999,11.342949351910198,4.6499999999999995,3.2561480310329873,0.665464115,0.39995851828683393,10.6945,0.4253525008742751,0.14183935,0.005797434190182759,4.9365,0.23782924546825593,1.8399999999999999,0.08142481194328913,4.2540000000000004,0.8953066513770577,356.75500000000005,27.310812419259893,15.983,2.584906381283469,720.6,34.09303447920118,8.65,1.4585952145814822,410.707,26.639973930167432,2.9855,0.39791299300223915,57.3794935,3.131275544784705,1793.8120000000001,206.2012031875663,116.75,1.299038105676658,125.85,1.4239030865898141,5.172,0.6749711104928862,6.918500000000001,0.24425959551264317,24.893,0.8181020718712303,743.5,34.09303447920118,0.4346,0.020080836635957184,0.4346,0.020080836635957184,121.48500000000001,93.46596318981578,201.1,3.5199431813596083,241.75,2.426417111710186,202.25,2.4874685927665356,223.4,1.2409673645990733,296.135,18.713211242328246,12.840802738399296,80,8.65
137.5,2.5,232.2,5.74108003776293,6.935738011575367,0.25696607955830353,57.2370735,3.1330526777420697,0.001151,0.0010262567904769254,3099.8500000000004,121.6273406763463,442.25,94.73746618946487,498.75,122.57319241987622,114.35,3.9909272105614675,138.2,1.9131126469708992,136.85,6.117801892837001,114.35,3.9909272105614675,107.2,4.422668877499197,102.30000000000001,6.450581369148055,8.273000000000001,0.662058154545354,59.9,11.106979787502992,4.7,3.2380549717384355,0.615214115,0.3983015784649863,10.669999999999998,0.4135093711150936,0.14144167,0.005687356716709444,4.923,0.23002391180049073,1.8359999999999999,0.07983733462484828,4.2245,0.8798265454053998,354.82500000000005,27.06163104840505,15.7925,2.5983396140612567,721.45,34.13227944336563,8.549999999999999,1.4309088021254184,409.977,26.29637866703323,2.953,0.379026384305895,57.2370735,3.1330526777420697,1797.9620000000002,205.6724801620285,116.85,1.2359207094308275,125.94999999999999,1.3592277219068187,5.1815,0.6788760932600292,6.9430000000000005,0.23550159235130458,24.8445,0.7744770816492891,744.3499999999999,34.13227944336563,0.43485,0.020226900405153535,0.43485,0.020226900405153535,120.96000000000001,93.66556144069173,201.45000000000002,3.4420197558991434,241.95,2.4387496796514396,202.49999999999997,2.499999999999986,223.45,1.2031209415515853,296.525,18.524062054527896,12.582456142284009,80,8.549999999999999
137.75,2.48746859276655,232.60000000000002,5.782732917920384,6.960796505643297,0.2467257833655637,57.0946535,3.1283517565719414,0.001231,0.0010269581296235987,3097.2500000000005,120.30332497483184,447.7,93.726783792041,506.5,120.52489369420742,114.65,3.8765319552403974,138.45000000000002,1.8020821290940099,137.75,5.448623679425842,114.65,3.8765319552403974,107.6,4.2,102.35,6.44418342383269,8.2215,0.6512547504625205,60.55,10.82693400737254,4.749999999999999,3.2190837205639746,0.564964115,0.3902196220914572,10.6455,0.3998183962751091,0.14104399,0.005546666646906052,4.9095,0.2211215728959975,1.832,0.07801281945936833,4.195,0.8630614114881977,352.89500000000004,26.670835663698284,15.602,2.597771352525083,722.3,34.15032942740085,8.450000000000001,1.3955285736952863,409.247,25.92768888659381,2.9204999999999997,0.3561948202879992,57.0946535,3.1283517565719414,1802.1120000000003,205.05842337246233,116.95,1.16081867662439,126.05000000000001,1.2835497652993435,5.191000000000001,0.6826265450449462,6.9675,0.22373812817667002,24.796000000000003,0.7250062068699824,745.2,34.15032942740085,0.43510000000000004,0.020368848764719134,0.43510000000000004,0.020368848764719134,120.43500000000002,93.86179880547783,201.79999999999998,3.3256578296631782,242.15,2.43464576478797,202.75,2.4874685927665356,223.50000000000003,1.1618950038622153,296.91499999999996,18.324663025551114,12.123266113290065,80,8.450000000000001
137.0,2.449489742783178,230.8,6.384355879804947,6.910492196192318,0.26431974227651794,57.7645435,3.382333460869397,0.001121,0.0010859848065235536,3087.4,135.82852240969126,425.35,102.77221171114302,476.8,132.71910186555664,113.85000000000001,4.0776831657204475,137.8,1.9390719429665317,135.45000000000002,6.49980768946282,113.85000000000001,4.0776831657204475,107.10000000000001,4.9183330509431755,103.15,7.525124583686305,8.379,0.6738686815693395,58.474999999999994,11.653835205630806,4.475,3.3781466812440217,0.719664115,0.4000175824688206,10.710500000000001,0.42900437060710733,0.14243527,0.006105346710474357,4.9125000000000005,0.26042033330752024,1.8435,0.0824181412068969,4.2215,0.9008344742515131,354.985,29.406092480980877,15.943499999999998,2.623707824815865,715.6650000000001,39.005515956079854,8.8,1.5362291495737217,406.80199999999996,31.01590488765402,3.0225,0.4192836152295962,57.7645435,3.382333460869397,1771.143,226.92874126253818,116.8,1.3266499161421599,125.95,1.499166435056495,5.0535,0.7954890005524904,6.92,0.2453976365004359,24.86,0.8223867703216046,738.5649999999999,39.00551595607986,0.4314,0.02248644035858055,0.4314,0.02248644035858055,137.51500000000001,110.90968521729742,200.70000000000002,3.6207733980463344,241.45,2.4994999499899975,202.0,2.449489742783164,223.54999999999998,1.3592277219068045,299.05,21.974087011750914,13.170795686273172,80,8.8
137.25,2.48746859276655,231.2,6.508456038109191,6.935550690260247,0.256850572358607,57.6221235,3.400145559627816,0.001201,0.0010888539847013464,3084.8,134.40359928216208,430.79999999999995,102.74171499444614,484.54999999999995,132.12360689899438,114.15,4.003436024217189,138.04999999999998,1.8834808201837363,136.35,6.085022596506935,114.15,4.003436024217189,107.5,4.727578661429125,103.2,7.513986957667679,8.3275,0.6714378228845914,59.125,11.468298696842526,4.525,3.3633130987167994,0.669414115,0.40514009594422973,10.685999999999998,0.4182032998435094,0.14203759,0.006040282495041109,4.899,0.2520297601474872,1.8395,0.08102314484145871,4.191999999999999,0.8843675706401722,353.055,29.05748569646039,15.753,2.6340882673137584,716.515,39.147123457541554,8.7,1.5198684153570663,406.07199999999995,30.62835901578797,2.9899999999999998,0.4043884271341108,57.6221235,3.400145559627816,1775.2930000000001,226.86348143982983,116.89999999999999,1.260952021291849,126.05,1.4309088021254184,5.063,0.8002130966186444,6.944500000000001,0.23652642558496512,24.8115,0.7769444960870754,739.415,39.147123457541554,0.43165,0.022652317762207032,0.43165,0.022652317762207032,136.99,111.15368145050347,201.05,3.5843409436045564,241.64999999999998,2.535251466817444,202.25,2.4874685927665356,223.6,1.319090595827279,299.44,21.761052364258497,12.982056797590989,80,8.7
137.5,2.5,231.6,6.606057825965498,6.9606091843281765,0.24662451345082909,57.4797035,3.4119251310655616,0.001281,0.0010858374648169034,3082.2000000000003,132.91255584029673,436.25,102.42161637076423,492.3,131.06795947141316,114.45,3.904804732633879,138.3,1.7916472867168918,137.25,5.494315243958978,114.45,3.904804732633879,107.89999999999999,4.493328387732194,103.25,7.502499583472164,8.276,0.6650218041538186,59.77499999999999,11.242191734710808,4.575,3.3476670981446164,0.619164115,0.4039960437915199,10.661499999999998,0.40563869391368496,0.14163991,0.005947980163038546,4.8855,0.24259997938994124,1.8355000000000001,0.07940245588141463,4.1625,0.8665845313643673,351.125,28.574584423924698,15.562499999999998,2.630668878821506,717.365,39.269826521134526,8.6,1.4966629547095764,405.342,30.218216294149467,2.9574999999999996,0.38619781200830233,57.4797035,3.4119251310655616,1779.443,226.72225257129043,117.0,1.1832159566199232,126.15,1.3518505834595773,5.0725,0.8047973347371373,6.969,0.22465306585933795,24.762999999999998,0.725438488088411,740.2650000000001,39.269826521134526,0.4319,0.022814249932881864,0.4319,0.022814249932881864,136.465,111.3946689702878,201.4,3.512833614050059,241.85,2.5548972582082436,202.49999999999997,2.499999999999986,223.65,1.275735082217296,299.83,21.53885094428206,12.582456142284009,80,8.6
137.75,2.48746859276655,232.0,6.6783231428256,6.985667678396107,0.23327929290630883,57.3372835,3.41773455091772,0.0013610000000000002,0.0010768857878159595,3079.6000000000004,131.35314042686608,441.69999999999993,101.80918426153899,500.04999999999995,129.54091052636616,114.75,3.779880950506238,138.55,1.6575584454250776,138.15,4.661276649159541,114.75,3.779880950506238,108.3,4.208325082500163,103.3,7.490660852021001,8.2245,0.6545034377297035,60.425000000000004,10.973006652690957,4.625,3.3311972322274768,0.568914115,0.3965311897653193,10.637,0.391140639668138,0.14124223,0.005827145498020454,4.872,0.23200431030478702,1.8315,0.07754192414429757,4.133,0.8474025017664274,349.19500000000005,27.950428887585968,15.372,2.6133954924580394,718.215,39.37380188653364,8.5,1.466287829861518,404.61199999999997,29.784543239740984,2.925,0.3642183411087366,57.3372835,3.41773455091772,1783.593,226.50491255378992,117.1,1.0908712114635715,126.25000000000001,1.2599603168354152,5.082,0.8092440917300538,6.9935,0.2092671737277493,24.7145,0.6664643651389021,741.115,39.37380188653364,0.43215000000000003,0.022972320300744548,0.43215000000000003,0.022972320300744548,135.94,111.63266726187277,201.75,3.404041715373065,242.04999999999998,2.558808316384797,202.75,2.4874685927665356,223.7,1.2288205727444408,300.22,21.30719596755988,11.905751859927141,80,8.5
136.75,2.384848003542364,229.8,6.881860213634101,6.910304874877197,0.26418955027749824,58.1495935,3.574765130559874,0.0011710000000000002,0.0011466311525508105,3072.3500000000004,146.10188226029123,413.9,108.4241209325674,462.6,139.3680020664715,113.65,4.0654028090707,137.65,1.8781639970992947,134.95000000000002,6.359834903517544,113.65,4.0654028090707,107.4,5.2,104.05000000000001,8.363462201743964,8.4335,0.6745759779298399,57.699999999999996,11.906300852909773,4.3,3.487119154832539,0.773864115,0.39266529795514105,10.726500000000001,0.4320332741815152,0.14303119,0.006342714909871014,4.8885000000000005,0.2791464669308926,1.847,0.0832526275861609,4.189,0.9051624163651516,353.2150000000001,31.261642231335195,15.904,2.6613575483200296,710.73,42.79973247579942,8.95,1.5960889699512368,402.897,34.40619785736286,3.0595,0.43649140885016285,58.1495935,3.574765130559874,1748.4740000000002,243.81674246039793,116.85000000000001,1.3518505834595773,126.05000000000001,1.5644487847162014,4.9350000000000005,0.8842708860976936,6.921500000000001,0.24652129725441588,24.826999999999998,0.825330842753377,733.63,42.79973247579943,0.4282,0.02423963696097778,0.4282,0.02423963696097778,153.54500000000002,123.90362575405129,200.3,3.675595189897821,241.15,2.5352514668174435,201.75,2.3848480035423507,223.7,1.4525839046333793,301.965,24.465123645712488,13.275831245125143,80,8.95
137.0,2.449489742783178,230.2,7.054076835419359,6.935363368945127,0.25673487651617066,58.0071735,3.6068592385629294,0.0012510000000000002,0.0011458634299077704,3069.7500000000005,144.50757765598314,419.34999999999997,108.96938790320885,470.34999999999997,139.59164552364874,113.95,4.005933099790851,137.9,1.841195263952197,135.85,6.010615609070339,113.95,4.005933099790851,107.80000000000001,4.995998398718719,104.10000000000001,8.34805366537614,8.382000000000001,0.6763105795416777,58.35,11.767646323713166,4.35,3.475269773701029,0.723614115,0.4046697014550258,10.701999999999998,0.422239268661739,0.14263351,0.0063177335749380935,4.875,0.2701388531848018,1.843,0.08204267182387467,4.1594999999999995,0.8876963163154391,351.285,30.823323555385787,15.7135,2.668773641581466,711.58,43.02642908724823,8.85,1.5898113095584647,402.167,33.97344802930666,3.0269999999999997,0.42504235083106723,58.0071735,3.6068592385629294,1752.624,244.14164373166662,116.95,1.2835497652993435,126.15,1.49248115565993,4.944500000000001,0.8897891604194782,6.946000000000001,0.23753736548172805,24.7785,0.7780056233729931,734.48,43.02642908724823,0.42845,0.02442636894833123,0.42845,0.02442636894833123,153.02,124.18986512594334,200.65000000000003,3.6779749863205975,241.35,2.5937424698685874,202.0,2.449489742783164,223.75,1.409787217987154,302.35499999999996,24.227081437928103,13.170795686273172,80,8.85
137.25,2.48746859276655,230.6,7.2,6.960421863013056,0.24652305959851925,57.864753500000006,3.633091587360103,0.0013310000000000002,0.0011394924308656025,3067.1500000000005,142.8481711468509,424.8,109.24037715057561,478.09999999999997,139.3846835201056,114.25,3.9226904032819028,138.15,1.7684739183827394,136.75,5.494315243958978,114.25,3.9226904032819028,108.2,4.749736834815167,104.14999999999999,8.332316604642433,8.3305,0.6741177567754761,59.0,11.59094474147815,4.3999999999999995,3.462657938636157,0.673364115,0.41021820209883386,10.677499999999998,0.4107538800790569,0.14223583,0.006267470291521139,4.8615,0.2601206450860829,1.839,0.08061637550770934,4.13,0.8688785876058864,349.355,30.255817209257465,15.523,2.662574130423414,712.43,43.23522984789141,8.75,1.5771810295587503,401.43699999999995,33.51921972540531,2.9945,0.4107124906793072,57.864753500000006,3.633091587360103,1756.7740000000001,244.39565361110664,117.05,1.2031209415515964,126.25000000000001,1.4097872179871684,4.954000000000001,0.8951726090536952,6.9705,0.2255543171832453,24.73,0.7243686906541444,735.33,43.23522984789142,0.4287,0.024609144641779,0.4287,0.024609144641779,152.495,124.47323196173545,201.0,3.6469165057620936,241.54999999999998,2.6358110706194404,202.25,2.4874685927665356,223.8,1.3638181696985727,302.74499999999995,23.980335172803574,12.840802738399296,80,8.75
137.5,2.5,230.99999999999997,7.321202087089251,6.985480357080986,0.23319216272840693,57.7223335,3.6535884394231863,0.0014110000000000001,0.0011274231681139074,3064.55,141.12136620653868,430.24999999999994,109.23912989400822,485.84999999999997,138.74518910578485,114.55,3.814118508908702,138.4,1.6552945357246849,137.64999999999998,4.75683718451662,114.55,3.814118508908702,108.6,4.454211490264017,104.2,8.316249154516717,8.279,0.6679588310667057,59.65,11.374423062291994,4.45,3.449275286201436,0.6231141149999999,0.40957325888136265,10.652999999999999,0.39743049706835554,0.14183815,0.006191309346293404,4.847999999999999,0.2489698776960777,1.835,0.0789620161849987,4.1005,0.8486193198366391,347.425,29.55168142424387,15.3325,2.6426631926902826,713.2800000000001,43.426392896486355,8.649999999999999,1.5580436450882884,400.707,33.042627180658634,2.962,0.39318697842120864,57.7223335,3.6535884394231863,1760.924,244.57899297364037,117.15,1.107925990308017,126.35000000000001,1.3143439428094914,4.9635,0.9004236502891292,6.995,0.21005951537600007,24.6815,0.6628896967067747,736.1800000000001,43.426392896486355,0.42895,0.024788051557151483,0.42895,0.024788051557151483,151.97,124.75374583554596,201.35,3.5815499438092444,241.75,2.662235902394827,202.49999999999997,2.499999999999986,223.84999999999997,1.3143439428094803,303.135,23.72461327398194,12.223687829729394,80,8.649999999999999
137.75,2.48746859276655,233.60000000000002,2.90516780926679,6.91986655473165,0.2735048495083844,56.416948500000004,2.5773228770871435,0.000901,0.0008319873797119761,3123.05,93.41621914849691,465.70000000000005,79.74653597492495,527.45,107.0474077219995,114.75,4.368924352744041,138.25,2.0463381929681126,136.8,6.6000000000000005,114.75,4.368924352744041,106.3,3.9127995093027708,100.5,2.6739483914241875,8.179499999999999,0.6819785553813256,61.849999999999994,11.58565923890393,5.4,3.32264954516723,0.582814115,0.36596770630712716,10.619,0.45941158017620787,0.140250115,0.0053158447455954735,4.9705,0.18932709790201707,1.8244999999999998,0.08749142815156237,4.2135,0.9836934227695132,360.39500000000004,22.034937599185536,16.422,2.664945778060034,732.335,19.143021574453698,8.25,1.3369741957120937,417.616,11.59562952150507,2.9120000000000004,0.3393464306575215,56.416948500000004,2.5773228770871435,1857.6000000000001,164.05684228339882,116.75,1.3369741957120937,125.75,1.3369741957120937,5.390499999999999,0.13485084352720972,6.9225,0.248814690080791,24.871499999999997,0.8772073586102659,755.235,19.14302157445368,0.441,0.011704699910719636,0.441,0.011704699910719636,90.10000000000001,7.774959806970064,202.0,3.255764119219941,242.4,2.2,202.74999999999997,2.4874685927665356,223.2,0.9797958971132643,290.85999999999996,6.379216252800977,11.28863695125724,80,8.25
138.0,2.449489742783178,234.0,2.792848008753788,6.944925048799579,0.2654098311154395,56.274528499999995,2.525777986897651,0.000981,0.000856529625874085,3120.4500000000003,92.34126921371613,471.15,76.8988133848631,535.2,102.54930521461372,115.05,4.236448984704046,138.5,1.9364916731037085,137.70000000000002,5.992495306631454,115.05,4.236448984704046,106.70000000000002,3.7563279941985894,100.55000000000001,2.692118125194361,8.128,0.6642860829492063,62.50000000000001,11.20490963818986,5.45,3.293554311074891,0.532564115,0.35256682787409205,10.5945,0.4443250499352926,0.139852435,0.0050724722417451445,4.957000000000001,0.18196428220944888,1.8205,0.08529214500761487,4.184,0.9683924824160915,358.46500000000003,22.046321121674712,16.2315,2.709026162664362,733.1850000000001,18.686446291363158,8.15,1.2757350822173072,416.88599999999997,11.24086669256423,2.8795,0.30936184315458176,56.274528499999995,2.525777986897651,1861.7500000000002,161.763531118729,116.85000000000001,1.2757350822173072,125.85,1.2757350822173075,5.4,0.13899640283115242,6.947,0.23981451165432013,24.823,0.8354226475263881,756.0849999999999,18.686446291363136,0.44125000000000003,0.011818946653572823,0.44125000000000003,0.011818946653572823,89.57500000000002,8.052755739496881,202.35000000000002,3.070423423568808,242.6,2.1540659228538015,203.0,2.449489742783164,223.25000000000003,0.9420721840708329,291.25,6.14536410638134,10.970700981454987,80,8.15
137.5,2.5,232.60000000000002,4.5431266766402185,6.919679233416529,0.2733854550952663,56.8019985,3.003188675459261,0.000951,0.0009217391171041838,3108.0,112.67665019869911,454.25000000000006,92.071643300204,513.25,121.27113217909694,114.55,4.398579316097407,138.1,2.0223748416156684,136.3,6.565820588471786,114.55,4.398579316097407,106.60000000000001,4.317406628984581,101.4,5.023942674832188,8.234,0.6984225082283644,61.075,12.058477308516196,5.225,3.480211918834829,0.637014115,0.37807257503513747,10.635,0.4653976794097713,0.140846035,0.005815267359913474,4.9465,0.22075495464428413,1.8279999999999998,0.08902808545621993,4.181,0.987395057714996,358.625,24.84475548279758,16.3825,2.709006967506728,727.4000000000001,29.006464796662144,8.4,1.4628738838327793,413.71099999999996,20.993238411450488,2.9490000000000003,0.37156291526469654,56.8019985,3.003188675459261,1834.9310000000003,196.93751612884734,116.8,1.3638181696985856,125.85,1.4239030865898141,5.271999999999999,0.49717803652212955,6.924,0.24990798306576775,24.8385,0.8803991992272594,750.3,29.006464796662133,0.43779999999999997,0.01674395413276088,0.43779999999999997,0.01674395413276088,106.13000000000001,68.0567785014836,201.6,3.4698703145794942,242.1,2.364318083507378,202.5,2.499999999999986,223.35,1.1521718621802812,293.775,14.287192691358237,12.482034425844683,80,8.4
137.75,2.48746859276655,233.0,4.560701700396551,6.944737727484458,0.2653044869313285,56.659578499999995,2.9775461522446216,0.001031,0.0009397036766981387,3105.4,111.43647293413409,459.7,90.31007695711482,521.0,118.25396399275586,114.85,4.28106295211831,138.35,1.9306734576307822,137.20000000000002,6.029925372672534,114.85,4.28106295211831,107.0,4.147288270665544,101.45,5.0246890451051796,8.182500000000001,0.6852654595118595,61.725,11.73613543718715,5.275,3.4549782922617616,0.586764115,0.3725009772486505,10.610499999999998,0.4513809366820892,0.140448355,0.005635873905835281,4.933,0.21295774228705547,1.8239999999999998,0.08702873088813831,4.1514999999999995,0.9711656655792565,356.695,24.71702803736728,16.192,2.749646522737059,728.25,28.852946123403065,8.299999999999999,1.4177446878757824,412.981,20.66187839960346,2.9165,0.3478688689722034,56.659578499999995,2.9775461522446216,1839.0810000000001,195.51299306951444,116.9,1.3,125.94999999999999,1.3592277219068187,5.281499999999999,0.5005724223326731,6.9485,0.24079607554941598,24.79,0.8368631907307188,751.15,28.852946123403058,0.43805,0.016871499636961742,0.43805,0.016871499636961742,105.605,68.21256097669988,201.95000000000002,3.3387872049593095,242.3,2.3473389188611007,202.74999999999997,2.4874685927665356,223.4,1.1135528725659958,294.16499999999996,14.103945370001975,12.223687829729393,80,8.299999999999999
138.0,2.449489742783178,233.4,4.5431266766402185,6.969796221552388,0.2545142005158851,56.5171585,2.944801019472581,0.0011110000000000002,0.0009506224276756782,3102.8000000000006,110.12096757657008,465.15000000000003,88.17725046745335,528.75,114.63501864613623,115.15,4.138538389335049,138.6,1.8,138.1,5.290557626564519,115.15,4.138538389335049,107.4,3.9293765408777,101.5,5.024937810560445,8.131,0.6678914582475207,62.37500000000001,11.367579997519261,5.325,3.4288299753706073,0.536514115,0.3598957614486446,10.586,0.43553874684119687,0.140050675,0.005421486524273119,4.919500000000001,0.20397242460685694,1.82,0.08479386770280031,4.122,0.9537483944940617,354.76500000000004,24.43667888646083,16.0015,2.776654956958102,729.1,28.673419747215366,8.200000000000001,1.3638181696985856,412.251,20.298881225328653,2.884,0.31914573473571606,56.5171585,2.944801019472581,1843.2310000000002,193.9892539781521,117.0,1.224744871391589,126.05000000000001,1.2835497652993437,5.291,0.503764826084553,6.973,0.2287159810769681,24.741500000000002,0.7879547893121785,752.0,28.673419747215355,0.4383,0.016994410845922264,0.4383,0.016994410845922264,105.08000000000001,68.36395687787534,202.29999999999998,3.163858403911275,242.5,2.313006701244076,203.0,2.449489742783164,223.45000000000002,1.0712142642814204,294.55499999999995,13.907353270842018,11.764497800735448,80,8.200000000000001
137.25,2.48746859276655,231.60000000000002,5.5533773507659285,6.9194919121014085,0.27326588010971586,57.1870485,3.3315408181585817,0.0010010000000000002,0.0010010009990005005,3092.9500000000003,127.32815870811923,442.80000000000007,101.64969257208799,499.05,132.47998905495123,114.35000000000001,4.418993097980572,137.95000000000002,1.9868316486305528,135.8,6.493073232299171,114.35000000000001,4.418993097980572,106.9,4.6679760067935225,102.3,6.458327956987009,8.2885,0.7103187664703784,60.3,12.465351980590038,5.05,3.6224991373359914,0.691214115,0.3821911850470909,10.651000000000002,0.47076427222124695,0.141441955,0.006218216969716885,4.9225,0.2459039446613249,1.8315,0.09040326321543929,4.1485,0.9900165402658686,356.855,27.252880123025534,16.343,2.7517959590056815,722.465,35.603177877824336,8.55,1.5644487847162016,409.806,26.767058934444037,2.986,0.397773805070168,57.1870485,3.3315408181585817,1812.2620000000002,222.76973738818302,116.85000000000001,1.3883443376914821,125.95,1.499166435056495,5.1535,0.6694047729139672,6.9255,0.25098754949200186,24.805500000000002,0.882346162228861,745.3649999999999,35.603177877824336,0.4346,0.020080836635957184,0.4346,0.020080836635957184,122.16000000000003,93.2152262240456,201.20000000000002,3.627671429443411,241.8,2.4819347291981715,202.25,2.4874685927665356,223.5,1.2845232578665007,296.69,18.723218206280677,13.02954162708148,80,8.55
137.5,2.5,232.0,5.639148871948674,6.944550406169338,0.26519896858870834,57.0446285,3.3249783057031745,0.001081,0.0010136286302191745,3090.3500000000004,125.92164230186962,448.25,100.67863477421612,506.79999999999995,130.56936853642205,114.65,4.3159587579123055,138.2,1.9131126469708992,136.7,6.025777958073132,114.65,4.3159587579123055,107.30000000000001,4.484417464955732,102.35000000000001,6.4519376934375305,8.237,0.7013993156540715,60.95,12.195183475454561,5.1000000000000005,3.600694377477766,0.640964115,0.3838428167690515,10.626499999999998,0.45776931963599343,0.141044275,0.006089822117999429,4.909,0.2375689373634523,1.8275,0.0885931712944062,4.119,0.9728458254009215,354.925,27.01031053135081,16.1525,2.7891161234340887,723.315,35.59625366523843,8.45,1.5321553446044562,409.07599999999996,26.40021409004102,2.9535,0.37892314524188153,57.0446285,3.3249783057031745,1816.4120000000003,221.93569743509045,116.95,1.3219304066402284,126.05,1.4309088021254184,5.163,0.6736029988056763,6.95,0.24176434807473177,24.757,0.8370011947422772,746.2149999999999,35.59625366523842,0.43485,0.020226900405153535,0.43485,0.020226900405153535,121.63500000000002,93.4191536838137,201.55,3.5422450508117023,242.0,2.4899799195977463,202.5,2.499999999999986,223.55,1.2439855304624619,297.08,18.522489033604533,12.840802738399296,80,8.45
137.75,2.48746859276655,232.4,5.6956123463592565,6.969608900237267,0.25442265700795375,56.9022085,3.312284759940901,0.0011610000000000001,0.001019844596004705,3087.7500000000005,124.44492757842724,453.70000000000005,99.39974849062749,514.55,128.16258229296102,114.95,4.188973621306291,138.45000000000002,1.8020821290940099,137.6,5.370288632839021,114.95,4.188973621306291,107.69999999999999,4.255584566190643,102.39999999999999,6.445153217728808,8.185500000000001,0.6885236016288765,61.599999999999994,11.883391771712317,5.1499999999999995,3.578058132562969,0.590714115,0.378880441620704,10.601999999999999,0.4430417587541836,0.140646595,0.005932060840085429,4.8955,0.22813318478467773,1.8235,0.0865606723633776,4.0895,0.9544552111021241,352.995,26.626011248401444,15.962,2.8130723417644274,724.165,35.569021282571164,8.35,1.49248115565993,408.346,26.00771739311238,2.921,0.35613059402415853,56.9022085,3.312284759940901,1820.5620000000001,221.02060242429894,117.05000000000001,1.243985530462473,126.15,1.3518505834595775,5.1725,0.6776420515286813,6.9745,0.22957515109436397,24.7085,0.7860679041914888,747.065,35.56902128257116,0.4351,0.020368848764719134,0.4351,0.020368848764719134,121.11000000000001,93.61969290699473,201.89999999999998,3.419064199455752,242.20000000000002,2.4819347291981715,202.74999999999997,2.4874685927665356,223.6,1.1999999999999906,297.46999999999997,18.311256101098042,12.441202083092318,80,8.35
138.0,2.449489742783178,232.8,5.7236352085016735,6.994667394305197,0.2405731232028094,56.7597885,3.293389290028853,0.0012410000000000001,0.0010197661496637355,3085.15,122.89548405047275,459.15,97.80095858425928,522.3,125.23102650701223,115.25,4.035777496344409,138.70000000000002,1.6462077633154328,138.5,4.444097208657794,115.25,4.035777496344409,108.10000000000001,3.9736632972611057,102.45,6.437973283573022,8.134,0.6714640720098134,62.25000000000001,11.526599672062876,5.200000000000001,3.5545745174352446,0.540464115,0.3670358907521166,10.5775,0.4264020989629392,0.140248915,0.005742513337143855,4.882,0.21745344329304125,1.8195,0.08428967908350346,4.0600000000000005,0.9347726996441436,351.06500000000005,26.093720988007828,15.771500000000001,2.82400473618583,725.0150000000001,35.52143402229139,8.25,1.4448183276799889,407.616,25.58838846039352,2.8885,0.3285768555452438,56.7597885,3.293389290028853,1824.7120000000002,220.02344101481555,117.15,1.1521718621802912,126.25000000000001,1.2599603168354152,5.1819999999999995,0.6815247611055668,6.9990000000000006,0.2139135339336902,24.660000000000004,0.7283749034666143,747.915,35.52143402229139,0.43535,0.02050676717573982,0.43535,0.02050676717573982,120.58500000000002,93.81686562127302,202.25,3.253843880704789,242.4,2.4576411454889016,203.0,2.449489742783164,223.65,1.1521718621802834,297.86,18.089151444995984,11.764497800735448,80,8.25
137.0,2.449489742783178,230.60000000000002,6.248199740725323,6.919304590786288,0.2731461243145857,57.572098499999996,3.5892421513053074,0.001051,0.0010721021406563836,3077.9,138.83762998553382,431.35,109.2058949874044,484.8500000000001,141.39281275934783,114.15,4.430293444005705,137.8,1.9390719429665317,135.3,6.380438856379708,114.15,4.430293444005705,107.2,4.975942121849891,103.2,7.520638270785266,8.343,0.7178934461325023,59.525,12.812567072995169,4.875,3.751249791736082,0.745414115,0.3785842731304348,10.667000000000002,0.47553233328555095,0.142037875,0.006542542992206858,4.8985,0.26655721712232805,1.835,0.09162423260251625,4.1160000000000005,0.9915664375118796,355.08500000000004,29.358325480176834,16.3035,2.7933712159324617,717.5300000000001,40.55969797717927,8.700000000000001,1.6462077633154328,405.90099999999995,31.01188125541565,3.023,0.4191073848072831,57.572098499999996,3.5892421513053074,1789.5930000000003,243.80434657938324,116.9,1.4106735979665885,126.05,1.5644487847162014,5.035,0.7879942893194086,6.9270000000000005,0.2520535657355398,24.7725,0.8830564817722586,740.43,40.559697977179276,0.4314,0.02248644035858055,0.4314,0.02248644035858055,138.19,110.60067766519333,200.8,3.736308338453881,241.5,2.5592967784139455,202.0,2.449489742783164,223.65,1.3883443376914681,299.605,21.90889031877243,13.275831245125143,80,8.700000000000001
137.25,2.48746859276655,231.0,6.3874877690685254,6.944363084854217,0.26509327587961135,57.429678499999994,3.5984237345047,0.0011309999999999998,0.0010802050731226918,3075.3,137.2640794235695,436.8,108.87727035520317,492.6,140.39031305613648,114.45,4.341370751271992,138.04999999999998,1.8834808201837363,136.20000000000002,5.979966555090422,114.45,4.341370751271992,107.60000000000001,4.7791212581394085,103.25,7.50916107165108,8.291500000000001,0.7130166547844446,60.175000000000004,12.589951350184004,4.925000000000001,3.7325426990189947,0.695164115,0.38734785131610017,10.642499999999998,0.4635177990109984,0.141640195,0.006457441512121892,4.885000000000001,0.2576334605597648,1.831,0.0899944442729661,4.0865,0.973438621588439,353.15500000000003,29.015796990604965,16.113,2.827483156448505,718.38,40.656925609298106,8.6,1.624807680927192,405.17099999999994,30.60279952880129,2.9905,0.4042459028858549,57.429678499999994,3.5984237345047,1793.7430000000002,243.42927106451273,117.0,1.3416407864998738,126.14999999999999,1.4924811556599298,5.0445,0.7929847098147605,6.9515,0.2427194882987356,24.724,0.8358373047429741,741.28,40.656925609298106,0.43165000000000003,0.02265231776220703,0.43165000000000003,0.02265231776220703,137.665,110.84855107307447,201.15000000000003,3.6915443922564446,241.7,2.5903667693977237,202.25,2.487468592766536,223.70000000000002,1.3453624047073585,299.995,21.68523633719495,13.170795686273172,80,8.6
137.5,2.5,231.4,6.499230723708768,6.969421578922146,0.2543309425830514,57.2872585,3.6019551097406466,0.001211,0.0010823506825424004,3072.7000000000003,135.62244467638828,442.25000000000006,108.27366946769654,500.35,138.9490104318847,114.75,4.229361653961498,138.3,1.7916472867168918,137.1,5.402777063696039,114.75,4.229361653961498,108.0,4.538722287164087,103.3,7.4973328590906245,8.24,0.7043507648891992,60.825,12.32910682085284,4.9750000000000005,3.713068138345969,0.6449141150000001,0.38948753378856643,10.617999999999999,0.44985108647195715,0.141242515,0.006346332342012595,4.8715,0.24765449723354493,1.827,0.08815327560561774,4.057,0.9540550298593894,351.225,28.53895364234646,15.9225,2.8484765665176184,719.23,40.73618907065314,8.5,1.5968719422671314,404.441,30.17051704893372,2.9579999999999997,0.3860906629277637,57.2872585,3.6019551097406466,1797.8930000000003,242.98274755834007,117.1,1.2609520212918492,126.25,1.4097872179871684,5.054,0.797830809131861,6.976,0.23042135317717422,24.6755,0.782786529010304,742.1300000000001,40.73618907065314,0.4319,0.022814249932881864,0.4319,0.022814249932881864,137.14,111.09339044245611,201.5,3.6124783736376886,241.89999999999998,2.6057628441590768,202.5,2.499999999999986,223.75000000000003,1.299038105676647,300.385,21.452162478407633,12.840802738399296,80,8.5
137.75,2.48746859276655,231.79999999999998,6.584831053261731,6.9944800729900765,0.2404956455819484,57.14483849999999,3.5998529052347057,0.001291,0.0010785745222282974,3070.1,133.9102217905713,447.7,107.39045581428547,508.1,137.05506192767928,115.05,4.092370950928073,138.54999999999998,1.6575584454250776,138.0,4.58257569495584,115.05,4.092370950928073,108.39999999999999,4.24735211631906,103.35,7.485151969065157,8.1885,0.691753388137709,61.475,12.027546507912577,5.025,3.692813967694555,0.5946641149999999,0.38511374298277085,10.593499999999999,0.43437627697654047,0.140844835,0.006207819161611835,4.858,0.23648678610019608,1.823,0.08608716512930369,4.0275,0.9333374255862669,349.295,27.920914651923567,15.732,2.856640684440379,720.08,40.79759306625821,8.4,1.5620499351813308,403.71099999999996,29.714021252600602,2.9255,0.36414935122831127,57.14483849999999,3.5998529052347057,1802.0430000000001,242.46438132435043,117.2,1.1661903789690602,126.35,1.3143439428094916,5.0634999999999994,0.8025352017201487,7.0005,0.2146502969949029,24.627,0.7226209241365763,742.98,40.79759306625821,0.43215000000000003,0.022972320300744548,0.43215000000000003,0.022972320300744548,136.61499999999998,111.33521578997365,201.85,3.4967842369811724,242.1,2.6057628441590768,202.74999999999997,2.4874685927665356,223.79999999999998,1.2489995996796701,300.77500000000003,21.20935819396712,12.223687829729394,80,8.4
136.75,2.384848003542364,229.60000000000002,6.726068688320094,6.919117269471166,0.27302618747195373,57.9571485,3.790729113687333,0.001101,0.0011365751185029524,3062.8500000000004,147.9402244151333,419.90000000000003,115.13900294860991,470.65000000000003,148.4238104213741,113.95,4.432550056118931,137.65,1.8781639970992947,134.8,6.2257529665093525,113.95,4.432550056118931,107.5,5.2488093888042835,104.10000000000001,8.35404093837228,8.3975,0.721282711563226,58.74999999999999,13.104865508657461,4.7,3.867815921162743,0.7996141149999999,0.36702414334168765,10.683,0.47971970983064716,0.142633795,0.0067995054257258365,4.8745,0.2836983433155716,1.8384999999999998,0.09269708733288226,4.0835,0.9920497719368722,353.31500000000005,31.222384197879578,16.264,2.833786159892803,712.595,44.428408422989904,8.850000000000001,1.7109938632268675,401.996,34.30014670522563,3.06,0.43627972678088084,57.9571485,3.790729113687333,1766.9240000000002,261.2029781683203,116.95,1.4309088021254186,126.15,1.620956507744733,4.9165,0.8750329993777377,6.9285000000000005,0.253106203005774,24.7395,0.8825331438535322,735.495,44.42840842298991,0.4282,0.02423963696097778,0.4282,0.02423963696097778,154.22,123.53954670468886,200.4,3.8000000000000003,241.2,2.6,201.75,2.3848480035423507,223.79999999999998,1.4696938456698916,302.52,24.34020542230489,13.275831245125142,80,8.850000000000001
137.0,2.449489742783178,230.0,6.913754406977442,6.944175763539096,0.26498740859539444,57.814728499999994,3.8138299657557826,0.001181,0.0011407203864225448,3060.2500000000005,146.19709299435473,425.34999999999997,115.36952587230304,478.40000000000003,148.21349466226076,114.25000000000001,4.357464859296049,137.9,1.841195263952197,135.70000000000002,5.8915193286621745,114.25000000000001,4.357464859296049,107.9,5.038849074937649,104.15000000000002,8.338315177540364,8.346,0.7203360326958522,59.4,12.926329718833571,4.750000000000001,3.851947559352282,0.749364115,0.3832311676432381,10.6585,0.4686499226501593,0.142236115,0.006752845847735242,4.861000000000001,0.27415141801566506,1.8345,0.09124006795262704,4.053999999999999,0.972946041669321,351.38500000000005,30.789775494472188,16.0735,2.8647919208905908,713.445,44.611315548860475,8.75,1.699264546796643,401.26599999999996,33.846614660849035,3.0275,0.4248632132816397,57.814728499999994,3.8138299657557826,1771.0740000000003,261.2133210691982,117.05000000000001,1.3592277219068187,126.25,1.5451537140362444,4.926,0.8808087193028915,6.953,0.24366165065516582,24.691,0.8333660660238088,736.3449999999999,44.611315548860475,0.42845,0.02442636894833123,0.42845,0.02442636894833123,153.695,123.82948952087301,200.75000000000003,3.7930858150060356,241.4,2.6532998322843198,202.0,2.449489742783164,223.85,1.4239030865898001,302.90999999999997,24.091946787256532,13.275831245125142,80,8.75
137.25,2.48746859276655,230.4,7.0738956735309575,6.969234257607026,0.2542390570562078,57.6723085,3.831501518887439,0.0012610000000000002,0.001139246680925602,3057.6500000000005,144.386114290814,430.8,115.34235995504862,486.15000000000003,147.59650232983165,114.55000000000001,4.2599882628946215,138.15,1.7684739183827394,136.6,5.388877434122992,114.55000000000001,4.2599882628946215,108.3,4.7864391775097275,104.2,8.322259308625274,8.294500000000001,0.7156917981924901,60.05,12.712100534530082,4.8,3.8353617821530217,0.699114115,0.3923970042070909,10.634,0.45599780701227094,0.141838435,0.006682236248986942,4.847500000000001,0.2635692508620835,1.8305,0.08958096896104663,4.0245,0.9525464555600426,349.45500000000004,30.22802466255445,15.883,2.8829049585444193,714.295,44.77734332226512,8.65,1.6815171720800237,400.53599999999994,33.37095719334405,2.9949999999999997,0.4105666815512433,57.6723085,3.831501518887439,1775.2240000000002,261.15772514708425,117.15,1.2757350822173075,126.35000000000001,1.4585952145814822,4.9355,0.8864450067545081,6.9775,0.2312547296813625,24.6425,0.7780930214312421,737.195,44.77734332226512,0.4287,0.024609144641779,0.4287,0.024609144641779,153.17000000000002,124.11653435380799,201.1,3.753664875824692,241.6,2.6907248094147422,202.25,2.4874685927665356,223.9,1.3747727084867394,303.29999999999995,23.83472257023354,13.029541627081478,80,8.65
137.5,2.5,230.79999999999998,7.2083285163760396,6.994292751674956,0.2404179970419268,57.5298885,3.8438186557090273,0.0013410000000000002,0.001132132059434764,3055.05,142.50470167682187,436.25,115.05732267005,493.9,146.56769766902937,114.85000000000001,4.138538389335049,138.4,1.6552945357246849,137.5,4.663689526544408,114.85000000000001,4.138538389335049,108.7,4.484417464955732,104.25,8.305871417256592,8.243,0.7072771733910264,60.7,12.460337074092338,4.8500000000000005,3.8180492401225004,0.648864115,0.39501210736912823,10.609499999999999,0.44162738819054265,0.141440755,0.006586906464075157,4.834,0.25182136525719956,1.8264999999999998,0.08770832343626231,3.9949999999999997,0.9307658137254505,347.52500000000003,29.52976252867605,15.6925,2.888367834954544,715.1450000000001,44.92667887792287,8.55,1.6575584454250778,399.806,32.87221385912425,2.9625000000000004,0.3930760104610812,57.5298885,3.8438186557090273,1779.3740000000003,261.0361482706945,117.25,1.1779218989389748,126.45,1.3592277219068185,4.944999999999999,0.891944505000171,7.002,0.21537409314957084,24.594,0.7152999370893302,738.0450000000001,44.92667887792287,0.42895,0.024788051557151483,0.42895,0.024788051557151483,152.64499999999998,124.4007012641006,201.45,3.680692869555948,241.79999999999998,2.7129319932501077,202.5,2.499999999999986,223.95,1.3219304066402178,303.69,23.568239221460736,12.482034425844681,80,8.55
137.75,2.48746859276655,233.4,2.8,6.9286789493256205,0.2817508840847359,56.224503500000004,2.7507084457275277,0.000831,0.0007946338779588999,3113.55,101.1456375727594,471.70000000000005,85.0829595159924,535.5,114.11069187416226,115.05,4.641928478552845,138.25,2.0463381929681126,136.65,6.513639535620619,115.05,4.641928478552845,106.4,4.004996878900157,100.55,2.71062723368596,8.1435,0.7155436744182704,62.9,12.469562943423478,5.8,3.6,0.608564115,0.3525508795013844,10.5755,0.4951613373436988,0.13985271999999999,0.005661367005114579,4.9565,0.20174922552515523,1.8159999999999998,0.09451983918733675,4.1080000000000005,1.0666142695463998,360.495,21.946513960080324,16.782,2.7706490214388393,734.2,20.686589859133374,8.15,1.4239030865898141,416.715,12.397414044872418,2.9125,0.3392915413033459,56.224503500000004,2.7507084457275277,1876.0500000000002,177.9558653149707,116.85,1.4239030865898141,125.85,1.4239030865898141,5.372,0.1370620297529553,6.9295,0.25531304314507725,24.784,0.9354004490056649,757.1,20.686589859133353,0.441,0.011704699910719636,0.441,0.011704699910719636,90.775,7.484108163301755,202.1,3.345145736735546,242.45,2.2466641938660974,202.75,2.4874685927665356,223.3,1.053565375285267,291.41499999999996,6.8501295608185515,11.441947988520557,80,8.15
138.0,2.449489742783178,233.79999999999998,2.7129319932501073,6.95373744339355,0.27309226601157693,56.082083499999996,2.6923116732534425,0.000911,0.0008270931023772354,3110.9500000000003,99.9067565282749,477.15,82.02211592003708,543.25,109.33292047686278,115.35,4.497499305169478,138.5,1.9364916731037085,137.55,5.920092904676412,115.35,4.497499305169478,106.8,3.8418745424597094,100.60000000000001,2.727636339397171,8.092,0.6960431021136548,63.55,12.060161690458383,5.8500000000000005,3.567562192870644,0.5583141149999999,0.3424193389613087,10.550999999999998,0.4789770349400901,0.13945504,0.005404329150172112,4.943,0.1938839859297305,1.812,0.09211948762341225,4.0785,1.049558359501748,358.565,21.9667310949991,16.5915,2.837347837329783,735.05,20.18644347080485,8.049999999999999,1.3592277219068185,415.985,12.01161417129271,2.88,0.30935416596516047,56.082083499999996,2.6923116732534425,1880.2,175.40794594316415,116.95,1.3592277219068187,125.94999999999999,1.3592277219068187,5.3815,0.14238240762116647,6.954,0.24585361498257466,24.7355,0.8915855259031515,757.9499999999999,20.18644347080483,0.44125,0.011818946653572823,0.44125,0.011818946653572823,90.25,7.817768223732395,202.45000000000002,3.1539657575820317,242.65,2.1971572542719833,202.99999999999997,2.449489742783164,223.35,1.013656746635659,291.805,6.6001874973367345,11.183601392405269,80,8.049999999999999
138.25,2.384848003542364,234.20000000000002,2.5612496949731396,6.978795937461479,0.26176201897571116,55.9396635,2.6249038888455996,0.0009910000000000001,0.000850836647071575,3108.3500000000004,98.58377148395167,482.6,78.46489660988536,551.0,103.75933692926145,115.64999999999999,4.3275281628199656,138.75,1.7853571071357126,138.45,5.103675146401855,115.64999999999999,4.3275281628199656,107.2,3.627671429443411,100.64999999999999,2.7436289836637897,8.0405,0.6720451993727801,64.2,11.6,5.8999999999999995,3.5341194094144583,0.508064115,0.3242834558718648,10.5265,0.4609259701947811,0.13905736,0.0051035450419683786,4.929500000000001,0.18470178667246273,1.808,0.08947625383307015,4.049,1.0313772345752064,356.63500000000005,21.816857587654564,16.401000000000003,2.889984256012478,735.9,19.636827646032845,7.95,1.2835497652993435,415.255,11.56702533065437,2.8474999999999997,0.27233940221715996,55.9396635,2.6249038888455996,1884.3500000000001,172.72278367372382,117.05,1.2835497652993435,126.05000000000001,1.2835497652993437,5.391,0.14689792374298555,6.9785,0.23345824037716045,24.687,0.8427164410405196,758.8000000000001,19.63682764603282,0.4415,0.011926860441876574,0.4415,0.011926860441876574,89.72500000000001,8.103818544365366,202.79999999999998,2.9086079144497976,242.85,2.1277922830953213,203.25,2.3848480035423507,223.40000000000003,0.9695359714832618,292.195,6.316365648060611,10.724411363411324,80,7.95
137.5,2.5,232.4,4.431703961232068,6.9284916280105,0.28164084670775585,56.609553500000004,3.1766567103712595,0.0008810000000000001,0.0008921003306803558,3098.5,117.95731219386104,460.25,97.4381213899365,521.3,128.44224382966843,114.85,4.682680856090871,138.1,2.0223748416156684,136.15,6.46741834119303,114.85,4.682680856090871,106.7,4.3943145085439665,101.45,5.0346300757851115,8.198,0.7339114387989873,62.125,12.972928543702073,5.625,3.7645550865938993,0.662764115,0.3612579861694405,10.591500000000002,0.5021083050498172,0.14044863999999999,0.00617121031333401,4.9325,0.23004075725836048,1.8195,0.0962535713623136,4.0755,1.0668199238859388,358.725,24.773511559728476,16.7425,2.8181055249936966,729.265,30.352302630937242,8.3,1.5524174696260025,412.81,21.28183497727581,2.9495,0.37146298604302425,56.609553500000004,3.1766567103712595,1853.3810000000003,210.65259043980447,116.9,1.445683229480096,125.95,1.4991664350564948,5.2535,0.49335864236881477,6.931,0.2563376679304079,24.750999999999998,0.9353122473270621,752.165,30.352302630937235,0.43779999999999997,0.01674395413276088,0.43779999999999997,0.01674395413276088,106.805,67.8649134310212,201.70000000000002,3.5651086939951777,242.15,2.414021540914662,202.5,2.499999999999986,223.45000000000002,1.2031209415515867,294.33,14.391598243419672,12.565737755674894,80,8.3
137.75,2.48746859276655,232.79999999999998,4.467661580737735,6.953550122078429,0.2729959332795943,56.467133499999996,3.1437192447937763,0.000961,0.0009167785992266617,3095.9,116.56151809237902,465.7,95.43327511932092,529.05,125.09975019959073,115.14999999999999,4.552746423863286,138.35,1.9306734576307822,137.04999999999998,5.945376354781924,115.14999999999999,4.552746423863286,107.10000000000001,4.217819341792628,101.5,5.034878350069642,8.1465,0.7188273436646659,62.775000000000006,12.619899959983837,5.675000000000001,3.735890121510535,0.612514115,0.359045002233285,10.566999999999998,0.48696098406340554,0.14005095999999997,0.00597607771530793,4.9190000000000005,0.22171828972820426,1.8155,0.09404653103650341,4.045999999999999,1.048853659954524,356.795,24.65324471545278,16.552,2.8810963191118755,730.115,30.153097270429782,8.2,1.503329637837291,412.08,20.923627792522023,2.9170000000000003,0.3478088555514365,56.467133499999996,3.1437192447937763,1857.5310000000002,208.95531593859968,117.0,1.378404875209022,126.05,1.4309088021254184,5.263,0.4971327790439894,6.9555,0.24676861631901262,24.702499999999997,0.8896958750044868,753.015,30.15309727042977,0.43805,0.016871499636961742,0.43805,0.016871499636961742,106.28000000000002,68.02634489666485,202.05,3.427462618322773,242.35,2.3932195887548637,202.75,2.4874685927665356,223.5,1.1618950038622164,294.71999999999997,14.194456664487028,12.37699886699271,80,8.2
138.0,2.449489742783178,233.2,4.467661580737736,6.978608616146358,0.2616794535117858,56.3247135,3.1039050584427925,0.001041,0.0009339823338800366,3093.3,115.0900842818355,471.15,93.06679053239131,536.8,121.17078855895922,115.44999999999999,4.398579316097408,138.6,1.8,137.95,5.219913792391595,115.44999999999999,4.398579316097408,107.49999999999999,3.993745109543172,101.55,5.0346300757851115,8.095,0.6996391927272225,63.425,12.222187815608136,5.7250000000000005,3.706329046374593,0.5622641150000001,0.34967008691936985,10.542499999999999,0.47005185884112854,0.13965328,0.005746901271346154,4.9055,0.21221392508504225,1.8115,0.09161195336854247,4.0165,1.0297294547598412,354.865,24.380079470748253,16.3615,2.9303809905880835,730.9649999999999,29.92843589297643,8.1,1.445683229480096,411.35,20.533243776860978,2.8845,0.3191312425946417,56.3247135,3.1039050584427925,1861.681,207.16102253802478,117.10000000000001,1.3,126.15,1.3518505834595775,5.2725,0.5006982624295794,6.9799999999999995,0.23426480742954126,24.653999999999996,0.8388110633509787,753.865,29.92843589297642,0.43829999999999997,0.01699441084592226,0.43829999999999997,0.01699441084592226,105.75500000000001,68.18335189032584,202.39999999999998,3.2465366161495854,242.55,2.3553131426627756,202.99999999999997,2.449489742783164,223.55,1.1169153951844268,295.10999999999996,13.983665470827031,11.97739821168573,80,8.1
138.25,2.3848480035423645,233.6,4.431703961232068,7.0036671102142884,0.2473249622325901,56.18229349999999,3.056945472324744,0.001121,0.00094412022539505,3090.7000000000003,113.54007001935484,476.59999999999997,90.31024305138371,544.55,116.59608698408366,115.75,4.217522969706265,138.85,1.620956507744733,138.85,4.1865857210858595,115.75,4.217522969706265,107.9,3.713488925525428,101.6,5.033885179461287,8.0435,0.6759975961495719,64.075,11.775265389790583,5.775,3.6758502417808048,0.512014115,0.3325280450483834,10.518,0.45118288974649756,0.13925559999999998,0.005479410992159654,4.892,0.20136037346012226,1.8074999999999999,0.08893115314668983,3.987,1.0093814937871608,352.935,23.94878441591557,16.171000000000003,2.9666427152591193,731.815,29.67774039579159,8.0,1.378404875209022,410.62,20.108809014956606,2.8520000000000003,0.2839119581842231,56.18229349999999,3.056945472324744,1865.8310000000001,205.2671660519529,117.2,1.2083045973594573,126.25000000000001,1.2599603168354152,5.281999999999999,0.5040595202949747,7.0045,0.21832258243250977,24.6055,0.7816295478038171,754.715,29.67774039579158,0.43855,0.017112787616282748,0.43855,0.017112787616282748,105.23000000000002,68.33596490867748,202.75,3.014548058996572,242.75,2.299456457513384,203.25,2.3848480035423507,223.6,1.0677078252031258,295.5,13.758597312226279,11.300693929328864,80,8.0
137.25,2.48746859276655,231.4,5.4258639865002145,6.928304306695379,0.28153064168477776,56.9946035,3.509896259534853,0.0009310000000000001,0.0009773653359926371,3083.4500000000003,130.93666407847726,448.8,107.17770290503525,507.1,139.89385261690379,114.65,4.714604967544994,137.95000000000002,1.9868316486305528,135.65,6.381810088054956,114.65,4.714604967544994,107.0,4.732863826479693,102.35000000000001,6.459682654743962,8.2525,0.7478694739057076,61.349999999999994,13.412773762350575,5.449999999999999,3.9143965052099667,0.716964115,0.3617281610618665,10.607500000000002,0.5084572253395563,0.14104456,0.00658835000613963,4.9085,0.252948117209834,1.823,0.0978314877736202,4.043,1.0660351776559722,356.95500000000004,27.194456696172484,16.703,2.864231310491525,724.33,36.957828669985474,8.45,1.6575584454250776,408.90500000000003,26.863340726722736,2.9865,0.397633939698311,56.9946035,3.509896259534853,1830.7120000000002,236.75508568138514,116.95,1.4654350889752845,126.05,1.5644487847162014,5.135,0.6632759606679561,6.9325,0.2573494705648335,24.718,0.9340588846534245,747.2299999999999,36.95782866998547,0.4346,0.020080836635957184,0.4346,0.020080836635957184,122.83500000000001,92.95891175675412,201.3,3.7296112397943033,241.85000000000002,2.535251466817444,202.25,2.4874685927665356,223.6,1.3190905958272798,297.245,18.71676988692227,13.02954162708148,80,8.45
137.5,2.5,231.79999999999998,5.528109984434102,6.953362800763308,0.2728994379629708,56.852183499999995,3.4958364133976225,0.001011,0.0009959332306937049,3080.8500000000004,129.37855309130646,454.25,105.94898536559943,514.85,137.63330810526935,114.95,4.598641103630499,138.2,1.9131126469708992,136.55,5.928532702111037,114.95,4.598641103630499,107.4,4.5431266766402185,102.4,6.452906321960671,8.201,0.7368914438368788,62.0,13.110110602126895,5.5,3.8890872965260113,0.666714115,0.3670154541197137,10.582999999999998,0.4942984928158292,0.14064688,0.006442825068446299,4.8950000000000005,0.2440799049491783,1.819,0.0958070978581441,4.0135,1.0471402723608716,355.02500000000003,26.95852138007573,16.512500000000003,2.9236567428479012,725.18,36.90823214406239,8.35,1.620956507744733,408.175,26.472995202658886,2.954,0.37881921809749836,56.852183499999995,3.4958364133976225,1834.8620000000003,235.64577971183786,117.05,1.3955285736952863,126.14999999999999,1.4924811556599298,5.1445,0.667775972913072,6.957,0.2476711529427682,24.6695,0.8865747289428001,748.0799999999999,36.90823214406238,0.43485,0.020226900405153535,0.43485,0.020226900405153535,122.31000000000002,93.16720399368009,201.65,3.6369630187836663,242.05,2.5391927851189244,202.5,2.499999999999986,223.65,1.2757350822172966,297.635,18.50427720825648,12.92450606822951,80,8.35
137.75,2.48746859276655,232.2,5.6,6.978421294831238,0.2615967278535093,56.7097635,3.475889208961752,0.0010910000000000002,0.0010078308389804313,3078.2500000000005,127.74854206604473,459.70000000000005,104.42178891400013,522.5999999999999,134.89047408916613,115.25,4.45954033505696,138.45000000000002,1.8020821290940099,137.45,5.286539510870981,115.25,4.45954033505696,107.8,4.308131845707604,102.44999999999999,6.445735024029455,8.1495,0.722083617041683,62.65,12.767243241984543,5.55,3.862965182343739,0.616464115,0.3653810334708134,10.558499999999999,0.47846917351068735,0.14024920000000002,0.006268758661569295,4.8815,0.23409987184960165,1.815,0.0935681569766125,3.984,1.027051118494109,353.095,26.58073503498352,16.322000000000003,2.9697030154545754,726.03,36.83896171175295,8.25,1.5771810295587503,407.445,26.05636342623429,2.9215,0.3560656540583492,56.7097635,3.475889208961752,1839.0120000000002,234.4577816921418,117.14999999999999,1.3143439428094914,126.25,1.4097872179871684,5.154,0.672111597876424,6.9815,0.23505903513798412,24.621,0.8335820295567794,748.9300000000001,36.83896171175295,0.4351,0.020368848764719134,0.4351,0.020368848764719134,121.78500000000001,93.37207974014501,201.99999999999997,3.5071355833500366,242.25,2.5273503912200224,202.75,2.4874685927665356,223.70000000000002,1.2288205727444415,298.025,18.280997647830937,12.594513120355634,80,8.25
138.0,2.4494897427831783,232.59999999999997,5.642694391866354,7.003479788899168,0.24725641863643444,56.56734349999999,3.449952527777267,0.001171,0.0010132931461329442,3075.65,126.04384157903155,465.15,102.58278364326053,530.35,131.6352061570156,115.55,4.295055296500843,138.7,1.6462077633154328,138.35,4.373499742768942,115.55,4.295055296500843,108.19999999999999,4.019950248448356,102.5,6.438167441127948,8.097999999999999,0.7032040955512132,63.3,12.380831959121325,5.6,3.8360135557633264,0.566214115,0.35672977262586264,10.533999999999999,0.46079713540776296,0.13985151999999998,0.006063693320625645,4.867999999999999,0.22285869962826196,1.811,0.09109884741312593,3.9545,1.0056961519266145,351.165,26.05492803674576,16.131500000000003,3.002985639326302,726.88,36.74990612232908,8.15,1.5256146302392357,406.71500000000003,25.61216263809052,2.8890000000000002,0.3285559313115501,56.56734349999999,3.449952527777267,1843.162,233.18988892316924,117.25,1.2196310917650468,126.35,1.3143439428094916,5.163499999999999,0.676285997193495,7.005999999999999,0.21900684920796434,24.572499999999998,0.7739500952903873,749.78,36.74990612232907,0.43535,0.02050676717573982,0.43535,0.02050676717573982,121.26,93.57356143697857,202.35,3.335790760824186,242.45000000000002,2.4994999499899975,202.99999999999997,2.449489742783164,223.74999999999997,1.1779218989389673,298.415,18.046530830051527,11.977398211685731,80,8.15
137.0,2.449489742783178,230.40000000000003,6.102458520956943,6.9281169853802576,0.2814202688188498,57.3796535,3.775058760449531,0.000981,0.001053395936958179,3068.4,141.14491666369003,437.35,114.96837608664393,492.90000000000003,149.13044625427767,114.44999999999999,4.737879272417136,137.8,1.9390719429665317,135.15,6.255197838597913,114.44999999999999,4.737879272417136,107.3,5.030904491242106,103.25,7.515816655560459,8.307,0.7576615339318737,60.574999999999996,13.795175787209093,5.2749999999999995,4.051157242072937,0.7711641149999999,0.3539942265619591,10.6235,0.5142302499853547,0.14164047999999999,0.006929547862782975,4.8845,0.2718358879912656,1.8264999999999998,0.09926101953939422,4.0105,1.0642578399993115,355.185,29.310139457191266,16.6635,2.909089677201443,719.395,41.97369980118503,8.600000000000001,1.7435595774162693,405.0,30.98166554593217,3.0235,0.41893048349338347,57.3796535,3.775058760449531,1808.0430000000001,258.2705175024823,117.0,1.4832396974191326,126.15,1.620956507744733,5.0165,0.7799889422293114,6.934,0.258348601699332,24.685,0.9316356583987108,742.295,41.97369980118503,0.4314,0.02248644035858055,0.4314,0.02248644035858055,138.865,110.2866731522898,200.9,3.845776904605882,241.54999999999998,2.6167728216259047,202.0,2.449489742783164,223.75,1.4097872179871547,300.16,21.82939302866665,13.170795686273172,80,8.600000000000001
137.25,2.48746859276655,230.8,6.257795138864806,6.953175479448188,0.27280277988917884,57.237233499999995,3.7765389927004267,0.0010609999999999999,0.0010669034632992808,3065.8,139.42032671027565,442.79999999999995,114.3707130344128,500.65000000000003,147.75867994808291,114.75,4.635461142108726,138.04999999999998,1.8834808201837363,136.05,5.8691992639541555,114.75,4.635461142108726,107.7,4.828043081829324,103.30000000000001,7.503998933901843,8.2555,0.7505762786019818,61.225,13.538348311370926,5.325,4.028880117352712,0.720914115,0.3668952077865009,10.599,0.5010179637498045,0.1412428,0.006826144121903675,4.871,0.26237187349256763,1.8225,0.0974102150700839,3.981,1.0444132323941515,353.25500000000005,28.973703163385935,16.473,2.965080268727981,720.245,42.029959255274086,8.5,1.7175564037317668,404.27000000000004,30.55065793072222,2.9909999999999997,0.40410270971623047,57.237233499999995,3.7765389927004267,1812.1930000000002,257.6194398934211,117.10000000000001,1.4106735979665885,126.25,1.5451537140362444,5.026,0.7852540990023548,6.9585,0.24856136063354672,24.636499999999998,0.8822090171835694,743.145,42.029959255274086,0.43165,0.02265231776220703,0.43165,0.02265231776220703,138.34,110.53845665649578,201.25000000000003,3.793085815006035,241.75,2.6433879775772606,202.25,2.4874685927665356,223.8,1.363818169698573,300.55,21.59489523012326,13.170795686273172,80,8.5
137.5,2.5,231.20000000000002,6.384355879804947,6.978233973516117,0.26151384184885684,57.0948135,3.7726460169391394,0.001141,0.0010743011682019152,3063.2000000000003,137.6250249772911,448.25,113.50853492138818,508.40000000000003,145.96314603351078,115.05,4.510820324508607,138.3,1.7916472867168918,136.95,5.305421755148219,115.05,4.510820324508607,108.1,4.581484475582123,103.35,7.491828882188915,8.204,0.7398472815385617,61.875,13.24469233315746,5.375,4.005855089740517,0.670664115,0.37264211994110336,10.5745,0.4862147159434814,0.14084512000000002,0.006697578278646699,4.857500000000001,0.25183079636930805,1.8185,0.09535591224460076,3.9515,1.0233341340930635,351.32500000000005,28.50292748122551,16.2825,3.0079924783815533,721.0949999999999,42.068972830341366,8.4,1.6852299546352716,403.54,30.09578043513742,2.9584999999999995,0.38598283640597286,57.0948135,3.7726460169391394,1816.3430000000003,256.89968160937843,117.2,1.3266499161421599,126.35000000000001,1.4585952145814822,5.0355,0.7903700082872578,6.983,0.23584104816592055,24.588,0.8270042321536205,743.9950000000001,42.068972830341366,0.4319,0.022814249932881864,0.4319,0.022814249932881864,137.815,110.78718010221219,201.6,3.7067505985701277,241.95,2.654712790491657,202.5,2.499999999999986,223.85000000000002,1.3143439428094805,300.94,21.35070022270933,12.92450606822951,80,8.4
137.75,2.48746859276655,231.6,6.483826030978931,7.003292467584047,0.24718771407966283,56.9523935,3.7633631584085467,0.001221,0.0010757151109843162,3060.6,135.7562061196467,453.7,112.37575361260097,516.15,143.72796352832665,115.35,4.3620522692879256,138.54999999999998,1.6575584454250776,137.85,4.497499305169485,115.35,4.3620522692879256,108.5,4.283689998120779,103.39999999999999,7.4793047805260615,8.1525,0.7253128635285602,62.525000000000006,12.911695279861588,5.425000000000001,3.982069185737485,0.620414115,0.37156706071946105,10.549999999999999,0.46967009698297835,0.14044743999999998,0.0065423670991010645,4.843999999999999,0.24007082288358136,1.8144999999999998,0.09308463890460122,3.9219999999999997,1.0009425557942873,349.395,27.891010648594293,16.092000000000002,3.038380489668797,721.945,42.09078848156685,8.3,1.6462077633154328,402.81,29.615933211702117,2.926,0.36407966161267513,56.9523935,3.7633631584085467,1820.4930000000002,256.11066360267006,117.3,1.2288205727444508,126.45,1.3592277219068185,5.044999999999999,0.7953395501293771,7.007499999999999,0.219678742713081,24.5395,0.7647710441694294,744.845,42.09078848156684,0.43215,0.022972320300744548,0.43215,0.022972320300744548,137.29,111.0328640538467,201.95,3.5843409436045564,242.14999999999998,2.6509432283623124,202.75,2.4874685927665356,223.9,1.26095202129184,301.33000000000004,21.096471268911305,12.376998866992711,80,8.3
137.0,2.449489742783178,229.8,6.764613810115105,6.952988158133066,0.27270595888515525,57.6222835,4.000886688290079,0.001111,0.0011312307456924958,3050.75,147.25569598490918,431.35,121.13598763373335,486.45,155.9456555983526,114.55,4.6634214907082905,137.9,1.841195263952197,135.55,5.766064515768099,114.55,4.6634214907082905,108.0,5.079370039680118,104.2,8.328265125462805,8.31,0.760118411828052,60.449999999999996,13.910337882308971,5.1499999999999995,4.156621224023185,0.7751141149999999,0.35867612609525557,10.614999999999998,0.5071439637814891,0.14183872,0.007139485344939095,4.847,0.27740043258798264,1.8259999999999998,0.09886354231970447,3.9485,1.0406645713196927,351.485,30.755865700708217,16.433500000000002,3.00541390660255,715.31,46.06635323096457,8.65,1.7965244223221681,400.365,33.69522035838318,3.028,0.4246834114961403,57.6222835,4.000886688290079,1789.5240000000001,276.00516481399404,117.14999999999999,1.4239030865898141,126.35,1.5898113095584645,4.9075,0.871343072503592,6.960000000000001,0.24943937139112596,24.6035,0.8765801446530712,738.2099999999999,46.06635323096458,0.42845,0.02442636894833123,0.42845,0.02442636894833123,154.37,123.46437178392802,200.85,3.902242944769072,241.45,2.71062723368596,202.0,2.449489742783164,223.95,1.4309088021254044,303.465,23.9431884885869,13.17079568627317,80,8.65
137.25,2.48746859276655,230.20000000000002,6.939740629158989,6.978046652200996,0.2614307953453163,57.4798635,4.010908019423626,0.0011910000000000002,0.0011346907067566914,3048.15,145.28798986839897,436.8,120.83981132060741,494.20000000000005,154.9572844367118,114.85000000000001,4.552746423863286,138.15,1.7684739183827394,136.45000000000002,5.2770730523652984,114.85000000000001,4.552746423863286,108.39999999999999,4.8207883172775805,104.25,8.311889075294498,8.2585,0.7532614088083897,61.099999999999994,13.661625086350453,5.199999999999999,4.136423575989287,0.724864115,0.37194854414044926,10.5905,0.49332012932780306,0.14144104000000002,0.007050356951772024,4.833500000000001,0.26623814527599143,1.822,0.09698453484963467,3.919,1.018567130826437,349.55500000000006,30.199875413650304,16.243000000000002,3.0452883278927794,716.16,46.19285009609172,8.55,1.7741194999210173,399.63500000000005,33.19758839132747,2.9955,0.41042021149061364,57.4798635,4.010908019423626,1793.6740000000002,275.6749431921589,117.25,1.3369741957120937,126.45,1.4991664350564948,4.917000000000001,0.8772405599378086,6.984500000000001,0.23661096762407285,24.555,0.8190451757992347,739.06,46.19285009609172,0.42869999999999997,0.024609144641779,0.42869999999999997,0.024609144641779,153.84500000000003,123.75512706550788,201.2,3.8548670534792766,241.65,2.7436289836637897,202.25,2.4874685927665356,224.0,1.3784048752090097,303.85499999999996,23.675208024429274,13.029541627081478,80,8.55
137.5,2.5,230.6,7.08801805866774,7.003105146268926,0.2471188484280233,57.3374435,4.015856705015351,0.001271,0.0011325029801285294,3045.5499999999997,143.24608197085183,442.25,120.29624890244915,501.95,153.5719619592066,115.15,4.4189930979805725,138.4,1.6552945357246849,137.35,4.563715591489022,115.15,4.4189930979805725,108.8,4.512205669071391,104.3,8.295179322956196,8.207,0.7427792404207322,61.75,13.376752221671746,5.25,4.115519408288582,0.6746141149999999,0.3781438225671546,10.565999999999999,0.4778430704739792,0.14104335999999998,0.006937327766467438,4.82,0.25387004549572184,1.8179999999999998,0.09489994731294639,3.8895,0.9951053964279362,347.62500000000006,29.507488456322406,16.052500000000002,3.0728600277266125,717.01,46.303400523071744,8.450000000000001,1.745709025009609,398.90500000000003,32.67607802353276,2.963,0.3929643749756459,57.3374435,4.015856705015351,1797.8240000000003,275.28176947266235,117.35,1.2359207094308275,126.55,1.3955285736952863,4.9265,0.8829964609215599,7.009,0.22033837613997256,24.506500000000003,0.7540376316869069,739.91,46.303400523071744,0.42895,0.024788051557151483,0.42895,0.024788051557151483,153.32,124.04297884201266,201.54999999999998,3.7745860700214533,241.85,2.7617928959282954,202.5,2.499999999999986,224.04999999999998,1.321930406640218,304.245,23.397659605182742,12.565737755674894,80,8.450000000000001
137.5,2.5,233.6,2.90516780926679,6.888837565402694,0.2668971618457367,56.7638032,2.4210874679904815,0.0008711999999999999,0.000852651957131396,3135.85,85.20393183415892,456.0,74.18220810949214,515.05,99.38887010123416,114.19999999999999,4.106093033529554,138.1,2.0223748416156684,136.75,6.586918854821274,114.19999999999999,4.106093033529554,105.89999999999999,3.819685850956856,100.15,2.7798381247835278,8.265,0.6541750530247998,60.449999999999996,10.594692067257075,5.0,2.966479394838265,0.582626938,0.36592606734183836,10.6735,0.4182735349027,0.140846665,0.004934340151456423,4.993,0.17618456232031218,1.8355,0.07959114272329552,4.3405000000000005,0.8877357433380725,362.75,22.456012557887487,16.145999999999997,2.4540220047913177,729.9050000000001,17.417590964309614,8.4,1.2409673645990857,419.077,10.778549577749315,2.8935,0.35048930083527524,56.7638032,2.4210874679904815,1837.0000000000002,147.26991376380988,116.6,1.2409673645990857,125.6,1.2409673645990857,5.3995,0.12623291963667793,6.896,0.24280444806469267,24.944499999999998,0.8053600126651432,752.805,17.417590964309593,0.4396,0.012322337440599502,0.4396,0.012322337440599502,90.405,8.033397475539223,201.70000000000002,3.1480152477394387,242.15,2.17428149051589,202.49999999999997,2.499999999999986,223.1,0.8888194417315518,290.10499999999996,5.852390537207861,11.099898062575058,80,8.4
137.75,2.48746859276655,234.0,2.792848008753788,6.913896059470624,0.2615848815193616,56.6213832,2.386927700360562,0.0009512000000000001,0.00087933120040176,3133.2500000000005,84.41913290244102,461.45,71.85156574494393,522.8,95.53826458545288,114.5,4.006245124802017,138.35,1.9306734576307822,137.65,5.9856077385675714,114.5,4.006245124802017,106.30000000000001,3.7027017163147233,100.2,2.8035691537752374,8.213500000000002,0.6425984360391797,61.1,10.265963179361204,5.05,2.940663190506523,0.532376938,0.35249692414156414,10.649,0.40495555311663545,0.140448985,0.0047216473843643796,4.979500000000001,0.1700433768189751,1.8315,0.07773512719485316,4.311,0.8750422846925743,360.82000000000005,22.66858178184071,15.9555,2.4807165799421744,730.755,17.036181350290914,8.299999999999999,1.1874342087037917,418.347,10.498030815348177,2.8609999999999998,0.31967014249066183,56.6213832,2.386927700360562,1841.1500000000003,145.30037852669207,116.7,1.1874342087037917,125.7,1.1874342087037917,5.409000000000001,0.12999615378925636,6.9205000000000005,0.2363360954234457,24.896,0.7642800533835746,753.655,17.036181350290892,0.43985,0.012459032867763061,0.43985,0.012459032867763061,89.88000000000001,8.321814705940042,202.05,2.991237202229205,242.35,2.1511624764298953,202.75,2.4874685927665356,223.15,0.8529361054615932,290.495,5.648935740473608,10.781962092772803,80,8.299999999999999
137.25,2.48746859276655,232.6,4.5431266766402185,6.888650244087573,0.266753021673936,57.1488532,2.8233137854019272,0.0009212,0.0009420166452881816,3120.8,107.77025331695198,444.55,86.01480977134112,500.84999999999997,113.02003141036548,114.0,4.110960958218885,137.95000000000002,1.9868316486305528,136.25,6.5488548617296445,114.0,4.110960958218885,106.2,4.261455150532504,101.05,5.142713291638958,8.3195,0.6643227754638552,59.675,11.011669946016362,4.824999999999999,3.1195953263203866,0.636826938,0.3780591047456252,10.6895,0.42278215430644683,0.14144258499999998,0.005403318395789295,4.969,0.21215324649884562,1.8389999999999997,0.08080222769206304,4.308,0.8964518949726193,360.98,25.38370737303754,16.1065,2.4974392385001076,724.97,27.464670032607344,8.549999999999999,1.3592277219068185,415.17199999999997,20.828945628619806,2.9305000000000003,0.3835554066885253,57.1488532,2.8233137854019272,1814.3310000000001,180.62171092922358,116.64999999999999,1.2757350822173072,125.7,1.3453624047073711,5.281,0.4970603585078979,6.8975,0.24408758673885908,24.911499999999997,0.8118083209723831,747.87,27.46467003260734,0.43639999999999995,0.01691862878604529,0.43639999999999995,0.01691862878604529,106.43500000000002,68.01494155698438,201.3,3.3331666624997918,241.85,2.308137777516758,202.25,2.4874685927665356,223.25,1.0897247358851583,293.02,14.215540791682889,12.293295537162498,80,8.549999999999999
137.5,2.5,232.99999999999997,4.560701700396552,6.913708738155503,0.2614557664127757,57.0064332,2.813634249849927,0.0010012,0.0009620828238774456,3118.2000000000003,106.78505279298221,450.0,84.75258108164022,508.59999999999997,110.648271563545,114.3,4.026164427839471,138.2,1.9131126469708992,137.15,6.018928476066151,114.3,4.026164427839471,106.6,4.127953488110059,101.10000000000001,5.146843692983108,8.268,0.6572107728879676,60.324999999999996,10.742759189333064,4.875,3.0978823412131065,0.586576938,0.372462053704889,10.665,0.4105666815512435,0.141044905,0.005255098658395959,4.9555,0.20551094861344965,1.835,0.07915175298121956,4.278499999999999,0.8827982498849893,359.05,25.43801289409219,15.916,2.5206911750549685,725.82,27.378031339013404,8.45,1.3219304066402287,414.442,20.546902345609183,2.898,0.3589791080271943,57.0064332,2.813634249849927,1818.4810000000002,179.54422201507907,116.75,1.2196310917650468,125.8,1.2884098726725126,5.2905,0.5002846689635811,6.922,0.23749947368362742,24.862999999999996,0.7689934980219271,748.7199999999999,27.378031339013397,0.43665,0.017065388949566905,0.43665,0.017065388949566905,105.91000000000001,68.17316847558135,201.65,3.2291639784935047,242.05,2.3124662159694354,202.49999999999997,2.499999999999986,223.29999999999998,1.053565375285265,293.40999999999997,14.052327209398454,12.03494894104721,80,8.45
137.75,2.48746859276655,233.4,4.5431266766402185,6.938767232223433,0.25358470923717696,56.864013199999995,2.796677982931993,0.0010812000000000003,0.000975198113205722,3115.6000000000004,105.72675867537035,455.45,83.11466477102582,516.3499999999999,107.66813595488685,114.6,3.91663120551322,138.45000000000002,1.8020821290940099,138.04999999999998,5.286539510870982,114.6,3.91663120551322,107.0,3.9496835316262997,101.14999999999999,5.150485414016819,8.216500000000002,0.6459278210450451,60.975,10.426498693233505,4.925,3.0752032453156652,0.536326938,0.359829336240201,10.6405,0.39646532004703783,0.14064722500000001,0.005071486504751344,4.942000000000001,0.1977270846394088,1.831,0.07725930364687479,4.2490000000000006,0.8679279924048999,357.12,25.345662350785002,15.7255,2.529423798021992,726.67,27.26463093460097,8.35,1.2757350822173072,413.712,20.23461430321814,2.8655,0.3294005919848962,56.864013199999995,2.796677982931993,1822.6310000000003,178.36369546238944,116.85,1.1521718621802912,125.9,1.2206555615733703,5.300000000000001,0.5033090501868608,6.9465,0.2281068828422326,24.8145,0.7203920807449231,749.57,27.264630934600962,0.4369,0.01720726590716841,0.4369,0.01720726590716841,105.38500000000002,68.32699521419042,202.0,3.082207001484488,242.25,2.299456457513384,202.75,2.4874685927665356,223.35000000000002,1.0136567466356572,293.79999999999995,13.876238683447331,11.575758912053264,80,8.35
137.0,2.449489742783178,231.60000000000002,5.5533773507659285,6.888462922772453,0.26660867196040555,57.5339032,3.127940205473973,0.0009712,0.0010211637283021758,3105.75,124.56379891445187,433.1,95.03625623939529,486.65,123.55414804853781,113.8,4.106093033529554,137.8,1.9390719429665317,135.75,6.472055314967572,113.8,4.106093033529554,106.5,4.642197755374064,101.95,6.599052962357554,8.374,0.669898499774406,58.9,11.360677796680973,4.6499999999999995,3.2561480310329873,0.6910269379999999,0.38220440421568097,10.7055,0.4266435866153389,0.142038505,0.005773538373430546,4.945,0.24046829312822085,1.8424999999999998,0.0818458917722814,4.2755,0.9039163401554373,359.21000000000004,27.894926061920298,16.066999999999997,2.539500147666859,720.0350000000001,34.00787078015912,8.7,1.452583904633395,411.267,26.851718213179588,2.9675,0.41066866206225194,57.5339032,3.127940205473973,1791.6620000000003,206.2333879273674,116.7,1.307669683062202,125.8,1.4352700094407322,5.1625000000000005,0.6709088984355477,6.899000000000001,0.2453548450713783,24.8785,0.8168737662576756,742.935,34.00787078015912,0.4332,0.020003999600079984,0.4332,0.020003999600079984,122.465,93.13220321134898,200.9,3.462657938636157,241.55,2.3973944189473704,202.0,2.449489742783164,223.4,1.2409673645990733,295.935,18.786119210736427,12.840802738399296,80,8.7
137.25,2.48746859276655,232.0,5.639148871948674,6.913521416840382,0.26132645323988,57.391483199999996,3.136737880682503,0.0010512,0.0010358491009794814,3103.15,123.39570494956459,438.55,94.55764115078168,494.3999999999999,122.29161868255731,114.1,4.036087214122105,138.04999999999998,1.8834808201837363,136.65,6.010615609070339,114.1,4.036087214122105,106.9,4.493328387732195,102.0,6.595452979136459,8.3225,0.6670672754677746,59.550000000000004,11.145514792955954,4.7,3.2380549717384355,0.6407769379999999,0.38383147522169625,10.681,0.4154864618733084,0.141640825,0.005676964726319429,4.9315,0.23324397098317445,1.8384999999999998,0.08039123086506388,4.2459999999999996,0.889299724502375,357.28000000000003,27.82183674741839,15.8765,2.559432114747332,720.885,34.061316401454604,8.6,1.42828568570857,410.537,26.5262830226928,2.935,0.3909028012178987,57.391483199999996,3.136737880682503,1795.8120000000001,205.74811832918425,116.8,1.2489995996796797,125.89999999999999,1.374772708486752,5.172000000000001,0.6749711104928862,6.923500000000001,0.23864775297496527,24.83,0.7722693830523126,743.785,34.0613164014546,0.43345,0.02016798205076552,0.43345,0.02016798205076552,121.94000000000001,93.33802762004349,201.25,3.404041715373065,241.75,2.426417111710186,202.25,2.487468592766536,223.45,1.2031209415515853,296.325,18.60190514436627,12.652063849717113,80,8.6
137.5,2.5,232.4,5.6956123463592565,6.938579910908311,0.25346989981351703,57.2490632,3.139055944451542,0.0011312000000000002,0.0010442180615178038,3100.55,122.1611231120605,444.0,93.76033276391462,502.15,120.518577406141,114.39999999999999,3.9420806688853967,138.3,1.7916472867168918,137.55,5.361669516111563,114.39999999999999,3.9420806688853967,107.29999999999998,4.302324952859791,102.05,6.59147176281595,8.271,0.660218903091997,60.199999999999996,10.887378013093876,4.749999999999999,3.2190837205639746,0.590526938,0.3788441251225412,10.6565,0.4025329179085857,0.14124314500000001,0.005550298450847038,4.918,0.22497999911103192,1.8345,0.07870673414645026,4.2165,0.8734430433634468,355.35,27.613991019046853,15.685999999999998,2.565101167595539,721.735,34.09349314752011,8.5,1.396424004376894,409.807,26.176455279506435,2.9025,0.36721757855527565,57.2490632,3.139055944451542,1799.9620000000002,205.17777924521945,116.9,1.1789826122551597,126.0,1.3038404810405297,5.181500000000001,0.6788760932600293,6.948,0.22914187744713976,24.781499999999998,0.721673575794486,744.635,34.0934931475201,0.4337,0.020327567488511757,0.4337,0.020327567488511757,121.415,93.54045261276,201.6,3.3075670817082456,241.95000000000002,2.4387496796514396,202.49999999999997,2.499999999999986,223.5,1.1618950038622153,296.715,18.40758743018759,12.252463194410133,80,8.5
137.75,2.48746859276655,232.79999999999998,5.723635208501674,6.963638404976242,0.24278922712943538,57.10664319999999,3.1349087705840124,0.0012112000000000002,0.001046422171018944,3097.9500000000003,120.85801586986275,449.45,92.63610257345674,509.8999999999999,118.21205522280712,114.7,3.8223029707232707,138.55,1.6575584454250776,138.45,4.443815927780988,114.7,3.8223029707232707,107.7,4.063249930782009,102.1,6.587108622149781,8.2195,0.6492262702633033,60.85000000000001,10.583123357497067,4.800000000000001,3.199218654609278,0.540276938,0.36697277270781775,10.632,0.38760288956611266,0.140845465,0.00539141897076039,4.9045,0.2155568370523188,1.8304999999999998,0.07677727528377129,4.187,0.8562774083204578,353.42,27.268307611584557,15.4955,2.556602188452478,722.585,34.104461218438864,8.4,1.3564659966250536,409.077,25.801242818903127,2.87,0.33879197156957547,57.10664319999999,3.1349087705840124,1804.1120000000003,204.52165898994664,117.0,1.0954451150103321,126.10000000000001,1.2206555615733703,5.191,0.6826265450449461,6.9725,0.21646881992564196,24.733,0.6637175604125596,745.485,34.10446121843886,0.43395,0.02048285868720478,0.43395,0.02048285868720478,120.89000000000001,93.73950021202376,201.95,3.1697791721190924,242.15,2.43464576478797,202.75,2.4874685927665356,223.54999999999998,1.1169153951844255,297.105,18.20284249780787,11.575758912053264,80,8.4
136.75,2.384848003542364,230.60000000000002,6.248199740725323,6.888275601457333,0.26646411236460477,57.9189532,3.3616055869480825,0.0010212,0.0010923165109069809,3090.7000000000003,137.7129169685981,421.65,101.99523273173115,472.45000000000005,131.73628012054994,113.60000000000001,4.091454509095749,137.65,1.8781639970992947,135.25,6.355116049294458,113.60000000000001,4.091454509095749,106.8,4.975942121849892,102.85000000000001,7.682935636851321,8.4285,0.6710162069577753,58.12499999999999,11.64782705057042,4.475,3.3781466812440217,0.745226938,0.3786244135322809,10.7215,0.4298752726082303,0.142634425,0.006063117986636501,4.921,0.263607663014564,1.8459999999999999,0.08272847151978573,4.243,0.9101598760657382,357.44000000000005,30.094109058086442,16.0275,2.580271061342199,715.1,38.85941327400608,8.85,1.5256146302392357,407.36199999999997,31.2679790840406,3.0044999999999997,0.43294889998705394,57.9189532,3.3616055869480825,1768.9930000000002,226.7431388399658,116.75,1.3369741957120937,125.9,1.5132745950421556,5.0440000000000005,0.7906225395218631,6.9005,0.2466064678794943,24.845499999999998,0.8205819581248418,738.0,38.85941327400609,0.43,0.022217110523198108,0.43,0.022217110523198108,138.495,110.48647190946049,200.50000000000003,3.54259791678367,241.25,2.446936860648431,201.75,2.3848480035423507,223.54999999999998,1.3592277219068045,298.85,22.062649432921702,13.087092356442959,80,8.85
137.0,2.449489742783178,231.0,6.3874877690685254,6.913334095525262,0.2611969417064991,57.776533199999996,3.3860278154924486,0.0011011999999999999,0.001102435195374313,3088.1000000000004,136.3706255027086,427.09999999999997,102.1620771127917,480.2,131.39315050640957,113.9,4.036087214122105,137.9,1.841195263952197,136.15,5.960494945891658,113.9,4.036087214122105,107.2,4.812483766206386,102.9,7.673982017179869,8.377,0.6723771263212334,58.775,11.482023994052616,4.525,3.3633130987167994,0.6949769379999999,0.38736280318541644,10.697,0.41973920474504195,0.142236745,0.006010786454822285,4.9075,0.25577089357469884,1.8419999999999999,0.08146164741766519,4.2135,0.8945740606568022,355.51000000000005,29.912387066230608,15.837,2.596994609158825,715.95,39.0138629207619,8.75,1.5124483462254175,406.63199999999995,30.896830517061137,2.972,0.41714026417980804,57.776533199999996,3.3860278154924486,1773.1430000000003,226.71718419872812,116.85,1.2757350822173072,126.0,1.449137674618944,5.0535000000000005,0.7954890005524904,6.925,0.23978115021827726,24.796999999999997,0.7741259587431489,738.8499999999999,39.0138629207619,0.43025,0.022400613830875264,0.43025,0.022400613830875264,137.97,110.736046976583,200.85000000000002,3.525265947414464,241.45,2.4994999499899975,202.0,2.449489742783164,223.6,1.319090595827279,299.24,21.854047680006563,12.982056797590989,80,8.75
137.25,2.48746859276655,231.4,6.499230723708768,6.9383925895931915,0.2533548998647844,57.6341132,3.404322208542629,0.0011812,0.0011066938872154304,3085.5000000000005,134.9649121068139,432.55,102.03797087359195,487.95,130.5899977027337,114.2,3.9572717874818673,138.15,1.7684739183827394,137.04999999999998,5.389573266966504,114.2,3.9572717874818673,107.6,4.608687448721165,102.94999999999999,7.66469177462473,8.3255,0.6697870930377801,59.425,11.276385724158251,4.575,3.3476670981446164,0.644726938,0.38947825492659227,10.6725,0.4078832553562357,0.14183906500000001,0.005931391837189231,4.894,0.24694938752707993,1.8379999999999999,0.07997499609252881,4.184,0.8777209123633777,353.58,29.603996351844124,15.6465,2.599688971781047,716.8,39.149252866434125,8.65,1.49248115565993,405.902,30.503703971813003,2.9395,0.3980637511756126,57.6341132,3.404322208542629,1777.2930000000001,226.61524046497846,116.94999999999999,1.2031209415515964,126.10000000000001,1.374772708486752,5.063000000000001,0.8002130966186444,6.9495,0.23016244263563077,24.7485,0.7214449043412806,739.7,39.14925286643412,0.4305,0.022579858281220458,0.4305,0.022579858281220458,137.445,110.9825773488794,201.2,3.472751070837068,241.64999999999998,2.535251466817444,202.25,2.4874685927665356,223.65,1.275735082217296,299.63,21.63640681813873,12.652063849717113,80,8.65
137.5,2.5,231.79999999999998,6.584831053261731,6.963451083661122,0.242688508100933,57.49169319999999,3.4165872034918943,0.0012612,0.0011051603322595324,3082.9,133.49377326302528,437.99999999999994,101.62184804460112,495.7,129.3182508387737,114.5,3.853569773599531,138.4,1.6552945357246849,137.95,4.576843890717707,114.5,3.853569773599531,107.99999999999999,4.358898943540674,103.0,7.655063683601855,8.274000000000001,0.6631998190590825,60.074999999999996,11.028684191688507,4.625,3.3311972322274768,0.5944769379999999,0.38507993433787696,10.648,0.3941522548457641,0.14144138499999998,0.005823827408352264,4.8805,0.23703322551912404,1.8339999999999999,0.0782559901860554,4.1545,0.8595258867538547,351.65,29.16491899525867,15.456,2.5883979601290057,717.6500000000001,39.26578026730146,8.55,1.4654350889752845,405.17199999999997,30.087737967484365,2.907,0.37522126805393113,57.49169319999999,3.4165872034918943,1781.443,226.4372050061562,117.05,1.116915395184434,126.2,1.2884098726725126,5.0725,0.8047973347371372,6.973999999999999,0.2173798518722469,24.7,0.6610521915855054,740.5500000000001,39.26578026730146,0.43075,0.022754944517620786,0.43075,0.022754944517620786,136.92,111.22608327186569,201.55,3.3834154341434335,241.85,2.554897258208243,202.49999999999997,2.499999999999986,223.69999999999996,1.2288205727444408,300.02000000000004,21.40945118399816,12.03494894104721,80,8.55
136.5,2.29128784747792,229.60000000000002,6.726068688320094,6.888088280142211,0.2663193425447579,58.304003200000004,3.5383961494412355,0.0010712,0.0011569508891910668,3075.65,148.1909241485456,410.20000000000005,107.29380224411845,458.25,137.98546119066313,113.39999999999999,4.0669398815325435,137.5,1.8027756377319946,134.75,6.195764682426214,113.39999999999999,4.0669398815325435,107.1,5.271622141238881,103.75,8.537417642355328,8.483,0.6676982851558029,57.349999999999994,11.877604977435476,4.3,3.4871191548325386,0.7994269379999999,0.3670931849591649,10.7375,0.4324913293928565,0.143230345,0.0062832167555699585,4.897,0.28284448023604764,1.8494999999999997,0.08345507773646849,4.210500000000001,0.9152074901354338,355.67,32.04556287538105,15.988,2.619812207010266,710.1650000000001,42.601223867396115,9.0,1.5811388300841898,403.457,34.69668876132131,3.0415,0.45111279077410343,58.304003200000004,3.5383961494412355,1746.324,243.4438838911342,116.8,1.3638181696985856,126.00000000000001,1.5811388300841898,4.9255,0.8786152457133897,6.902000000000001,0.24784269204477274,24.812499999999996,0.8229512439993025,733.0649999999999,42.60122386739612,0.4268,0.023802520874898946,0.4268,0.023802520874898946,154.525,123.39769801337462,200.1,3.576310948449533,240.95,2.4591665254715878,201.5,2.291287847477907,223.7,1.4525839046333795,301.765,24.56844063020688,13.087092356442959,80,9.0
136.75,2.384848003542364,230.0,6.913754406977442,6.913146774210142,0.2610672315174219,58.161583199999995,3.5769703937086983,0.0011512,0.0011630749588913004,3073.05,146.67784427104183,415.65,108.03160417211252,466.0,138.4550468563714,113.7,4.026164427839471,137.75,1.7853571071357124,135.65,5.867495206644826,113.7,4.026164427839471,107.5,5.094114250780011,103.80000000000001,8.524083528450435,8.431500000000002,0.6732479112481522,58.0,11.757976016304847,4.3500000000000005,3.4752697737010285,0.749176938,0.3832727504173283,10.713,0.42334501296224125,0.142832665,0.0062706409412655,4.883500000000001,0.2743770216326431,1.8455,0.08236959390454707,4.181,0.8986428656591005,353.74000000000007,31.76761558568726,15.7975,2.6334290858118807,711.015,42.84018294778864,8.9,1.5779733838059498,402.727,34.27953516312613,3.009,0.4387128901685019,58.161583199999995,3.5769703937086983,1750.4740000000002,243.80588160255695,116.9,1.3,126.10000000000001,1.5132745950421556,4.9350000000000005,0.8842708860976936,6.926500000000001,0.24089987546696667,24.764,0.7745734309928268,733.915,42.84018294778865,0.42705,0.024007238491754943,0.42705,0.024007238491754943,154.0,123.68926792571779,200.45000000000002,3.5982634700644143,241.15,2.5352514668174435,201.75,2.3848480035423503,223.75,1.409787217987154,302.155,24.334614749364746,13.087092356442959,80,8.9
137.0,2.449489742783178,230.4,7.0738956735309575,6.938205268278071,0.25323970913141824,58.0191632,3.609517997150944,0.0012312000000000002,0.0011636800934964901,3070.4500000000003,145.10241210951662,421.1,108.49096736595172,473.75,138.4900267167279,114.0,3.962322551231782,138.0,1.7320508075688772,136.55,5.37098687393667,114.0,3.962322551231782,107.89999999999999,4.87749935930288,103.85,8.510434771502569,8.38,0.6748333127521194,58.65,11.600754285821244,4.3999999999999995,3.462657938636157,0.6989269379999999,0.392413647802244,10.6885,0.41254424005190066,0.14243498500000001,0.006232717229770261,4.87,0.2649528259898352,1.8415,0.08107249841962438,4.1515,0.8807796262402986,351.81000000000006,31.36869299158,15.607,2.63323014565761,711.865,43.06104126702001,8.8,1.5684387141358123,401.99699999999996,33.84149894729843,2.9764999999999997,0.4234651697601587,58.0191632,3.609517997150944,1754.6240000000003,244.0967967917646,117.0,1.224744871391589,126.20000000000002,1.4352700094407325,4.944500000000001,0.8897891604194783,6.9510000000000005,0.2311687695169917,24.7155,0.7197046269130132,734.7650000000001,43.061041267020016,0.4273,0.024207643421035437,0.4273,0.024207643421035437,153.47500000000002,123.97792898334767,200.79999999999998,3.5860842154082215,241.35,2.5937424698685874,202.0,2.449489742783164,223.8,1.3638181696985727,302.54499999999996,24.092207765167565,12.840802738399296,80,8.8
137.25,2.48746859276655,230.79999999999998,7.2083285163760396,6.963263762346001,0.24258760260956144,57.8767432,3.6362007966068877,0.0013112000000000002,0.001158774939321696,3067.85,143.46257351657957,426.55,108.67542270449194,481.49999999999994,138.09073104303562,114.3,3.874274125562095,138.25,1.6393596310755,137.45,4.652687395473717,114.3,3.874274125562095,108.3,4.616275555033516,103.89999999999999,8.496469855181033,8.3285,0.6724825276540647,59.300000000000004,11.404385121522335,4.45,3.449275286201436,0.6486769379999999,0.3950048300343474,10.664,0.3999549974684654,0.142037305,0.006168978161209119,4.8565,0.25446561653787314,1.8374999999999997,0.07955344115750115,4.122,0.8615369986251317,349.88,30.844101543082758,15.4165,2.619212238441169,712.715,43.26407603312476,8.7,1.5524174696260025,401.267,33.38175805735822,2.944,0.40504814528645855,57.8767432,3.6362007966068877,1758.7740000000001,244.31688337894298,117.1,1.1357816691600546,126.30000000000001,1.3453624047073711,4.954,0.8951726090536953,6.9755,0.2182767738445848,24.666999999999998,0.6567198794006465,735.615,43.264076033124766,0.42755,0.024403841910650054,0.42755,0.024403841910650054,152.95,124.26370145782718,201.14999999999998,3.539420856580918,241.54999999999998,2.6358110706194404,202.25,2.4874685927665356,223.85,1.3143439428094803,302.935,23.84095792957993,12.293295537162498,80,8.7
137.5,2.5,233.4,2.8,6.897649959996665,0.2763324671023537,56.5713582,2.6303933496311083,0.0008012,0.0008136850496352996,3126.35,94.90395144565899,462.00000000000006,80.61637550770935,523.0999999999999,107.88832188888657,114.5,4.432832051860292,138.10000000000002,2.0223748416156684,136.6,6.499230723708768,114.5,4.432832051860292,106.0,3.9242833740697165,100.2,2.821347195933177,8.229,0.693548123780895,61.5,11.681181447096865,5.3999999999999995,3.3226495451672298,0.608376938,0.3525213283664743,10.63,0.4624067473556157,0.14044927,0.005349272446987535,4.979,0.19112561314486332,1.8269999999999997,0.08832326986700617,4.235,0.9924137242098178,362.85,22.35872312991063,16.506,2.6068187508915917,731.77,19.336910301286498,8.3,1.3453624047073711,418.176,11.749344832798121,2.894,0.35046255149445005,56.5713582,2.6303933496311083,1855.4500000000003,164.9309249352589,116.7,1.3453624047073711,125.7,1.3453624047073711,5.381,0.12988071450373223,6.9030000000000005,0.2502019184578729,24.857,0.8757060008929936,754.67,19.336910301286476,0.4396,0.012322337440599502,0.4396,0.012322337440599502,91.08000000000001,7.725645604090313,201.8,3.249615361854384,242.2,2.227105745132009,202.5,2.499999999999986,223.2,0.9797958971132643,290.65999999999997,6.427939016512225,11.358244658690344,80,8.3
137.75,2.48746859276655,233.79999999999998,2.7129319932501073,6.922708454064594,0.27038960212579916,56.4289382,2.5884189110481253,0.0008812000000000001,0.0008482283654771279,3123.75,93.93742598134143,467.45,78.05925633773357,530.85,103.75224093965393,114.8,4.319722213291028,138.35,1.9306734576307822,137.5,5.91185250154298,114.8,4.319722213291028,106.4,3.8,100.25,2.843853020111975,8.1775,0.6799181936086133,62.15,11.32375821006436,5.45,3.293554311074891,0.558126938,0.34236144164064913,10.6055,0.44802315788360786,0.14005159,0.005122976177662746,4.9655,0.18445798979713496,1.823,0.08626123115281858,4.2055,0.97789812864122,360.92,22.580757294652464,16.3155,2.657892915450131,732.62,18.91043627206945,8.2,1.2884098726725126,417.44599999999997,11.435172233071082,2.8615,0.3196916483113064,56.4289382,2.5884189110481253,1859.6000000000001,162.70478634631496,116.8,1.2884098726725126,125.8,1.2884098726725126,5.3905,0.13485084352720972,6.9275,0.24322571821252792,24.8085,0.8330022508973187,755.52,18.910436272069425,0.43985,0.012459032867763061,0.43985,0.012459032867763061,90.555,8.069168172742463,202.15,3.08666486681013,242.4,2.2,202.74999999999997,2.4874685927665356,223.25,0.9420721840708329,291.05,6.208502234838941,11.099898062575058,80,8.2
138.0,2.449489742783178,234.20000000000002,2.5612496949731396,6.947766948132523,0.2619266791503256,56.286518199999996,2.5377724152412804,0.0009612,0.000874127770980879,3121.1500000000005,92.88810472821588,472.90000000000003,75.02059717171012,538.5999999999999,98.83845405508931,115.1,4.182104733265289,138.60000000000002,1.8,138.4,5.10294032886923,115.1,4.182104733265289,106.8,3.627671429443411,100.3,2.8653097563788807,8.126000000000001,0.662015105567841,62.800000000000004,10.916043239196151,5.5,3.263433774416144,0.507876938,0.32419330883172714,10.581,0.4317742465687366,0.13965391,0.004853736226547545,4.952000000000001,0.17651062290978392,1.819,0.08395832299420947,4.176,0.9622598401679248,358.99,22.63667157512342,16.125000000000004,2.694569538905982,733.4699999999999,18.434969487362867,8.1,1.2206555615733703,416.716,11.064060014298542,2.8289999999999997,0.28190246540248637,56.286518199999996,2.5377724152412804,1863.7500000000002,160.3403879251887,116.9,1.2206555615733703,125.9,1.2206555615733703,5.4,0.13899640283115242,6.952,0.23348661631879467,24.76,0.7849968152801639,756.37,18.434969487362842,0.44010000000000005,0.012589281155014382,0.44010000000000005,0.012589281155014382,90.03000000000002,8.36576954021565,202.5,2.8722813232690143,242.6,2.154065922853802,203.0,2.449489742783164,223.3,0.8999999999999959,291.44,5.955535240429706,10.640708033581113,80,8.1
137.25,2.48746859276655,232.4,4.431703961232068,6.897462638681544,0.27619922781287565,56.9564082,3.029291546131465,0.0008512000000000001,0.0009107487908309295,3111.3,114.34827283348008,450.55000000000007,92.36854172281816,508.9,121.50674878376097,114.3,4.45084261685357,137.95000000000002,1.9868316486305528,136.1,6.449030934954491,114.3,4.45084261685357,106.3,4.3485629810317805,101.10000000000001,5.156549233741495,8.2835,0.7059127070679488,60.725,12.12793778842883,5.225,3.480211918834829,0.6625769380000001,0.3612572308951941,10.646,0.467978631990821,0.14104519,0.005825502890300547,4.955,0.223215142855497,1.8304999999999998,0.08974825903603924,4.202500000000001,0.9967842043291016,361.08000000000004,25.304675457314215,16.4665,2.653096822582998,726.835,29.03892689132985,8.450000000000001,1.4654350889752845,414.27099999999996,21.182023959008266,2.9310000000000005,0.38348272451311294,56.9564082,3.029291546131465,1832.7810000000004,197.41953059158052,116.75,1.3738631664034087,125.8,1.4352700094407325,5.2625,0.49357750151318686,6.9045000000000005,0.2514055488647776,24.823999999999998,0.8783586966609938,749.735,29.03892689132984,0.4364,0.016918628786045286,0.4364,0.016918628786045286,107.11000000000001,67.81992258916254,201.4,3.4409301068170506,241.9,2.364318083507378,202.25,2.4874685927665356,223.35,1.1521718621802814,293.575,14.349699474205032,12.482034425844683,80,8.450000000000001
137.5,2.5,232.79999999999998,4.467661580737735,6.922521132749473,0.2702708012113607,56.8139882,3.011183853362587,0.0009312000000000001,0.0009374813918153256,3108.7000000000003,113.20224158557993,456.0,90.83501527494779,516.65,118.77974364343441,114.6,4.352011029397781,138.2,1.9131126469708992,137.0,5.93295878967653,114.6,4.352011029397781,106.7,4.208325082500163,101.15,5.160184105242758,8.232000000000001,0.6965672975384358,61.37500000000001,11.826744057431869,5.275,3.4549782922617616,0.612326938,0.3590180450103638,10.6215,0.4546347435029578,0.14064750999999998,0.00566044380423479,4.9415000000000004,0.21603876966877944,1.8264999999999998,0.08787917842128475,4.173,0.981356713942489,359.15,25.366759745777554,16.276,2.700511803343951,727.685,28.902201905737215,8.35,1.4239030865898141,413.541,20.873257987195007,2.8985000000000003,0.3589467230662512,56.8139882,3.011183853362587,1836.9310000000003,196.044028878719,116.85,1.3143439428094916,125.89999999999999,1.374772708486752,5.272,0.49717803652212955,6.929,0.2443133234189246,24.775499999999997,0.8338733417012439,750.5849999999999,28.902201905737208,0.43665,0.017065388949566905,0.43665,0.017065388949566905,106.58500000000001,67.9838162726983,201.75,3.329789783154486,242.1,2.364318083507378,202.5,2.499999999999986,223.4,1.1135528725659958,293.965,14.172765255940712,12.293295537162498,80,8.35
137.75,2.48746859276655,233.2,4.467661580737736,6.947579626817403,0.26182196676468533,56.671568199999996,2.986181878794318,0.0010112,0.0009568068561627263,3106.1000000000004,111.98413950198484,461.45000000000005,88.94182087184858,524.4,115.46964969202946,114.89999999999999,4.2296571965113126,138.45000000000002,1.8020821290940099,137.9,5.214403129793476,114.89999999999999,4.2296571965113126,107.1,4.023679907746142,101.19999999999999,5.163332257370234,8.1805,0.6832237920330348,62.025,11.4809352842005,5.325,3.4288299753706073,0.562076938,0.3496155051082026,10.597,0.439523605736939,0.14024983,0.005461544235113365,4.928,0.20774022239325712,1.8225,0.08578315685494443,4.1435,0.9647811928100589,357.21999999999997,25.28178395604235,16.0855,2.7338662641029092,728.535,28.739698589233676,8.25,1.3738631664034087,412.811,20.533919718358696,2.866,0.3294146323404594,56.671568199999996,2.986181878794318,1841.0810000000001,194.57031237832766,116.95,1.2439855304624727,126.0,1.3038404810405297,5.2815,0.500572422332673,6.9535,0.23446268359805156,24.726999999999997,0.7838820064269875,751.4350000000001,28.739698589233665,0.4369,0.01720726590716841,0.4369,0.01720726590716841,106.06,68.14327112782303,202.1,3.176476034853718,242.3,2.3473389188611002,202.74999999999997,2.4874685927665356,223.45,1.0712142642814204,294.35499999999996,13.982720586495326,11.893694881855518,80,8.25
138.0,2.4494897427831783,233.6,4.431703961232068,6.972638120885333,0.2505979296078085,56.529148199999995,2.954110579333069,0.0010912,0.0009691683857823676,3103.5,110.69158730454632,466.9,86.66539101625285,532.15,111.52456007534842,115.2,4.081666326391703,138.70000000000002,1.6462077633154328,138.79999999999998,4.190465367951393,115.2,4.081666326391703,107.5,3.7881393849751626,101.25,5.165994579942956,8.129000000000001,0.6656417955627484,62.67500000000001,11.086337312205506,5.375,3.401745875282279,0.511826938,0.3324423576818448,10.5725,0.4224556189707981,0.13985214999999998,0.005224940960288453,4.9145,0.19817858108282016,1.8184999999999998,0.08344309438174019,4.114000000000001,0.9469973600807976,355.29,25.04825143597853,15.895000000000001,2.7536711858898473,729.385,28.550976778387113,8.15,1.3143439428094916,412.081,20.162465598234757,2.8335000000000004,0.29338157747206967,56.529148199999995,2.954110579333069,1845.2310000000002,192.99613120215653,117.05,1.16081867662439,126.10000000000001,1.2206555615733703,5.2909999999999995,0.5037648260845531,6.978,0.22148589119851408,24.6785,0.7272501289102669,752.285,28.550976778387103,0.43715000000000004,0.017344379493080757,0.43715000000000004,0.017344379493080757,105.53500000000001,68.29831824430232,202.45,2.9744747435471695,242.5,2.313006701244076,203.0,2.449489742783164,223.5,1.0246950765959544,294.745,13.77902300600446,11.21699059949865,80,8.15
137.0,2.449489742783178,231.4,5.4258639865002145,6.897275317366423,0.27606579711263396,57.3414582,3.3373220348272596,0.0009012000000000001,0.0009959133295623672,3096.25,129.19477543616074,439.1,101.50216746454235,494.7,132.2293840263956,114.10000000000001,4.459820624195544,137.8,1.9390719429665317,135.60000000000002,6.359245238233858,114.10000000000001,4.459820624195544,106.60000000000001,4.715930449020639,102.0,6.603029607687671,8.338,0.7139159614408407,59.949999999999996,12.510895251739582,5.05,3.6224991373359914,0.716776938,0.36175545164498024,10.662,0.47294397131161353,0.14164111000000001,0.006208704441741453,4.931,0.2489357346786514,1.8339999999999999,0.09101648202386203,4.17,1.000079996800256,359.31000000000006,27.829389141696954,16.427,2.698003150479999,721.9,35.55128689653864,8.6,1.562049935181331,410.366,26.996502069712665,2.968,0.41055572094418563,57.3414582,3.3373220348272596,1810.1120000000003,222.97749885582627,116.80000000000001,1.4,125.9,1.5132745950421556,5.144,0.6650443594227381,6.906000000000001,0.2525945367580227,24.791,0.8797664462799202,744.8,35.55128689653864,0.4332,0.020003999600079984,0.4332,0.020003999600079984,123.14000000000001,92.87344292099868,201.0,3.5777087639996634,241.60000000000002,2.4576411454889016,202.0,2.449489742783164,223.5,1.2845232578665007,296.49,18.801991915751913,12.945838297251267,80,8.6
137.25,2.48746859276655,231.79999999999998,5.528109984434102,6.922333811434353,0.27015181816631095,57.1990382,3.3373667663940627,0.0009812,0.0010164897244930714,3093.65,127.87591641900362,444.55,100.73007247093591,502.44999999999993,130.57353292302386,114.4,4.374928570845464,138.05,1.8834808201837363,136.5,5.911852501542981,114.4,4.374928570845464,107.00000000000001,4.560701700396551,102.05000000000001,6.599052962357553,8.2865,0.7086485377110432,60.6,12.260301790739085,5.1000000000000005,3.600694377477766,0.666526938,0.367016725182741,10.6375,0.4605960811817663,0.14124343,0.006093120868003526,4.9174999999999995,0.2411819852310697,1.8299999999999998,0.08933084573650918,4.140499999999999,0.9837300188568,357.38000000000005,27.763079800339163,16.236500000000003,2.741899478463789,722.75,35.55786129676531,8.5,1.5329709716755893,409.63599999999997,26.648162863507128,2.9354999999999998,0.3908257284263666,57.1990382,3.3373667663940627,1814.2620000000004,222.1844006585521,116.9,1.3379088160259651,126.0,1.449137674618944,5.1535,0.6694047729139672,6.9305,0.24538693934274508,24.7425,0.8334379101048857,745.6499999999999,35.5578612967653,0.43345,0.02016798205076552,0.43345,0.02016798205076552,122.61500000000002,93.08364665718679,201.35000000000002,3.5110539728121526,241.8,2.4819347291981715,202.25,2.487468592766536,223.55,1.243985530462462,296.88,18.60630538285342,12.840802738399296,80,8.5
137.5,2.5,232.2,5.6,6.947392305502282,0.2617170784106153,57.0566182,3.331328352162177,0.0010612000000000002,0.0010304656035016403,3091.05,126.48988101820636,450.00000000000006,99.65440281292143,510.19999999999993,128.42959160567318,114.7,4.2673176586703665,138.3,1.7916472867168918,137.4,5.276362383309167,114.7,4.2673176586703665,107.4,4.363484845854286,102.1,6.594694837519019,8.235,0.6995605763620472,61.25,11.969231387186062,5.1499999999999995,3.5780581325629686,0.616276938,0.36535656738707134,10.613,0.44656578462752855,0.14084575000000002,0.005948775858485512,4.904,0.23238760724272695,1.8259999999999998,0.08742997197757757,4.111,0.9662033947363258,355.45,27.561794208650504,16.046000000000003,2.772043289705267,723.5999999999999,35.54411343668597,8.4,1.4966629547095764,408.906,26.27493566119621,2.903,0.36717979247229826,57.0566182,3.331328352162177,1818.4120000000003,221.31065450176595,117.0,1.2649110640673518,126.10000000000001,1.374772708486752,5.163,0.6736029988056763,6.955,0.23542514733987116,24.694,0.781373150293763,746.5,35.54411343668597,0.4337,0.020327567488511757,0.4337,0.020327567488511757,122.09000000000002,93.29042233798708,201.7,3.407345007480164,242.0,2.4899799195977463,202.5,2.499999999999986,223.60000000000002,1.1999999999999906,297.27,18.40027445447486,12.51080979052542,80,8.4
137.75,2.48746859276655,232.59999999999997,5.642694391866354,6.972450799570212,0.2505070800498618,56.914198199999994,3.3191735919664644,0.0011412,0.001038107585946659,3088.45,125.03443525685235,455.45,98.26518966551686,517.9499999999999,125.77260234248156,115.0,4.135214625627059,138.55,1.6575584454250776,138.29999999999998,4.371498598878879,115.0,4.135214625627059,107.8,4.1182520563948,102.14999999999999,6.5899544763222755,8.1835,0.686500364165963,61.9,11.634646535241197,5.2,3.554574517435244,0.5660269379999999,0.35667834403263626,10.5885,0.43068869267720533,0.14044806999999998,0.0057735126008436185,4.890499999999999,0.22242920221949256,1.8219999999999998,0.0852994724485445,4.0815,0.9474348262545557,353.52,27.222538456213087,15.855500000000001,2.7888805549897615,724.45,35.5100197127515,8.3,1.452583904633395,408.176,25.875743544872297,2.8705000000000003,0.3387989816985878,56.914198199999994,3.3191735919664644,1822.5620000000001,220.35530103902653,117.10000000000001,1.1789826122551594,126.2,1.2884098726725126,5.172499999999999,0.6776420515286813,6.9795,0.2223392677868667,24.6455,0.7223328526378955,747.35,35.51001971275149,0.43395,0.02048285868720478,0.43395,0.02048285868720478,121.56500000000001,93.49379270839322,202.04999999999998,3.2630507198019463,242.20000000000002,2.4819347291981715,202.74999999999997,2.4874685927665356,223.64999999999998,1.1521718621802834,297.66,18.183547508668383,11.893694881855518,80,8.3
136.75,2.384848003542364,230.40000000000003,6.102458520956943,6.897087996051302,0.27593217472395093,57.7265082,3.578030526955236,0.0009512,0.001072018358051764,3081.2000000000003,140.90439134391804,427.65000000000003,108.67947138259368,480.5,140.71975696397433,113.89999999999999,4.459820624195545,137.65,1.8781639970992947,135.1,6.228161847608009,113.89999999999999,4.459820624195545,106.89999999999999,5.038849074937649,102.89999999999999,7.68049477572897,8.3925,0.717703803807671,59.175,12.83576546217638,4.875,3.7512497917360825,0.7709769379999999,0.35405076855680406,10.678,0.47732169445773187,0.14223703,0.006515312461586173,4.907,0.27011293934204617,1.8374999999999997,0.09213441268060484,4.1375,1.002311703014586,357.54,30.039264305238905,16.3875,2.741605141153627,716.965,40.44527506396761,8.75,1.6393596310755003,406.46099999999996,31.280122426231014,3.005,0.4327990295737735,57.7265082,3.578030526955236,1787.4430000000002,243.7943637802154,116.85,1.4239030865898143,126.0,1.5811388300841898,5.0255,0.7828567876693667,6.907500000000001,0.25376908795202,24.758,0.8799352248887412,739.865,40.44527506396761,0.43000000000000005,0.022217110523198108,0.43000000000000005,0.022217110523198108,139.17,110.17027321378485,200.6,3.666060555964672,241.29999999999998,2.511971337416094,201.75,2.3848480035423507,223.64999999999998,1.3883443376914681,299.40500000000003,22.002760622249205,13.087092356442959,80,8.75
137.0,2.449489742783178,230.8,6.257795138864806,6.922146490119232,0.2700326527498962,57.58408819999999,3.593365923909164,0.0010312000000000001,0.0010874885562616279,3078.6000000000004,139.4157361993258,433.09999999999997,108.53520166287065,488.25,139.95351906972544,114.2,4.3886216514983305,137.9,1.841195263952197,136.0,5.848076606885378,114.2,4.3886216514983305,107.3,4.86929152957594,102.95,7.671212420471747,8.341000000000001,0.7163930485424882,59.825,12.631582442433727,4.925000000000001,3.7325426990189947,0.720726938,0.36692412905758004,10.6535,0.46593213025074826,0.14183935,0.0064421563525344575,4.8935,0.2617494030556706,1.8335,0.09062422413460984,4.108,0.9850258879846764,355.61,29.863671910868568,16.197,2.782110889235007,717.8149999999999,40.55462088344557,8.65,1.6209565077447328,405.731,30.88783286344318,2.9724999999999997,0.4170236803827812,57.58408819999999,3.593365923909164,1791.5930000000003,243.45592498643367,116.95,1.3592277219068187,126.1,1.5132745950421556,5.035,0.7879942893194086,6.932,0.24644674881198994,24.7095,0.8316939040296011,740.7149999999999,40.55462088344558,0.43025,0.022400613830875264,0.43025,0.022400613830875264,138.64499999999998,110.4237722367788,200.95000000000002,3.6397115270306792,241.5,2.5592967784139455,202.0,2.449489742783164,223.7,1.3453624047073582,299.795,21.78365155340124,13.087092356442959,80,8.65
137.25,2.48746859276655,231.20000000000002,6.384355879804947,6.947204984187161,0.261612013876462,57.441668199999995,3.6030109577407003,0.0011112000000000001,0.0010969226773113955,3076.0000000000005,137.86198714656626,438.55,108.11636092654986,496.0,138.75085585321628,114.5,4.295346318982898,138.15,1.7684739183827394,136.9,5.290557626564519,114.5,4.295346318982898,107.69999999999999,4.659399102888697,102.99999999999999,7.661592523751182,8.2895,0.7113611951744345,60.475,12.389990920093526,4.9750000000000005,3.7130681383459696,0.670476938,0.37264535587293135,10.629,0.452933769992921,0.14144167,0.00634327689007031,4.88,0.25238858928247904,1.8295,0.08890866099542832,4.0785,0.9665312979929829,353.68,29.561302407032073,16.0065,2.8091462671067875,718.665,40.64590108485725,8.55,1.5960889699512368,405.001,30.473013946769367,2.94,0.39798241167167175,57.441668199999995,3.6030109577407003,1795.7430000000004,243.0461643618348,117.05,1.2835497652993435,126.2,1.4352700094407325,5.0445,0.7929847098147605,6.9565,0.23637417371616562,24.661,0.7774567512087084,741.565,40.64590108485726,0.43050000000000005,0.022579858281220458,0.43050000000000005,0.022579858281220458,138.12,110.6742002455857,201.29999999999998,3.579106033634656,241.7,2.5903667693977237,202.25,2.4874685927665356,223.75,1.2990381056766467,300.185,21.555260958754367,12.840802738399296,80,8.55
137.5,2.5,231.6,6.483826030978931,6.972263478255091,0.2504160574083566,57.299248199999994,3.607011276290603,0.0011912000000000001,0.0011004759697512709,3073.4,136.24091712844566,444.0,107.4197374787334,503.74999999999994,137.10028264011714,114.8,4.178516483155229,138.4,1.6552945357246849,137.79999999999998,4.48998886412873,114.8,4.178516483155229,108.1,4.403407771260799,103.04999999999998,7.651633812461231,8.238,0.7025282912452706,61.12500000000001,12.108752000103065,5.025,3.692813967694555,0.620226938,0.37154499192246376,10.6045,0.43818346614175235,0.14104398999999998,0.006217446917577991,4.866499999999999,0.24191475771436494,1.8254999999999997,0.08697557128297577,4.049,0.9467570966198248,351.75,29.128207977834823,15.816,2.8230982979698034,719.515,40.71923716132217,8.45,1.5644487847162016,404.27099999999996,30.03473221122506,2.9075,0.375178290949783,57.299248199999994,3.607011276290603,1799.8930000000003,242.56472045827277,117.14999999999999,1.1947803145348521,126.3,1.345362404707371,5.053999999999999,0.797830809131861,6.981,0.22317930011540052,24.6125,0.715862242334375,742.4150000000001,40.71923716132217,0.43075,0.022754944517620786,0.43075,0.022754944517620786,137.59499999999997,110.92157804052374,201.64999999999998,3.4824560298731697,241.89999999999998,2.6057628441590768,202.5,2.499999999999986,223.79999999999998,1.2489995996796701,300.57500000000005,21.3172905173242,12.293295537162498,80,8.45
136.75,2.384848003542364,229.8,6.764613810115105,6.92195916880411,0.26991330472056824,57.969138199999996,3.793417112286963,0.0010812,0.001151959790964945,3063.55,148.55382862787482,421.65000000000003,114.67792943718509,474.04999999999995,147.38129969572122,114.0,4.3931765272977525,137.75,1.7853571071357126,135.5,5.740209055426466,114.0,4.3931765272977525,107.60000000000001,5.141984052872976,103.85000000000001,8.516307885463045,8.395500000000002,0.7199407961770189,59.05,12.945945311177551,4.75,3.851947559352282,0.774926938,0.3587339911486834,10.6695,0.47066415839747167,0.14243527,0.006720594745712622,4.8695,0.2787557174301541,1.8369999999999997,0.09176600677810928,4.0755,0.9852485726962512,353.84000000000003,31.727328913729885,16.157500000000002,2.821196333118275,712.88,44.45542261636931,8.799999999999999,1.6911534525287764,401.82599999999996,34.168608458642275,3.0095,0.4385598590842532,57.969138199999996,3.793417112286963,1768.9240000000002,261.05152710528245,117.0,1.378404875209022,126.2,1.5684387141358123,4.9165,0.8750329993777378,6.9335,0.24749292919192675,24.6765,0.8286330611314029,735.78,44.45542261636932,0.42705000000000004,0.024007238491754946,0.42705000000000004,0.024007238491754946,154.675,123.32206564520398,200.55,3.7212229172679243,241.2,2.6,201.75,2.3848480035423503,223.85,1.4239030865898001,302.71,24.204666905371788,13.087092356442959,80,8.799999999999999
137.0,2.449489742783178,230.20000000000002,6.939740629158989,6.947017662872041,0.2615067729498759,57.826718199999995,3.8169490864143794,0.0011612000000000003,0.0011574192671629413,3060.9500000000003,146.830378328192,427.1,114.82634715081727,481.8,146.99033981864252,114.30000000000001,4.313930922024591,138.00000000000003,1.7320508075688772,136.4,5.2573757712379665,114.30000000000001,4.313930922024591,108.0,4.919349550499538,103.9,8.50235261559999,8.344000000000001,0.7188490801273937,59.699999999999996,12.749901960407382,4.8,3.8353617821530217,0.7246769380000001,0.3719790601290127,10.645,0.45865564424740296,0.14203759000000002,0.0066615424565861685,4.856000000000001,0.2687824399026095,1.833,0.09022749026765622,4.046,0.9657660172112084,351.91,31.334053360521363,15.967,2.845217214906447,713.7299999999999,44.6327917567342,8.7,1.676305461424021,401.096,33.70962568762816,2.977,0.42334501296224103,57.826718199999995,3.8169490864143794,1773.0740000000003,261.03008084127015,117.10000000000001,1.3,126.30000000000001,1.4866068747318506,4.926000000000001,0.8808087193028915,6.958,0.23730992393913922,24.628,0.7721113909275005,736.63,44.63279175673421,0.4273,0.024207643421035437,0.4273,0.024207643421035437,154.15000000000003,123.61445101605233,200.9,3.7,241.4,2.6532998322843198,202.0,2.449489742783164,223.9,1.3747727084867394,303.09999999999997,23.95191015347211,12.945838297251267,80,8.7
137.25,2.48746859276655,230.6,7.08801805866774,6.972076156939971,0.250324861494484,57.68429819999999,3.8350515454120773,0.0012412,0.0011573363210406905,3058.35,145.0398565912143,432.55,114.71594265837683,489.54999999999995,146.18805525760305,114.60000000000001,4.2118879377305305,138.25,1.6393596310755,137.3,4.550824101193101,114.60000000000001,4.2118879377305305,108.4,4.651881339845203,103.95,8.488079877098235,8.2925,0.7140509435607517,60.35,12.517088319573366,4.8500000000000005,3.8180492401225004,0.674426938,0.37814896660372305,10.6205,0.4449772466093072,0.14163991,0.006577963461505398,4.842499999999999,0.2577183540223705,1.8289999999999997,0.08848163651289458,4.0165,0.944961771713544,349.98,30.8151358913116,15.7765,2.8563600525844075,714.58,44.793332093069395,8.6,1.6552945357246849,400.366,33.22827296144054,2.9445000000000006,0.40496265259897735,57.68429819999999,3.8350515454120773,1777.2240000000004,260.9426400648235,117.2,1.2083045973594573,126.4,1.3928388277184118,4.9355,0.8864450067545081,6.9825,0.22400613830875266,24.579500000000003,0.7077956979241958,737.48,44.7933320930694,0.42755000000000004,0.024403841910650054,0.42755000000000004,0.024403841910650054,153.625,123.90392195164769,201.25,3.6452023263462343,241.6,2.690724809414742,202.25,2.4874685927665356,223.95,1.3219304066402178,303.49,23.690037990682924,12.482034425844683,80,8.6
137.5,2.5,233.2,2.6758176320519302,6.9064623545906345,0.28518389356953133,56.3789132,2.8110858513849344,0.0007312,0.0007663885176592875,3116.85,102.82660161650777,468.0,86.15683373940804,531.15,115.2042859445776,114.8,4.718050444834172,138.1,2.0223748416156684,136.45000000000002,6.406832290609767,114.8,4.718050444834172,106.10000000000001,4.023679907746142,100.25,2.8613807855648994,8.193,0.7290274343260339,62.55,12.587593097967538,5.8,3.6,0.634126938,0.3366222840904381,10.586500000000001,0.49890154339308296,0.140051875,0.00570665165590778,4.965,0.2040220576310315,1.8184999999999998,0.0955130881083844,4.1295,1.0767705187271799,362.95000000000005,22.26055929216516,16.866,2.70362423424558,733.635,20.916578950679288,8.2,1.4352700094407325,417.275,12.581473482863599,2.8945000000000003,0.3504350867136452,56.3789132,2.8110858513849344,1873.9,178.98376323007628,116.8,1.4352700094407322,125.8,1.4352700094407322,5.3625,0.13083864108129525,6.91,0.2571964229922339,24.7695,0.9326332344496411,756.535,20.916578950679266,0.4396,0.0123223374405995,0.4396,0.0123223374405995,91.75500000000001,7.343328604931143,201.9,3.345145736735546,242.25,2.277608394786075,202.5,2.499999999999986,223.29999999999998,1.053565375285267,291.21500000000003,6.9116043723581395,11.441947988520559,80,8.2
137.75,2.48746859276655,233.59999999999997,2.615339366124404,6.931520848658564,0.27863794974668793,56.2364932,2.761943322254199,0.0008112000000000001,0.0008099131805323333,3114.25,101.69262510133171,473.45,83.3777398350423,538.9,110.77856290817282,115.1,4.592385001282007,138.35,1.9306734576307822,137.35,5.833309523760933,115.1,4.592385001282007,106.5,3.892300091205713,100.3,2.882707061079915,8.1415,0.7134793269604942,63.2,12.200819644597654,5.8500000000000005,3.567562192870644,0.583876938,0.3299128777651209,10.562,0.48340045510942603,0.13965419499999998,0.005466257425284234,4.9515,0.19683178097045187,1.8144999999999998,0.09324564332986288,4.1,1.0604763080804775,361.02000000000004,22.492145295635996,16.6755,2.777703142886222,734.485,20.44556859077291,8.1,1.3747727084867518,416.54499999999996,12.234953003587705,2.862,0.3197123707334454,56.2364932,2.761943322254199,1878.0500000000002,176.50124645452226,116.89999999999999,1.374772708486752,125.89999999999999,1.374772708486752,5.372,0.1370620297529553,6.9345,0.24972935350094522,24.721,0.8878901959138864,757.385,20.445568590772886,0.43984999999999996,0.012459032867763063,0.43984999999999996,0.012459032867763063,91.23,7.7497806420569075,202.25,3.176082492631449,242.45,2.246664193866097,202.75,2.4874685927665356,223.35,1.013656746635659,291.605,6.675662888432889,11.253209099838374,80,8.1
138.0,2.449489742783178,233.99999999999997,2.4899799195977463,6.956579342726493,0.26961547558827725,56.0940732,2.7044206873252103,0.0008912,0.0008436630607061091,3111.65,100.47860468776425,478.9,80.13295202349656,546.65,105.60126656437413,115.39999999999999,4.442971978304605,138.6,1.8,138.25,5.0386009963084,115.39999999999999,4.442971978304605,106.89999999999999,3.7134889255254286,100.35,2.903015673398957,8.09,0.6937722969389881,63.849999999999994,11.76552166289281,5.8999999999999995,3.5341194094144583,0.5336269379999999,0.3151512758728158,10.5375,0.46609950654339916,0.139256515,0.005184377358205613,4.938,0.18840382161729075,1.8105,0.09074552330556038,4.0705,1.043093835663887,359.09000000000003,22.556837100976733,16.485,2.837094464412491,735.3349999999999,19.927224468048728,7.999999999999999,1.3038404810405297,415.815,11.833379694744854,2.8295,0.28198359881383184,56.0940732,2.7044206873252103,1882.2,173.88429342525447,117.0,1.3038404810405297,126.0,1.3038404810405297,5.3815,0.14238240762116644,6.959,0.2395391408517615,24.6725,0.8379670339577802,758.235,19.9272244680487,0.4401,0.012589281155014382,0.4401,0.012589281155014382,90.705,8.102004381632979,202.6,2.9563490998188966,242.65,2.1971572542719833,202.99999999999997,2.449489742783164,223.4,0.9695359714832618,291.995,6.407376608253969,10.853608444531394,80,7.999999999999999
138.25,2.384848003542364,234.39999999999998,2.2891046284519194,6.981637836794424,0.25785663858904834,55.951653199999996,2.637969802693079,0.0009712000000000001,0.0008687780844381378,3109.05,99.1816011163361,484.34999999999997,76.36312919203874,554.4,99.55521081289517,115.7,4.267317658670367,138.85,1.6209565077447328,139.15,3.889408695418881,115.7,4.267317658670367,107.3,3.479942528261063,100.39999999999999,2.922327839240492,8.0385,0.6695392072164256,64.5,11.276080879454527,5.950000000000001,3.4996428389194234,0.483376938,0.29111513435969566,10.513,0.44678965968339074,0.13885883499999999,0.004853789053953108,4.9245,0.17856301408746414,1.8064999999999998,0.08799289744064576,4.041,1.0245677137212552,357.16,22.45607712847461,16.294500000000003,2.8827061504773597,736.1850000000001,19.357744574200783,7.8999999999999995,1.2206555615733703,415.085,11.370922346054423,2.797,0.23388244910638345,55.951653199999996,2.637969802693079,1886.3500000000001,171.12673666028928,117.1,1.2206555615733703,126.10000000000001,1.2206555615733703,5.391,0.14689792374298555,6.9835,0.22625814902451585,24.624000000000002,0.781872112304819,759.085,19.35774457420076,0.44035,0.01271328045785195,0.44035,0.01271328045785195,90.18,8.40681866106317,202.95,2.67348087705897,242.85,2.1277922830953213,203.25,2.3848480035423507,223.45,0.9205976319760963,292.38500000000005,6.102481052817789,10.176904162174525,80,7.8999999999999995
137.25,2.48746859276655,232.2,4.308131845707603,6.906275033275515,0.2850605825429439,56.7639632,3.2106142178774078,0.0007812,0.00087277222687251,3101.8,119.8170584683166,456.54999999999995,97.94563543109004,516.9499999999999,128.93660263866116,114.60000000000001,4.74763098818768,137.95,1.9868316486305526,135.95000000000002,6.3440917395636705,114.60000000000001,4.74763098818768,106.4,4.431703961232067,101.15,5.169864601708636,8.2475,0.743443844550481,61.775,13.065675451349614,5.625,3.7645550865938993,0.688326938,0.3416998127992809,10.602500000000001,0.5054490577694257,0.140647795,0.006193647761333789,4.941000000000001,0.23291414727319576,1.8219999999999998,0.09713907555664714,4.097,1.0776228468253632,361.18000000000006,25.224999504459863,16.8265,2.7534419823195835,728.7,30.41798809914949,8.35,1.5580436450882884,413.37,21.49157276701731,2.9315,0.3834093765154943,56.7639632,3.2106142178774078,1851.2310000000002,211.2911135353307,116.85000000000001,1.4585952145814822,125.9,1.5132745950421556,5.244,0.48937102488806994,6.9115,0.2583268278750778,24.7365,0.9320315177074213,751.5999999999999,30.41798809914948,0.43639999999999995,0.01691862878604529,0.43639999999999995,0.01691862878604529,107.78500000000001,67.617603292338,201.5,3.5425979167836705,241.95000000000002,2.4181604578687494,202.25,2.4874685927665356,223.45,1.2031209415515867,294.13,14.46133119736908,12.482034425844683,80,8.35
137.5,2.5,232.59999999999997,4.363484845854286,6.931333527343444,0.2785285938416559,56.6215432,3.1849409020458386,0.0008612,0.0009068292893373042,3099.2000000000003,118.5156002389559,461.99999999999994,96.1613227862429,524.6999999999999,125.8753748753107,114.9,4.635730794599696,138.2,1.9131126469708992,136.85,5.841874699101308,114.9,4.635730794599696,106.80000000000001,4.28485705712571,101.2,5.173006862551025,8.196000000000002,0.732047812646141,62.425000000000004,12.733101546755998,5.675000000000001,3.735890121510535,0.638076938,0.3431236028548075,10.578,0.4909541730141422,0.14025011499999998,0.006012432173444873,4.9275,0.22520823697191875,1.8179999999999998,0.09505787710652916,4.0675,1.060437999130548,359.25000000000006,25.294910555287608,16.636,2.8235516641280003,729.55,30.235103770286617,8.249999999999998,1.5124483462254175,412.64,21.156252031019108,2.899,0.3589136386374862,56.6215432,3.1849409020458386,1855.381,209.6415747388862,116.95,1.3955285736952863,126.0,1.449137674618944,5.2535,0.4933586423688147,6.936,0.2507468843276025,24.688,0.8854524267288443,752.4499999999999,30.235103770286603,0.43665,0.017065388949566905,0.43665,0.017065388949566905,107.26,67.78721413364028,201.85000000000002,3.424543765233553,242.15,2.414021540914662,202.5,2.499999999999986,223.5,1.1618950038622164,294.52,14.27062016872428,12.376998866992711,80,8.249999999999998
137.75,2.48746859276655,232.99999999999997,4.381780460041329,6.956392021411373,0.2695198753435314,56.479123200000004,3.1526316832469603,0.0009412,0.0009328168952157759,3096.6000000000004,117.14199716583289,467.45,94.02790809116195,532.4499999999999,122.24748463669917,115.2,4.501110973970753,138.45,1.8020821290940099,137.75,5.136876482844414,115.2,4.501110973970753,107.2,4.093897898091744,101.24999999999999,5.175664208582314,8.1445,0.7167808242412737,63.075,12.35746232039572,5.7250000000000005,3.706329046374593,0.587826938,0.3371330992428119,10.5535,0.47475546337035474,0.139852435,0.005798371316522859,4.914000000000001,0.21638853943774358,1.8139999999999998,0.09275774900244184,4.038,1.0421353079135165,357.32,25.2173472038595,16.4455,2.8793861759062467,730.4,30.027054467596386,8.149999999999999,1.4585952145814822,411.90999999999997,20.78991341973314,2.8665,0.3294279132071234,56.479123200000004,3.1526316832469603,1859.5310000000002,207.89612805196737,117.05,1.3219304066402287,126.10000000000001,1.374772708486752,5.263,0.49713277904398934,6.9605,0.24044697960257277,24.639499999999998,0.8334655061848687,753.3000000000001,30.027054467596372,0.43689999999999996,0.01720726590716841,0.43689999999999996,0.01720726590716841,106.73500000000001,67.95234561808739,202.2,3.2649655434629015,242.35,2.3932195887548637,202.75,2.4874685927665356,223.55,1.1169153951844268,294.90999999999997,14.066516981826032,12.047005919118835,80,8.149999999999999
138.0,2.449489742783178,233.39999999999995,4.363484845854286,6.981450515479303,0.25777488739803645,56.336703199999995,3.1134799819656083,0.0010212,0.0009513965314210473,3094.0,115.69367960264726,472.8999999999999,91.5209812010339,540.1999999999999,118.0006779641541,115.5,4.341658669218475,138.7,1.6462077633154328,138.64999999999998,4.126439142893059,115.5,4.341658669218475,107.6,3.8522720568516444,101.3,5.1778373863998475,8.093,0.6973887007974818,63.725,11.93469207813926,5.775,3.6758502417808048,0.537576938,0.32331644154614786,10.529,0.45667165447397784,0.13945475499999999,0.005547664413379295,4.900499999999999,0.20631226332915817,1.8099999999999998,0.09022194854911969,4.008500000000001,1.0226547560149515,355.39,24.990936357007524,16.255,2.9217640219565983,731.25,29.79331300812315,8.049999999999999,1.3955285736952863,411.18,20.390885218646098,2.834,0.29345186998893025,56.336703199999995,3.1134799819656083,1863.681,206.05233621339994,117.15,1.2359207094308275,126.2,1.2884098726725126,5.272499999999999,0.5006982624295794,6.984999999999999,0.22705726150026567,24.590999999999998,0.774983225624916,754.15,29.793313008123135,0.43715,0.017344379493080753,0.43715,0.017344379493080753,106.21000000000001,68.11303032460089,202.54999999999998,3.0573681492420897,242.55,2.3553131426627756,202.99999999999997,2.449489742783164,223.59999999999997,1.0677078252031258,295.3,13.848429513847414,11.429891010448934,80,8.049999999999999
137.0,2.449489742783178,231.2,5.287721626560915,6.906087711960393,0.2849370950041731,57.1490132,3.523826988263834,0.0008312,0.0009649411173745267,3086.75,132.9884957430529,445.1,107.24499988344445,502.74999999999994,139.90706736973655,114.39999999999999,4.768647607026539,137.8,1.9390719429665317,135.45000000000002,6.240793218814416,114.39999999999999,4.768647607026539,106.7,4.786439177509728,102.05,6.606625462367305,8.302,0.7536550935275366,60.99999999999999,13.482395929507486,5.449999999999999,3.9143965052099667,0.7425269379999999,0.3381237672626159,10.618500000000001,0.5114125047356588,0.141243715,0.006591390655110276,4.917,0.2563610734881564,1.8254999999999997,0.09861414705811739,4.064500000000001,1.0774946635598712,359.41,27.763337335414132,16.787,2.801817445873303,723.765,36.93638145514528,8.5,1.6583123951777001,409.465,27.110586032028156,2.9685,0.4104421396494274,57.1490132,3.523826988263834,1828.5620000000001,237.11793415091995,116.89999999999999,1.4798648586948742,126.0,1.5811388300841898,5.1255,0.6586081915676422,6.913,0.2594436354971925,24.7035,0.930259506804418,746.665,36.93638145514527,0.4332,0.020003999600079984,0.4332,0.020003999600079984,123.81500000000001,92.60903992051747,201.1,3.6864617182333523,241.65,2.515452245621053,202.0,2.449489742783164,223.6,1.3190905958272798,297.045,18.80147534104705,12.840802738399296,80,8.5
137.25,2.48746859276655,231.59999999999997,5.40740233383831,6.931146206028323,0.2784190689540359,57.00659319999999,3.5160829311471824,0.0009112000000000001,0.0009918262751107173,3084.15,131.51996046228115,450.54999999999995,106.20709722047768,510.49999999999994,137.89144280918958,114.7,4.6701177715342395,138.04999999999998,1.8834808201837363,136.35000000000002,5.807538204781781,114.7,4.6701177715342395,107.10000000000001,4.624932431938871,102.10000000000001,6.602272336097625,8.2505,0.7461868063695577,61.65,13.198579469018625,5.5,3.8890872965260113,0.6922769379999999,0.3474907578006408,10.594,0.4978795034945707,0.140846035,0.006458209484700467,4.9035,0.24807811269839972,1.8215,0.09670961689511545,4.035,1.0594031338447136,357.4800000000001,27.70383727933732,16.5965,2.868123559053898,724.615,36.899773373287815,8.399999999999999,1.624807680927192,408.735,26.73914499381011,2.936,0.3907480006346802,57.00659319999999,3.5160829311471824,1832.7120000000002,236.0481361841267,117.0,1.4142135623730951,126.1,1.5132745950421556,5.135000000000001,0.663275960667956,6.9375,0.25175136543820387,24.655,0.8817737805128928,747.5149999999999,36.89977337328781,0.43344999999999995,0.02016798205076552,0.43344999999999995,0.02016798205076552,123.29,92.82366023810954,201.45000000000002,3.6121323342314025,241.85000000000002,2.535251466817444,202.25,2.4874685927665356,223.65,1.2757350822172968,297.435,18.594146256281846,12.840802738399296,80,8.399999999999999
137.5,2.5,231.99999999999997,5.495452665613635,6.956204700096253,0.26942411093876195,56.864173199999996,3.5025354818177883,0.0009912,0.0010116952900947993,3081.55,129.98284502194895,456.0,104.87611739571598,518.2499999999999,135.403055726228,115.0,4.549725266430923,138.3,1.7916472867168918,137.25,5.185315805233082,115.0,4.549725266430923,107.5,4.421538193886829,102.14999999999999,6.597537419370958,8.199,0.7350435361255819,62.3,12.875752405199473,5.55,3.862965182343739,0.642026938,0.34945936319672943,10.5695,0.4827263717676923,0.140448355,0.006297158880278872,4.89,0.23874672772626623,1.8175,0.0945978329561518,4.0055000000000005,1.040160925049581,355.55000000000007,27.509134846446923,16.406,2.9205314584849105,725.4649999999999,36.843524193540446,8.299999999999999,1.5842979517754858,408.005,26.34224885995879,2.9034999999999997,0.3671413215643263,56.864173199999996,3.5025354818177883,1836.862,234.9001606981145,117.1,1.3379088160259651,126.2,1.4352700094407325,5.144500000000001,0.6677759729130721,6.962,0.2413420808727729,24.6065,0.8276247640084239,748.365,36.84352419354044,0.4337,0.020327567488511757,0.4337,0.020327567488511757,122.76500000000001,93.03482291593832,201.79999999999998,3.5014282800023193,242.05,2.5391927851189244,202.5,2.499999999999986,223.70000000000002,1.2288205727444415,297.825,18.37620404218456,12.594513120355634,80,8.299999999999999
137.75,2.48746859276655,232.39999999999995,5.5533773507659285,6.981263194164183,0.25769297410513053,56.721753199999995,3.483116924721386,0.0010712,0.0010249562722379917,3078.95,128.37468597819432,461.45,103.24072597575048,525.9999999999999,132.41525591864405,115.3,4.405678154382131,138.54999999999998,1.6575584454250776,138.15,4.292726406376255,115.3,4.405678154382131,107.9,4.170131892398609,102.19999999999999,6.592419889539804,8.147499999999999,0.7200546854232669,62.95,12.51089525173958,5.6000000000000005,3.836013555763327,0.5917769379999999,0.3441565650904594,10.545,0.46579501929496864,0.14005067499999999,0.006106034016763668,4.876499999999999,0.2282383622443867,1.8134999999999997,0.09226456524581904,3.976,1.0197028979070326,353.62,27.17632425476264,16.215500000000002,2.9597795103689735,726.315,36.7675437716473,8.2,1.5362291495737217,407.275,25.918728267413126,2.871,0.3388052537963366,56.721753199999995,3.483116924721386,1841.0120000000002,233.67285549673932,117.19999999999999,1.2489995996796797,126.3,1.3453624047073711,5.154,0.672111597876424,6.9864999999999995,0.22784369642366678,24.558,0.7666133314781315,749.215,36.7675437716473,0.43394999999999995,0.02048285868720478,0.43394999999999995,0.02048285868720478,122.24000000000001,93.24255144514227,202.14999999999998,3.3507461855533016,242.25,2.5273503912200224,202.75,2.4874685927665356,223.75,1.177921898938967,298.21500000000003,18.147266323058144,12.047005919118835,80,8.2
137.0,2.449489742783178,230.6,6.118823416311343,6.930958884713202,0.2783093748843256,57.3916432,3.779590295638479,0.0009612,0.0010677543537724395,3069.1,141.76052870951068,439.09999999999997,114.23961659599527,496.29999999999995,147.5811979894458,114.5,4.695742752749552,137.89999999999998,1.841195263952197,135.85,5.729528776435284,114.5,4.695742752749552,107.39999999999999,4.923413450036469,103.0,7.6681158050723255,8.305000000000001,0.7561448273975031,60.875,13.604112429703013,5.325,4.028880117352712,0.7464769379999999,0.34335195743968555,10.61,0.5042023403357032,0.14144195499999998,0.006823295212979949,4.8795,0.2668609188322635,1.8249999999999997,0.09820896089461491,4.0025,1.057368786185785,355.71000000000004,29.814541753983075,16.557,2.9114774599848783,719.68,41.95612708532569,8.549999999999999,1.7168284713389395,404.83,30.85253150067269,2.973,0.41690646432983025,57.3916432,3.779590295638479,1810.0430000000001,257.7985419101513,117.05,1.4309088021254184,126.2,1.5684387141358123,5.0165,0.7799889422293113,6.939,0.2527429524239995,24.622,0.8768386396595438,742.5799999999999,41.95612708532569,0.43025,0.022400613830875264,0.43025,0.022400613830875264,139.32,110.10647392410675,201.05,3.747999466382032,241.54999999999998,2.6167728216259047,202.0,2.449489742783164,223.79999999999998,1.3638181696985732,300.35,21.698836374331233,12.982056797590989,80,8.549999999999999
137.25,2.48746859276655,231.0,6.260990336999411,6.956017378781132,0.26932818219885885,57.249223199999996,3.7815203381143627,0.0010412000000000002,0.0010825467010711362,3066.5,140.05651537861422,444.54999999999995,113.55416108624112,504.05,146.0145455083157,114.80000000000001,4.5891175622335,138.15,1.7684739183827394,136.75,5.185315805233082,114.80000000000001,4.5891175622335,107.79999999999998,4.707440918375927,103.05,7.6581655766900205,8.2535,0.7489077045938303,61.525,13.328986270530855,5.375,4.005855089740517,0.696226938,0.35314258656619657,10.5855,0.49004566113781706,0.141044275,0.006706494517247821,4.8660000000000005,0.2569513572643661,1.821,0.09627564593395362,3.9730000000000003,1.037164885637766,353.78000000000003,29.518207940184993,16.3665,2.9605781107749887,720.53,42.00664352218587,8.45,1.6874537030686203,404.1,30.41561441102251,2.9404999999999997,0.3979004272427965,57.249223199999996,3.7815203381143627,1814.1930000000002,257.11398991692386,117.15,1.3518505834595775,126.30000000000001,1.4866068747318506,5.026000000000001,0.7852540990023548,6.9635,0.24222458587022097,24.5735,0.8204162053494551,743.43,42.00664352218587,0.4305,0.022579858281220458,0.4305,0.022579858281220458,138.79500000000002,110.36083306590251,201.4,3.6796738985948196,241.75,2.6433879775772606,202.25,2.4874685927665356,223.85,1.3143439428094805,300.74,21.45945945265165,12.840802738399296,80,8.45
137.5,2.5,231.39999999999998,6.374950980203691,6.981075872849062,0.25761089855569846,57.106803199999995,3.7780844907784368,0.0011212000000000001,0.0010912906853813057,3063.8999999999996,138.2826362924861,449.99999999999994,112.60106571431727,511.79999999999995,144.0144437200658,115.10000000000001,4.459820624195545,138.39999999999998,1.6552945357246849,137.64999999999998,4.396305266925854,115.10000000000001,4.459820624195545,108.19999999999999,4.445222154178573,103.1,7.647875521999557,8.202,0.7380149049985372,62.175000000000004,13.015639630844118,5.425000000000001,3.982069185737485,0.6459769379999999,0.35563841358276194,10.561,0.4742035427957073,0.14064659499999999,0.006563572281271463,4.852499999999999,0.24590394466132479,1.8169999999999997,0.09413288479590966,3.9435000000000002,1.0157030816139134,351.85,29.091106888532106,16.176000000000002,2.9967922850941804,721.38,42.0399167458738,8.35,1.6515144564913744,403.37,29.954543895709715,2.9080000000000004,0.375134642495198,57.106803199999995,3.7780844907784368,1818.343,256.36043846701466,117.25,1.2599603168354152,126.4,1.3928388277184118,5.0355,0.7903700082872578,6.9879999999999995,0.2286175846255052,24.525,0.7567132878442134,744.28,42.039916745873796,0.43075,0.022754944517620786,0.43075,0.022754944517620786,138.26999999999998,110.61211552085965,201.75,3.575961409187745,241.95,2.654712790491657,202.5,2.499999999999986,223.89999999999998,1.26095202129184,301.13000000000005,21.210212163012425,12.376998866992711,80,8.35
137.0,2.449489742783178,230.0,6.797058187186572,6.95583005746601,0.2692320889481618,57.6342732,4.004436330965016,0.0010912,0.0011468597821878664,3051.4500000000003,147.92940884083868,433.1,120.53169707591444,489.84999999999997,154.60668646601283,114.6,4.619523784980432,138.0,1.7320508075688772,136.25,5.136876482844414,114.6,4.619523784980432,108.1,4.958830507286975,103.94999999999999,8.493968448257858,8.308000000000002,0.7586145266207336,60.74999999999999,13.723611040830326,5.199999999999999,4.136423575989287,0.7504269379999999,0.3484569505225339,10.6015,0.49674213632427067,0.14164019500000002,0.007041994473405607,4.8420000000000005,0.271838187162878,1.8244999999999998,0.09779953987621823,3.9405,1.0331383014872695,352.01000000000005,31.29905589630461,16.327,2.9995701358694715,715.5949999999999,46.07561692479006,8.6,1.772004514666935,400.195,33.55304866923422,2.9774999999999996,0.4232242313478755,57.6342732,4.004436330965016,1791.5240000000001,275.6979416027621,117.19999999999999,1.3638181696985856,126.4,1.5297058540778354,4.907500000000001,0.871343072503592,6.965000000000001,0.24309463177947813,24.5405,0.8118033936859338,738.495,46.07561692479006,0.4273,0.024207643421035437,0.4273,0.024207643421035437,154.82500000000002,123.24620430260723,200.99999999999997,3.8078865529319543,241.45,2.71062723368596,202.0,2.449489742783164,224.0,1.37840487520901,303.655,23.797846015973803,12.840802738399296,80,8.6
137.25,2.48746859276655,230.39999999999998,6.959885056522126,6.980888551533941,0.25752866059460466,57.491853199999994,4.014874135342298,0.0011712,0.00115164897429729,3048.85,145.98325246410974,438.54999999999995,120.15468155673335,497.59999999999997,153.4380656812383,114.9,4.504442251822076,138.25,1.6393596310755,137.15,4.44156503948777,114.9,4.504442251822076,108.5,4.685082710048992,104.0,8.47938677028003,8.2565,0.7516067788411703,61.4,13.456968455042167,5.25,4.115519408288582,0.7001769379999999,0.358661875777819,10.577,0.481934642871832,0.14124251499999999,0.0069402499577662985,4.8285,0.26017830424537686,1.8204999999999998,0.09583710137519812,3.911,1.0106428647153258,350.08000000000004,30.78581816356356,16.1365,3.0328390577147344,716.445,46.19684485979535,8.5,1.746424919657298,399.46500000000003,33.049521554782004,2.945,0.40487652438737415,57.491853199999994,4.014874135342298,1795.6740000000002,275.33720835368405,117.3,1.268857754044952,126.5,1.4317821063276353,4.917,0.8772405599378086,6.9895000000000005,0.22937905309770557,24.492,0.7452221145403559,739.3449999999999,46.196844859795355,0.42755,0.024403841910650054,0.42755,0.024403841910650054,154.3,123.53940666847967,201.35,3.7453304260105007,241.65,2.7436289836637897,202.25,2.4874685927665356,224.04999999999998,1.321930406640218,304.045,23.52506057377962,12.482034425844683,80,8.5
137.25,2.48746859276655,233.4,2.8,6.866620970667709,0.26722669722477893,56.9182129,2.4557941746706278,0.0007714,0.0008312326028254667,3139.15,86.344658201883,452.3,74.63718912177762,510.7,99.75474926037356,113.94999999999999,4.140953996363631,137.95,1.9868316486305526,136.54999999999998,6.484404367403378,113.94999999999999,4.140953996363631,105.6,3.8,99.85,2.8857408061016145,8.314499999999999,0.6598444892548544,60.099999999999994,10.653168542738824,4.999999999999999,2.966479394838265,0.608189761,0.3524916753610912,10.6845,0.4201365849339952,0.14104582,0.004946373545598835,5.0015,0.17703883754701952,1.8379999999999999,0.08016233529532432,4.362,0.8943410982393686,365.20500000000004,22.51851404955488,16.23,2.400449957820408,729.34,17.552418636757725,8.45,1.2439855304624727,419.637,10.868729962603723,2.8755,0.360339770216944,56.9182129,2.4557941746706278,1834.8500000000001,147.94394208618343,116.55,1.2439855304624727,125.55,1.2439855304624727,5.39,0.12161414391426678,6.8765,0.2421007021881598,24.929999999999996,0.8050403716584651,752.24,17.552418636757704,0.4382,0.01275774274705366,0.4382,0.01275774274705366,91.385,7.948161737156584,201.5,3.122498999199199,241.95,2.178875856950093,202.25,2.4874685927665356,223.1,0.8888194417315518,289.905,5.879836307245306,11.099898062575058,80,8.45
137.5,2.5,233.79999999999998,2.7129319932501073,6.891679464735638,0.2640380498386647,56.7757929,2.431186213843397,0.0008514,0.0008678269643195008,3136.55,85.67053168972397,457.74999999999994,72.5995006869882,518.45,96.26966032972175,114.24999999999999,4.060480267160515,138.2,1.9131126469708992,137.45,5.903177110675234,114.24999999999999,4.060480267160515,106.0,3.714835124201342,99.9,2.913760456866693,8.263,0.6522890463590506,60.75,10.348309040611417,5.05,2.940663190506523,0.557939761,0.3423034321758532,10.659999999999998,0.4075414089390183,0.14064814,0.004750921222815633,4.9879999999999995,0.17159836829061037,1.8339999999999999,0.07844743462982075,4.3325,0.8824617555452474,363.27500000000003,22.93800067573459,16.0395,2.4343160743831107,730.19,17.20194465750893,8.35,1.1947803145348521,418.907,10.629130303086885,2.843,0.3286654834326234,56.7757929,2.431186213843397,1839.0,146.04460791141864,116.64999999999999,1.194780314534852,125.64999999999999,1.194780314534852,5.3995,0.12623291963667793,6.901,0.23763206854294736,24.881499999999996,0.7630221163242908,753.0899999999999,17.201944657508903,0.43844999999999995,0.012916946233533694,0.43844999999999995,0.012916946233533694,90.86,8.301770895417432,201.85000000000002,2.987892233665732,242.15,2.17428149051589,202.49999999999997,2.499999999999986,223.15,0.8529361054615934,290.295,5.691087330203263,10.84155146645977,80,8.35
137.75,2.48746859276655,234.20000000000002,2.5612496949731396,6.9167379588035685,0.25839160119021237,56.6333729,2.3978825808655,0.0009314000000000001,0.0008958234424260173,3133.9500000000003,84.91148332233985,463.2,70.08038241904792,526.1999999999999,92.00304342792145,114.55,3.955692101263688,138.45,1.8020821290940099,138.35,5.101715397785338,114.55,3.955692101263688,106.39999999999999,3.5832945734337835,99.94999999999999,2.9406631905065224,8.211500000000001,0.6405175641619827,61.4,9.991996797437437,5.1,2.913760456866693,0.507689761,0.3241030286187849,10.6355,0.393020037657115,0.14025046000000002,0.004512160780978442,4.974500000000001,0.16487798518904806,1.83,0.07648529270389176,4.303,0.8694199215568966,361.345,23.18987871895842,15.849,2.452967386656414,731.04,16.801232097676646,8.25,1.1346805717910218,418.177,10.33255684717001,2.8104999999999998,0.28997370570450015,56.6333729,2.3978825808655,1843.15,144.00069444276994,116.75,1.1346805717910218,125.75000000000001,1.1346805717910218,5.409000000000001,0.12999615378925636,6.9255,0.23048806910553965,24.833,0.7152698791365394,753.94,16.80123209767662,0.4387,0.0130694299799188,0.4387,0.0130694299799188,90.33500000000001,8.608964804202648,202.2,2.803569153775237,242.35,2.1511624764298953,202.75,2.4874685927665356,223.20000000000002,0.8124038404635918,290.685,5.468114391634478,10.382361437465825,80,8.25
137.0,2.449489742783178,232.4,4.431703961232068,6.866433649352588,0.2670671525984487,57.3032629,2.8322165032984663,0.0008214,0.0009280666139884573,3124.1,109.13041510046592,440.85,85.91581635531377,496.5,112.7956116167646,113.75,4.133702940463905,137.79999999999998,1.9390719429665317,136.04999999999998,6.430202174115523,113.75,4.133702940463905,105.89999999999999,4.264973622427224,100.75,5.252380412727167,8.369,0.6658671038578191,59.324999999999996,11.043408667617078,4.824999999999999,3.1195953263203866,0.662389761,0.36125637863776044,10.7005,0.4242107377235991,0.14164174,0.005392345251687805,4.9775,0.21381943316733387,1.8415,0.08125730736370729,4.3295,0.9037669777105158,363.43500000000006,25.609261508290324,16.190499999999997,2.446175535402151,724.4050000000001,27.448979489226918,8.6,1.3564659966250536,415.73199999999997,20.98024632839186,2.9125,0.39426989486898445,57.3032629,2.8322165032984663,1812.181,180.90248273310127,116.6,1.2806248474865698,125.65,1.3518505834595773,5.2715,0.49363220113764866,6.878,0.24350770008359088,24.897,0.8109013503503367,747.305,27.44897948922691,0.43499999999999994,0.01697645428232881,0.43499999999999994,0.01697645428232881,107.41500000000002,67.77352930901563,201.1,3.2848135411313684,241.65,2.286372673034735,202.0,2.449489742783164,223.25,1.0897247358851583,292.82,14.267781887875921,12.223687829729394,80,8.6
137.25,2.48746859276655,232.79999999999998,4.467661580737735,6.891492143420518,0.26389436528677934,57.1608429,2.830347918824149,0.0009014,0.0009568090927661588,3121.5,108.23690451966927,446.29999999999995,84.88998763105106,504.24999999999994,110.723924695614,114.05,4.067861846228302,138.04999999999998,1.8834808201837363,136.95,5.920092904676412,114.05,4.067861846228302,106.3,4.160528812542944,100.8,5.259277516921883,8.3175,0.6626301758899905,59.975,10.796382496003002,4.875,3.097882341213107,0.612139761,0.35899098816957636,10.675999999999998,0.41269116782407655,0.14124405999999998,0.005258897171213753,4.964,0.2077835412153714,1.8375,0.0797417707352928,4.3,0.8909377082602352,361.505,25.847059310490245,16.0,2.4763804231175786,725.255,27.37983701558503,8.5,1.3228756555322951,415.002,20.720003764478424,2.88,0.368822450509727,57.1608429,2.830347918824149,1816.3310000000001,179.87628653883203,116.69999999999999,1.2288205727444508,125.75,1.299038105676658,5.281,0.4970603585078979,6.9025,0.2389115945281853,24.848499999999998,0.7671197755240049,748.155,27.37983701558502,0.43524999999999997,0.017143147318972683,0.43524999999999997,0.017143147318972683,106.89000000000001,67.93989181622239,201.45000000000002,3.201171660501823,241.85,2.308137777516758,202.25,2.4874685927665356,223.3,1.053565375285265,293.21,14.11070161260595,12.03494894104721,80,8.5
137.5,2.5,233.2,4.467661580737736,6.916550637488447,0.25826295091103607,57.0184229,2.82129783057872,0.0009814000000000001,0.0009781920261380177,3118.9,107.27295791577671,451.75,83.49663166858889,512.0,108.05831758823567,114.35,3.9783790669065127,138.29999999999998,1.7916472867168918,137.85,5.208406666150408,114.35,3.9783790669065127,106.69999999999999,4.013726448077896,100.85,5.265690837867335,8.266,0.655342658461968,60.62499999999999,10.503422061404558,4.925,3.0752032453156652,0.561889761,0.34956081454801097,10.651499999999999,0.3993403936493279,0.14084638,0.005091003126752134,4.9505,0.20066078341320195,1.8335000000000001,0.07799198676787249,4.2705,0.8769291590544815,359.575,25.939484863813323,15.809499999999998,2.4916991692417443,726.105,27.28405166026483,8.4,1.2806248474865698,414.272,20.430383647890707,2.8474999999999997,0.3383766392645923,57.0184229,2.82129783057872,1820.481,178.74787735522904,116.8,1.1661903789690602,125.85000000000001,1.2359207094308275,5.2905,0.5002846689635811,6.927,0.23164844053004116,24.799999999999997,0.7174120155113098,749.005,27.284051660264822,0.43549999999999994,0.017304623659588795,0.43549999999999994,0.017304623659588795,106.36500000000001,68.10180082053631,201.79999999999998,3.0757112998459397,242.05,2.3124662159694354,202.49999999999997,2.499999999999986,223.35,1.0136567466356572,293.59999999999997,13.940946883192696,11.63534828574023,80,8.4
137.75,2.48746859276655,233.6,4.431703961232068,6.941609131556378,0.25000682259997503,56.876002899999996,2.804996727852671,0.0010614,0.0009926911100639514,3116.3,106.23665798583839,457.19999999999993,81.71695050599968,519.75,104.75346056336278,114.64999999999999,3.863612299390292,138.54999999999998,1.6575584454250776,138.74999999999997,4.193745342769397,114.64999999999999,3.863612299390292,107.1,3.8196858509568554,100.89999999999999,5.271622141238881,8.214500000000001,0.6438670281975928,61.275000000000006,10.16055485689635,4.975,3.0515364982251154,0.511639761,0.3323565428090275,10.627,0.38396744653681264,0.14044869999999998,0.004885112839126646,4.937,0.19233044480788766,1.8295,0.07599177587081381,4.2410000000000005,0.8616838167216557,357.64500000000004,25.888095237000357,15.619,2.492406267043958,726.955,27.161341553759826,8.3,1.2288205727444508,413.54200000000003,20.11011675749298,2.815,0.3014216316059616,56.876002899999996,2.804996727852671,1824.631,177.51530598514597,116.89999999999999,1.0908712114635712,125.95000000000002,1.16081867662439,5.3,0.5033090501868608,6.9515,0.22145597756664867,24.7515,0.6604413297182421,749.855,27.16134155375981,0.43574999999999997,0.01746102803388163,0.43574999999999997,0.01746102803388163,105.84000000000002,68.25928801269465,202.15,2.903015673398957,242.25,2.299456457513384,202.75,2.4874685927665356,223.4,0.96953597148326,293.99,13.758048553483162,10.958644003383364,80,8.3
136.75,2.384848003542364,231.4,5.4258639865002145,6.866246328037469,0.2669073811378628,57.6883129,3.116961438607509,0.0008714,0.0010132460905426677,3109.05,126.13679082646743,429.4,94.49941798762573,482.3,122.84710008787346,113.55,4.11673414249693,137.65,1.8781639970992947,135.55,6.336205489092032,113.55,4.11673414249693,106.2,4.664761515876241,101.65,6.725139403759598,8.423499999999999,0.6673999925082408,58.55,11.367607487945737,4.6499999999999995,3.2561480310329873,0.7165897609999999,0.36178264332893156,10.716500000000002,0.42764792762271187,0.14223766000000002,0.005742640688864317,4.9535,0.24278128016797326,1.845,0.08218880702382775,4.297,0.9119380461412935,361.6650000000001,28.25454432476306,16.151,2.490435504083573,719.47,33.91308154680137,8.75,1.444818327679989,411.827,27.05021498990351,2.9495,0.4222733119674982,57.6883129,3.116961438607509,1789.5120000000002,206.2431559979628,116.65,1.3143439428094916,125.75,1.4448183276799889,5.1530000000000005,0.6666865830358369,6.8795,0.2448974275079264,24.863999999999997,0.8153857982574872,742.3699999999999,33.91308154680138,0.43179999999999996,0.019828262657126575,0.43179999999999996,0.019828262657126575,123.44500000000001,92.78689279742049,200.70000000000002,3.3926390907374744,241.35000000000002,2.3510635891017495,201.75,2.3848480035423507,223.4,1.2409673645990733,295.735,18.856624167649954,12.68749170113598,80,8.75
137.0,2.449489742783178,231.79999999999998,5.528109984434102,6.891304822105398,0.26375046941961805,57.5458929,3.1328174654457914,0.0009514000000000001,0.0010357816565280543,3106.4500000000003,125.05202917186111,434.84999999999997,94.23230603142429,490.04999999999995,121.85420591838428,113.85,4.0654028090707,137.89999999999998,1.841195263952197,136.45,5.894701010229442,113.85,4.0654028090707,106.60000000000001,4.5431266766402185,101.7,6.723838189605696,8.372,0.6683831236648632,59.2,11.172958426486693,4.7,3.2380549717384355,0.6663397609999999,0.36701790078219476,10.692,0.41716423624275384,0.14183998,0.005659549907598662,4.94,0.23611437906235175,1.841,0.08086408349817611,4.267499999999999,0.8981585327769258,359.73500000000007,28.350013668427046,15.9605,2.517122315264,720.32,33.98081223278808,8.649999999999999,1.4239030865898141,411.097,26.74248774889876,2.917,0.4016229575111463,57.5458929,3.1328174654457914,1793.662,205.8012689368071,116.75,1.2599603168354152,125.85,1.3883443376914821,5.1625000000000005,0.6709088984355477,6.904,0.24017493624439673,24.8155,0.7697822744127066,743.2199999999999,33.98081223278809,0.43205,0.020011184372745162,0.43205,0.020011184372745162,122.92,92.99901397326748,201.05,3.3537292675468007,241.55,2.3973944189473704,202.0,2.449489742783164,223.45000000000002,1.2031209415515853,296.125,18.677282323721514,12.582456142284009,80,8.649999999999999
137.25,2.48746859276655,232.2,5.6,6.916363316173327,0.25813410058022257,57.403472900000004,3.142144971359245,0.0010314,0.0010517697656806835,3103.8500000000004,123.90322836794851,440.3,93.64779762493083,497.79999999999995,120.35514114486344,114.14999999999999,3.9909272105614675,138.15,1.7684739183827394,137.35,5.265690837867335,114.14999999999999,3.9909272105614675,107.0,4.381780460041329,101.74999999999999,6.722164829874377,8.3205,0.665390674716741,59.85,10.936292790520927,4.749999999999999,3.2190837205639746,0.616089761,0.36533200376516284,10.667499999999999,0.40493054960079283,0.14144230000000002,0.005546781901877883,4.9265,0.22845732643099873,1.837,0.0793158243984137,4.2379999999999995,0.8831794834573548,357.805,28.31390956756061,15.77,2.529221224013431,721.17,34.02718178162864,8.549999999999999,1.3955285736952863,410.367,26.411008519176246,2.8844999999999996,0.37706067151056744,57.403472900000004,3.142144971359245,1797.8120000000001,205.27454833953482,116.85,1.1947803145348521,125.95,1.3219304066402284,5.172000000000001,0.6749711104928862,6.9285,0.23279336330746206,24.767,0.7180327290590587,744.07,34.02718178162864,0.43229999999999996,0.020189353630069493,0.43229999999999996,0.020189353630069493,122.39500000000001,93.20769536363402,201.39999999999998,3.277193921634788,241.75,2.426417111710186,202.25,2.4874685927665356,223.50000000000003,1.1618950038622153,296.515,18.487976498254216,12.252463194410133,80,8.549999999999999
137.5,2.5,232.59999999999997,5.642694391866354,6.941421810241257,0.24989249967885618,57.261052899999996,3.14500204411288,0.0011114,0.0010615063070938391,3101.25,122.68858952649182,445.74999999999994,92.73989163245771,505.54999999999995,118.3306701578251,114.44999999999999,3.8919789310837665,138.39999999999998,1.6552945357246849,138.24999999999997,4.368924352744048,114.44999999999999,3.8919789310837665,107.39999999999999,4.17612260356422,101.8,6.7201190465645775,8.269,0.6583684378826188,60.5,10.654811119865053,4.8,3.1992186546092785,0.5658397609999999,0.3566268097823955,10.642999999999999,0.3907825482285514,0.14104461999999998,0.005402478598995097,4.912999999999999,0.21970662256745904,1.833,0.07753063910480809,4.2085,0.8669387233247804,355.875,28.14572569680875,15.5795,2.526941778118364,722.0200000000001,34.052277456875046,8.45,1.3592277219068187,409.637,26.054870773043575,2.852,0.34775853691893754,57.261052899999996,3.14500204411288,1801.962,204.66233922243737,116.95,1.1169153951844337,126.05,1.243985530462473,5.1815,0.6788760932600292,6.952999999999999,0.22248820193439472,24.7185,0.6586901775493541,744.92,34.052277456875046,0.43255,0.020362895177258075,0.43255,0.020362895177258075,121.87,93.41296002161585,201.75,3.1603006186120965,241.95000000000002,2.4387496796514396,202.49999999999997,2.499999999999986,223.54999999999998,1.1169153951844255,296.90500000000003,18.288397278055836,11.63534828574023,80,8.45
136.5,2.29128784747792,230.40000000000003,6.102458520956943,6.866059006722347,0.266747382435426,58.0733629,3.3336046395720347,0.0009214000000000001,0.0010895079806958734,3094.0,139.49382602825114,417.95,101.07693851715138,468.1,130.60126339358285,113.35,4.089926649709007,137.5,1.8027756377319946,135.04999999999998,6.200604809210146,113.35,4.089926649709007,106.49999999999999,5.014977567247933,102.55,7.826078200478194,8.478,0.6644742282436542,57.77499999999999,11.631288621644636,4.475,3.3781466812440217,0.7707897609999999,0.3541072025837217,10.7325,0.4304634130794396,0.14283358,0.006014001625922632,4.9295,0.2664859283339365,1.8484999999999998,0.08296234085414898,4.2645,0.9188877787847655,359.89500000000004,30.570222030597034,16.1115,2.5333066829738558,714.5350000000001,38.70451233383519,8.9,1.5132745950421556,407.92199999999997,31.50808588283332,2.9865,0.4454691347332608,58.0733629,3.3336046395720347,1766.843,226.5369802283945,116.69999999999999,1.3453624047073711,125.85000000000001,1.5256146302392357,5.0345,0.7856110678955586,6.881,0.246270176838366,24.830999999999996,0.8185163407043256,737.435,38.70451233383519,0.4286,0.02185497654997598,0.4286,0.02185497654997598,139.475,110.05290489123854,200.3,3.451086785347479,241.04999999999998,2.376446927663229,201.5,2.291287847477907,223.54999999999998,1.3592277219068045,298.65000000000003,22.14905189844478,12.82874576032767,80,8.9
136.75,2.384848003542364,230.8,6.257795138864806,6.891117500790277,0.2636063618911263,57.93094289999999,3.3647725327296927,0.0010014000000000002,0.00110688917241068,3091.4,138.2309209258189,423.3999999999999,101.44427041484403,475.85,130.51370617678435,113.65,4.053085244600703,137.74999999999997,1.7853571071357126,135.95,5.826448317800476,113.65,4.053085244600703,106.89999999999999,4.87749935930288,102.60000000000001,7.819207120929845,8.4265,0.6696661481663828,58.425,11.485071832600788,4.525,3.3633130987167994,0.720539761,0.36695295257317245,10.708,0.420982184896226,0.1424359,0.005974509985178705,4.916,0.259179474495956,1.8445,0.08182145195485105,4.234999999999999,0.9041543009907104,357.96500000000003,30.54685376597728,15.921,2.5566049753530558,715.385,38.87193428426222,8.8,1.5033296378372907,407.192,31.152924357112937,2.9539999999999997,0.4287586733816589,57.93094289999999,3.3647725327296927,1770.9930000000002,226.55038956267546,116.8,1.2884098726725126,125.95,1.4654350889752845,5.0440000000000005,0.7906225395218631,6.9055,0.24142234776424495,24.7825,0.7710244808045977,738.285,38.87193428426222,0.42884999999999995,0.02205736838337702,0.42884999999999995,0.02205736838337702,138.95,110.30812526736187,200.65000000000003,3.453621287865825,241.25,2.446936860648431,201.75,2.3848480035423507,223.6,1.319090595827279,299.04,21.944826269533333,12.82874576032767,80,8.8
137.0,2.449489742783178,231.20000000000002,6.384355879804947,6.916175994858206,0.25800504989804857,57.7885229,3.389675734970558,0.0010814000000000002,0.0011182931815941649,3088.8,136.90700310794915,428.84999999999997,101.51811414718064,483.6,129.96476445560157,113.95,3.9934321078490784,138.0,1.7320508075688772,136.85,5.27517772212463,113.95,3.9934321078490784,107.29999999999998,4.702127178203499,102.64999999999999,7.8120099846326365,8.375,0.6708762926203309,59.074999999999996,11.299640481006465,4.575,3.3476670981446164,0.6702897609999999,0.37264849775984465,10.683499999999999,0.4098203874870065,0.14203822000000002,0.005908047461268405,4.902500000000001,0.25093574874855895,1.8405,0.08046583125774566,4.2055,0.888197472412526,356.035,30.401188710311974,15.7305,2.565586628823903,716.235,39.020126537467824,8.700000000000001,1.4866068747318506,406.462,30.776356444517603,2.9214999999999995,0.40879426365838356,57.7885229,3.389675734970558,1775.143,226.4877692304819,116.89999999999999,1.2206555615733703,126.05000000000001,1.3955285736952863,5.0535000000000005,0.7954890005524904,6.93,0.23392306427541518,24.733999999999998,0.7171359703710305,739.135,39.020126537467824,0.4291,0.022255111772354685,0.4291,0.022255111772354685,138.425,110.56026354436752,201.0,3.420526275297414,241.45,2.4994999499899975,202.0,2.449489742783164,223.65,1.275735082217296,299.43,21.731684242138257,12.582456142284009,80,8.700000000000001
137.25,2.48746859276655,231.6,6.483826030978931,6.941234488926137,0.24977798395056494,57.646102899999995,3.408451564374092,0.0011614000000000001,0.0011239019708141808,3086.2,135.52028445955978,434.29999999999995,101.29911154595582,491.34999999999997,128.94854593984377,114.25,3.9099232729044617,138.24999999999997,1.6393596310755,137.74999999999997,4.481908075808784,114.25,3.9099232729044617,107.69999999999999,4.484417464955732,102.69999999999999,7.804485889538144,8.3235,0.668126297940741,59.725,11.073024654537711,4.625,3.3311972322274768,0.6200397609999999,0.371522827512885,10.658999999999999,0.39683623826460224,0.14164053999999998,0.005813689128376235,4.888999999999999,0.24165885044831256,1.8364999999999998,0.07888440910598239,4.176,0.8709500559733606,354.105,30.131453250714614,15.54,2.5604023121376844,717.085,39.14930746513915,8.6,1.4628738838327793,405.73199999999997,30.37758607921308,2.889,0.3850701234840221,57.646102899999995,3.408451564374092,1779.2930000000001,226.3490561301284,116.99999999999999,1.140175425099138,126.15,1.3143439428094916,5.063,0.8002130966186444,6.9544999999999995,0.22350559277118773,24.685499999999998,0.6552745607758625,739.985,39.14930746513916,0.42934999999999995,0.02244832955923447,0.42934999999999995,0.02244832955923447,137.89999999999998,110.809340761508,201.35,3.350746185553301,241.64999999999998,2.535251466817444,202.25,2.4874685927665356,223.7,1.2288205727444408,299.82000000000005,21.50936075293732,12.03494894104721,80,8.6
136.5,2.29128784747792,229.8,6.764613810115105,6.890930179475156,0.26346204235398274,58.3159929,3.5401011450553486,0.0010513999999999999,0.0011715646119612865,3076.35,148.74326875526165,411.95,106.95769023310105,461.65,137.1711613277368,113.44999999999999,4.03081877538546,137.6,1.7146428199482247,135.45,5.713799086422273,113.44999999999999,4.03081877538546,107.2,5.173006862551025,103.5,8.686195945291587,8.481000000000002,0.6665050637467055,57.65,11.737866075228496,4.35,3.475269773701029,0.774739761,0.35879174922198104,10.723999999999998,0.4241627046311359,0.14303182,0.006216815316269261,4.892,0.2782912143780322,1.8479999999999999,0.08261961026293937,4.2025,0.908949256009377,356.19500000000005,32.49971499875038,15.8815,2.5948858838106923,710.45,42.64563869846482,8.95,1.5644487847162014,403.287,34.57384402984431,2.9909999999999997,0.4512527008229425,58.3159929,3.5401011450553486,1748.324,243.4506697546754,116.85,1.3143439428094916,126.05000000000001,1.5321553446044562,4.9255,0.8786152457133897,6.907000000000001,0.24265407476488016,24.749499999999998,0.7708532610036747,733.3499999999999,42.64563869846483,0.42565,0.02349739347246839,0.42565,0.02349739347246839,154.98,123.17883990361332,200.25,3.5053530492662217,240.95,2.4591665254715878,201.5,2.291287847477907,223.75,1.409787217987154,301.955,24.44003835921704,12.82874576032767,80,8.95
136.75,2.384848003542364,230.20000000000002,6.939740629158989,6.915988673543086,0.25787579856372406,58.173572899999996,3.5791341341808067,0.0011314,0.0011789570136353574,3073.75,147.24822579576298,417.4,107.60920035015593,469.40000000000003,137.45195524255013,113.75,3.985912693474349,137.85,1.6815171720800237,136.35,5.237127075028828,113.75,3.985912693474349,107.6,4.983974317750845,103.55,8.674531687647466,8.4295,0.671911266463065,58.3,11.6,4.3999999999999995,3.462657938636157,0.7244897610000001,0.3720094794360339,10.6995,0.4140347207662664,0.14263414000000002,0.006191366476748091,4.878500000000001,0.26943041773341014,1.844,0.08144937077718893,4.173,0.8920039237581862,354.26500000000004,32.257112006501764,15.690999999999999,2.600843901505817,711.3,42.878701006443755,8.85,1.5580436450882884,402.557,34.15155649454356,2.9584999999999995,0.4351008503783922,58.173572899999996,3.5791341341808067,1752.4740000000002,243.7786124827197,116.95,1.2439855304624727,126.15000000000002,1.4585952145814822,4.9350000000000005,0.8842708860976936,6.931500000000001,0.23503776292332268,24.700999999999997,0.7147160275242185,734.2,42.878701006443755,0.42589999999999995,0.023716871631815187,0.42589999999999995,0.023716871631815187,154.455,123.47286128943477,200.6,3.5128336140500593,241.15,2.5352514668174435,201.75,2.3848480035423507,223.8,1.3638181696985727,302.34499999999997,24.2019105650773,12.68749170113598,80,8.85
137.0,2.449489742783178,230.6,7.08801805866774,6.941047167611016,0.24966327514979056,58.031152899999995,3.612135001753699,0.0012114,0.0011808961173617263,3071.1499999999996,145.69145479402695,422.84999999999997,107.98207027094823,477.15,137.29540232651638,114.05,3.9175885439897766,138.1,1.6093476939431082,137.25,4.537345038676252,114.05,3.9175885439897766,108.0,4.7539457296018846,103.6,8.662563131083086,8.378,0.6733468645505077,58.95,11.423550236244422,4.45,3.449275286201436,0.6742397609999999,0.3781540179222865,10.675,0.40216290231695934,0.14223645999999998,0.00614010962910273,4.865,0.259566947048348,1.8399999999999999,0.08006247560499237,4.1434999999999995,0.8737349426456517,352.33500000000004,31.896101250779854,15.5005,2.5928294872590447,712.1500000000001,43.093740844814114,8.75,1.5451537140362444,401.827,33.70817602600295,2.926,0.4157932178379056,58.031152899999995,3.612135001753699,1756.624,244.03555110680085,117.05,1.16081867662439,126.25000000000001,1.3738631664034087,4.9445,0.8897891604194782,6.956,0.2245083517377472,24.652499999999996,0.6501682474559948,735.0500000000001,43.09374084481412,0.42615,0.023931725804880854,0.42615,0.023931725804880854,153.92999999999998,123.76395719271423,200.95,3.485326383568689,241.35,2.5937424698685874,202.0,2.449489742783164,223.85,1.3143439428094803,302.735,23.9550678354289,12.223687829729394,80,8.75
137.25,2.48746859276655,233.20000000000002,2.6758176320519302,6.87543336526168,0.2773575452045711,56.7257679,2.6735108797052223,0.0007014,0.0007823321800872057,3129.65,96.25564918486603,458.3,81.30873261833565,518.75,108.54854904603746,114.25,4.481908075808777,137.95000000000002,1.9868316486305528,136.4,6.390618123468183,114.25,4.481908075808777,105.7,3.9127995093027703,99.89999999999999,2.930870177950569,8.2785,0.7014433334204551,61.15,11.76552166289281,5.3999999999999995,3.32264954516723,0.633939761,0.3366055495789826,10.641,0.46512256449241446,0.140648425,0.005375118662585506,4.9875,0.1925324647949014,1.8294999999999997,0.08907721369688211,4.2565,1.000596197274405,365.30500000000006,22.410543835436044,16.59,2.5445942702128366,731.205,19.512520980129654,8.35,1.3518505834595773,418.736,11.874695111875502,2.876,0.36033872953097906,56.7257679,2.6735108797052223,1853.3000000000002,165.77251732419342,116.64999999999999,1.3518505834595775,125.64999999999999,1.3518505834595775,5.3715,0.12398689446873004,6.8835,0.25006549142174744,24.842499999999998,0.8739615266131568,754.1049999999999,19.512520980129633,0.4382,0.01275774274705366,0.4382,0.01275774274705366,92.06,7.549860925871414,201.6,3.2310988842807022,242.0,2.23606797749979,202.25,2.4874685927665356,223.20000000000002,0.9797958971132642,290.46,6.470115918590651,11.28863695125724,80,8.35
137.5,2.5,233.6,2.615339366124404,6.900491859329609,0.2734804220772169,56.5833479,2.6405654258393585,0.0007814,0.0008279007428430053,3127.05,95.39281943626575,463.75,79.02966215289042,526.5,104.76091828539877,114.55,4.387197283004257,138.2,1.9131126469708992,137.29999999999998,5.823229344616267,114.55,4.387197283004257,106.10000000000001,3.819685850956856,99.95,2.9576172842340505,8.227,0.6916653815249103,61.800000000000004,11.430660523346848,5.45,3.293554311074891,0.583689761,0.3298672907213883,10.616499999999998,0.45142302776885473,0.14025074499999998,0.005165314101047002,4.974,0.1865314986805176,1.8255,0.08714786285388758,4.226999999999999,0.986843959296504,363.375,22.840465735181507,16.3995,2.6030472047198834,732.055,19.115111168915547,8.25,1.299038105676658,418.006,11.59922600866109,2.8435,0.32871378127483497,56.5833479,2.6405654258393585,1857.45,163.6123772824049,116.74999999999999,1.299038105676658,125.74999999999999,1.299038105676658,5.381,0.12988071450373223,6.908,0.24504285339507464,24.793999999999997,0.8303216244323639,754.9549999999999,19.115111168915522,0.43845,0.012916946233533693,0.43845,0.012916946233533693,91.53500000000001,7.965881934851907,201.95000000000002,3.089902911096075,242.2,2.227105745132009,202.5,2.499999999999986,223.25,0.9420721840708329,290.84999999999997,6.264622893678449,11.099898062575058,80,8.25
137.75,2.48746859276655,234.0,2.4899799195977463,6.925550353397538,0.2672078187240313,56.4409279,2.599412279645957,0.0008614,0.0008637103912770761,3124.4500000000003,94.4505690824571,469.2,76.29456074976774,534.25,100.23366450449669,114.85,4.269367634673774,138.45000000000002,1.8020821290940099,138.2,5.035871324805669,114.85,4.269367634673774,106.49999999999999,3.681032463861192,99.99999999999999,2.9832867780352594,8.1755,0.6778456682756036,62.449999999999996,11.047511031902165,5.499999999999999,3.263433774416144,0.533439761,0.31507370243860233,10.591999999999999,0.4359197173792442,0.139853065,0.004914543735004807,4.9605,0.17931745592663292,1.8215,0.0849867636752924,4.1975,0.9720024434125668,361.445,23.10176346082698,16.209,2.646539060735737,732.905,18.670604569750815,8.15,1.2359207094308275,417.276,11.269867079961495,2.811,0.2900844704564518,56.4409279,2.599412279645957,1861.6,161.3166063987214,116.85,1.2359207094308275,125.85,1.2359207094308275,5.3905,0.13485084352720972,6.9325,0.23739997893849957,24.745499999999996,0.7812520399973364,755.8050000000001,18.670604569750786,0.4387,0.0130694299799188,0.4387,0.0130694299799188,91.01,8.32819908503633,202.29999999999998,2.9,242.4,2.2,202.74999999999997,2.4874685927665356,223.3,0.8999999999999959,291.23999999999995,6.026972706093842,10.700297407268076,80,8.15
138.0,2.4494897427831783,234.4,2.2891046284519194,6.950608847465468,0.2583653213282927,56.2985079,2.5496540389257114,0.0009414000000000001,0.000890938628638359,3121.8500000000004,93.42649517133778,474.65,73.0522244698955,542.0,94.86095087020792,115.14999999999999,4.126439142893052,138.70000000000002,1.6462077633154328,139.1,3.8974350539810154,115.14999999999999,4.126439142893052,106.9,3.4914180500192185,100.05,3.007906248539007,8.124,0.6597302479043988,63.10000000000001,10.610843510296437,5.550000000000001,3.2322592717787972,0.48318976100000005,0.2909988341022502,10.5675,0.41841217716505347,0.139455385,0.004616136016115101,4.947,0.17073663930158614,1.8175,0.08257572282456872,4.168,0.9560209202731915,359.51500000000004,23.200135236674818,16.018500000000003,2.6757994599745323,733.755,18.175546071576505,8.05,1.16081867662439,416.546,10.88172614983486,2.7785,0.24110734124036962,56.2985079,2.5496540389257114,1865.75,158.87932527550586,116.94999999999999,1.16081867662439,125.95,1.16081867662439,5.3999999999999995,0.13899640283115242,6.957,0.2268722107266556,24.697,0.7256521205095453,756.655,18.175546071576473,0.43895,0.013215426591676876,0.43895,0.013215426591676876,90.48500000000001,8.643568418193956,202.65,2.6509432283623124,242.6,2.1540659228538015,203.0,2.449489742783164,223.35,0.8529361054615967,291.63,5.75318172840039,10.023593124911208,80,8.05
137.0,2.449489742783178,232.20000000000002,4.308131845707604,6.875246043946559,0.2772097863856443,57.1108179,3.0473574801148935,0.0007514,0.000888483899685301,3114.6000000000004,115.90188738756586,446.84999999999997,92.51663363957856,504.55,121.58637876012264,114.05,4.48859666265526,137.8,1.9390719429665317,135.9,6.323764701504951,114.05,4.48859666265526,106.0,4.358898943540674,100.8,5.268775948927796,8.333,0.7098809759389244,60.375,12.186955116024675,5.225,3.480211918834829,0.6881397610000001,0.34171301689424843,10.657000000000002,0.47028820950561817,0.141244345,0.005828919964665413,4.963500000000001,0.2253280941205511,1.833,0.09039358384310248,4.224,1.0056261730881908,363.535,25.521310213231615,16.5505,2.5932633398866374,726.27,29.060369921940083,8.5,1.466287829861518,414.831,21.354461337153886,2.9130000000000003,0.39422201866460993,57.1108179,3.0473574801148935,1830.631,197.87701195186872,116.7,1.3820274961085253,125.75,1.4448183276799889,5.253,0.4897662707863823,6.885000000000001,0.2513861571367844,24.809499999999996,0.8760734843607582,749.17,29.060369921940076,0.435,0.01697645428232881,0.435,0.01697645428232881,108.09,67.5680242422405,201.20000000000002,3.4,241.70000000000002,2.3473389188611007,202.0,2.449489742783164,223.35,1.1521718621802812,293.375,14.409159413373155,12.328723388581363,80,8.5
137.25,2.48746859276655,232.6,4.363484845854286,6.900304538014488,0.27334774011454543,56.9683979,3.036608403770264,0.0008314,0.0009245429357255401,3112.0000000000005,114.8461035473124,452.29999999999995,91.20696245353203,512.3,119.14449210937113,114.35,4.407663780280879,138.04999999999998,1.8834808201837363,136.79999999999998,5.8275209137333865,114.35,4.407663780280879,106.4,4.24735211631906,100.85,5.2751777221246305,8.281500000000001,0.7042178285161486,61.025000000000006,11.906379592470584,5.2749999999999995,3.454978292261762,0.637889761,0.3431093402917923,10.6325,0.4576010817294909,0.14084666499999998,0.0056779263830446965,4.95,0.2187464285422734,1.829,0.08865100112237875,4.1945,0.9909766647101232,361.605,25.767411103950675,16.36,2.6478028627524366,727.12,28.94034554043887,8.399999999999999,1.42828568570857,414.101,21.06763819226066,2.8805,0.36881533319535403,56.9683979,3.036608403770264,1834.7810000000002,196.55011335280378,116.8,1.3266499161421599,125.85,1.3883443376914821,5.2625,0.49357750151318686,6.9095,0.2462412434991345,24.760999999999996,0.8306196482145118,750.02,28.940345540438862,0.43525,0.017143147318972683,0.43525,0.017143147318972683,107.56500000000001,67.74012308078574,201.55,3.3087006513131403,241.9,2.364318083507378,202.25,2.4874685927665356,223.4,1.1135528725659958,293.765,14.238443559603,12.223687829729393,80,8.399999999999999
137.5,2.5,233.0,4.3817804600413295,6.9253630320824175,0.26708959570447266,56.825977900000005,3.0191102449702285,0.0009114,0.0009525521717995293,3109.4000000000005,113.72109522863381,457.75,89.54712446527806,520.05,116.13547046445372,114.64999999999999,4.304358256465177,138.3,1.7916472867168918,137.7,5.129327441292864,114.64999999999999,4.304358256465177,106.8,4.093897898091744,100.89999999999999,5.281098370604358,8.23,0.6947013746927522,61.675000000000004,11.582610888741796,5.324999999999999,3.4288299753706073,0.587639761,0.3370906819773708,10.607999999999999,0.44319972924179474,0.140448985,0.00549409585858083,4.9365000000000006,0.21109891046616022,1.825,0.08668909966079934,4.165,0.9752153608306221,359.675,25.8675834781682,16.1695,2.6877731954166073,727.9699999999999,28.79474083925744,8.299999999999999,1.3820274961085253,413.371,20.751191267009226,2.848,0.3384169026511531,56.825977900000005,3.0191102449702285,1838.931,195.12595229492158,116.89999999999999,1.260952021291849,125.95,1.3219304066402284,5.272,0.49717803652212955,6.934,0.23848270377534725,24.7125,0.7795182807349674,750.87,28.79474083925743,0.4355,0.017304623659588795,0.4355,0.017304623659588795,107.04,67.9077271008241,201.89999999999998,3.176476034853718,242.1,2.364318083507378,202.5,2.499999999999986,223.45000000000002,1.0712142642814202,294.155,14.054838134962642,11.893694881855518,80,8.299999999999999
137.75,2.48746859276655,233.39999999999998,4.363484845854286,6.950421526150348,0.25826122626426773,56.6835579,2.9947447022943696,0.0009914,0.000973206884480376,3106.8,112.52478615842823,463.19999999999993,87.51719830981794,527.8,112.51382137319841,114.94999999999999,4.177020469186133,138.54999999999998,1.6575584454250776,138.59999999999997,4.127953488110059,114.94999999999999,4.177020469186133,107.19999999999999,3.893584466786357,100.94999999999999,5.286539510870982,8.1785,0.6811701329330284,62.325,11.21190773240665,5.375,3.401745875282279,0.537389761,0.32324311494054897,10.583499999999999,0.42691070494893907,0.140051305,0.0052739958125196705,4.922999999999999,0.20226467808295126,1.821,0.08449260322655469,4.1355,0.9582874046965243,357.745,25.82352561134905,15.979,2.7138181589782318,728.82,28.623165443395674,8.2,1.3266499161421599,412.641,20.403742279297685,2.8155,0.3015207289723213,56.6835579,2.9947447022943696,1843.081,193.60238236912275,117.0,1.1832159566199232,126.05,1.243985530462473,5.281499999999999,0.500572422332673,6.9585,0.22784369642366678,24.663999999999998,0.7215705093752097,751.72,28.62316544339566,0.43575,0.017461028033881634,0.43575,0.017461028033881634,106.515,68.07086950377526,202.25,2.9979159427842537,242.3,2.3473389188611002,202.74999999999997,2.4874685927665356,223.49999999999997,1.0246950765959542,294.545,13.857830818710413,11.276579973185614,80,8.2
136.75,2.384848003542364,231.20000000000002,5.287721626560915,6.8750587226314375,0.2770618221182652,57.4958679,3.335953805783616,0.0008014000000000001,0.0009806954879064144,3099.55,130.95167047426312,435.40000000000003,101.21926694063734,490.34999999999997,131.8348493381018,113.85,4.48636824168502,137.65,1.8781639970992947,135.4,6.216108107168021,113.85,4.48636824168502,106.3,4.744470465710584,101.7,6.731270311018567,8.3875,0.7140719501562849,59.599999999999994,12.546513459921844,5.049999999999999,3.6224991373359914,0.742339761,0.3381671122722742,10.673,0.47485892641920535,0.141840265,0.006192775950999281,4.9395,0.25164409391042725,1.8364999999999998,0.09155735907069402,4.1915000000000004,1.0095854347206086,361.76500000000004,28.18113331645838,16.511,2.640444848884369,721.335,35.4903264989208,8.65,1.5580436450882884,410.926,27.212489853006844,2.95,0.42218479366268047,57.4958679,3.335953805783616,1807.962,223.16435444756854,116.74999999999999,1.4097872179871684,125.85,1.525614630239236,5.1345,0.6605185462952574,6.886500000000001,0.2526910168565556,24.7765,0.8769394220811374,744.2349999999999,35.4903264989208,0.4318,0.019828262657126575,0.4318,0.019828262657126575,124.12000000000002,92.52001729355655,200.8,3.5156791662493894,241.4,2.4166091947189146,201.75,2.3848480035423507,223.5,1.2845232578665007,296.28999999999996,18.87831825136975,12.68749170113598,80,8.65
137.0,2.449489742783178,231.6,5.40740233383831,6.900117216699368,0.27321486528623445,57.35344789999999,3.342584093565664,0.0008814000000000002,0.0010095244623088636,3096.9500000000003,129.7168454750577,440.84999999999997,100.64555380144719,498.09999999999997,130.43270295443546,114.15,4.4189930979805725,137.9,1.841195263952197,136.3,5.788782255362522,114.15,4.4189930979805725,106.7,4.616275555033516,101.75000000000001,6.729598799334177,8.336,0.7123931498828437,60.25,12.315132967207461,5.1,3.600694377477766,0.692089761,0.3475058694512496,10.6485,0.46314441592229116,0.141442585,0.006089908453111183,4.926,0.2444463131241703,1.8325,0.08999305528761649,4.162,0.9940301806283349,359.83500000000004,28.283675061773714,16.3205,2.691234800235758,722.185,35.510438958143,8.549999999999999,1.532155344604456,410.196,26.882162561817832,2.9175,0.40157035498154003,57.35344789999999,3.342584093565664,1812.112,222.41204328003465,116.85,1.3518505834595775,125.94999999999999,1.4654350889752845,5.144,0.6650443594227381,6.9110000000000005,0.24742473603097984,24.727999999999998,0.8296059305477508,745.0849999999999,35.510438958143,0.43205,0.020011184372745162,0.43205,0.020011184372745162,123.59500000000001,92.73657032152957,201.15000000000003,3.4680686267719674,241.60000000000002,2.4576411454889016,202.0,2.449489742783164,223.55,1.243985530462462,296.68,18.687605518096753,12.68749170113598,80,8.549999999999999
137.25,2.48746859276655,232.0,5.495452665613635,6.925175710767297,0.26697118889751437,57.2110279,3.343139563044623,0.0009614000000000001,0.0010313659098496518,3094.3500000000004,128.4175221689003,446.3,99.77128845514626,505.84999999999997,128.5489303728351,114.45,4.329838334164445,138.15,1.7684739183827394,137.2,5.173006862551025,114.45,4.329838334164445,107.1,4.448595283907045,101.8,6.727555276621665,8.2845,0.7069687051065271,60.9,12.044293254483636,5.1499999999999995,3.5780581325629686,0.6418397610000001,0.3494474749995612,10.623999999999999,0.44979328585473594,0.14104490500000003,0.005958791588105347,4.9125000000000005,0.23625992042663504,1.8285,0.08821989571519567,4.1325,0.9773375824145923,357.90500000000003,28.254317811619526,16.13,2.7278123102589,723.035,35.5101995911034,8.45,1.499166435056495,409.466,26.52764452415631,2.885,0.3770477423351054,57.2110279,3.343139563044623,1816.2620000000002,221.57946632303276,116.94999999999999,1.2835497652993435,126.05,1.3955285736952863,5.1535,0.6694047729139672,6.9355,0.23955114276496375,24.679499999999997,0.7763792565492714,745.935,35.510199591103394,0.4323,0.020189353630069493,0.4323,0.020189353630069493,123.07000000000002,92.94965357654647,201.5,3.383784863137726,241.8,2.4819347291981715,202.25,2.4874685927665356,223.60000000000002,1.1999999999999906,297.06999999999994,18.486700625043948,12.441202083092318,80,8.45
137.5,2.5,232.39999999999998,5.5533773507659285,6.950234204835227,0.25815695330442767,57.068607899999996,3.337623247256975,0.0010414,0.0010466573651391367,3091.75,127.05172175141902,451.75,98.58847549282827,513.5999999999999,126.16195940139801,114.75,4.2175229697062635,138.4,1.6552945357246849,138.1,4.288356328478313,114.75,4.2175229697062635,107.5,4.236744032862972,101.85,6.725139403759598,8.232999999999999,0.6977112583296902,61.550000000000004,11.731261654229693,5.2,3.554574517435244,0.5915897609999999,0.3441171621178882,10.599499999999999,0.43465474804722903,0.140647225,0.00579750900377697,4.898999999999999,0.2269779724995355,1.8244999999999998,0.086224996375761,4.103,0.9594482789603618,355.975,28.09264805959026,15.9395,2.750744399249047,723.885,35.489607986000635,8.35,1.4585952145814822,408.736,26.14795181271375,2.8525,0.3477912448581764,57.068607899999996,3.337623247256975,1820.412,220.66571504427236,117.04999999999998,1.2031209415515967,126.14999999999999,1.3143439428094914,5.162999999999999,0.6736029988056763,6.96,0.22880122377295106,24.631,0.7159462270310526,746.785,35.489607986000635,0.43255,0.02036289517725808,0.43255,0.02036289517725808,122.54500000000002,93.15929086784635,201.85,3.2599846625406075,242.0,2.489979919597747,202.5,2.499999999999986,223.65,1.1521718621802834,297.46,18.275267439903587,11.893694881855518,80,8.35
136.75,2.384848003542364,230.60000000000002,6.118823416311341,6.899929895384246,0.27308179731075305,57.7384979,3.58165035176079,0.0009314000000000001,0.001085587232791543,3081.9,141.4577233663825,429.4,108.06544313516694,483.9,139.3796613570287,113.94999999999999,4.421255477802649,137.75,1.7853571071357126,135.79999999999998,5.706137047074843,113.94999999999999,4.421255477802649,107.0,4.9396356140913875,102.64999999999999,7.818407766291037,8.390500000000001,0.7163412245571239,59.475,12.663406927047713,4.925,3.732542699018994,0.746289761,0.3433967955742583,10.664499999999999,0.46807558150367157,0.14203850499999998,0.00642066045126785,4.902,0.26552965936030554,1.8359999999999999,0.09118113840043893,4.1295,0.9960144326263553,358.065,30.491101570786192,16.281,2.733406116917133,717.25,40.44416521576382,8.7,1.6155494421403511,406.291,31.160197351749883,2.9545,0.4286662454637641,57.7384979,3.58165035176079,1789.443,243.46359031896336,116.89999999999999,1.374772708486752,126.05,1.5321553446044562,5.0255,0.7828567876693668,6.9125000000000005,0.24859354376169962,24.694999999999997,0.8272756493454884,740.15,40.44416521576382,0.42885,0.02205736838337702,0.42885,0.02205736838337702,139.625,109.98862157059702,200.75,3.5759614091877445,241.29999999999998,2.511971337416094,201.75,2.3848480035423507,223.7,1.3453624047073582,299.59499999999997,21.87979604566734,12.82874576032767,80,8.7
137.0,2.4494897427831783,231.00000000000003,6.260990336999411,6.924988389452176,0.26685259805850825,57.5960779,3.5974450099625144,0.0010114000000000002,0.001102304694719205,3079.3,139.9879548389789,434.84999999999997,107.83194100079994,491.65000000000003,138.41577764113455,114.25,4.345975149491761,138.0,1.7320508075688772,136.7,5.16817182376902,114.25,4.345975149491761,107.39999999999999,4.758150901348127,102.69999999999999,7.8108898340714035,8.339,0.7148839066589762,60.125,12.440734504039542,4.975,3.713068138345969,0.6960397610000001,0.3531595499079261,10.64,0.45573018333219956,0.141640825,0.0063339611448820134,4.8885000000000005,0.2567542599451855,1.832,0.08958794561770014,4.1000000000000005,0.9783762057613625,356.13500000000005,30.351528379967956,16.0905,2.76670828783954,718.0999999999999,40.547539999363714,8.6,1.5937377450509227,405.56100000000004,30.762344822851205,2.9219999999999997,0.4087370793064901,57.5960779,3.5974450099625144,1793.593,243.09054981837534,117.0,1.3038404810405297,126.15,1.4585952145814822,5.035,0.7879942893194086,6.937,0.24060548622174024,24.646499999999996,0.7718178217688416,741.0,40.547539999363714,0.4291,0.022255111772354685,0.4291,0.022255111772354685,139.1,110.24470508827169,201.1,3.5341194094144583,241.5,2.5592967784139455,202.0,2.449489742783164,223.75,1.2990381056766467,299.98499999999996,21.656021679893108,12.68749170113598,80,8.6
137.25,2.48746859276655,231.4,6.374950980203691,6.950046883520106,0.2580525022331219,57.453657899999996,3.607552500566027,0.0010914000000000002,0.0011130371242685485,3076.7,138.4537738741707,440.29999999999995,107.3215262657031,499.4,137.0074450531795,114.55,4.2482349275905085,138.25,1.6393596310755,137.59999999999997,4.386342439892262,114.55,4.2482349275905085,107.8,4.534313619501853,102.74999999999999,7.803044277716229,8.2875,0.7096962378370058,60.775000000000006,12.179362668054516,5.025,3.692813967694555,0.645789761,0.35562881094150534,10.6155,0.44168399337082637,0.141243145,0.006220687114336733,4.875,0.2469311644973147,1.8279999999999998,0.08778382538941898,4.0705,0.9595075559890084,354.205,30.087762877954223,15.9,2.78662161048105,718.95,40.63287462141954,8.5,1.5652475842498528,404.831,30.341720765309276,2.8895,0.38505161991608344,57.453657899999996,3.607552500566027,1797.7430000000002,242.6459684622846,117.1,1.2206555615733703,126.25,1.3738631664034087,5.044499999999999,0.7929847098147605,6.9615,0.22974496730070065,24.598,0.70874254846171,741.85,40.63287462141954,0.42935,0.02244832955923447,0.42935,0.02244832955923447,138.575,110.49770076793452,201.45,3.456515586540874,241.7,2.5903667693977237,202.25,2.4874685927665356,223.79999999999998,1.2489995996796701,300.375,21.422812023634997,12.223687829729394,80,8.5
136.75,2.384848003542364,230.00000000000003,6.797058187186571,6.924801068137055,0.26673382294199033,57.981127900000004,3.796065338796765,0.0010614,0.0011668057421867618,3064.2500000000005,149.16162375088305,423.40000000000003,114.18817802207022,477.45,146.2523418615921,114.05,4.352872614722368,137.85000000000002,1.6815171720800237,136.2,5.1146847410177685,114.05,4.352872614722368,107.69999999999999,5.030904491242107,103.6,8.668333173107735,8.393500000000001,0.7185908084577758,59.349999999999994,12.778008452024126,4.8,3.8353617821530217,0.750239761,0.3485032533546408,10.655999999999999,0.46103579036773307,0.14223674500000003,0.006634808896002588,4.8645000000000005,0.2736325090335574,1.8355,0.09080060572485185,4.0675,0.9783346819979347,354.365,32.215807843355414,16.051000000000002,2.804508691375372,713.1649999999998,44.4805943642843,8.75,1.6695807857064,401.656,34.0357127734972,2.9589999999999996,0.4350045976768522,57.981127900000004,3.796065338796765,1770.924,260.88465612986903,117.04999999999998,1.3219304066402287,126.25,1.5124483462254175,4.9165,0.8750329993777377,6.9385,0.24164591864958124,24.6135,0.7658085596283182,736.065,44.48059436428431,0.4259,0.02371687163181519,0.4259,0.02371687163181519,155.13000000000002,123.10251865823054,200.7,3.6345563690772495,241.2,2.6,201.75,2.3848480035423507,223.9,1.3747727084867394,302.9,24.06686518847023,12.687491701135977,80,8.75
137.0,2.449489742783178,230.4,6.959885056522126,6.949859562204986,0.2579478728339821,57.838707899999996,3.8200280290922204,0.0011414,0.0011735466075107543,3061.65,147.45762103058627,428.84999999999997,114.25378549527365,485.2,145.67758921673575,114.35000000000001,4.269367634673775,138.10000000000002,1.6093476939431082,137.1,4.426059195266145,114.35000000000001,4.269367634673775,108.1,4.794788837894741,103.65,8.656067236337758,8.342,0.7173534693580285,60.0,12.563836993530282,4.8500000000000005,3.8180492401225,0.699989761,0.3586806393984333,10.6315,0.4480320859045702,0.141839065,0.006562967652462954,4.851,0.2632090423978627,1.8315,0.08917819240150587,4.038,0.9584654401698582,352.435,31.860387238701293,15.8605,2.821489810366148,714.015,44.6524386232152,8.65,1.6515144564913744,400.92600000000004,33.57121689781293,2.9265,0.4157315840779962,57.838707899999996,3.8200280290922204,1775.074,260.83137676284275,117.14999999999999,1.2359207094308275,126.35,1.4239030865898143,4.926,0.8808087193028915,6.963,0.23067509618508894,24.564999999999998,0.6999107085907454,736.915,44.652438623215204,0.42615,0.023931725804880854,0.42615,0.023931725804880854,154.60500000000002,123.39736008116219,201.05,3.5982634700644147,241.4,2.6532998322843198,202.0,2.449489742783164,223.95,1.3219304066402175,303.29,23.809533804759813,12.328723388581363,80,8.65
137.25,2.48746859276655,233.00000000000003,2.5298221281347035,6.88424575985565,0.28686057842998935,56.5333229,2.8618745016873457,0.0006314000000000001,0.0007234221727318012,3120.15,104.3762425075745,464.29999999999995,87.06038134536283,526.8000000000001,116.1247604949091,114.55,4.779905856813493,137.95,1.9868316486305526,136.25,6.291859820434655,114.55,4.779905856813493,105.8,4.019950248448356,99.95,2.9744747435471695,8.2425,0.7389578810730687,62.199999999999996,12.69488085804668,5.8,3.6,0.659689761,0.3178523018885799,10.5975,0.5023731183094894,0.14025103,0.005744679664620127,4.9735000000000005,0.20591928030177245,1.821,0.09643132271207316,4.151000000000001,1.0864064616891784,365.40500000000003,22.30160252089523,16.95,2.632215796624585,733.07,21.128963533500638,8.25,1.4448183276799889,417.835,12.738283832604763,2.8765,0.3603369950476915,56.5333229,2.8618745016873457,1871.75,179.98011001218995,116.75,1.4448183276799889,125.75,1.4448183276799889,5.353,0.12357588761566722,6.8905,0.2575941575424413,24.755,0.9296316474819472,755.9699999999999,21.128963533500613,0.4382,0.01275774274705366,0.4382,0.01275774274705366,92.73500000000001,7.065145079897508,201.70000000000002,3.3331666624997918,242.05,2.290742237791062,202.25,2.4874685927665356,223.3,1.053565375285267,291.015,6.966798045013229,11.28863695125724,80,8.25
137.5,2.5,233.4,2.4979991993593593,6.90930425392358,0.2823325595100582,56.3909029,2.821424281075817,0.0007114,0.0007796894509995631,3117.55,103.3423436931832,469.74999999999994,84.54991129504513,534.5500000000001,112.03681314639398,114.85,4.671991010265317,138.2,1.9131126469708992,137.15,5.738248861804444,114.85,4.671991010265317,106.2,3.919183588453085,100.0,3.0,8.191,0.7271375385716237,62.85,12.329943227768732,5.8500000000000005,3.567562192870644,0.609439761,0.31484455576739595,10.572999999999999,0.48753563972288244,0.13985335,0.005520311720138639,4.96,0.19937402037376867,1.817,0.09429209935090002,4.1215,1.0708514135957425,363.475,22.742072794712456,16.7595,2.714150834054732,733.92,20.686024267606374,8.15,1.388344337691482,417.105,12.429081824495317,2.844,0.3287613115924683,56.3909029,2.821424281075817,1875.8999999999999,177.5617850214398,116.85,1.3883443376914821,125.85,1.3883443376914821,5.3625,0.13083864108129528,6.915,0.2520416632225713,24.7065,0.8839415987496002,756.8199999999999,20.68602426760635,0.43845,0.012916946233533693,0.43845,0.012916946233533693,92.21000000000001,7.555124088987551,202.05,3.1855140872392953,242.25,2.277608394786075,202.5,2.499999999999986,223.35000000000002,1.013656746635659,291.405,6.744366167402252,11.183601392405269,80,8.15
137.75,2.48746859276655,233.8,2.4,6.934362747991509,0.27546052459818654,56.248482900000006,2.7730808447429354,0.0007914,0.0008244341332089545,3114.9500000000003,102.23189326232789,475.2,81.59938725260136,542.3,107.23530202316772,115.14999999999999,4.541750763747383,138.45,1.8020821290940099,138.04999999999998,4.96462485994662,115.14999999999999,4.541750763747383,106.6,3.7735924528226414,100.04999999999998,3.0244834269673224,8.1395,0.7114033665931021,63.5,11.918473056562236,5.9,3.5341194094144583,0.5591897610000001,0.3036016761759871,10.548499999999999,0.47095939315401725,0.13945567,0.005256428422522274,4.9465,0.1916578983501591,1.813,0.09192932067626737,4.0920000000000005,1.0542419077232703,361.545,23.01287628698335,16.569,2.780663410051637,734.77,20.19765085350274,8.05,1.3219304066402287,416.375,12.067910962548565,2.8114999999999997,0.2901943314401576,56.248482900000006,2.7730808447429354,1880.05,175.011685324152,116.94999999999999,1.3219304066402284,125.95,1.3219304066402284,5.372,0.1370620297529553,6.9395,0.24391545666480433,24.657999999999998,0.8329381729756413,757.6700000000001,20.19765085350271,0.4387,0.0130694299799188,0.4387,0.0130694299799188,91.685,7.980744012935133,202.39999999999998,2.9899832775452104,242.45,2.2466641938660974,202.75,2.4874685927665356,223.40000000000003,0.9695359714832618,291.79499999999996,6.490953319813673,10.853608444531393,80,8.05
138.0,2.4494897427831783,234.2,2.2271057451320084,6.959421242059439,0.2660629076260176,56.1060629,2.716422805145803,0.0008714,0.0008594577592877966,3112.35,101.0423673515224,480.6499999999999,78.15898860655759,550.05,101.61912959674471,115.44999999999999,4.387197283004258,138.7,1.6462077633154328,138.95,3.840247387864485,115.44999999999999,4.387197283004258,106.99999999999999,3.5777087639996634,100.1,3.0479501308256336,8.088,0.6914882500809392,64.14999999999999,11.455457214795052,5.950000000000001,3.499642838919423,0.508939761,0.2831443735223586,10.524,0.4524533125085948,0.13905799,0.0049467099439829704,4.932999999999999,0.18262256158536358,1.809,0.08932524839036274,4.0625,1.0365272548273876,359.615,23.119975670402432,16.3785,2.8328400501969746,735.62,19.660457776969487,7.95,1.2439855304624727,415.645,11.649938841041175,2.779,0.2413068585846661,56.1060629,2.716422805145803,1884.1999999999998,172.32396089923188,117.05,1.243985530462473,126.05,1.243985530462473,5.381499999999999,0.14238240762116647,6.9639999999999995,0.23294634575369502,24.609499999999997,0.7755738198263267,758.52,19.660457776969455,0.43895,0.013215426591676876,0.43895,0.013215426591676876,91.16,8.35185009444015,202.75,2.7363296585024255,242.65,2.1971572542719833,202.99999999999997,2.449489742783164,223.45,0.9205976319760963,292.185,6.2027634970229295,10.236493535861491,80,7.95
137.0,2.449489742783178,232.00000000000003,4.171330722922842,6.884058438540529,0.2867234743475782,56.91837290000001,3.2368587775215327,0.0006814,0.0008412488573543503,3105.1000000000004,121.5588232091772,452.84999999999997,98.31138031784519,512.6,129.28279081146107,114.34999999999998,4.798697740012381,137.79999999999998,1.9390719429665317,135.75,6.2118837722545965,114.34999999999998,4.798697740012381,106.1,4.448595283907045,100.85,5.28464757576132,8.297,0.7495938900498054,61.425,13.14845523245982,5.625,3.7645550865938993,0.713889761,0.31890951024306086,10.6135,0.508529989282835,0.14084695,0.00620962019961769,4.9495000000000005,0.23544585364792459,1.8244999999999998,0.09795279475339129,4.118500000000001,1.0878937218313194,363.635,25.432661579158413,16.9105,2.6845958261906016,728.135,30.47305818259795,8.4,1.5620499351813308,413.92999999999995,21.684826492273352,2.9135,0.3941735024072522,56.91837290000001,3.2368587775215327,1849.081,211.90590000988647,116.8,1.469693845669907,125.85000000000001,1.5256146302392357,5.2345,0.4851646627692499,6.892,0.25883585532147607,24.721999999999998,0.9285127893572598,751.035,30.47305818259794,0.435,0.01697645428232881,0.435,0.01697645428232881,108.76500000000001,67.35512805273257,201.3,3.508560958569767,241.75,2.405722344743882,202.0,2.449489742783164,223.45000000000002,1.2031209415515867,293.93,14.527976459232038,12.223687829729394,80,8.4
137.25,2.48746859276655,232.4,4.24735211631906,6.909116932608459,0.2822098889556961,56.7759529,3.2182358052284163,0.0007614000000000001,0.000885593382992443,3102.5000000000005,120.34752801782012,458.2999999999999,96.74249324883043,520.35,126.49674897008224,114.64999999999999,4.703987670051861,138.04999999999998,1.8834808201837363,136.65,5.729528776435284,114.64999999999999,4.703987670051861,106.5,4.330127018922194,100.9,5.290557626564519,8.2455,0.741737655778645,62.075,12.83576546217638,5.675000000000001,3.735890121510535,0.663639761,0.3244185324607226,10.588999999999999,0.49467059746865916,0.14044927,0.006042007199027492,4.936,0.2283287104154883,1.8205,0.09599348936256041,4.089,1.0714658184001953,361.70500000000004,25.687126639622434,16.72,2.7622563240944893,728.985,30.306357006410387,8.3,1.5198684153570663,413.2,21.37167751955845,2.881,0.3688075378839213,56.7759529,3.2182358052284163,1853.231,210.303615420658,116.9,1.4106735979665885,125.95,1.4654350889752845,5.244,0.48937102488806994,6.9165,0.2531654597294032,24.673499999999997,0.8809499134457073,751.8849999999999,30.306357006410376,0.43524999999999997,0.017143147318972683,0.43524999999999997,0.017143147318972683,108.24000000000001,67.53301711015139,201.65000000000003,3.409912022325503,241.95000000000002,2.4181604578687494,202.25,2.4874685927665356,223.50000000000003,1.1618950038622164,294.32,14.34359090325711,12.223687829729393,80,8.3
137.5,2.5,232.8,4.28485705712571,6.934175426676388,0.27535184011900377,56.633532900000006,3.1931585832354448,0.0008414000000000001,0.0009208971929591272,3099.9000000000005,119.06715542079606,463.74999999999994,94.8350541730219,528.1,123.16123578464126,114.94999999999999,4.587755442479463,138.29999999999998,1.7916472867168918,137.54999999999998,5.044551516240071,114.94999999999999,4.587755442479463,106.89999999999999,4.170131892398609,100.94999999999999,5.295989048327045,8.194,0.730173951877222,62.725,12.481461252593785,5.7250000000000005,3.706329046374593,0.6133897610000001,0.32208906793691233,10.564499999999999,0.47916046372796683,0.14005159,0.005842603888498692,4.9225,0.2201561945528672,1.8165,0.09382297160077588,4.059500000000001,1.0539567116347806,359.775,25.79509401029584,16.5295,2.8249751768820905,729.8349999999999,30.114751783801903,8.200000000000001,1.4696938456699067,412.46999999999997,21.02854488546462,2.8485,0.338456422601197,56.633532900000006,3.1931585832354448,1857.3809999999999,208.60648565900343,117.0,1.3416407864998738,126.05000000000001,1.3955285736952863,5.2535,0.4933586423688147,6.941,0.24492651959312214,24.625,0.8278315045949867,752.735,30.114751783801893,0.4355,0.017304623659588795,0.4355,0.017304623659588795,107.715,67.70636805352949,202.0,3.271085446759225,242.15,2.414021540914662,202.5,2.499999999999986,223.55000000000004,1.1169153951844268,294.71,14.146055987447532,11.97739821168573,80,8.200000000000001
137.75,2.48746859276655,233.2,4.28485705712571,6.959233920744318,0.26596803198796565,56.491112900000005,3.1614735274118924,0.0009214000000000001,0.0009481706808375799,3097.3,117.71545140719633,469.19999999999993,92.56813706670347,535.85,119.23014509762203,115.24999999999999,4.448314287457659,138.54999999999998,1.6575584454250776,138.45,4.055551750378733,115.24999999999999,4.448314287457659,107.3,3.963584236521283,100.99999999999999,5.300943312279429,8.1425,0.7147228483825039,63.37500000000001,12.081882096759593,5.775000000000001,3.6758502417808048,0.563139761,0.31174545091303085,10.54,0.4618333032599535,0.13965391,0.005608020206623727,4.909,0.21080559764863907,1.8124999999999998,0.09142619974602467,4.03,1.0353115473131747,357.84499999999997,25.75840590952787,16.339,2.8737308503059222,730.6850000000001,29.897763712358156,8.1,1.4106735979665883,411.73999999999995,20.653934249919555,2.8160000000000003,0.30161896492097445,56.491112900000005,3.1614735274118924,1861.531,206.81217579968546,117.1,1.260952021291849,126.15,1.3143439428094916,5.262999999999999,0.4971327790439894,6.9655,0.23384770685213063,24.5765,0.7680056965934559,753.585,29.89776371235814,0.43574999999999997,0.017461028033881634,0.43574999999999997,0.017461028033881634,107.19000000000001,67.87521565343273,202.35,3.08666486681013,242.35,2.3932195887548637,202.75,2.4874685927665356,223.60000000000002,1.0677078252031258,295.1,13.9348125211644,11.429891010448932,80,8.1
137.0,2.449489742783178,231.4,5.276362383309167,6.908929611293337,0.2820870406642636,57.1610029,3.5294647494009896,0.0008114000000000001,0.0009775661819027906,3087.4500000000003,133.54553530537814,446.84999999999997,106.33591820264685,506.15,138.0120556328323,114.44999999999999,4.727314248069398,137.89999999999998,1.841195263952197,136.15,5.6769269856146645,114.44999999999999,4.727314248069398,106.8,4.686149805543993,101.8,6.734983296193095,8.3,0.7521170121729728,61.3,13.277236158176896,5.5,3.8890872965260113,0.717839761,0.32479592687034875,10.604999999999999,0.5011935753778177,0.14104519,0.006467427557066261,4.912,0.2517260415610588,1.8239999999999998,0.09753973549277238,4.0565,1.071094183533829,359.935,28.21682609720662,16.6805,2.8089828675162827,724.05,36.88265852673855,8.45,1.627114009527298,409.29499999999996,26.991055462875106,2.9179999999999997,0.4015171229225474,57.1610029,3.5294647494009896,1830.562,236.43025757292574,116.94999999999999,1.4309088021254184,126.05,1.5321553446044562,5.1255,0.6586081915676422,6.918,0.2542754412050052,24.6405,0.8767067639752754,746.9499999999999,36.88265852673855,0.43205,0.020011184372745162,0.43205,0.020011184372745162,124.27000000000001,92.46845462102199,201.25,3.5759614091877445,241.65,2.515452245621053,202.0,2.449489742783164,223.65,1.2757350822172966,297.235,18.681441994664123,12.582456142284009,80,8.45
137.25,2.48746859276655,231.8,5.3814496188294845,6.9339881053612675,0.2752429852391964,57.0185829,3.522217923255203,0.0008914000000000001,0.0010056896340322895,3084.8500000000004,132.096971956211,452.29999999999995,105.19843154724313,513.9,135.7744084870194,114.75,4.6246621498224,138.15,1.7684739183827394,137.05,5.074199444247339,114.75,4.6246621498224,107.19999999999999,4.512205669071391,101.85,6.732570088755111,8.2485,0.7444949630454188,61.949999999999996,12.973916139701227,5.55,3.862965182343739,0.6675897610000001,0.33080731187818224,10.580499999999999,0.48669780151547865,0.14064751,0.006319158119710256,4.8985,0.24300771592688145,1.82,0.09555103348473003,4.027,1.0526685138256962,358.00500000000005,28.19424542349024,16.49,2.868058576807664,724.9,36.83942181956715,8.35,1.5898113095584645,408.565,26.61328380715165,2.8854999999999995,0.37703414964695176,57.0185829,3.522217923255203,1834.712,235.32206568020777,117.05,1.3592277219068187,126.15,1.4585952145814822,5.135000000000001,0.663275960667956,6.9425,0.24592427696345892,24.592,0.821368370464799,747.8,36.83942181956714,0.43229999999999996,0.020189353630069493,0.43229999999999996,0.020189353630069493,123.745,92.68597776902394,201.6,3.484250278036869,241.85000000000002,2.535251466817444,202.25,2.4874685927665356,223.70000000000002,1.2288205727444415,297.62499999999994,18.46875401861209,12.441202083092318,80,8.35
137.5,2.5,232.2,5.455272678794342,6.959046599429198,0.2658729905164157,56.8761629,3.509180797242598,0.0009714000000000001,0.0010268337937563217,3082.25,130.58058814387383,457.74999999999994,103.76264983123744,521.65,133.0485907478918,115.05,4.4997222136482975,138.39999999999998,1.6552945357246849,137.95,4.200892762258994,115.05,4.4997222136482975,107.6,4.294182110716778,101.89999999999999,6.729784543356496,8.197,0.7331855154052074,62.6,12.62992478204047,5.6000000000000005,3.836013555763327,0.617339761,0.3291267781153167,10.556,0.4704827308201654,0.14024983,0.0061416285066014905,4.885,0.23318447632722014,1.8159999999999998,0.0933488082409197,3.9975,1.033072480516251,356.075,28.039113306237063,16.299500000000002,2.9135124420534053,725.75,36.77649385137197,8.25,1.5451537140362444,407.835,26.20974770958317,2.8529999999999998,0.34782323096653567,56.8761629,3.509180797242598,1838.8619999999999,234.1350838639951,117.14999999999999,1.2757350822173075,126.25,1.3738631664034087,5.1445,0.6677759729130721,6.967,0.23473602194805984,24.5435,0.7589286857142766,748.65,36.77649385137197,0.43255,0.02036289517725808,0.43255,0.02036289517725808,123.22000000000001,92.90002475780078,201.95,3.3537292675468007,242.05,2.5391927851189244,202.5,2.499999999999986,223.75,1.177921898938967,298.015,18.245253492346997,11.977398211685731,80,8.25
137.0,2.449489742783178,230.80000000000004,6.128621378417825,6.933800784046146,0.2751339597565109,57.403632900000005,3.784078415560411,0.0009414,0.0010815598180405925,3069.8,142.37003722693902,440.84999999999997,113.479194128263,499.70000000000005,145.93632172971883,114.54999999999998,4.65268739547371,138.0,1.7320508075688772,136.54999999999998,5.054453481831641,114.54999999999998,4.65268739547371,107.49999999999999,4.811444689487764,102.74999999999999,7.809449404407458,8.303,0.7546197718056424,61.175,13.403614251387571,5.375,4.005855089740517,0.721789761,0.33053034278212484,10.596499999999999,0.4936018132057461,0.14124343,0.006709490084432652,4.8745,0.2616959113169327,1.8235,0.09712234552357145,3.9945000000000004,1.050373624002431,356.235,30.301456648154726,16.450499999999998,2.909968169929011,719.9649999999999,41.93661019920423,8.500000000000002,1.6881943016134133,404.65999999999997,30.72191400287424,2.9224999999999994,0.40867927522691927,57.403632900000005,3.784078415560411,1812.043,257.3101556701562,117.1,1.374772708486752,126.25000000000001,1.5124483462254175,5.0165,0.7799889422293114,6.944,0.2469088900789116,24.558999999999997,0.8135164411368705,742.865,41.936610199204225,0.42910000000000004,0.022255111772354688,0.42910000000000004,0.022255111772354688,139.775,109.9240959708107,201.2,3.641428291206625,241.54999999999998,2.6167728216259047,202.0,2.449489742783164,223.85000000000002,1.3143439428094805,300.53999999999996,21.565815542195484,12.582456142284009,80,8.500000000000002
137.25,2.48746859276655,231.20000000000002,6.257795138864806,6.958859278114077,0.2657777830334629,57.2612129,3.7864571654709356,0.0010214,0.001097609967155911,3067.2,140.68634439774175,446.2999999999999,112.70452519752699,507.45000000000005,144.16916279149297,114.85,4.541750763747383,138.25,1.6393596310755,137.45,4.283398183685472,114.85,4.541750763747383,107.89999999999999,4.581484475582123,102.8,7.801281945936834,8.2515,0.7472300515905391,61.825,13.109419323524593,5.425000000000001,3.982069185737485,0.671539761,0.3370287316834708,10.572,0.4784412189600727,0.14084575,0.006578682960555257,4.861,0.2513145439484151,1.8195,0.0951038905618482,3.9650000000000003,1.0298033792914063,354.305,30.043676123270938,16.259999999999998,2.9522296658627356,720.815,41.98138009880095,8.4,1.6552945357246849,403.93,30.279014184745186,2.8899999999999997,0.3850324661635691,57.2612129,3.7864571654709356,1816.193,256.5919558579341,117.2,1.2884098726725126,126.35000000000001,1.4239030865898143,5.026,0.7852540990023548,6.9685,0.23561143860177933,24.510499999999997,0.7482878790946699,743.7149999999999,41.98138009880095,0.42935,0.02244832955923447,0.42935,0.02244832955923447,139.25,110.18104419545132,201.55,3.5563323804166562,241.75,2.6433879775772606,202.25,2.4874685927665356,223.9,1.26095202129184,300.93,21.32147039957611,12.223687829729394,80,8.4
137.0,2.449489742783178,230.20000000000002,6.823488843692792,6.9586719567989554,0.26568240936063614,57.6462629,4.007946963116677,0.0010714000000000001,0.001161941323819753,3052.15,148.5967698168436,434.84999999999997,119.89882192915825,493.25,153.1805715487444,114.64999999999999,4.574658457196552,138.1,1.6093476939431082,136.95,4.306680856529771,114.64999999999999,4.574658457196552,108.19999999999999,4.833218389437829,103.69999999999999,8.649277426467485,8.306000000000001,0.7571023708852058,61.05,13.527656855494229,5.25,4.115519408288582,0.7257397609999999,0.33612053773574885,10.588,0.4857427302595483,0.14144167,0.006937456088877255,4.837,0.2660657813398782,1.8229999999999997,0.09670056876771718,3.9325,1.0254943929637061,352.535,31.824318924369773,16.2205,2.9899238702682713,715.88,46.08311621407563,8.55,1.745709025009609,400.025,33.40940698366256,2.927,0.4156693397401353,57.6462629,4.007946963116677,1793.524,275.3758504371798,117.24999999999999,1.299038105676658,126.45,1.4654350889752845,4.9075,0.871343072503592,6.970000000000001,0.23647410006171932,24.4775,0.7360154550007759,738.78,46.08311621407564,0.42615000000000003,0.023931725804880854,0.42615000000000003,0.023931725804880854,155.28,123.02596717766538,201.14999999999998,3.7050641020095725,241.45,2.71062723368596,202.0,2.449489742783164,224.04999999999998,1.321930406640218,303.845,23.65008403790566,12.223687829729393,80,8.55
137.0,2.449489742783178,233.20000000000002,2.6758176320519302,6.844404375932725,0.26570465982887986,57.0726226,2.4804235158786176,0.0006716000000000001,0.0007968436735018983,3142.4500000000003,87.34592148463487,448.6,74.90687551887343,506.35,99.93011307909143,113.7,4.160528812542935,137.8,1.9390719429665317,136.35,6.373970505109041,113.7,4.160528812542935,105.3,3.7563279941985894,99.55000000000001,2.9576172842340505,8.364,0.6617733751066144,59.75,10.699883176932353,5.0,2.9664793948382653,0.633752584,0.33658871014639746,10.695500000000001,0.42170457668846817,0.141244975,0.004950372142261124,5.010000000000001,0.1774823934929884,1.8404999999999998,0.08065203035262038,4.3835,0.9003847788584612,367.6600000000001,22.31233739436549,16.314,2.3426446593540384,728.7750000000001,17.668159921168925,8.5,1.2449899597988732,420.197,10.929512843672399,2.8575000000000004,0.3690511482166125,57.0726226,2.4804235158786176,1832.7000000000003,148.58380631818528,116.5,1.2449899597988732,125.5,1.2449899597988732,5.3805000000000005,0.1160377093879399,6.857000000000001,0.23981451165432013,24.915499999999998,0.8044592904553963,751.6750000000001,17.668159921168904,0.43679999999999997,0.013029197979921876,0.43679999999999997,0.013029197979921876,92.36500000000001,7.738880733025931,201.3,3.083828789021855,241.75,2.165063509461097,202.0,2.449489742783164,223.1,0.8888194417315518,289.705,5.900379225100715,10.97070098145499,80,8.5
137.25,2.48746859276655,233.6,2.615339366124404,6.869462870000654,0.26460986210357834,56.9302026,2.464999848906211,0.0007516000000000001,0.0008444547590013334,3139.8500000000004,86.77851116491917,454.05,73.15290493206678,514.1,96.80025826411828,114.0,4.098780306383831,138.04999999999998,1.8834808201837363,137.25,5.812701609406765,114.0,4.098780306383831,105.7,3.702701716314724,99.60000000000001,2.989983277545211,8.3125,0.6581251780626538,60.400000000000006,10.418253212511203,5.05,2.940663190506523,0.583502584,0.32982159115196746,10.671,0.4098158122864467,0.14084729499999998,0.004771710959443686,4.9965,0.17272159679669463,1.8364999999999998,0.0790743321185832,4.353999999999999,0.889299724502375,365.73,22.9430839252268,16.1235,2.3840559452328294,729.625,17.34773400188048,8.4,1.2,419.467,10.729444114212063,2.825,0.3364595072218945,56.9302026,2.464999848906211,1836.8500000000001,146.75356895149093,116.6,1.2,125.6,1.2,5.390000000000001,0.12161414391426677,6.881500000000001,0.23732414542140468,24.866999999999997,0.7614860471472867,752.525,17.34773400188045,0.43705,0.013211642592804286,0.43705,0.013211642592804286,91.84,8.164888241733623,201.65,2.971110903349116,241.95,2.178875856950093,202.25,2.487468592766536,223.15,0.8529361054615932,290.09499999999997,5.7259475198433405,10.781962092772805,80,8.4
137.5,2.5,234.0,2.4899799195977463,6.894521364068583,0.26111670904073486,56.7877826,2.4411842985099756,0.0008315999999999999,0.0008822969114759497,3137.2500000000005,86.12891500535694,459.5,70.9383535190943,521.85,92.92162019680887,114.3,4.013726448077888,138.3,1.7916472867168918,138.15,5.032643440578719,114.3,4.013726448077888,106.1,3.6041642581880198,99.65,3.021175268004159,8.261000000000001,0.6503914206076212,61.05,10.086996579755542,5.1,2.913760456866693,0.5332525840000001,0.3149959986761984,10.6465,0.39605902337909193,0.140449615,0.004551479742817162,4.9830000000000005,0.1667363187790829,1.8325,0.07725768570181221,4.3245,0.8770830918447807,363.8,23.398290535848993,15.933,2.409747082164433,730.475,16.97877719389709,8.3,1.1445523142259597,418.737,10.474821764593413,2.7925,0.29681433590714595,56.7877826,2.4411842985099756,1841.0,144.78130922187435,116.7,1.1445523142259597,125.7,1.1445523142259597,5.399500000000001,0.12623291963667793,6.906000000000001,0.23223694796478878,24.818499999999997,0.7126448975471582,753.3750000000001,16.978777193897063,0.43729999999999997,0.013386933928274999,0.43729999999999997,0.013386933928274999,91.315,8.537521595873123,202.0,2.8106938645110393,242.15,2.17428149051589,202.49999999999997,2.499999999999986,223.20000000000002,0.8124038404635917,290.48499999999996,5.518539208884911,10.382361437465825,80,8.3
137.75,2.48746859276655,234.4,2.2891046284519194,6.9195798581365136,0.25512670598772663,56.6453626,2.408727961118823,0.0009116000000000001,0.000911587538308856,3134.65,85.39525747955797,464.95,68.21838095410943,529.6,88.19546473600556,114.6,3.903844259188619,138.55,1.6575584454250776,139.04999999999998,3.904804732633887,114.6,3.903844259188619,106.5,3.456877203488721,99.7,3.0512292604784714,8.2095,0.6384236446122586,61.70000000000001,9.70103087305674,5.15,2.885740806101615,0.48300258400000007,0.2908823669011506,10.622,0.3802315084261167,0.140051935,0.004283271116013436,4.9695,0.15938867588382788,1.8284999999999998,0.07518477239441508,4.295,0.8636868645521941,361.87000000000006,23.688079280515772,15.742500000000001,2.4202187401142066,731.325,16.55804562742838,8.200000000000001,1.0770329614269007,418.007,10.16154569935105,2.7600000000000002,0.2467387282126583,56.6453626,2.408727961118823,1845.15,142.6611369644866,116.8,1.0770329614269007,125.80000000000001,1.077032961426901,5.409,0.12999615378925633,6.9305,0.2243763579346095,24.77,0.6566277484237166,754.225,16.55804562742835,0.43755,0.013555349497523121,0.43755,0.013555349497523121,90.79,8.863515104065653,202.35,2.5937424698685874,242.35,2.1511624764298953,202.75,2.4874685927665356,223.25,0.7664854858377923,290.875,5.27426535168644,9.705657155108957,80,8.200000000000001
136.75,2.3848480035423645,232.20000000000002,4.308131845707604,6.844217054617604,0.26552852814466793,57.4576726,2.832686922581393,0.0007216000000000001,0.0009029395550090826,3127.4,110.3752123440766,437.15,85.65703415365255,492.15000000000003,112.40252443784348,113.5,4.141255848169723,137.65,1.8781639970992947,135.85,6.302975487815259,113.5,4.141255848169723,105.60000000000001,4.24735211631906,100.45000000000002,5.342986056504359,8.4185,0.6637264120102497,58.975,11.063990012649144,4.824999999999999,3.1195953263203866,0.687952584,0.3417261179547381,10.711500000000001,0.42535014987654607,0.141840895,0.0053739742753827,4.986000000000001,0.21513716554793583,1.8439999999999999,0.0816333265278342,4.351,0.9105157878916764,365.89000000000004,25.598474563926665,16.2745,2.3908648539806676,723.84,27.421641088745947,8.65,1.3518505834595773,416.29200000000003,21.115617348304077,2.8945000000000003,0.4038994305517155,57.4576726,2.832686922581393,1810.0310000000002,181.15730473541498,116.55000000000001,1.2835497652993435,125.60000000000001,1.3564659966250536,5.2620000000000005,0.48999591835034706,6.858500000000001,0.24135606476738894,24.882499999999997,0.8097337525384499,746.74,27.42164108874594,0.4336,0.01691862878604529,0.4336,0.01691862878604529,108.39500000000001,67.51703099959299,200.9,3.223352292257239,241.45000000000002,2.246664193866097,201.75,2.3848480035423507,223.25,1.0897247358851583,292.62,14.317038799975368,12.010787418779111,80,8.65
137.0,2.449489742783178,232.6,4.363484845854286,6.8692755486855335,0.26445075176012484,57.3152526,2.838576453144717,0.0008016000000000001,0.0009409802548406637,3124.8,109.57019439610391,442.59999999999997,84.86601204251322,499.9,110.62861293535231,113.8,4.093897898091736,137.89999999999998,1.841195263952197,136.75,5.812701609406765,113.8,4.093897898091736,106.0,4.171330722922842,100.50000000000001,5.352569476429054,8.367,0.6643274794858328,59.62500000000001,10.838444307187263,4.875,3.097882341213107,0.637702584,0.3430949750206429,10.687,0.414512967227806,0.14144321499999998,0.005255150956659096,4.972500000000001,0.2096872671384697,1.8399999999999999,0.0802496105909555,4.3214999999999995,0.8984891485154398,363.96000000000004,26.01911604955096,16.084,2.4283582931684524,724.69,27.36998173181707,8.549999999999999,1.3219304066402284,415.562,20.87665480866128,2.862,0.37755264533572014,57.3152526,2.838576453144717,1814.1810000000003,180.18208639873168,116.65,1.2359207094308275,125.7,1.3076696830622019,5.2715000000000005,0.4936322011376486,6.883000000000001,0.23872787855631783,24.833999999999996,0.7649666659404184,747.5899999999999,27.36998173181706,0.43385,0.01710635846695609,0.43385,0.01710635846695609,107.87000000000002,67.69162503589348,201.25,3.1603006186120965,241.65,2.286372673034735,202.0,2.449489742783164,223.3,1.0535653752852652,293.01,14.16601214174265,11.905751859927141,80,8.549999999999999
137.25,2.48746859276655,233.0,4.3817804600413295,6.894334042753463,0.26097345593836113,57.17283260000001,2.8373139492364325,0.0008816,0.0009709726257727352,3122.2000000000003,108.69704457803809,448.05,83.71348457685893,507.65,108.27246879978308,114.1,4.023679907746134,138.15,1.7684739183827394,137.64999999999998,5.121279137090655,114.1,4.023679907746134,106.39999999999999,4.054626986542658,100.55,5.361669516111563,8.3155,0.660927189635893,60.275000000000006,10.568201124127038,4.925,3.0752032453156652,0.5874525840000001,0.33704815542651406,10.6625,0.4018939536743494,0.141045535,0.005102678206322146,4.9590000000000005,0.20319694879598937,1.8359999999999999,0.07863841300534999,4.292,0.8853168924176247,362.03000000000003,26.291768673864457,15.8935,2.45051683324151,725.54,27.29176432552502,8.45,1.2835497652993435,414.832,20.609083822431312,2.8295,0.34618600491643226,57.17283260000001,2.8373139492364325,1818.3310000000001,179.10542833482185,116.75,1.1779218989389748,125.80000000000001,1.2489995996796797,5.281000000000001,0.49706035850789787,6.907500000000001,0.23351391821473944,24.7855,0.7141251640994033,748.44,27.29176432552501,0.4341,0.0172884354410687,0.4341,0.0172884354410687,107.34500000000001,67.86170845918927,201.6,3.056141357987225,241.85,2.308137777516758,202.25,2.4874685927665356,223.35000000000002,1.0136567466356572,293.4,14.002499776825571,11.575758912053265,80,8.45
137.5,2.5,233.39999999999998,4.363484845854286,6.919392536821393,0.25499849617678794,57.0304126,2.8288898352384884,0.0009616000000000001,0.0009936457316367842,3119.6,107.75410665028039,453.49999999999994,82.1842442320911,515.4,105.29501412697564,114.39999999999999,3.929376540877692,138.39999999999998,1.6552945357246849,138.54999999999998,4.128861828639946,114.39999999999999,3.929376540877692,106.8,3.8935844667863573,100.60000000000001,5.370288632839021,8.264000000000001,0.653463082354313,60.925000000000004,10.249725606083315,4.975,3.0515364982251154,0.5372025840000001,0.3231696632860448,10.638,0.3873189899811266,0.140647855,0.004913424407933331,4.9455,0.19556264980818788,1.8319999999999999,0.07678541528180985,4.2625,0.8709470420180553,360.1,26.42101436357053,15.703,2.4577552766701567,726.3900000000001,27.18675964509195,8.35,1.2359207094308275,414.10200000000003,20.31177382701964,2.797,0.3082709846871743,57.0304126,2.8288898352384884,1822.481,177.9254890649454,116.85000000000001,1.107925990308017,125.9,1.1789826122551597,5.2905,0.5002846689635811,6.932,0.22553491969094275,24.737,0.6557979871881277,749.2900000000001,27.18675964509194,0.43435,0.017465036501536444,0.43435,0.017465036501536444,106.82000000000001,68.02731510209705,201.95,2.906458325866724,242.05,2.3124662159694354,202.49999999999997,2.499999999999986,223.39999999999998,0.96953597148326,293.79,13.826058729804389,10.958644003383364,80,8.35
136.5,2.29128784747792,231.20000000000002,5.287721626560915,6.844029733302483,0.2653521473137469,57.8427226,3.0982579911304415,0.0007716,0.0009953089168695316,3112.3500000000004,127.60509394220907,425.70000000000005,93.81369836010091,477.95,121.98093088675787,113.3,4.112177038990411,137.5,1.8027756377319946,135.35,6.190920771581559,113.3,4.112177038990411,105.9,4.6679760067935225,101.35000000000001,6.835751604615253,8.473,0.6611966424597148,58.199999999999996,11.363758181165243,4.6499999999999995,3.2561480310329878,0.742152584,0.3382103481368002,10.727500000000001,0.42836754078711453,0.142436815,0.0057046273660314615,4.962000000000001,0.2447774499417786,1.8474999999999997,0.08245453292572823,4.3185,0.9193871600147568,364.12000000000006,28.398197125874038,16.235,2.437491538446851,718.9050000000001,33.808585817806694,8.8,1.4352700094407325,412.387,27.235753909154052,2.9315,0.4328195351413798,57.8427226,3.0982579911304415,1787.362,206.23051058463685,116.6,1.3190905958272918,125.7,1.452583904633395,5.1435,0.6623011022186208,6.860000000000001,0.2428785704832768,24.8495,0.8136367432706069,741.805,33.8085858178067,0.4304,0.019550959055759903,0.4304,0.019550959055759903,124.42500000000001,92.42990249372764,200.5,3.3090784215548594,241.15,2.286372673034735,201.5,2.291287847477907,223.4,1.2409673645990733,295.53499999999997,18.924752970646676,12.369555731333726,80,8.8
136.75,2.384848003542364,231.6,5.40740233383831,6.869088227370413,0.2642914128608143,57.70030259999999,3.121262773395992,0.0008516000000000001,0.0010260525522603607,3109.7500000000005,126.60071089847798,431.15,93.75994613906303,485.7,121.25926768705143,113.60000000000001,4.07921561087422,137.75,1.7853571071357124,136.25,5.769532043415653,113.60000000000001,4.07921561087422,106.30000000000001,4.57274534606947,101.40000000000002,6.836665854054885,8.4215,0.6660275895186323,58.85,11.189392298065163,4.7,3.2380549717384355,0.691902584,0.34752087963000955,10.703,0.41854629373583063,0.142039135,0.005635047149871511,4.9485,0.23864775297496502,1.8435,0.08125730736370729,4.289,0.906420983870078,362.19000000000005,28.658993352872677,16.0445,2.4712354703669983,719.755,33.890698945285855,8.7,1.4177446878757827,411.65700000000004,26.945322618220775,2.899,0.41127727873054215,57.70030259999999,3.121262773395992,1791.5120000000002,205.8319494053341,116.7,1.268857754044952,125.8,1.4,5.1530000000000005,0.666686583035837,6.884500000000001,0.2401140354081786,24.801,0.7670130376988383,742.655,33.890698945285855,0.43065,0.01975417677353324,0.43065,0.01975417677353324,123.9,92.64839448150197,200.85000000000002,3.2905166767545793,241.35000000000002,2.3510635891017495,201.75,2.3848480035423507,223.45000000000002,1.2031209415515853,295.925,18.750223332003284,12.369555731333726,80,8.7
137.0,2.449489742783178,232.0,5.495452665613635,6.894146721438342,0.26082998962927834,57.5578826,3.1376413288920775,0.0009316,0.001049822765994337,3107.1500000000005,125.5344574210603,436.6,93.38865027400279,493.45,120.03394311610363,113.9,4.023679907746134,138.0,1.7320508075688772,137.15,5.160184105242758,113.9,4.023679907746134,106.7,4.439594576084623,101.45,6.837214345038483,8.370000000000001,0.6668583057891682,59.5,10.973832511934926,4.749999999999999,3.2190837205639746,0.641652584,0.3494354861355892,10.6785,0.40701689154137094,0.141641455,0.005536103378051663,4.9350000000000005,0.23157072353818806,1.8395,0.07984203153727991,4.2595,0.8922918524787727,360.26000000000005,28.788337916593942,15.854,2.4899927710738434,720.605,33.95133981155973,8.6,1.3928388277184118,410.927,26.631724146213298,2.8665,0.3858143983834715,57.5578826,3.1376413288920775,1795.6620000000003,205.34876258697057,116.8,1.2083045973594573,125.9,1.3379088160259651,5.1625000000000005,0.6709088984355477,6.909000000000001,0.2347743597584711,24.752499999999998,0.7140789522174699,743.5050000000001,33.95133981155973,0.4309,0.019952192861938767,0.4309,0.019952192861938767,123.375,92.86340439053482,201.2,3.2341923257592455,241.55,2.3973944189473704,202.0,2.449489742783164,223.50000000000003,1.1618950038622153,296.31499999999994,18.56586316334364,12.123266113290065,80,8.6
137.25,2.48746859276655,232.39999999999998,5.5533773507659285,6.919205215506272,0.2548700841961421,57.4154626,3.1474971015325246,0.0010116,0.0010670856760354344,3104.55,124.4047426748675,442.05,92.69599505911785,501.19999999999993,118.2893063636777,114.2,3.9446165846631955,138.25,1.6393596310755,138.04999999999998,4.283398183685472,114.2,3.9446165846631955,107.10000000000001,4.264973622427225,101.5,6.837397165588672,8.3185,0.6637038119522892,60.150000000000006,10.714592852740601,4.8,3.1992186546092785,0.591402584,0.34407765280938485,10.654,0.3936292672045615,0.141243775,0.005406184058915773,4.9215,0.22345637158067322,1.8354999999999997,0.07819686694491026,4.2299999999999995,0.8769435557662763,358.33000000000004,28.788002709462155,15.6635,2.494101591756037,721.455,33.99062333938583,8.5,1.3601470508735443,410.197,26.29412959198308,2.834,0.3555896511429994,57.4154626,3.1474971015325246,1799.8120000000001,204.78035109843916,116.89999999999999,1.1357816691600546,126.0,1.2649110640673518,5.172,0.6749711104928862,6.9335,0.2266776345385667,24.704,0.6533023802191444,744.355,33.99062333938582,0.43115,0.020145160709212528,0.43115,0.020145160709212528,122.85000000000001,93.07495635239373,201.54999999999998,3.138072656902641,241.75,2.426417111710186,202.25,2.4874685927665356,223.55,1.1169153951844255,296.705,18.37137651347879,11.575758912053265,80,8.5
136.5,2.29128784747792,230.60000000000002,6.118823416311341,6.868900906055291,0.26413184499201425,58.0853526,3.3362432938602726,0.0009016000000000001,0.0011023265577858497,3094.7000000000003,139.98874061866547,419.7,100.58533690354672,471.5,129.48223816415904,113.39999999999999,4.054626986542651,137.6,1.7146428199482247,135.75,5.682209077462743,113.39999999999999,4.054626986542651,106.6,4.923413450036469,102.30000000000001,7.950471684120383,8.476,0.6632601299641038,58.075,11.477450718691847,4.525,3.3633130987167994,0.746102584,0.34344152584277804,10.719,0.4219348290909393,0.14263505499999998,0.005931328678506618,4.9245,0.26226846932103737,1.8469999999999998,0.08210359310042405,4.2565,0.913128003075144,360.42,30.97443461953745,16.005,2.5127604342634813,714.82,38.7212422321392,8.85,1.49248115565993,407.752,31.396943418109995,2.936,0.4393335862417077,58.0853526,3.3362432938602726,1768.843,226.36305222142593,116.75,1.299038105676658,125.9,1.4798648586948742,5.0345,0.7856110678955586,6.886000000000001,0.2414829186505746,24.767999999999997,0.767636632789238,737.72,38.7212422321392,0.42745,0.021618221480963692,0.42745,0.021618221480963692,139.93,109.8697961225013,200.45000000000002,3.3686050525402944,241.04999999999998,2.3764469276632285,201.5,2.291287847477907,223.6,1.319090595827279,298.84,22.03341553186887,12.510809790525418,80,8.85
136.75,2.3848480035423645,231.00000000000003,6.260990336999411,6.893959400123221,0.2606863097614775,57.9429326,3.3678938175084503,0.0009816000000000002,0.0011209227627272096,3092.1000000000004,138.7434593052948,425.15,100.85994001584574,479.25000000000006,129.19012152637677,113.7,4.013726448077888,137.85,1.6815171720800237,136.65,5.150485414016819,113.7,4.013726448077888,106.99999999999999,4.774934554525329,102.35000000000001,7.945281618671549,8.4245,0.6683073768858158,58.725,11.312023470626286,4.575,3.347667098144617,0.695852584,0.35317641323454146,10.6945,0.4114544324709605,0.142237375,0.00587786653938953,4.9110000000000005,0.2545761182829212,1.843,0.080876448982383,4.227,0.8980373043476536,358.49000000000007,30.98409107913286,15.814499999999999,2.528235501293343,715.67,38.88236232535261,8.75,1.4790199457749038,407.02200000000005,31.03651198185776,2.9034999999999997,0.4184767018604501,57.9429326,3.3678938175084503,1772.9930000000002,226.33980430096696,116.85000000000001,1.2359207094308275,126.00000000000001,1.4142135623730951,5.0440000000000005,0.7906225395218631,6.910500000000001,0.23601853740755202,24.719499999999996,0.7125059648873121,738.57,38.88236232535262,0.42769999999999997,0.021835979483412236,0.42769999999999997,0.021835979483412236,139.405,110.12760995772132,200.8,3.3555923471125038,241.25,2.446936860648431,201.75,2.3848480035423507,223.65,1.275735082217296,299.22999999999996,21.824713056532957,12.369555731333726,80,8.75
137.0,2.4494897427831783,231.4,6.374950980203691,6.9190178941911515,0.25474146974005546,57.8005126,3.3932773690630778,0.0010616000000000002,0.0011335836272635556,3089.5,137.4377222599385,430.59999999999997,100.83967473172451,487.0,128.43052596637608,114.0,3.9496835316262917,138.1,1.6093476939431082,137.54999999999998,4.375785643744447,114.0,3.9496835316262917,107.39999999999999,4.586937976471886,102.4,7.939773296511683,8.373000000000001,0.6693661180549847,59.37500000000001,11.10616382915361,4.625,3.3311972322274768,0.6456025839999999,0.3556191095219935,10.67,0.3991991983959889,0.141839695,0.005796694873156172,4.8975,0.24590394466132479,1.8389999999999997,0.07942921376924235,4.1975,0.8817021889504415,356.56,30.873328294824326,15.624,2.5293089965443127,716.5200000000001,39.02430780936416,8.65,1.4585952145814822,406.29200000000003,30.654466167265095,2.871,0.3938514948556119,57.8005126,3.3932773690630778,1777.1430000000003,226.24044203236522,116.95,1.16081867662439,126.10000000000001,1.3379088160259651,5.0535,0.7954890005524904,6.9350000000000005,0.22780474095154388,24.671,0.6491217143186627,739.4200000000001,39.02430780936416,0.42795,0.02204875279919479,0.42795,0.02204875279919479,138.88,110.38232467202347,201.15,3.305676935213119,241.45,2.4994999499899975,202.0,2.449489742783164,223.7,1.2288205727444408,299.62,21.606957212897893,11.905751859927141,80,8.65
136.5,2.29128784747792,230.00000000000003,6.797058187186572,6.8937720788081,0.2605424159816484,58.327982600000006,3.541764732199422,0.0010316000000000001,0.0011856676768808366,3077.05,149.2902876948129,413.70000000000005,106.59179142879624,465.05,136.26719157596227,113.5,3.993745109543165,137.70000000000002,1.6155494421403513,136.15,5.091905340832644,113.5,3.993745109543165,107.3,5.070502933634888,103.25,8.825389509817683,8.479000000000001,0.665303690054399,57.949999999999996,11.588679821273862,4.3999999999999995,3.462657938636157,0.7500525840000001,0.3485494495184515,10.7105,0.4152285515231343,0.14283329500000003,0.006143284805743185,4.8870000000000005,0.27357083177853575,1.8464999999999998,0.08174808866267148,4.1945,0.9025767280403367,356.72,32.93924103557944,15.775,2.5653001773671633,710.7349999999999,42.688104607724156,8.9,1.5459624833740306,403.117,34.44972236462873,2.9404999999999997,0.4457070226056575,58.327982600000006,3.541764732199422,1750.324,243.44102489925567,116.89999999999999,1.260952021291849,126.10000000000002,1.4798648586948742,4.9255,0.8786152457133897,6.912000000000001,0.2372467070372106,24.6865,0.7093960459433076,733.6350000000001,42.68810460772416,0.4245,0.023131147831441483,0.4245,0.023131147831441483,155.435,122.95790855004,200.39999999999998,3.4263683398023628,240.95,2.4591665254715873,201.5,2.291287847477907,223.8,1.3638181696985727,302.145,24.309472947803705,12.369555731333726,80,8.9
136.75,2.3848480035423645,230.4,6.959885056522126,6.918830572876031,0.25461265250169407,58.1855626,3.5812564272383014,0.0011116000000000001,0.0011942997278740375,3074.45,147.8130914364489,419.15,107.15655602901766,472.8,136.35673800733133,113.80000000000001,3.9446165846631964,137.95000000000002,1.5644487847162016,137.04999999999998,4.409931972264425,113.80000000000001,3.9446165846631964,107.7,4.86929152957594,103.30000000000001,8.815327560561775,8.4275,0.6705659922781648,58.6,11.431972708154966,4.45,3.449275286201436,0.6998025840000001,0.35869930436455494,10.686,0.40405940157358067,0.142435615,0.00610461100589342,4.8735,0.26429670826553986,1.8424999999999998,0.08049068269060711,4.165,0.8852429045183023,354.79,32.73087074918723,15.5845,2.5634244186244306,711.585,42.91529185500199,8.8,1.5362291495737217,402.38700000000006,34.02224700104331,2.908,0.4255067567031105,58.1855626,3.5812564272383014,1754.4740000000002,243.73492959360587,117.0,1.1832159566199232,126.20000000000002,1.4,4.9350000000000005,0.8842708860976936,6.9365000000000006,0.2289164694817741,24.637999999999998,0.6432231339123302,734.485,42.915291855002,0.42474999999999996,0.02336637541425713,0.42474999999999996,0.02336637541425713,154.91,123.25439505348278,200.75,3.418698582794336,241.15,2.5352514668174435,201.75,2.3848480035423507,223.85,1.3143439428094803,302.535,24.066974778729467,12.010787418779111,80,8.8
137.0,2.449489742783178,233.00000000000003,2.5298221281347035,6.853216770526695,0.27660012513681337,56.8801776,2.70715107873806,0.0006016,0.0007362634311168795,3132.9500000000003,97.47697163945955,454.6,81.8281125286414,514.4,109.03137163220501,114.00000000000001,4.5166359162544785,137.8,1.9390719429665317,136.20000000000002,6.273754856543249,114.00000000000001,4.5166359162544785,105.4,3.8781438859330635,99.60000000000001,3.006659275674582,8.328,0.7057875034314505,60.8,11.838918869558995,5.3999999999999995,3.3226495451672298,0.6595025840000001,0.317849633037409,10.652000000000001,0.46756389937633147,0.14084758,0.005393492387461023,4.996,0.1935561933909632,1.832,0.08975522268926749,4.2780000000000005,1.0082539362680416,367.76000000000005,22.192304972670154,16.674,2.47796368012124,730.6400000000001,19.670343159182554,8.4,1.3564659966250536,419.296,11.972571319478531,2.858,0.36907451822091436,56.8801776,2.70715107873806,1851.1500000000003,166.58211188479993,116.60000000000001,1.3564659966250538,125.6,1.3564659966250536,5.362,0.11702991070662239,6.864000000000001,0.24840289853381353,24.828,0.871972476629853,753.54,19.67034315918253,0.43679999999999997,0.013029197979921876,0.43679999999999997,0.013029197979921876,93.04,7.2383976127317,201.4,3.2,241.8,2.227105745132009,202.0,2.449489742783164,223.20000000000002,0.9797958971132642,290.26,6.505874268689808,11.075736540306957,80,8.4
137.25,2.48746859276655,233.4,2.4979991993593593,6.878275264594624,0.27474604895808835,56.7377576,2.6828295447710877,0.0006816000000000001,0.0007946243389174535,3130.3500000000004,96.71380459892993,460.05,79.81696248292089,522.15,105.58090499706847,114.30000000000001,4.439594576084614,138.05,1.8834808201837363,137.1,5.726255320888163,114.30000000000001,4.439594576084614,105.80000000000001,3.815756805667783,99.65,3.0376800358168077,8.2765,0.6997233381844568,61.45,11.525948984790798,5.45,3.2935543110748906,0.609252584,0.3148119858169564,10.6275,0.45453135205395917,0.1404499,0.0051996854885656306,4.982500000000001,0.1881986981889087,1.828,0.08795453370918409,4.2485,0.9952450703218781,365.83000000000004,22.834822092584837,16.483500000000003,2.5442489559789543,731.49,19.301085461703963,8.299999999999999,1.307669683062202,418.56600000000003,11.734296911191564,2.8255000000000003,0.3365334307316289,56.7377576,2.6828295447710877,1855.3000000000004,164.4868611774205,116.7,1.307669683062202,125.69999999999999,1.307669683062202,5.3715,0.12398689446873006,6.8885000000000005,0.24530134528779096,24.7795,0.827378238775954,754.39,19.301085461703934,0.43705,0.013211642592804286,0.43705,0.013211642592804286,92.515,7.7381053882717294,201.75,3.080178566252288,242.0,2.23606797749979,202.25,2.4874685927665356,223.25000000000003,0.9420721840708329,290.65,6.31391320814597,10.970700981454987,80,8.299999999999999
137.5,2.5,233.8,2.4,6.903333758662553,0.27056847074364526,56.59533760000001,2.650644234272235,0.0007616,0.000841410625081476,3127.7500000000005,95.8740840894973,465.50000000000006,77.37086014773263,529.9,101.42332078964877,114.60000000000001,4.340506882842134,138.3,1.7916472867168918,138.0,4.959838707054898,114.60000000000001,4.340506882842134,106.2,3.709447398198282,99.7,3.0675723300355937,8.225,0.6897717013621243,62.1,11.166467659918244,5.5,3.263433774416144,0.559002584,0.3035369147336376,10.603,0.43975106594526875,0.14005222,0.004966628580999388,4.969,0.18168379124181644,1.824,0.08593020423576334,4.219,0.981177353998756,363.90000000000003,23.300429180596666,16.293000000000003,2.594902888356325,732.34,18.88640781090994,8.2,1.2489995996796797,417.836,11.444613754950398,2.793,0.29695285821153505,56.59533760000001,2.650644234272235,1859.4500000000003,162.25846665120437,116.8,1.2489995996796797,125.8,1.2489995996796797,5.381,0.12988071450373223,6.913,0.23966852108693798,24.730999999999998,0.7772187594236255,755.2400000000001,18.886407810909912,0.43729999999999997,0.013386933928275,0.43729999999999997,0.013386933928275,91.99000000000001,8.173793488949912,202.1,2.9137604568666933,242.2,2.227105745132009,202.5,2.499999999999986,223.30000000000004,0.8999999999999959,291.03999999999996,6.091009768503095,10.640708033581111,80,8.2
137.75,2.48746859276655,234.2,2.227105745132009,6.928392252730483,0.2639570932047942,56.4529176,2.610304280015003,0.0008416000000000001,0.0008784735852602513,3125.15,94.95577918168014,470.95,74.44694419517836,537.65,96.46723537035774,114.9,4.217819341792621,138.55,1.6575584454250776,138.89999999999998,3.845776904605882,114.9,4.217819341792621,106.6,3.5552777669262356,99.75,3.096368841078207,8.1735,0.6757608674671829,62.75,10.755812382149477,5.550000000000001,3.2322592717787972,0.508752584,0.2830417032841902,10.5785,0.4230398917359923,0.13965454,0.0046884721368906515,4.9555,0.17388142511493263,1.82,0.08366600265340757,4.1895,0.9660045289748905,361.97,23.599599572874126,16.102500000000003,2.6308285291899964,733.19,18.423243471224065,8.1,1.1789826122551597,417.106,11.099497466101779,2.7605000000000004,0.24697115216154306,56.4529176,2.610304280015003,1863.6000000000001,159.891361555276,116.9,1.1789826122551597,125.89999999999999,1.1789826122551597,5.390499999999999,0.13485084352720972,6.9375,0.23131958412551243,24.682499999999997,0.7203323885540617,756.09,18.423243471224033,0.43755,0.01355534949752312,0.43755,0.01355534949752312,91.465,8.555248389146861,202.45,2.692118125194361,242.4,2.2,202.74999999999997,2.4874685927665356,223.35,0.8529361054615967,291.43,5.8336180882879285,10.023593124911208,80,8.1
136.75,2.384848003542364,232.00000000000003,4.171330722922842,6.853029449211573,0.27643690731934323,57.26522760000001,3.057528943583796,0.0006516,0.0008540631358394999,3117.9000000000005,117.34218124783602,443.15000000000003,92.51663363957857,500.2,121.51032877907953,113.8,4.512205669071384,137.65,1.8781639970992947,135.7,6.189507250177513,113.8,4.512205669071384,105.7,4.3485629810317805,100.50000000000001,5.361902647381804,8.3825,0.710386338551073,60.025,12.235680406091031,5.225,3.4802119188348284,0.7137025840000001,0.31893866042926744,10.668000000000001,0.4723303928395888,0.1414435,0.005825530581500713,4.972,0.22710350063352155,1.8355,0.09096565285864769,4.245500000000001,1.0139352789996017,365.99,25.500860769785803,16.6345,2.5292280937076432,725.705,29.070818271937238,8.55,1.4654350889752845,415.39099999999996,21.51094370314794,2.8950000000000005,0.40387498065614325,57.26522760000001,3.057528943583796,1828.4810000000002,198.31012999592335,116.65,1.3883443376914821,125.7,1.452583904633395,5.2435,0.48573938485570634,6.865500000000001,0.2498494546722087,24.794999999999998,0.8735416418236738,748.605,29.07081827193723,0.4336,0.01691862878604529,0.4336,0.01691862878604529,109.07000000000001,67.30091455545013,201.0,3.3466401061363023,241.5,2.313006701244076,201.75,2.3848480035423507,223.35000000000002,1.1521718621802812,293.175,14.465610080463257,12.01078741877911,80,8.55
137.0,2.449489742783178,232.4,4.24735211631906,6.878087943279503,0.2745988235604627,57.1228076,3.0540249321242685,0.0007316000000000001,0.0009004264767319983,3115.3000000000006,116.37322501331653,448.59999999999997,91.42778571090957,507.95,119.3496857976593,114.10000000000001,4.4485952839070375,137.9,1.841195263952197,136.6,5.71314274283428,114.10000000000001,4.4485952839070375,106.10000000000001,4.264973622427224,100.55000000000003,5.37098687393667,8.331000000000001,0.708335372546084,60.675000000000004,11.975260957490656,5.275,3.4549782922617616,0.6634525840000001,0.3244181966357861,10.6435,0.4602855092222654,0.14104582,0.005688386988734155,4.958500000000001,0.22109443683638882,1.8315000000000001,0.08934623663031364,4.216,1.000041999118037,364.06000000000006,25.930530268392133,16.444,2.5913016034417917,726.5550000000001,28.9674209242038,8.45,1.4309088021254184,414.661,21.245485614595868,2.8625000000000003,0.3775695300206309,57.1228076,3.0540249321242685,1832.6310000000003,197.03143875787947,116.75000000000001,1.3369741957120937,125.8,1.4,5.253,0.4897662707863823,6.890000000000001,0.24661711213944593,24.746499999999997,0.8270989964931643,749.4549999999999,28.96742092420379,0.43384999999999996,0.01710635846695609,0.43384999999999996,0.01710635846695609,108.545,67.4813194521269,201.35000000000002,3.2752862470324633,241.70000000000002,2.3473389188611002,202.0,2.449489742783164,223.40000000000003,1.1135528725659958,293.565,14.301023564766272,12.01078741877911,80,8.45
137.25,2.48746859276655,232.8,4.28485705712571,6.9031464373474325,0.270436328593982,56.98038760000001,3.0438604466073413,0.0008116000000000001,0.0009377162897166713,3112.7000000000007,115.3375372547897,454.05,89.9963749269936,515.6999999999999,116.63537199323369,114.4,4.363484845854278,138.15,1.7684739183827394,137.5,5.034878350069642,114.4,4.363484845854278,106.5,4.141255848169731,100.60000000000001,5.379591062525106,8.2795,0.7025131671363888,61.325,11.67291201885802,5.325,3.4288299753706077,0.613202584,0.32205952633079427,10.619,0.44657474178462014,0.14064814,0.00551927420467583,4.945000000000001,0.21406774628607628,1.8275000000000001,0.08751428454829531,4.1865000000000006,0.9850699213761428,362.13,26.211468863838984,16.2535,2.6382025604566453,727.405,28.838610836862447,8.35,1.3883443376914821,413.931,20.951248626275238,2.83,0.34625135378796723,56.98038760000001,3.0438604466073413,1836.7810000000004,195.65639028408964,116.85000000000001,1.2757350822173072,125.9,1.3379088160259651,5.2625,0.49357750151318686,6.9145,0.24086251264985184,24.698,0.7748586967957445,750.3050000000001,28.838610836862433,0.4341,0.0172884354410687,0.4341,0.0172884354410687,108.02000000000001,67.65716961268777,201.7,3.163858403911275,241.9,2.364318083507378,202.25,2.4874685927665356,223.45000000000005,1.0712142642814202,293.955,14.123755697405707,11.764497800735448,80,8.35
137.5,2.5,233.2,4.28485705712571,6.928204931415363,0.26383943127608744,56.837967600000006,3.0269683906517164,0.0008916000000000001,0.0009669828540362026,3110.1000000000004,114.2333029374534,459.5,88.20572543775148,523.4499999999999,113.32761137516312,114.7,4.255584566190635,138.4,1.6552945357246849,138.39999999999998,4.054626986542658,114.7,4.255584566190635,106.9,3.9736632972611057,100.65,5.387717513010496,8.228,0.692824653141038,61.97500000000001,11.325275934828255,5.375000000000001,3.4017458752822796,0.562952584,0.31168475370543164,10.5945,0.4310391513540274,0.14025046,0.005315141596834464,4.9315,0.2059192803017724,1.8235,0.08545612909557745,4.157,0.9689690397530771,360.2,26.348434488599136,16.063000000000002,2.670730424434484,728.2550000000001,28.684045652592317,8.25,1.3369741957120937,413.20099999999996,20.62700121200365,2.7975000000000003,0.3083970654853902,56.837967600000006,3.0269683906517164,1840.9310000000003,194.18293761038842,116.95,1.2031209415515964,126.0,1.2649110640673518,5.271999999999999,0.49717803652212955,6.939,0.23239836488237178,24.6495,0.7155520596015356,751.1550000000001,28.684045652592303,0.43434999999999996,0.017465036501536444,0.43434999999999996,0.017465036501536444,107.495,67.82850046256368,202.04999999999998,3.007906248539007,242.1,2.364318083507378,202.5,2.499999999999986,223.50000000000003,1.0246950765959544,294.345,13.933322468097844,11.216990599498649,80,8.25
136.75,2.384848003542364,231.4,5.276362383309167,6.877900621964382,0.2744513913336017,57.5078576,3.3406638862322926,0.0007816000000000001,0.0009925259895841518,3100.2500000000005,131.44919170538859,437.15000000000003,100.42473549878038,493.74999999999994,130.14640794121058,113.9,4.4485952839070375,137.75,1.7853571071357126,136.1,5.6559702969517085,113.9,4.4485952839070375,106.4,4.651881339845203,101.45000000000002,6.844523358130937,8.3855,0.7126883961451875,59.9,12.359813914456803,5.1,3.6006943774777667,0.717652584,0.32482682494340825,10.6595,0.46541889733873104,0.14164174,0.006080174552954879,4.9345,0.24737572637589145,1.835,0.09058145505565694,4.1834999999999996,1.0037642900601715,362.29,28.58478441408996,16.404500000000002,2.6369233492841615,721.62,35.45395041458709,8.6,1.5297058540778354,410.756,27.102574490258306,2.8995,0.4112477963466796,57.5078576,3.3406638862322926,1809.9620000000002,222.61868990720436,116.8,1.3638181696985856,125.89999999999999,1.4798648586948742,5.1345,0.6605185462952573,6.891500000000001,0.24791682072824356,24.7135,0.8255015142324086,744.52,35.453950414587084,0.43065,0.019754176773533243,0.43065,0.019754176773533243,124.57500000000002,92.37779427438176,200.95000000000002,3.412843389316304,241.4,2.4166091947189146,201.75,2.3848480035423507,223.55,1.243985530462462,296.48,18.766422141687006,12.369555731333724,80,8.6
137.0,2.4494897427831783,231.8,5.3814496188294845,6.902959116032312,0.2703039920306012,57.3654376,3.34779494222102,0.0008616000000000001,0.0010225711906757399,3097.6500000000005,130.23306031879923,442.6,99.75088972034285,501.5,128.5210099555711,114.20000000000002,4.3772137256478505,138.00000000000003,1.7320508075688774,137.0,5.059644256269407,114.20000000000002,4.3772137256478505,106.8,4.512205669071391,101.50000000000001,6.844705983459042,8.334,0.710861449229032,60.55,12.108777807854928,5.1499999999999995,3.578058132562969,0.6674025840000001,0.3308092175179156,10.635,0.4527306042228647,0.14124406,0.0059621417912022225,4.921,0.23976863848301744,1.8310000000000002,0.0889325587172662,4.154,0.9878785350436561,360.36000000000007,28.721183819613014,16.214000000000002,2.680220886419625,722.47,35.46725391117841,8.5,1.5,410.026,26.76625494909589,2.867,0.3858250899047391,57.3654376,3.34779494222102,1814.1120000000003,221.82711510543524,116.9,1.3,126.0,1.4142135623730951,5.144000000000001,0.6650443594227381,6.916,0.24204131878668989,24.665,0.7710804108522012,745.37,35.4672539111784,0.43089999999999995,0.019952192861938767,0.43089999999999995,0.019952192861938767,124.05000000000001,92.59725967867516,201.3,3.3481338085566414,241.60000000000002,2.4576411454889016,202.0,2.449489742783164,223.60000000000002,1.1999999999999906,296.86999999999995,18.57057080436679,12.228301672142033,80,8.5
137.25,2.48746859276655,232.2,5.455272678794342,6.928017610100242,0.2637215837972006,57.2230176,3.348859482979936,0.0009416000000000001,0.001045655698592993,3095.05,128.95305347295968,448.05,98.77220003624502,509.24999999999994,126.40050435025962,114.50000000000001,4.283689998120772,138.25,1.6393596310755,137.89999999999998,4.194043395102153,114.50000000000001,4.283689998120772,107.2,4.331281565541543,101.55000000000001,6.844523358130937,8.2825,0.7052792000335751,61.2,11.816725434738679,5.2,3.5545745174352446,0.617152584,0.32910011483865453,10.6105,0.4383089663696148,0.14084638,0.005814589247539334,4.9075,0.23112496619794215,1.827,0.08706893820416095,4.1245,0.9708371387622129,358.43,28.72756690010486,16.023500000000002,2.709469090061741,723.32,35.46018330465876,8.4,1.4628738838327795,409.296,26.405481703616015,2.8345000000000002,0.3556469457200498,57.2230176,3.348859482979936,1818.2620000000004,220.95477341754807,117.0,1.2247448713915892,126.1,1.3379088160259653,5.1535,0.6694047729139672,6.9405,0.23346252375916787,24.616500000000002,0.709205717687047,746.22,35.46018330465876,0.43115,0.02014516070921253,0.43115,0.02014516070921253,123.52500000000002,92.81323652906411,201.65,3.2446109165815242,241.8,2.4819347291981715,202.25,2.4874685927665356,223.65,1.1521718621802834,297.26,18.364351336216593,11.764497800735448,80,8.4
136.75,2.3848480035423645,230.80000000000004,6.128621378417825,6.90277179471719,0.2701714607678173,57.75048760000001,3.5852264261690143,0.0009116,0.0010986318036539811,3082.6000000000004,142.00544883912028,431.15000000000003,107.41940001694294,487.3,137.94277799145556,114.0,4.3817804600413215,137.85000000000002,1.6815171720800237,136.5,5.034878350069642,114.0,4.3817804600413215,107.1,4.836320915737499,102.39999999999999,7.946068210127573,8.3885,0.7149704539349859,59.775,12.481461252593785,4.975,3.713068138345969,0.721602584,0.3305629414940755,10.651,0.4582455673544483,0.14183998,0.006318357416101124,4.897,0.2607700136135286,1.8345,0.09019284894047865,4.1215,0.9896124241338122,358.59000000000003,30.927429573115194,16.174500000000002,2.721017227067848,717.535,40.44104690781385,8.65,1.5898113095584647,406.121,31.038877863092928,2.904,0.4184423496731659,57.75048760000001,3.5852264261690143,1791.4430000000002,243.1159143515702,116.95,1.3219304066402287,126.10000000000001,1.4798648586948742,5.0255,0.7828567876693667,6.9175,0.24320516030709555,24.631999999999998,0.7658629120149371,740.4350000000001,40.44104690781385,0.4277,0.021835979483412236,0.4277,0.021835979483412236,140.07999999999998,109.80478404878359,200.89999999999998,3.477067730142742,241.29999999999998,2.511971337416094,201.75,2.3848480035423507,223.75000000000003,1.2990381056766467,299.78499999999997,21.754477125410304,12.369555731333724,80,8.65
137.0,2.449489742783178,231.20000000000002,6.257795138864806,6.927830288785121,0.2636035505192757,57.6080676,3.6014795613031936,0.0009916,0.0011165732577847276,3080.0,140.55435781220018,436.59999999999997,107.0954714261999,495.05,136.77626804383866,114.30000000000001,4.302324952859783,138.10000000000002,1.6093476939431082,137.39999999999998,4.2708313008125245,114.30000000000001,4.302324952859783,107.5,4.642197755374064,102.45,7.940245588141465,8.337,0.7133659649857146,60.425000000000004,12.239561879413822,5.025,3.692813967694555,0.671352584,0.3370327958540765,10.6265,0.4448850975251927,0.1414423,0.006217549738281155,4.8835,0.2515606288750286,1.8305,0.08851412316687095,4.0920000000000005,0.9716151501494819,356.66,30.82272538241874,15.984,2.7470937370246395,718.3850000000001,40.538454274922714,8.55,1.5644487847162016,405.391,30.635399442475045,2.8715,0.39385625550446707,57.6080676,3.6014795613031936,1795.5930000000003,242.7081445089967,117.05000000000001,1.2439855304624727,126.2,1.4,5.035,0.7879942893194086,6.942,0.2345122598074566,24.583499999999997,0.7012508467018057,741.285,40.53845427492273,0.42795,0.02204875279919479,0.42795,0.02204875279919479,139.55499999999998,110.06346566867683,201.25,3.418698582794336,241.5,2.5592967784139455,202.0,2.449489742783164,223.8,1.2489995996796701,300.175,21.52595816682733,12.01078741877911,80,8.55
136.75,2.384848003542364,230.20000000000002,6.823488843692792,6.92764296747,0.2634853311926161,57.993117600000005,3.798673876397478,0.0010416000000000002,0.0011811332862975287,3064.9500000000003,149.76368051032935,425.15000000000003,113.66937802240321,480.84999999999997,145.03491820937467,114.10000000000001,4.311612227462013,137.95000000000002,1.5644487847162016,136.9,4.288356328478313,114.10000000000001,4.311612227462013,107.8,4.915282290977803,103.35000000000001,8.810646968299208,8.3915,0.7172327028238463,59.65,12.600694425308472,4.85,3.8180492401225,0.725552584,0.33615479377158314,10.6425,0.4507979037218343,0.14203822,0.006541877412914437,4.8595,0.2683183743242342,1.8339999999999999,0.08979977728257459,4.0595,0.971305693383911,354.89000000000004,32.68855916066048,15.944500000000001,2.7836495379267845,713.45,44.50392679303704,8.7,1.6462077633154328,401.486,33.901443686073314,2.9085,0.4254676838491967,57.993117600000005,3.798673876397478,1772.9240000000002,260.7023356320384,117.1,1.2609520212918492,126.3,1.452583904633395,4.9165,0.8750329993777378,6.943500000000001,0.2355477658565244,24.5505,0.6916319469197467,736.35,44.503926793037046,0.42475,0.02336637541425713,0.42475,0.02336637541425713,155.585,122.88089467040838,200.85,3.539420856580918,241.2,2.5999999999999996,201.75,2.3848480035423507,223.95,1.3219304066402178,303.09000000000003,23.92676116819826,12.01078741877911,80,8.7
137.0,2.449489742783178,232.8,2.3579652245103193,6.862029165120664,0.28681174243684865,56.687732600000004,2.9035776125414046,0.0005316,0.0006628784503964509,3123.4500000000003,105.80033081233725,460.6000000000001,87.79886104044859,522.4499999999999,116.87620587613203,114.3,4.828043081829318,137.8,1.9390719429665317,136.05,6.1682655584856265,114.3,4.828043081829318,105.5,3.9937451095431715,99.65,3.0540956108150903,8.292,0.7454770284857876,61.849999999999994,12.791696525480894,5.799999999999999,3.6,0.685252584,0.2957003443454464,10.608500000000001,0.5055815957884546,0.140450185,0.005775594371861222,4.982,0.20745119908065107,1.8235,0.09727666729488628,4.1725,1.095535827802998,367.86,22.071166711345384,17.034,2.5560563374072958,732.505,21.32426962406919,8.3,1.452583904633395,418.395,12.868841245426871,2.8585000000000003,0.3690972094177902,56.687732600000004,2.9035776125414046,1869.6000000000001,180.94542685572355,116.7,1.452583904633395,125.7,1.452583904633395,5.3435,0.11507714803556794,6.871000000000001,0.25651315755726856,24.740499999999997,0.9263934099506533,755.405,21.32426962406916,0.4368,0.013029197979921877,0.4368,0.013029197979921877,93.715,6.632290328385811,201.5,3.3090784215548594,241.85,2.2863726730347356,202.0,2.449489742783164,223.29999999999998,1.053565375285267,290.815,7.015858821270577,10.970700981454987,80,8.3
137.25,2.48746859276655,233.2,2.3579652245103193,6.887087659188595,0.2842482842810598,56.545312599999995,2.871385435889031,0.0006116000000000001,0.0007348141533748516,3120.8500000000004,104.86233832983127,466.05,85.54617174368471,530.2,113.11392487222783,114.60000000000001,4.737087712930798,138.05,1.8834808201837363,136.95000000000002,5.634491991297884,114.60000000000001,4.737087712930798,105.9,3.9230090491866063,99.70000000000002,3.083828789021855,8.2405,0.737227746357935,62.5,12.44789138770097,5.85,3.5675621928706445,0.635002584,0.29682446974266724,10.584,0.491389865585362,0.140052505,0.005566721414573843,4.968500000000001,0.2015260529063176,1.8195000000000001,0.0952614822475485,4.143,1.080699310631778,365.93000000000006,22.725604502410945,16.8435,2.6464094071023854,733.355,20.90845462964683,8.2,1.4,417.665,12.595351324992878,2.826,0.3366065953008052,56.545312599999995,2.871385435889031,1873.7500000000002,178.59014530482918,116.80000000000001,1.4000000000000001,125.8,1.4,5.353000000000001,0.12357588761566722,6.895500000000001,0.25283344319927314,24.692,0.8797363241335436,756.255,20.9084546296468,0.43705,0.013211642592804286,0.43705,0.013211642592804286,93.19000000000001,7.223565601557167,201.85000000000002,3.1823733281939126,242.05,2.290742237791062,202.25,2.4874685927665356,223.35,1.013656746635659,291.205,6.80650240578817,10.970700981454987,80,8.2
137.5,2.5,233.6,2.2891046284519194,6.912146153256524,0.27942323164670146,56.4028926,2.831674200542789,0.0006916,0.0007922725793563728,3118.2500000000005,103.85080644848166,471.50000000000006,82.87490573146977,537.9499999999999,108.67082175082695,114.9,4.624932431938864,138.3,1.7916472867168918,137.85,4.881342028581894,114.9,4.624932431938864,106.3,3.809199390948182,99.75,3.112474899497183,8.189,0.725237202575819,63.15,12.059332485672662,5.8999999999999995,3.5341194094144583,0.5847525840000001,0.2893453179680217,10.5595,0.47551524686386254,0.139654825,0.005320055028087116,4.955000000000001,0.19448650338776702,1.8155000000000001,0.09303090884216922,4.1135,1.0648393071257278,364.0,23.20172407387004,16.653,2.7204707313257384,734.2049999999999,20.448899114622286,8.1,1.3379088160259651,416.935,12.27244372568071,2.7935,0.29709047443497755,56.4028926,2.831674200542789,1877.9,176.10561461804676,116.9,1.3379088160259651,125.9,1.3379088160259651,5.362500000000001,0.13083864108129528,6.920000000000001,0.2466779276708803,24.6435,0.8276247640084239,757.105,20.448899114622254,0.4373,0.013386933928275,0.4373,0.013386933928275,92.665,7.73442143925452,202.2,3.0099833886584824,242.25,2.277608394786075,202.5,2.499999999999986,223.4,0.9695359714832618,291.59499999999997,6.567379614427671,10.724411363411324,80,8.1
137.75,2.48746859276655,233.99999999999997,2.1447610589527217,6.937204647324454,0.27221635035600134,56.2604726,2.7841221815508823,0.0007716000000000001,0.0008382361481110201,3115.65,102.76356358165087,476.95000000000005,79.74300909797672,545.6999999999999,103.45921901889652,115.2,4.489988864128723,138.55,1.6575584454250776,138.75,3.779880950506246,115.2,4.489988864128723,106.7,3.64828726939094,99.8,3.1400636936215167,8.1375,0.7093156913532926,63.800000000000004,11.621531740695803,5.95,3.4996428389194234,0.5345025840000001,0.27255556354992205,10.535,0.45778269954204265,0.139257145,0.005030038263420568,4.9415,0.18620620290419948,1.8114999999999999,0.09056903444334603,4.0840000000000005,1.0479093472242722,362.07,23.51036154549735,16.462500000000002,2.779542903068776,735.0550000000001,19.942579447002338,8.0,1.2649110640673518,416.205,11.89609494750272,2.761,0.2472023462671826,56.2604726,2.7841221815508823,1882.0500000000002,173.48628187842405,117.0,1.2649110640673518,126.0,1.2649110640673518,5.372,0.1370620297529553,6.944500000000001,0.2378544723144806,24.595,0.7689505835877878,757.955,19.942579447002302,0.43755,0.013555349497523121,0.43755,0.013555349497523121,92.14,8.179938875077243,202.54999999999998,2.7834331319433563,242.45,2.246664193866097,202.75,2.4874685927665356,223.45,0.9205976319760963,291.985,6.295099284363999,10.176904162174525,80,8.0
137.0,2.449489742783178,232.2,4.1182520563948,6.886900337873473,0.2841117933105302,56.9303626,3.243848044479834,0.0006616,0.0008522275752403228,3105.8,122.06280145892113,454.6,97.17942168998538,516.0,126.9661372177637,114.39999999999999,4.75815090134812,137.9,1.841195263952197,136.45,5.607807058021879,114.39999999999999,4.75815090134812,106.2,4.354308211415448,100.60000000000001,5.388877434122992,8.295000000000002,0.7480340901322611,61.725,12.92814275137771,5.675,3.735890121510535,0.689202584,0.30241369964407294,10.6,0.4981164522478656,0.140648425,0.0060649019710029145,4.944500000000001,0.23109467756744184,1.823,0.09685556256612213,4.1105,1.0819541348874266,364.16,25.84125383954889,16.804,2.6969545787795535,728.42,30.36693267355134,8.35,1.5256146302392357,413.76,21.5704195601291,2.863,0.37758575184982823,56.9303626,3.243848044479834,1851.0810000000001,210.9416660098237,116.85000000000001,1.4239030865898143,125.9,1.4798648586948742,5.2345,0.4851646627692499,6.897000000000001,0.2540688882960684,24.659,0.8761843413346299,751.32,30.36693267355133,0.43385,0.017106358466956087,0.43385,0.017106358466956087,109.22000000000001,67.26358301488257,201.45000000000002,3.3834154341434335,241.75,2.405722344743882,202.0,2.449489742783164,223.5,1.1618950038622164,294.12,14.413417360223779,11.90575185992714,80,8.35
137.25,2.48746859276655,232.6,4.17612260356422,6.911958831941403,0.2793011893018233,56.7879426,3.2257948220957333,0.0007416,0.0008977949877338367,3103.2000000000003,120.871615774755,460.05,95.49213318383877,523.75,123.91564671178536,114.7,4.65939910288869,138.15,1.7684739183827394,137.35,4.942418436352795,114.7,4.65939910288869,106.6,4.223742416388576,100.65,5.3969899017878475,8.243500000000001,0.7400221280475332,62.375,12.594517656504356,5.725,3.706329046374593,0.6389525840000001,0.3041662258115052,10.5755,0.4832750252185604,0.140250745,0.005879762328825464,4.931000000000001,0.2235374688950376,1.8190000000000002,0.09481033698917013,4.081,1.065213124215056,362.23,26.13053960407248,16.6135,2.7669464667752424,729.27,30.191623010364978,8.25,1.479019945774904,413.03000000000003,21.249745880833494,2.8305,0.3463159684450026,56.7879426,3.2257948220957333,1855.2310000000002,209.2923473493477,116.95000000000002,1.3592277219068187,126.00000000000001,1.4142135623730951,5.244000000000001,0.48937102488807,6.921500000000001,0.24779578285354265,24.6105,0.8219031268951343,752.1700000000001,30.191623010364964,0.4341,0.017288435441068697,0.4341,0.017288435441068697,108.69500000000001,67.44525539279987,201.8,3.2649655434629015,241.95000000000002,2.4181604578687494,202.25,2.4874685927665356,223.55,1.1169153951844268,294.50999999999993,14.222338063764346,11.764497800735448,80,8.25
137.5,2.5,232.99999999999997,4.1952353926806065,6.937017326009333,0.272108326485603,56.6455226,3.2013102661322352,0.0008216,0.0009343339017717382,3100.6,119.612070879155,465.5,93.45720945973082,531.5,120.2898582591234,115.0,4.53872228716408,138.4,1.6552945357246849,138.25,3.973348713616765,115.0,4.53872228716408,107.0,4.049691346263318,100.7,5.404627646748664,8.192,0.7282897774924482,63.025000000000006,12.217277724599699,5.775,3.6758502417808048,0.588702584,0.29753993869128825,10.551,0.46667869032129605,0.13985306499999997,0.005660730995576016,4.9175,0.21486914622625533,1.815,0.09254728521139882,4.051500000000001,1.0473742167916873,360.3,26.275273547577015,16.423000000000002,2.8223821498868644,730.12,29.991208711887555,8.15,1.4239030865898141,412.3,20.89867459912231,2.798,0.308522284446359,56.6455226,3.2013102661322352,1859.381,207.546963020421,117.05000000000001,1.2835497652993437,126.10000000000001,1.3379088160259651,5.2535,0.4933586423688147,6.946000000000001,0.23885979150958,24.561999999999998,0.7606878466230411,753.0200000000001,29.991208711887545,0.43435,0.017465036501536444,0.43435,0.017465036501536444,108.17,67.62236390425878,202.15,3.1028212968200406,242.15,2.414021540914662,202.5,2.499999999999986,223.6,1.0677078252031258,294.9,14.017810100012063,11.300693929328864,80,8.15
137.0,2.449489742783178,231.6,5.2573757712379665,6.911771510626282,0.279178967919128,57.1729926,3.53505285469675,0.0007916,0.0009896341950438052,3088.1500000000005,134.09660696676855,448.6000000000001,105.38994259415838,509.54999999999995,136.0056892192382,114.5,4.6850827100489845,138.00000000000003,1.7320508075688772,136.85,4.952524608722303,114.5,4.6850827100489845,106.89999999999999,4.581484475582123,101.55,6.851824574520279,8.298,0.7505704497247409,61.599999999999994,13.0619676925033,5.549999999999999,3.8629651823437396,0.693152584,0.30893072495110546,10.5915,0.4903904056973385,0.140846665,0.006334823067164154,4.907,0.24690281488877341,1.8225,0.09643002644404905,4.048500000000001,1.0645951108285252,360.46000000000004,28.653523343561094,16.574,2.81209957149458,724.3349999999999,36.826651694119576,8.4,1.5937377450509227,409.125,26.869917658973208,2.8674999999999997,0.3858351331851469,57.1729926,3.53505285469675,1832.5620000000001,235.72360657346138,117.0,1.378404875209022,126.10000000000001,1.4798648586948742,5.125500000000001,0.658608191567642,6.923000000000001,0.24889957814347546,24.5775,0.8148059584956403,747.2350000000001,36.82665169411957,0.4309,0.019952192861938767,0.4309,0.019952192861938767,124.72500000000001,92.32541294248296,201.39999999999998,3.455430508634199,241.65,2.515452245621053,202.0,2.449489742783164,223.7,1.2288205727444417,297.42499999999995,18.558687318881155,12.123266113290063,80,8.4
137.25,2.48746859276655,231.99999999999997,5.347896782848375,6.936830004694213,0.2720001307093428,57.03057259999999,3.528301505439075,0.0008716000000000002,0.0010189798035290004,3085.55,132.66778056483798,454.05,104.15060009428655,517.3,133.5372981604765,114.80000000000001,4.578209256903832,138.25000000000003,1.6393596310755,137.75,4.0972551787751765,114.80000000000001,4.578209256903832,107.3,4.3943145085439665,101.60000000000001,6.851277253184255,8.2465,0.7427938812348953,62.25,12.738229861326886,5.6,3.836013555763327,0.642902584,0.31128478120655945,10.567,0.47486945574547135,0.140448985,0.006170593535817689,4.8934999999999995,0.23772410479377115,1.8185,0.09435438516571447,4.019,1.0458293359817366,358.53000000000003,28.66665484495881,16.3835,2.86403609439546,725.1850000000001,36.77676270418592,8.299999999999999,1.5524174696260022,408.39500000000004,26.485733423864254,2.835,0.3557035282366483,57.03057259999999,3.528301505439075,1836.7120000000002,234.57669661754557,117.10000000000001,1.3,126.2,1.4,5.135,0.663275960667956,6.947500000000001,0.2398515165680635,24.529,0.7508854772866493,748.085,36.77676270418591,0.43115,0.020145160709212528,0.43115,0.020145160709212528,124.2,92.54585349976519,201.75,3.344772040064913,241.85000000000002,2.535251466817444,202.25,2.4874685927665356,223.74999999999997,1.177921898938967,297.815,18.340536388012218,11.764497800735448,80,8.299999999999999
137.0,2.449489742783178,231.0,6.131883886702357,6.936642683379091,0.2718917628219977,57.4156226,3.7885232745125963,0.0009216000000000001,0.0010948332475769998,3070.5,142.97352027560908,442.6,112.6864676880059,503.09999999999997,144.1925448835688,114.6,4.608687448721158,138.1,1.6093476939431082,137.25,4.157823950096974,114.6,4.608687448721158,107.6,4.694677837722201,102.5,7.940403012442127,8.301,0.7530863164339129,61.475,13.193251115627262,5.425,3.9820691857374855,0.6971025839999999,0.3152635959085914,10.583,0.48239092031256164,0.141044905,0.006587741075017678,4.8694999999999995,0.2563293779495434,1.8219999999999998,0.09599999999999999,3.9865000000000004,1.0432702190707832,356.76000000000005,30.771714284387865,16.344,2.90455573194938,720.25,41.91514642703756,8.450000000000001,1.6575584454250776,404.49,30.589794049649964,2.872,0.39386038135359597,57.4156226,3.7885232745125963,1814.0430000000001,256.8052651543578,117.15,1.3143439428094916,126.30000000000001,1.452583904633395,5.0165,0.7799889422293114,6.949000000000001,0.2408298154299007,24.496,0.739482251308305,743.1500000000001,41.91514642703757,0.42795000000000005,0.02204875279919479,0.42795000000000005,0.02204875279919479,140.23,109.73952842982331,201.35,3.525265947414464,241.54999999999998,2.6167728216259047,202.0,2.449489742783164,223.89999999999998,1.26095202129184,300.73,21.430284645799745,11.90575185992714,80,8.450000000000001
137.75,2.48746859276655,233.0,4.732863826479693,6.933083433557544,0.26050015975566776,56.8400338,2.7798106800076803,0.0011208000000000001,0.0009379821746707131,3114.2000000000003,104.6854693832912,451.95000000000005,85.73475083068709,509.55,112.9661343058175,114.5,4.018706259482016,138.25,2.0463381929681126,136.65,6.762211176826704,114.5,4.018706259482016,106.80000000000001,4.190465367951393,101.65,4.860812689252694,8.2205,0.6500113460548208,60.375,10.914296816561293,4.824999999999999,3.1195953263203866,0.585701292,0.4047875619530287,10.667500000000002,0.41904504531136055,0.14104427500000002,0.005403221090042033,4.952,0.2077402223932572,1.8339999999999999,0.0796492310069595,4.265000000000001,0.880065338483456,356.07000000000005,24.190227365611932,15.938500000000001,2.5887685779149896,726.1000000000001,27.4611725896765,8.450000000000001,1.3592277219068187,414.052,20.477105654852693,2.9665000000000004,0.35847280231560114,56.8400338,2.7798106800076803,1818.6310000000003,179.98182091255774,116.75,1.2599603168354152,125.8,1.3266499161421599,5.3,0.5033090501868608,6.9365000000000006,0.24054677299851698,24.9405,0.8128436196464851,749.0,27.461172589676494,0.4392,0.01644870815596168,0.4392,0.01644870815596168,104.47500000000002,68.45313634158774,201.70000000000002,3.3926390907374753,242.25,2.299456457513384,202.75,2.4874685927665356,223.25,1.0897247358851583,293.41999999999996,14.101971493376386,12.01078741877911,300,8.450000000000001
137.5,2.5,232.0,5.779273310719955,6.932896112242424,0.26038431057192607,57.2250838,3.1269919147328733,0.0011708,0.0010075865024899847,3099.15,121.0871586915805,440.50000000000006,95.67261886245197,495.35,124.50111445284335,114.3,4.038564101261726,138.1,2.0223748416156684,136.15,6.7177004994268685,114.3,4.038564101261726,107.1,4.537620521815371,102.55000000000001,6.296626080687974,8.275,0.6638862854435238,59.599999999999994,11.314371392171992,4.6499999999999995,3.2561480310329873,0.639901292,0.41538718114438367,10.6835,0.42377204957382486,0.14164019500000002,0.005814414467637737,4.928,0.23485314560380055,1.8375,0.08092434738692675,4.2325,0.8860918406124728,354.3,26.487355473886034,15.899,2.6268439237990515,721.1650000000001,34.168644617543734,8.6,1.4628738838327795,410.147,26.414663560227307,3.0035000000000003,0.3838915862584123,57.2250838,3.1269919147328733,1795.9620000000002,206.1465912791187,116.8,1.2884098726725126,125.89999999999999,1.4106735979665883,5.1815,0.6788760932600292,6.938000000000001,0.2415905627295902,24.9075,0.8190718832923027,744.0649999999999,34.168644617543734,0.436,0.02005991026899174,0.436,0.02005991026899174,120.50500000000001,93.78829604486906,201.3,3.5651086939951773,241.95,2.43874967965144,202.49999999999997,2.499999999999986,223.39999999999998,1.2409673645990733,296.335,18.637872062013955,12.68749170113598,300,8.6
137.75,2.48746859276655,232.4,5.834380858325929,6.957954606310353,0.250568279638418,57.0826638,3.1217349214814445,0.0012508,0.001006728642683817,3096.5500000000006,119.74197259106766,445.95,94.7726094396477,503.1,122.7,114.6,3.929376540877692,138.35,1.9306734576307822,137.05,6.216711349258545,114.6,3.929376540877692,107.50000000000001,4.330127018922194,102.60000000000001,6.288083968904996,8.223500000000001,0.6532708090830326,60.25,11.057237448838656,4.7,3.2380549717384355,0.589651292,0.4106760007659043,10.659,0.41122864686205923,0.141242515,0.00569076435237614,4.9145,0.226439285460805,1.8335,0.07920069444139993,4.202999999999999,0.8697189201115497,352.37000000000006,26.04909019524483,15.7085,2.633995586556667,722.0150000000001,34.19376076128509,8.5,1.4317821063276355,409.41700000000003,26.052411999659466,2.971,0.3658811282370273,57.0826638,3.1217349214814445,1800.1120000000003,205.57432961340285,116.9,1.2206555615733703,126.0,1.3416407864998738,5.191,0.6826265450449462,6.9625,0.23067021914412802,24.859,0.7764077536964707,744.915,34.1937607612851,0.43625,0.020188796398002536,0.43625,0.020188796398002536,119.98000000000002,93.9817354596094,201.65,3.4680686267719674,242.15,2.43464576478797,202.75,2.487468592766536,223.45000000000002,1.2031209415515853,296.72499999999997,18.44372183156101,12.369555731333724,300,8.5
137.25,2.48746859276655,231.0,6.511528238439882,6.932708790927303,0.26026827500245947,57.6101338,3.3959214431321523,0.0012208,0.0010703506715091088,3084.1000000000004,133.83627124214124,429.05,103.41106082039772,481.15000000000003,133.5530886950953,114.1,4.048456495999424,137.95000000000002,1.9868316486305528,135.65,6.635322147416808,114.1,4.048456495999424,107.4,4.841487374764082,103.45,7.3517004835616095,8.3295,0.6730785615364673,58.824999999999996,11.649329379839854,4.475,3.3781466812440217,0.694101292,0.4187657700986042,10.6995,0.4278489803657364,0.142236115,0.0061408298919832524,4.904,0.2569124364447932,1.841,0.08203048213926332,4.2,0.8908928106119164,352.53000000000003,28.49082483888454,15.8595,2.6637895468673944,716.2300000000001,39.14291889984701,8.75,1.5451537140362444,406.24199999999996,30.751569000621753,3.0405,0.40435720594543634,57.6101338,3.3959214431321523,1773.2930000000001,227.0938378974648,116.85000000000001,1.3143439428094914,126.0,1.4832396974191326,5.063000000000001,0.8002130966186444,6.939500000000001,0.2426205885740121,24.874499999999998,0.8239324911666002,739.13,39.14291889984701,0.43279999999999996,0.022666274506411503,0.43279999999999996,0.022666274506411503,136.535,111.3226628993396,200.9,3.686461718233352,241.65,2.5352514668174435,202.25,2.4874685927665356,223.54999999999998,1.3592277219068045,299.25,21.88333841076357,13.087092356442959,300,8.75
137.5,2.5,231.39999999999998,6.6211781428987395,6.957767284995232,0.250466437914988,57.4677138,3.4072144891563196,0.0013008,0.0010657966785461476,3081.5000000000005,132.32508265631276,434.5,103.18551254900078,488.9,132.7075355810664,114.39999999999999,3.9547439866570295,138.2,1.9131126469708992,136.55,6.200604809210146,114.39999999999999,3.9547439866570295,107.8,4.621688003316537,103.50000000000001,7.338255923582932,8.278,0.6668328126299724,59.475,11.443857522706232,4.525,3.3633130987167994,0.643851292,0.4206187555878566,10.674999999999999,0.4163712285929471,0.141838435,0.0060630970639001846,4.8905,0.2479410212127068,1.837,0.08050465825031493,4.1705,0.8735128791265759,350.6,27.961938416354474,15.669,2.6680234256842645,717.08,39.27180413477334,8.65,1.5256146302392357,405.512,30.347181351815863,3.008,0.39039211057602075,57.4677138,3.4072144891563196,1777.443,226.989320918408,116.95,1.2439855304624727,126.1,1.4106735979665885,5.0725,0.8047973347371373,6.964,0.23159015523117568,24.825999999999997,0.7794831621016579,739.98,39.27180413477334,0.43305,0.022815510075385126,0.43305,0.022815510075385126,136.01,111.56114422145373,201.25000000000003,3.6314597615834874,241.85,2.5548972582082436,202.49999999999997,2.499999999999986,223.6,1.319090595827279,299.64,21.665811778006386,12.82874576032767,300,8.65
137.75,2.48746859276655,231.8,6.705221845696084,6.9828257790631625,0.23763720630613439,57.3252938,3.412531580734274,0.0013808000000000002,0.0010551751323832456,3078.9000000000005,130.74474176807266,439.95,102.67057757702545,496.65000000000003,131.40025684906405,114.7,3.8353617821530133,138.45000000000002,1.8020821290940099,137.45,5.58994633247941,114.7,3.8353617821530133,108.2,4.354308211415448,103.55,7.324445371494008,8.226500000000001,0.6565003808072011,60.125,11.196958292322071,4.575,3.347667098144617,0.593601292,0.416443729570127,10.650500000000001,0.40308156742773565,0.14144075500000003,0.005957868871121203,4.877000000000001,0.23786761023729128,1.8330000000000002,0.07874642849044011,4.141,0.8547625401244489,348.67,27.286683565431694,15.4785,2.6586355052921413,717.9300000000001,39.381926057520346,8.55,1.499166435056495,404.782,29.919525998919173,2.9755,0.3730881263187024,57.3252938,3.412531580734274,1781.593,226.80883450827045,117.05000000000001,1.16081867662439,126.20000000000002,1.3266499161421599,5.082000000000001,0.809244091730054,6.9885,0.2172619386823197,24.7775,0.7291219033879038,740.83,39.38192605752035,0.4333,0.022961053982777015,0.4333,0.022961053982777015,135.485,111.79665144806438,201.6,3.5411862419251547,242.05,2.558808316384797,202.75,2.4874685927665356,223.65,1.275735082217296,300.03,21.438985517043484,12.369555731333724,300,8.55
137.0,2.449489742783178,230.0,7.0285133563222315,6.932521469612182,0.26015205279786724,57.9951838,3.6041586335849263,0.0012708,0.0011274176510947486,3069.05,143.9068796131721,417.6,109.41773165259825,466.95000000000005,140.60244485783312,113.9,4.0484564959994245,137.8,1.9390719429665317,135.15,6.513639535620619,113.9,4.0484564959994245,107.7,5.109794516416487,104.35000000000001,8.17480886626715,8.384,0.6777787249538009,58.05,11.924659324274216,4.3,3.487119154832539,0.748301292,0.41509968700720196,10.7155,0.43129427308973195,0.14283203500000002,0.006395461408708136,4.88,0.275136329843952,1.8444999999999998,0.08297439364044788,4.1675,0.8944879820321792,350.76000000000005,30.259021795160532,15.819999999999999,2.6996518294031913,711.2950000000001,42.98989968585645,8.9,1.6093476939431082,402.337,34.104039218250975,3.0775,0.4205933309029044,57.9951838,3.6041586335849263,1750.6240000000003,244.17010096242336,116.9,1.3379088160259651,126.10000000000001,1.5459624833740306,4.9445,0.8897891604194782,6.941000000000001,0.2436370251008661,24.841499999999996,0.8274495452896203,734.195,42.98989968585646,0.4296,0.024589428622885896,0.4296,0.024589428622885896,152.56500000000003,124.399776024718,200.50000000000003,3.7616485747608057,241.35,2.5937424698685874,202.0,2.449489742783164,223.70000000000002,1.4525839046333793,302.165,24.359726496822585,13.275831245125143,300,8.9
137.25,2.48746859276655,230.4,7.1860976892886725,6.957579963680112,0.2503644146122577,57.8527638,3.629940113174977,0.0013508,0.0011195278290422263,3066.4500000000003,142.22766960053872,423.05,109.77453028822305,474.7,140.58452973211527,114.2,3.9698866482558333,138.04999999999998,1.8834808201837363,136.05,6.14389941323912,114.2,3.9698866482558333,108.10000000000001,4.877499359302879,104.4,8.157205403813245,8.332500000000001,0.6757431094728232,58.7,11.766902736064406,4.3500000000000005,3.4752697737010285,0.698051292,0.4234503719439588,10.690999999999999,0.4208432012044394,0.142434355,0.006358242823726935,4.8665,0.2655611982199205,1.8404999999999998,0.08163792011069365,4.138,0.8760856122548756,348.83000000000004,29.6465697847154,15.6295,2.701045121800078,712.1450000000001,43.20448443159576,8.8,1.6,401.60699999999997,33.65526126774238,3.045,0.4101280287910106,57.8527638,3.629940113174977,1754.7740000000001,244.45803628434885,117.0,1.2649110640673518,126.2,1.4696938456699067,4.954,0.8951726090536953,6.9655000000000005,0.23249677417117004,24.793,0.7811536340567069,735.045,43.204484431595766,0.42985,0.024759392157320828,0.42985,0.024759392157320828,152.04,124.68074991753939,200.85000000000002,3.7453304260105007,241.54999999999998,2.6358110706194404,202.25,2.487468592766536,223.75,1.409787217987154,302.555,24.117410205077995,13.087092356442959,300,8.8
137.5,2.5,230.8,7.318469785412795,6.982638457748041,0.23754943355737076,57.7103438,3.6499868604734407,0.0014308,0.0011058094591745904,3063.8500000000004,140.4802833140651,428.5,109.86013835782295,482.45000000000005,140.13867239274103,114.5,3.866522985836233,138.3,1.7916472867168918,136.95000000000002,5.607807058021879,114.5,3.866522985836233,108.49999999999999,4.598912915026768,104.45,8.13925672282181,8.281,0.6697529395232245,59.349999999999994,11.570544498855703,4.3999999999999995,3.462657938636157,0.647801292,0.4257494096830635,10.6665,0.4086596995055914,0.14203667500000003,0.0062957349226182525,4.853,0.25491371089056764,1.8365,0.08007964785137356,4.1085,0.8562725909428609,346.90000000000003,28.892559595854433,15.438999999999998,2.688975455447669,712.995,43.40136489789233,8.700000000000001,1.5842979517754858,400.877,33.18436274813787,3.0124999999999997,0.39673511314225773,57.7103438,3.6499868604734407,1758.924,244.67525376302365,117.10000000000001,1.1789826122551597,126.30000000000001,1.3820274961085253,4.9635,0.9004236502891292,6.99,0.21805962487356534,24.7445,0.7287144502478318,735.8950000000001,43.401364897892336,0.4301,0.024925689559167668,0.4301,0.024925689559167668,151.51500000000001,124.95888633866741,201.2,3.6959437225152656,241.75,2.662235902394827,202.49999999999997,2.499999999999986,223.8,1.3638181696985727,302.945,23.86626227543811,12.68749170113598,300,8.700000000000001
137.75,2.48746859276655,231.2,7.426977851050857,7.007696951815972,0.22118153271196037,57.567923799999996,3.6643929954660655,0.0015108000000000003,0.0010860416934906322,3061.2500000000005,138.6621433557119,433.95,109.6751909047803,490.2,139.26076260023856,114.8,3.736308338453873,138.55,1.6575584454250776,137.85,4.85051543652837,114.8,3.736308338453873,108.9,4.264973622427225,104.5,8.120960534321048,8.229500000000002,0.6597005002271864,60.00000000000001,11.333578428722326,4.450000000000001,3.449275286201436,0.597551292,0.42209569672229197,10.642000000000001,0.39458332453361505,0.14163899500000002,0.006207173741847014,4.8395,0.24305297776410786,1.8324999999999998,0.07828633341778116,4.079000000000001,0.8349485014059251,344.97,27.985551629367613,15.2485,2.663259797691543,713.8450000000001,43.580781027879716,8.600000000000001,1.5620499351813308,400.147,32.690387746247374,2.98,0.3801052485825472,57.567923799999996,3.6643929954660655,1763.074,244.82194163105564,117.2,1.0770329614269007,126.40000000000002,1.2806248474865698,4.973,0.9055445875273066,7.0145,0.199611497664839,24.696,0.6686882681788276,736.745,43.580781027879716,0.43035,0.02508839373096652,0.43035,0.02508839373096652,150.99,125.23420419358283,201.55,3.6121323342314025,241.95,2.67348087705897,202.75,2.4874685927665356,223.85,1.3143439428094803,303.33500000000004,23.606000826061162,12.010787418779111,300,8.600000000000001
138.0,2.449489742783178,233.8,2.9933259094191533,6.942083149466636,0.26881781725007997,56.2625388,2.513669139091651,0.0010008,0.0008380946008655586,3119.7500000000005,91.78583768752127,469.40000000000003,78.69332881509081,531.8,106.02150725206656,115.0,4.289522117905436,138.4,2.0591260281974,137.0,6.6932802122726045,115.0,4.289522117905436,106.60000000000001,3.8781438859330635,100.80000000000001,2.4819347291981715,8.13,0.6665433219228888,62.2,11.478675881825394,5.4,3.32264954516723,0.557251292,0.37720885637359713,10.608000000000002,0.4561315599692706,0.14005096,0.005274691420206495,4.962000000000001,0.18712562625145698,1.8219999999999998,0.08657944328765345,4.192,0.9744208536356354,357.94000000000005,21.42686164607408,16.338,2.7192381285941103,732.9000000000001,18.930293183149587,8.200000000000001,1.3266499161421599,417.056,11.412403077354039,2.93,0.3268638860443289,56.2625388,2.513669139091651,1859.7500000000002,163.14974716498952,116.80000000000001,1.32664991614216,125.8,1.3266499161421599,5.4,0.13899640283115242,6.942,0.24587801853764818,24.886,0.878466846272527,755.8,18.930293183149573,0.4424,0.010873821775254559,0.4424,0.010873821775254559,89.12000000000002,7.7002337626853885,202.20000000000002,3.249615361854384,242.6,2.154065922853802,203.0,2.449489742783164,223.20000000000002,0.9797958971132642,291.06,6.323796328156066,11.075736540306957,300,8.200000000000001
137.75,2.48746859276655,232.8,4.64327470649756,6.941895828151514,0.2687118280009755,56.6475888,2.968836886466106,0.0010508,0.0009218582103555839,3104.7000000000003,110.88168243673074,457.95000000000005,91.62449181305182,517.6,120.87861680214579,114.8,4.331281565541536,138.25,2.0463381929681126,136.5,6.674578638386096,114.8,4.331281565541536,106.9,4.264973622427225,101.7,4.86929152957594,8.1845,0.6872952422358239,61.425,11.978392003937758,5.225,3.480211918834829,0.611451292,0.39250992506416577,10.624,0.46254080901040534,0.14064688,0.005798177263726941,4.938000000000001,0.21793577035447842,1.8255,0.08823123029857399,4.1595,0.9774429650879892,356.17,24.12764182426456,16.2985,2.7612321072303936,727.965,28.962946586975573,8.35,1.4585952145814822,413.151,20.787659295841852,2.9670000000000005,0.35834480601789115,56.6475888,2.968836886466106,1837.0810000000001,196.4307879610526,116.85000000000001,1.3518505834595775,125.89999999999999,1.4106735979665883,5.281499999999999,0.5005724223326731,6.9435,0.24686585426097324,24.852999999999998,0.88219669008674,750.865,28.962946586975566,0.4392,0.01644870815596168,0.4392,0.01644870815596168,105.15,68.27874852397342,201.8,3.4871191548325386,242.3,2.3473389188611002,202.74999999999997,2.4874685927665356,223.35,1.1521718621802812,293.97499999999997,14.22159889042017,12.328723388581363,300,8.35
138.0,2.449489742783178,233.2,4.64327470649756,6.966954322219444,0.2583398564316451,56.5051688,2.935412963764002,0.0011308,0.0009312865080092162,3102.1000000000004,109.54290255420476,463.40000000000003,89.62945944275242,525.35,117.56499266363265,115.1,4.194043395102146,138.5,1.9364916731037085,137.4,6.118823416311342,115.1,4.194043395102146,107.30000000000001,4.063249930782009,101.75000000000001,4.866980583482946,8.133000000000001,0.6701275997897713,62.075,11.63429735738261,5.275,3.4549782922617616,0.561201292,0.38381386585150495,10.5995,0.44783339536037314,0.14024920000000002,0.005604123470802551,4.924500000000001,0.2094868730970987,1.8215,0.08609732864613164,4.13,0.9603853393300006,354.24,23.797823429885355,16.108,2.795395499745966,728.815,28.792521164357943,8.25,1.4097872179871684,412.421,20.43297185922792,2.9345000000000003,0.33546199486678074,56.5051688,2.935412963764002,1841.2310000000002,194.9568020331684,116.95,1.2835497652993435,126.0,1.3416407864998738,5.291,0.5037648260845531,6.968,0.23561833544951474,24.8045,0.8395920140163314,751.7149999999999,28.792521164357936,0.43945,0.01655740015823741,0.43945,0.01655740015823741,104.62500000000001,68.42650710799143,202.15,3.335790760824186,242.5,2.313006701244076,203.0,2.449489742783164,223.40000000000003,1.1135528725659958,294.365,14.031937678025804,12.01078741877911,300,8.25
137.5,2.5,231.8,5.670978751503131,6.9417085068363935,0.2686056662946708,57.03263880000001,3.3185727912857,0.0011008,0.0009961137284467071,3089.65,125.34691858996774,446.50000000000006,101.66243160578051,503.4,132.58748055529225,114.6,4.363484845854279,138.10000000000002,2.0223748416156684,136.0,6.618156843109719,114.6,4.363484845854279,107.2,4.6,102.60000000000001,6.296030495478878,8.238999999999999,0.7032275591869248,60.65,12.409774373452565,5.05,3.6224991373359914,0.6656512920000001,0.399957849305495,10.64,0.4683161325429654,0.1412428,0.006221342965309022,4.914,0.24253659517689272,1.8289999999999997,0.08971621926942752,4.127,0.9793778637482063,354.40000000000003,26.43690602169627,16.259,2.8020401496052836,723.0300000000001,35.64603905064348,8.5,1.5652475842498528,409.246,26.52381126459771,3.0040000000000004,0.38372385904449574,57.03263880000001,3.3185727912857,1814.4120000000003,222.54101149226406,116.9,1.374772708486752,126.0,1.4832396974191326,5.163,0.6736029988056763,6.945,0.24784067462787474,24.82,0.8846807333722146,745.93,35.64603905064348,0.436,0.02005991026899174,0.436,0.02005991026899174,121.18000000000002,93.54549481402084,201.4,3.6660605559646724,242.0,2.4899799195977463,202.5,2.499999999999986,223.5,1.2845232578665007,296.89,18.64196609802733,12.945838297251267,300,8.5
137.75,2.48746859276655,232.2,5.74108003776293,6.966767000904323,0.2582476076544151,56.8902188,3.305338079902533,0.0011807999999999999,0.0010008569128501835,3087.05,123.84865764310892,451.95000000000005,100.49103193817844,511.15,130.42019590538882,114.89999999999999,4.241462012089692,138.35,1.9306734576307822,136.9,6.131068422387732,114.89999999999999,4.241462012089692,107.60000000000001,4.386342439892262,102.65,6.28708994686731,8.1875,0.6905351185855791,61.3,12.119612205017122,5.1000000000000005,3.600694377477766,0.615401292,0.39832452041906363,10.615499999999999,0.4546589381063571,0.14084512000000002,0.006080001605065582,4.9005,0.23359098869605383,1.825,0.08777812939451375,4.097499999999999,0.9613577637903593,352.47,26.00521293894746,16.0685,2.8330571384989747,723.88,35.62564525731429,8.399999999999999,1.5297058540778357,408.516,26.137919274494674,2.9715000000000003,0.365749572795376,56.8902188,3.305338079902533,1818.5620000000001,221.66586272134916,117.0,1.3038404810405297,126.1,1.4106735979665885,5.1725,0.6776420515286813,6.9695,0.23648414323163416,24.7715,0.8402992026653362,746.78,35.62564525731429,0.43625,0.020188796398002536,0.43625,0.020188796398002536,120.65500000000002,93.74321562118509,201.75,3.561951712193752,242.2,2.4819347291981715,202.74999999999997,2.4874685927665356,223.55,1.243985530462462,297.28,18.43612215190603,12.68749170113598,300,8.399999999999999
138.0,2.449489742783178,232.60000000000002,5.782732917920384,6.991825494972253,0.24490568287189343,56.747798800000005,3.2858830412913,0.0012608000000000003,0.0009991929543386503,3084.4500000000007,122.27677620873067,457.40000000000003,99.00626242819189,518.9,127.74697648085453,115.2,4.093897898091737,138.60000000000002,1.8,137.8,5.455272678794342,115.2,4.093897898091737,108.0,4.123105625617661,102.7,6.277738446287803,8.136000000000001,0.6736794489963308,61.95,11.786538932188705,5.1499999999999995,3.578058132562969,0.565151292,0.3902671404475107,10.591000000000001,0.43921407081285574,0.14044744000000003,0.005908589677613436,4.8870000000000005,0.22347483079756414,1.821,0.08560957890329797,4.0680000000000005,0.9420700610888768,350.54,25.42011801703525,15.878,2.8510377058187077,724.73,35.58494204013827,8.3,1.4866068747318506,407.786,25.72553758427606,2.939,0.3437862708137136,56.747798800000005,3.2858830412913,1822.7120000000002,220.70922634996484,117.10000000000001,1.2206555615733703,126.20000000000002,1.3266499161421599,5.182,0.6815247611055668,6.994000000000001,0.22186482371029448,24.723000000000003,0.7904688482160442,747.63,35.58494204013827,0.43650000000000005,0.020313788420676243,0.43650000000000005,0.020313788420676243,120.13000000000002,93.93758619423858,202.1,3.4190641994557516,242.4,2.4576411454889016,203.0,2.449489742783164,223.60000000000002,1.1999999999999906,297.66999999999996,18.219607569868245,12.228301672142035,300,8.3
137.25,2.48746859276655,230.8,6.384355879804947,6.941521185521274,0.2684993319266029,57.41768880000001,3.5937906559344497,0.0011508,0.001062855850997679,3074.6000000000004,136.6599703644048,435.05000000000007,109.60496111034391,489.20000000000005,141.92941907863923,114.4,4.386342439892254,137.95000000000002,1.9868316486305528,135.5,6.523036102920173,114.4,4.386342439892254,107.50000000000001,4.893873721296862,103.50000000000001,7.345066371381542,8.2935,0.7146626826692436,59.875,12.77974471576017,4.875,3.751249791736082,0.7198512920000001,0.3999915513711222,10.656,0.4734807282244974,0.14183872,0.006563620625051395,4.890000000000001,0.2626785107312738,1.8324999999999998,0.09104257245926216,4.0945,0.9802319878477749,352.63,28.45015114195354,16.2195,2.841713347612669,718.095,40.665949822916964,8.65,1.6515144564913744,405.341,30.731096612389226,3.041,0.40415219905377237,57.41768880000001,3.5937906559344497,1791.7430000000002,243.79536913362406,116.95,1.3955285736952863,126.1,1.5459624833740306,5.0445,0.7929847098147605,6.9465,0.24880263262272784,24.787,0.8859294554308483,740.995,40.665949822916964,0.4328,0.022666274506411507,0.4328,0.022666274506411507,137.21,111.02076337334381,201.00000000000003,3.794733192202055,241.7,2.5903667693977237,202.25,2.4874685927665356,223.65,1.3883443376914681,299.805,21.81278237639573,13.275831245125143,300,8.65
137.5,2.5,231.2,6.508456038109191,6.966579679589203,0.2581551899900218,57.2752688,3.596851869631798,0.0012308,0.0010635480995234772,3072.0000000000005,134.99750923628184,440.5,109.09285036151545,496.95,140.69131991704393,114.7,4.279018579066927,138.2,1.9131126469708992,136.4,6.102458520956943,114.7,4.279018579066927,107.9,4.6679760067935225,103.55000000000001,7.331268648740134,8.242,0.7061628707316747,60.525000000000006,12.538415968534462,4.925000000000001,3.7325426990189947,0.6696012920000001,0.40513761058963293,10.631499999999999,0.4608283302923121,0.14144104,0.006466559971607785,4.8765,0.2531654597294029,1.8285,0.08929025702729274,4.0649999999999995,0.9612309816063984,350.7,27.927405894568874,16.029,2.869680992723756,718.945,40.75114078157813,8.55,1.627114009527298,404.611,30.30473987679156,3.0085,0.3902214115089022,57.2752688,3.596851869631798,1795.893,243.3836223146496,117.05,1.3219304066402287,126.19999999999999,1.469693845669907,5.054,0.797830809131861,6.971,0.2373373127007215,24.7385,0.8397099201510004,741.845,40.75114078157814,0.43305,0.022815510075385122,0.43305,0.022815510075385122,136.685,111.26307687188954,201.35000000000002,3.7319565913874184,241.89999999999998,2.6057628441590768,202.5,2.499999999999986,223.70000000000002,1.3453624047073582,300.195,21.58451933678395,13.087092356442959,300,8.55
137.75,2.48746859276655,231.6,6.606057825965498,6.991638173657132,0.24482740194396435,57.132848800000005,3.594271630339833,0.0013108,0.001058209128669754,3069.4000000000005,133.26360155721443,445.95000000000005,108.30442050073488,504.70000000000005,139.01082691646718,115.0,4.147288270665538,138.45000000000002,1.8020821290940099,137.3,5.505451843400322,115.0,4.147288270665538,108.3,4.3943145085439665,103.6,7.3171032519706865,8.1905,0.6937468918849294,61.175,12.257931106022745,4.9750000000000005,3.713068138345969,0.619351292,0.4040168323972122,10.607,0.44647620317324893,0.14104336,0.006343136547355737,4.863,0.24253041046433726,1.8245,0.08731981447529535,4.0355,0.9409222869079041,348.77,27.258376694146705,15.8385,2.884826294597302,719.795,40.81845752842702,8.450000000000001,1.5960889699512368,403.881,29.854453922321213,2.976,0.37295308015888545,57.132848800000005,3.594271630339833,1800.0430000000001,242.90028450168603,117.15,1.2359207094308275,126.3,1.3820274961085255,5.0635,0.8025352017201488,6.9955,0.2226089620837401,24.689999999999998,0.7878134296900502,742.695,40.81845752842702,0.4333,0.022961053982777015,0.4333,0.022961053982777015,136.16,111.50239190259552,201.7,3.6345563690772495,242.1,2.6057628441590763,202.74999999999997,2.4874685927665356,223.75,1.2990381056766467,300.585,21.346692366734484,12.68749170113598,300,8.450000000000001
138.0,2.4494897427831783,232.0,6.6783231428256,7.016696667725062,0.22799332252628313,56.9904288,3.5860377606012133,0.0013908000000000002,0.0010467466551176555,3066.8,131.4554202001576,451.4,107.23357683113997,512.45,136.87164607762998,115.3,3.9887341350358194,138.70000000000002,1.6462077633154328,138.2,4.66476151587624,115.3,3.9887341350358194,108.7,4.063249930782009,103.65,7.302568041449528,8.139000000000001,0.677199379798889,61.82500000000001,11.93552994215171,5.025,3.692813967694555,0.569101292,0.3965760875371548,10.582500000000001,0.43025428527790427,0.14064568,0.006191774049947241,4.8495,0.23061819095639421,1.8205,0.08511609718496262,4.006,0.919219233915392,346.84000000000003,26.431957929748606,15.648000000000001,2.8873510351185216,720.6450000000001,40.86798838944731,8.350000000000001,1.5580436450882884,403.151,29.379138499962863,2.9435000000000002,0.3518561495838889,56.9904288,3.5860377606012133,1804.1930000000002,242.34492734736583,117.25,1.1346805717910218,126.4,1.2806248474865698,5.0729999999999995,0.8071003655060502,7.0200000000000005,0.20391174561559722,24.6415,0.7290286345542264,743.5450000000001,40.86798838944731,0.43355000000000005,0.02310297599877557,0.43355000000000005,0.02310297599877557,135.635,111.73872773125707,202.05,3.4996428389194234,242.29999999999998,2.5903667693977237,203.0,2.449489742783164,223.8,1.2489995996796701,300.975,21.098978055820623,12.010787418779111,300,8.350000000000001
137.0,2.449489742783178,229.8,6.881860213634101,6.941333864206153,0.26839282469155157,57.8027388,3.8106705684566546,0.0012008000000000001,0.0011234244789926913,3059.55,145.55768615913072,423.6,115.88373483798318,475.00000000000006,149.34925510359938,114.2,4.399999999999992,137.8,1.9390719429665317,135.00000000000003,6.3874877690685254,114.2,4.399999999999992,107.80000000000001,5.15363949069005,104.4,8.16333265278342,8.348,0.721814380571626,59.099999999999994,13.093509842666329,4.7,3.8678159211627436,0.774051292,0.3926129405858613,10.672000000000002,0.47805439021098883,0.14243464000000003,0.006837169138934629,4.8660000000000005,0.27932776446318386,1.8359999999999999,0.09221713506718802,4.062,0.980008163231307,350.86000000000007,30.226584325722285,16.18,2.8802985956320573,713.1600000000001,44.58800735623875,8.8,1.7204650534085255,401.436,33.982200988164394,3.0780000000000003,0.4203522332520669,57.8027388,3.8106705684566546,1769.0740000000003,261.38112996924633,117.00000000000001,1.4142135623730951,126.2,1.6,4.926,0.8808087193028915,6.948,0.24975187686982472,24.753999999999998,0.8859480797428252,736.06,44.58800735623875,0.4296,0.024589428622885896,0.4296,0.024589428622885896,153.24,124.04248626982611,200.60000000000002,3.8781438859330635,241.4,2.6532998322843198,202.0,2.449489742783164,223.8,1.4696938456698914,302.72,24.22968427363428,13.380866803977112,300,8.8
137.25,2.48746859276655,230.2,7.054076835419359,6.966392358274082,0.25806260325701896,57.6603188,3.827910646383189,0.0012808000000000001,0.001120515310024812,3056.9500000000003,143.72598929908258,429.05,115.9389817964605,482.75,148.91402721033367,114.5,4.306971093471598,138.05,1.8834808201837363,135.9,6.032412452742269,114.5,4.306971093471598,108.20000000000002,4.915282290977803,104.45000000000002,8.14539747342019,8.296500000000002,0.7173233231953356,59.75,12.897189616346656,4.750000000000001,3.851947559352282,0.723801292,0.4046421424684743,10.6475,0.46636761251184705,0.14203696000000002,0.00677909543541025,4.8525,0.2692002043089862,1.8319999999999999,0.09064215354899728,4.0325,0.9600045572808497,348.93,29.61997805535987,15.9895,2.905306309152272,714.01,44.759534179881726,8.7,1.705872210923198,400.706,33.51217157989021,3.0455,0.40992041910595284,57.6603188,3.827910646383189,1773.2240000000004,261.3573289655372,117.10000000000001,1.3379088160259651,126.3,1.5198684153570663,4.9355,0.8864450067545081,6.9725,0.23817797967066573,24.7055,0.8378214308550477,736.91,44.75953417988173,0.42985,0.024759392157320828,0.42985,0.024759392157320828,152.715,124.32711801936051,200.95000000000002,3.8532453853861943,241.6,2.6907248094147422,202.25,2.4874685927665356,223.85000000000002,1.4239030865898001,303.11,23.977028589881613,13.275831245125142,300,8.7
137.5,2.5,230.6,7.2,6.991450852342012,0.24474895261014765,57.517898800000005,3.8397946220189647,0.0013608000000000001,0.0011118572570253792,3054.3500000000004,141.8229882635393,434.50000000000006,115.73785033427914,490.5,148.07244848384187,114.8,4.1904653679513855,138.3,1.7916472867168918,136.8,5.509990925582365,114.8,4.1904653679513855,108.60000000000001,4.6303347611160905,104.5,8.127115109311545,8.245000000000001,0.709073338943159,60.4,12.664517361510466,4.8,3.8353617821530217,0.6735512920000001,0.4102139451645654,10.623,0.4530573915079637,0.14163928000000003,0.0066969462627081075,4.839,0.2579709285946769,1.8279999999999998,0.08885943956609224,4.003,0.9386484965097426,347.0,28.871958714295783,15.799,2.917688982739593,714.86,44.914322882572776,8.6,1.6852299546352718,399.976,33.019320162595726,3.013,0.3965614706448422,57.517898800000005,3.8397946220189647,1777.3740000000003,261.2676151075751,117.2,1.2489995996796797,126.4,1.42828568570857,4.945,0.891944505000171,6.997,0.22334054714717624,24.657,0.7837608053481621,737.7600000000001,44.914322882572776,0.4301,0.024925689559167668,0.4301,0.024925689559167668,152.19,124.6088877247526,201.29999999999998,3.7960505792204615,241.79999999999998,2.7129319932501073,202.5,2.499999999999986,223.90000000000003,1.3747727084867394,303.5,23.715269342767336,12.945838297251266,300,8.6
137.75,2.48746859276655,230.99999999999997,7.321202087089251,7.016509346409942,0.22792967371062964,57.375478799999996,3.846372141262174,0.0014408000000000001,0.0010973142485177162,3051.75,139.8457721920831,439.95,115.27899852097953,498.25,146.81753131012658,115.1,4.048456495999425,138.55,1.6575584454250776,137.7,4.765501022977542,115.1,4.048456495999425,109.0,4.2895221179054435,104.55,8.108483212044039,8.1935,0.6969309506687158,61.05,12.393445848512027,4.8500000000000005,3.8180492401225,0.623301292,0.40959195933694437,10.5985,0.43797574133734885,0.1412416,0.006589821302888272,4.8255,0.2454887981151073,1.8239999999999998,0.08685620300243385,3.9734999999999996,0.915845374503797,345.07,27.971183385763286,15.6085,2.9176073673474296,715.71,45.05254598799052,8.5,1.6583123951776997,399.246,32.50260857223618,2.9805,0.37996677486327674,57.375478799999996,3.846372141262174,1781.5240000000001,261.1119204555779,117.30000000000001,1.1445523142259597,126.5,1.3228756555322954,4.9544999999999995,0.8973097291348177,7.0215,0.20453056006377146,24.6085,0.7224352912199125,738.61,45.05254598799052,0.43035,0.02508839373096652,0.43035,0.02508839373096652,151.665,124.8878147578858,201.65,3.7050641020095725,242.0,2.720294101747089,202.74999999999997,2.4874685927665356,223.95,1.3219304066402175,303.89000000000004,23.444101603601712,12.328723388581363,300,8.5
138.0,2.449489742783178,233.6,2.90516780926679,6.9508955440606055,0.27649613749625096,56.0700938,2.6800943140174676,0.0009308,0.0008097002902308978,3110.25,99.32668322258625,475.40000000000003,83.83221337886768,539.85,112.83894496139176,115.3,4.550824101193094,138.4,2.0591260281974,136.85,6.6126772187972405,115.3,4.550824101193094,106.7,3.9635842365212826,100.85000000000001,2.515452245621053,8.094,0.6983007947868882,63.24999999999999,12.340482162379233,5.799999999999999,3.6,0.5830012920000001,0.366009244813129,10.5645,0.4911463631138892,0.139653565,0.005608649943014364,4.948,0.19908792027644456,1.8135,0.09344918405208255,4.0865,1.055922700769332,358.04,21.34742138994779,16.698,2.833601242235752,734.7650000000001,20.43840196786431,8.1,1.4106735979665885,416.155,12.18487074203087,2.9305000000000003,0.3267793598133151,56.0700938,2.6800943140174676,1878.2,176.89586626035106,116.9,1.4106735979665885,125.89999999999999,1.4106735979665883,5.3815,0.14238240762116647,6.949,0.2519106984627689,24.798499999999997,0.9379353655769674,757.665,20.43840196786429,0.4424,0.010873821775254559,0.4424,0.010873821775254559,89.795,7.495230149902,202.3,3.3331666624997918,242.65,2.1971572542719833,202.99999999999997,2.449489742783164,223.29999999999998,1.053565375285267,291.61499999999995,6.782202813245868,11.28863695125724,300,8.1
138.25,2.384848003542364,234.0,2.792848008753788,6.975954038128535,0.2655795743433611,55.9276738,2.6117175700333224,0.0010108,0.000832037595304443,3107.6500000000005,97.97729328778173,480.85,80.47376901823351,547.6,107.69233956043485,115.6,4.386342439892255,138.65,1.9306734576307822,137.75,5.998958242895178,115.6,4.386342439892255,107.10000000000001,3.7669616403674726,100.9,2.5278449319529077,8.0425,0.6745359515993197,63.900000000000006,11.90756062340226,5.8500000000000005,3.567562192870644,0.532751292,0.35263661839729155,10.54,0.4742573141238839,0.139255885,0.005334252661739508,4.934500000000001,0.19051181065750214,1.8094999999999999,0.0909106704408234,4.0569999999999995,1.0380804400430634,356.11,21.14530444330373,16.5075,2.893326588893829,735.615,19.9079199064091,8.0,1.3416407864998738,415.425,11.75740086073448,2.898,0.2975499957990254,55.9276738,2.6117175700333224,1882.3500000000001,174.28126692217955,117.0,1.3416407864998738,126.0,1.3416407864998738,5.391,0.14689792374298555,6.9735000000000005,0.24033882333073048,24.75,0.8950307257295692,758.515,19.90791990640908,0.44265000000000004,0.01096483014004322,0.44265000000000004,0.01096483014004322,89.27000000000001,7.762415861057688,202.65,3.118894034750139,242.85,2.1277922830953213,203.25,2.3848480035423507,223.35000000000002,1.013656746635659,292.005,6.517704734030235,10.970700981454987,300,8.0
137.75,2.48746859276655,232.6,4.5431266766402185,6.950708222745485,0.27639906509531387,56.4551438,3.1347356099276955,0.0009808,0.0009000191997952043,3095.2000000000003,115.97390870363904,463.95000000000005,96.78660806123955,525.65,127.79799489819862,115.1,4.6032597145935545,138.25,2.0463381929681126,136.35,6.582362797658604,115.1,4.6032597145935545,107.0,4.33589667773576,101.75,4.877243073704652,8.1485,0.7208625042267075,62.475,12.869999028748992,5.624999999999999,3.7645550865938993,0.6372012920000001,0.37808595218002616,10.5805,0.49850250751626146,0.140249485,0.006142237006439515,4.924,0.22681269805722948,1.8169999999999997,0.09529428104561155,4.054,1.0554686163027303,356.27,24.064477970652106,16.6585,2.878868310638748,729.83,30.27593268588104,8.25,1.5451537140362444,412.25,21.055120517346847,2.9675000000000002,0.35821606608302764,56.4551438,3.1347356099276955,1855.5310000000002,209.990114193502,116.95,1.4309088021254184,126.0,1.4832396974191326,5.263,0.4971327790439894,6.9505,0.25283344319927314,24.7655,0.9383574745266323,752.73,30.27593268588103,0.4392,0.01644870815596168,0.4392,0.01644870815596168,105.82500000000002,68.09722369524324,201.9,3.576310948449533,242.35,2.3932195887548637,202.75,2.4874685927665356,223.45,1.2031209415515867,294.53,14.31873248580335,12.482034425844683,300,8.25
138.0,2.449489742783178,232.99999999999997,4.560701700396552,6.975766716813414,0.2654961909778485,56.3127238,3.0942540489980392,0.0010608,0.0009158092377782612,3092.6000000000004,114.47902646336577,469.40000000000003,94.554957564371,533.4,124.16698433963836,115.39999999999999,4.4542114902640115,138.5,1.9364916731037085,137.25,6.040488390850528,115.39999999999999,4.4542114902640115,107.4,4.127953488110059,101.80000000000001,4.874423042781577,8.097000000000001,0.7018767698107694,63.125,12.495874319150301,5.675,3.735890121510535,0.5869512920000001,0.37253980268137393,10.556,0.4826841617455459,0.139851805,0.005932819199206651,4.9105,0.21784111182235535,1.813,0.09295697929687691,4.0245,1.0366941448662668,354.34,23.741912307141572,16.468,2.935110900800854,730.6800000000001,30.06024949996257,8.149999999999999,1.49248115565993,411.52,20.673224228455513,2.935,0.3353729267546801,56.3127238,3.0942540489980392,1859.681,208.244599591442,117.05,1.3592277219068187,126.1,1.4106735979665885,5.2725,0.5006982624295794,6.975,0.24115347810056578,24.717,0.8936839486082311,753.5799999999999,30.06024949996256,0.43945,0.01655740015823741,0.43945,0.01655740015823741,105.30000000000001,68.25056776320619,202.25,3.418698582794336,242.55,2.3553131426627756,202.99999999999997,2.449489742783164,223.5,1.1618950038622164,294.91999999999996,14.115048706965208,12.223687829729393,300,8.149999999999999
138.25,2.3848480035423645,233.4,4.5431266766402185,7.000825210881343,0.25164291250107546,56.1703038,3.0465852987455913,0.0011408000000000002,0.00092443418370374,3090.0000000000005,112.90450611025231,474.85,91.94687324754442,541.15,119.9267588989213,115.7,4.2790185790669275,138.75,1.7853571071357126,138.15,5.294100490168278,115.7,4.2790185790669275,107.8,3.867815921162743,101.85,4.871088174114692,8.0455,0.6784649954124382,63.775000000000006,12.075258796398527,5.725,3.706329046374593,0.536701292,0.35996207706906713,10.5315,0.4650405896263253,0.139454125,0.005687997283128312,4.897000000000001,0.20760780332155127,1.809,0.09038252043398659,3.995,1.0167177582790614,352.41,23.25527682054119,16.2775,2.978135112784509,731.53,29.81878770171584,8.05,1.4309088021254186,410.79,20.257850330180645,2.9025,0.3074390183434758,56.1703038,3.0465852987455913,1863.8310000000001,206.4009046952072,117.15,1.2757350822173075,126.2,1.3266499161421599,5.282,0.5040595202949747,6.9995,0.22624046941252587,24.6685,0.8438736576052126,754.4300000000001,29.818787701715834,0.43970000000000004,0.01666163257307039,0.43970000000000004,0.01666163257307039,104.77500000000002,68.39953855838502,202.6,3.215587038162705,242.75,2.299456457513384,203.25,2.3848480035423507,223.55,1.1169153951844266,295.30999999999995,13.89744221070914,11.764497800735448,300,8.05
137.5,2.5,231.60000000000002,5.5533773507659285,6.950520901430364,0.276301831594058,56.84019380000001,3.489083282363544,0.0010308000000000001,0.0009795175138811966,3080.15,128.7676201535153,452.50000000000006,106.98247520038036,511.45,139.74529509074713,114.9,4.64650406219557,138.10000000000002,2.0223748416156684,135.85,6.513639535620619,114.9,4.64650406219557,107.3,4.659399102888698,102.65,6.295037728242779,8.203,0.7387293144312062,61.699999999999996,13.333604163916073,5.449999999999999,3.9143965052099667,0.691401292,0.38217787374869966,10.5965,0.5052452374837395,0.140845405,0.006579282286881683,4.9,0.2491987158875421,1.8204999999999998,0.09697809030910023,4.0215,1.0540126896769317,354.5,26.385981126348145,16.619,2.922900785178997,724.8950000000001,36.97062989725763,8.4,1.6552945357246849,408.345,26.602012611830716,3.0045,0.38355540668852534,56.84019380000001,3.489083282363544,1832.862,236.37212504015784,117.0,1.449137674618944,126.1,1.5459624833740306,5.1445,0.6677759729130721,6.952,0.25374396544548616,24.7325,0.9376186591573353,747.795,36.97062989725763,0.436,0.02005991026899174,0.436,0.02005991026899174,121.85500000000002,93.29717827994585,201.5,3.7616485747608057,242.05,2.5391927851189244,202.5,2.499999999999986,223.6,1.3190905958272798,297.445,18.62953233444147,13.02954162708148,300,8.4
137.75,2.48746859276655,232.0,5.639148871948674,6.975579395498293,0.2654126492097566,56.6977738,3.468604988876762,0.0011108,0.000990013414050537,3077.55,127.11545932733753,457.95000000000005,105.56063423454788,519.1999999999999,137.2368755109209,115.2,4.512205669071385,138.35,1.9306734576307822,136.75,6.040488390850528,115.2,4.512205669071385,107.7,4.439594576084623,102.7,6.285698051927088,8.1515,0.7241013395927395,62.35,13.011629413720636,5.5,3.8890872965260113,0.641151292,0.38385406670905164,10.572,0.49044469616869174,0.140447725,0.006421229987227919,4.8865,0.23971389196289797,1.8164999999999998,0.09483011125164834,3.992,1.0342852604576747,352.57,25.960876333436826,16.4285,2.975784392391357,725.745,36.90804079059196,8.299999999999999,1.6155494421403511,407.615,26.192172017608627,2.972,0.36561728624341605,56.6977738,3.468604988876762,1837.0120000000002,235.22308431784498,117.1,1.374772708486752,126.19999999999999,1.469693845669907,5.154,0.672111597876424,6.976500000000001,0.2419560910578613,24.684,0.891113909665874,748.645,36.908040790591954,0.43625,0.020188796398002536,0.43625,0.020188796398002536,121.33000000000001,93.4992144352026,201.85,3.650684867254362,242.25,2.5273503912200224,202.75,2.487468592766536,223.65,1.2757350822172966,297.835,18.411797169206494,12.840802738399296,300,8.299999999999999
138.0,2.449489742783178,232.4,5.6956123463592565,7.000637889566223,0.25157342929837906,56.555353800000006,3.4421173823175706,0.0011908,0.0009939811668235974,3074.9500000000003,125.38763894419577,463.40000000000003,103.83371321492841,526.9499999999999,134.23504572204683,115.5,4.353159771935777,138.60000000000002,1.8,137.65,5.378429138698399,115.5,4.353159771935777,108.1,4.170131892398609,102.75,6.275946143809713,8.1,0.705421859598921,62.99999999999999,12.648122390299678,5.55,3.862965182343739,0.5909012920000001,0.3789166621766283,10.5475,0.47391850565260724,0.140050045,0.00623386997959334,4.873,0.2290436639595165,1.8125,0.09245945057158841,3.9625,1.0133157207899224,350.64,25.382363956101496,16.238,3.0157347363453564,726.595,36.82573115363767,8.2,1.5684387141358123,406.885,25.755132983543305,2.9395,0.3436928134250119,56.555353800000006,3.4421173823175706,1841.162,233.9948125407912,117.2,1.2884098726725126,126.3,1.3820274961085255,5.1635,0.676285997193495,7.001,0.2269339110842627,24.6355,0.8392465370795399,749.495,36.82573115363767,0.4365,0.02031378842067624,0.4365,0.02031378842067624,120.805,93.69787337501316,202.2,3.5014282800023193,242.45000000000002,2.499499949989997,202.99999999999997,2.449489742783164,223.7,1.2288205727444417,298.22499999999997,18.183093108709535,12.441202083092318,300,8.2
138.25,2.3848480035423645,232.79999999999998,5.723635208501674,7.025696383634153,0.23426192615840677,56.4129338,3.4094804099224216,0.0012708,0.000991499147755559,3072.3500000000004,123.5809855924446,468.85,101.78618521194318,534.6999999999999,130.70581471380683,115.8,4.1665333311999255,138.85000000000002,1.6209565077447328,138.54999999999998,4.443815927780988,115.8,4.1665333311999255,108.5,3.8405728739343044,102.8,6.265780079128216,8.0485,0.6823582270332789,63.650000000000006,12.239383154391401,5.6,3.8360135557633264,0.5406512920000001,0.36709890250595556,10.523,0.4554788688841671,0.139652365,0.0060144639438004,4.8595,0.21701324844349917,1.8084999999999998,0.08984848357095405,3.933,0.9910252267223071,348.71000000000004,24.63964082530426,16.047500000000003,3.0432612030517525,727.445,36.72356838598341,8.1,1.5132745950421556,406.15500000000003,25.28948546333041,2.907,0.3169558328852776,56.4129338,3.4094804099224216,1845.3120000000001,232.68605500974917,117.3,1.1874342087037917,126.4,1.2806248474865698,5.173,0.6803021387589487,7.0255,0.2079777632344382,24.587000000000003,0.7809487819313119,750.345,36.723568385983405,0.43675,0.02043495779295862,0.43675,0.02043495779295862,120.28000000000002,93.89317653589104,202.54999999999998,3.3087006513131403,242.65,2.4550967394381833,203.25,2.3848480035423507,223.75,1.1779218989389673,298.615,17.943000724516516,11.764497800735448,300,8.1
137.25,2.48746859276655,230.60000000000002,6.248199740725323,6.9503335801152435,0.27620443682234475,57.2252438,3.7715129528332207,0.0010808,0.0010506543484895495,3065.1000000000004,138.77769093049503,441.05,115.15488482908573,497.25000000000006,149.4051120276679,114.7,4.680811895387373,137.95000000000002,1.9868316486305528,135.35000000000002,6.405271266699015,114.7,4.680811895387373,107.6,4.94368283772331,103.55000000000001,7.338085581403368,8.2575,0.7522358340307911,60.925,13.737972011909182,5.2749999999999995,4.051157242072937,0.745601292,0.3785440359195704,10.6125,0.5113988169716474,0.141441325,0.006938054056064646,4.876,0.26758923745173296,1.8239999999999998,0.09850888284819802,3.989,1.0515507595927076,352.73,28.40906721453558,16.5795,2.965753656324139,719.96,42.0513305378082,8.55,1.7457090250096092,404.44,30.68416529742989,3.0415,0.4039464692258122,57.2252438,3.7715129528332207,1810.1930000000002,258.10840321655553,117.05000000000001,1.4654350889752845,126.2,1.6,5.026,0.7852540990023548,6.9535,0.2546423963129472,24.6995,0.9357161695728033,742.86,42.0513305378082,0.4328,0.022666274506411507,0.4328,0.022666274506411507,137.885,110.71392538881457,201.10000000000002,3.8974350539810154,241.75,2.6433879775772606,202.25,2.4874685927665356,223.75,1.4097872179871547,300.36,21.72782547794418,13.275831245125143,300,8.55
137.5,2.5,231.0,6.3874877690685254,6.975392074183173,0.2653289488894611,57.0828238,3.7671615326371075,0.0011607999999999998,0.0010566676677177173,3062.5000000000005,136.96067866362228,446.5,114.38203530275197,505.0,147.8079835462212,115.0,4.560701700396545,138.2,1.9131126469708992,136.25,5.998958242895178,115.0,4.560701700396545,108.0,4.711687595755898,103.60000000000001,7.323933369440222,8.206000000000001,0.7416697378213566,61.575,13.463167346505056,5.325,4.028880117352712,0.695351292,0.38733280841709894,10.588,0.4975700955644344,0.141043645,0.006823181380739859,4.8625,0.2575242707008408,1.8199999999999998,0.09654014708917737,3.9595,1.0308466180766176,350.8,27.892472102701838,16.389,3.015392014315883,720.8100000000001,42.09607938989093,8.45,1.7168284713389397,403.71,30.235401436064986,3.009,0.3900499967952827,57.0828238,3.7671615326371075,1814.343,257.42225702335844,117.15,1.3883443376914821,126.3,1.5198684153570663,5.0355,0.7903700082872578,6.978,0.242746781647049,24.651,0.8873099796576163,743.71,42.09607938989093,0.43305000000000005,0.022815510075385126,0.43305000000000005,0.022815510075385126,137.35999999999999,110.96010273967845,201.45000000000002,3.8272052466519217,241.95,2.654712790491657,202.5,2.499999999999986,223.8,1.363818169698573,300.75,21.488589995623265,13.170795686273172,300,8.45
137.75,2.48746859276655,231.4,6.499230723708768,7.000450568251102,0.25150378738165946,56.940403800000006,3.757410698842058,0.0012408,0.0010566070982157938,3059.9000000000005,135.0691952297044,451.95000000000005,113.3421699986373,512.75,145.7819861985698,115.3,4.417012565071548,138.45000000000002,1.8020821290940099,137.15,5.41548705104167,115.3,4.417012565071548,108.39999999999999,4.431703961232068,103.64999999999999,7.309411741036347,8.1545,0.7273133781252754,62.225,13.150546566588021,5.375,4.005855089740517,0.6451012920000001,0.3894967224795057,10.5635,0.4821024268762815,0.140645965,0.006682717670175442,4.849,0.24631077930127196,1.8159999999999998,0.09436100889668358,3.9299999999999997,1.0088557875137556,348.87,27.229673152647283,16.1985,3.052360193358575,721.66,42.12363232201136,8.35,1.6815171720800235,402.97999999999996,29.761975740867747,2.9764999999999997,0.37281731451208117,56.940403800000006,3.757410698842058,1818.4930000000002,256.6671853022899,117.25,1.299038105676658,126.4,1.42828568570857,5.045,0.7953395501293771,7.0024999999999995,0.22761535536953575,24.6025,0.8332879154289947,744.5600000000001,42.12363232201136,0.4333,0.02296105398277701,0.4333,0.02296105398277701,136.835,111.20325658450834,201.79999999999998,3.722902093797257,242.14999999999998,2.6509432283623124,202.75,2.4874685927665356,223.85000000000002,1.3143439428094805,301.14,21.239500935756475,12.840802738399296,300,8.35
138.0,2.449489742783178,231.79999999999998,6.584831053261731,7.025509062319032,0.23420717915116684,56.7979838,3.742218245074005,0.0013208,0.0010504715893349995,3057.3,133.10006574002884,457.4,112.02785367934173,520.5,143.3089320314683,115.6,4.247352116319053,138.7,1.6462077633154328,138.04999999999998,4.58775544247947,115.6,4.247352116319053,108.79999999999998,4.093897898091744,103.7,7.294518489934753,8.103,0.7089365274832437,62.875,12.797338590503886,5.425000000000001,3.982069185737485,0.594851292,0.385147457694163,10.539,0.4648322277983749,0.140248285,0.006515007904774567,4.8355,0.23378355374148946,1.8119999999999998,0.09195651146058119,3.9004999999999996,0.9854921359402113,346.94,26.409664897533254,16.008,3.077114882483265,722.5100000000001,42.13402306924892,8.25,1.6393596310755003,402.25,29.262691263791858,2.944,0.3517584398418892,56.7979838,3.742218245074005,1822.643,255.84257779150056,117.35000000000001,1.1947803145348521,126.5,1.3228756555322951,5.054499999999999,0.8001654516410965,7.026999999999999,0.2085449591814677,24.554,0.7724726532376402,745.4100000000001,42.13402306924892,0.43355000000000005,0.02310297599877557,0.43355000000000005,0.02310297599877557,136.30999999999997,111.44340671390121,202.15,3.581549943809244,242.35,2.6320144376503714,202.99999999999997,2.449489742783164,223.89999999999998,1.26095202129184,301.53000000000003,20.980207339299586,12.223687829729394,300,8.25
137.0,2.449489742783178,229.60000000000002,6.726068688320094,6.950146258800122,0.27610688060951305,57.61029380000001,3.9972979311665977,0.0011308,0.0011150311923888048,3050.05,146.57554366264517,429.6000000000001,121.71211936368539,483.05,157.19970578852877,114.5,4.706378650300031,137.8,1.9390719429665317,134.85,6.255197838597913,114.5,4.706378650300031,107.9,5.195190083144215,104.45,8.151533598041537,8.312000000000001,0.761614075500184,60.14999999999999,14.088204285855598,5.1,4.176122603564219,0.7998012919999999,0.36695499325867886,10.6285,0.5169842840938208,0.142037245,0.007230213791201136,4.852,0.28276492003075615,1.8274999999999997,0.09989369349463459,3.9565,1.048075736767148,350.96000000000004,30.1937808165854,16.54,3.0074773482106227,715.0250000000001,46.05532406790772,8.700000000000001,1.8193405398660252,400.53499999999997,33.835940580985785,3.0785,0.42011040215638557,57.61029380000001,3.9972979311665977,1787.5240000000001,276.29756966719776,117.1,1.4798648586948744,126.3,1.6462077633154328,4.907500000000001,0.871343072503592,6.955000000000001,0.25552886334032815,24.6665,0.9326428844954532,737.925,46.05532406790772,0.42960000000000004,0.024589428622885896,0.42960000000000004,0.024589428622885896,153.91500000000002,123.68048057393698,200.7,3.9887341350358265,241.45,2.71062723368596,202.0,2.449489742783164,223.89999999999998,1.4798648586948588,303.275,24.08615525566503,13.275831245125142,300,8.700000000000001
137.25,2.48746859276655,230.0,6.913754406977442,6.975204752868052,0.2652450898668645,57.4678738,4.006902101636721,0.0012108,0.001117124236600388,3047.4500000000003,144.58599517242325,435.05,121.49587441555371,490.8,156.38785119055763,114.80000000000001,4.5999999999999925,138.05,1.8834808201837363,135.75,5.915023245939106,114.80000000000001,4.5999999999999925,108.30000000000001,4.950757517794625,104.50000000000001,8.133265027035577,8.2605,0.7549071134914546,60.8,13.856767299770896,5.15,4.156621224023185,0.749551292,0.3831894889261409,10.604,0.5040872940275328,0.14163956500000002,0.007153263064313733,4.838500000000001,0.27207122229298697,1.8235,0.09809561661970427,3.927,1.026367867774513,349.03000000000003,29.59302451592267,16.3495,3.0539752372931903,715.875,46.1870964123098,8.6,1.8,399.805,33.344131042808726,3.046,0.40971209403677605,57.4678738,4.006902101636721,1791.6740000000002,275.99777228086464,117.2,1.4,126.39999999999999,1.5620499351813308,4.917000000000001,0.8772405599378086,6.979500000000001,0.2435256659984735,24.618,0.8822561986180654,738.775,46.1870964123098,0.42985,0.024759392157320828,0.42985,0.024759392157320828,153.39000000000001,123.96880212376016,201.05,3.955692101263697,241.65,2.7436289836637897,202.25,2.487468592766536,223.95,1.4309088021254044,303.66499999999996,23.822893925801715,13.275831245125142,300,8.6
137.5,2.5,230.4,7.0738956735309575,7.000263246935981,0.2514339866190353,57.325453800000005,4.01143007428682,0.0012908000000000002,0.0011134803815065625,3044.8500000000004,142.52126157173885,440.50000000000006,121.03408610800513,498.55,155.1852038694411,115.10000000000001,4.471017781221625,138.3,1.7916472867168918,136.65,5.40624638728203,115.10000000000001,4.471017781221625,108.7,4.659399102888697,104.55,8.114647250497091,8.209000000000001,0.7445864624071539,61.449999999999996,13.590345838130832,5.2,4.136423575989287,0.699301292,0.3923802706170088,10.5795,0.48962715406725593,0.14124188500000004,0.007053088309618355,4.825,0.2602402735934619,1.8195,0.09609760662992602,3.8975,1.0033238510072409,347.1,28.850996516585006,16.159,3.0880461460282613,716.725,46.30289272820868,8.5,1.7748239349298849,399.075,32.82872941494996,3.0135,0.3963871213851429,57.325453800000005,4.01143007428682,1795.824,275.63517301679775,117.3,1.307669683062202,126.5,1.466287829861518,4.926500000000001,0.8829964609215599,7.0040000000000004,0.22828490970714654,24.569499999999998,0.8259689764149737,739.625,46.30289272820868,0.43010000000000004,0.024925689559167668,0.43010000000000004,0.024925689559167668,152.865,124.25423644689143,201.39999999999998,3.891015291668744,241.85,2.7617928959282954,202.5,2.499999999999986,224.0,1.37840487520901,304.05499999999995,23.55023301370923,13.029541627081478,300,8.5
137.75,2.48746859276655,230.79999999999998,7.2083285163760396,7.0253217410039115,0.2341522694869655,57.183033800000004,4.010899040973826,0.0013708000000000001,0.0011040428252563394,3042.25,140.37802534584964,445.95000000000005,120.32392737938702,506.29999999999995,153.58258364801654,115.4,4.317406628984574,138.55,1.6575584454250776,137.54999999999998,4.674130935264865,115.4,4.317406628984574,109.10000000000001,4.31161222746202,104.6,8.095677859203638,8.1575,0.7304989733052333,62.1,13.286835590162166,5.25,4.115519408288582,0.649051292,0.39501929587740026,10.555,0.4734606636247623,0.140844205,0.006928682282690923,4.8115,0.24710878171364106,1.8154999999999997,0.09388690004468142,3.868,0.9788493244621463,345.17,27.956450060764155,15.9685,3.1100985113015307,717.575,46.402832618278815,8.4,1.7435595774162693,398.34499999999997,32.28860596247538,2.9810000000000003,0.3798275924679512,57.183033800000004,4.010899040973826,1799.9740000000002,275.20952364335074,117.39999999999999,1.2000000000000002,126.6,1.3564659966250536,4.936,0.8886135267932849,7.0285,0.2090998565279279,24.521,0.7624755733792392,740.475,46.402832618278815,0.43035,0.02508839373096652,0.43035,0.02508839373096652,152.34,124.53680339562277,201.74999999999997,3.7930858150060356,242.04999999999998,2.7654113618049667,202.75,2.4874685927665356,224.04999999999998,1.321930406640218,304.445,23.26784207871457,12.482034425844681,300,8.4
137.75,2.48746859276655,233.8,2.9933259094191533,6.91105416013768,0.2647091387347969,56.6093935,2.3758618049176916,0.0009710000000000001,0.0008620690227586188,3132.55,83.91805526821983,459.7,73.53849332152515,519.4,98.8303597079359,114.45,4.055551750378724,138.25,2.0463381929681126,136.95000000000002,6.681878478392136,114.45,4.055551750378724,106.2,3.8157568056677826,100.45,2.6358110706194404,8.2155,0.6446663865907697,60.8,10.524257693538296,5.0,2.9664793948382653,0.557064115,0.37715577217139296,10.662500000000001,0.41611146343257616,0.14064751,0.00491421293595424,4.984500000000001,0.17491355007545864,1.833,0.07893668348746354,4.319,0.8805560743075934,360.2950000000001,22.122555797194874,16.062,2.503632560900261,730.47,17.263229709414166,8.35,1.2359207094308275,418.517,10.658225508967238,2.9115,0.3394005745428255,56.6093935,2.3758618049176916,1839.1500000000003,146.56124999466945,116.65,1.2359207094308275,125.65,1.2359207094308275,5.409,0.12999615378925636,6.915500000000001,0.24193955856783744,24.959,0.8054185247435024,753.37,17.263229709414148,0.441,0.011704699910719636,0.441,0.011704699910719636,89.42500000000001,7.998554556918392,201.9,3.1606961258558215,242.35,2.1511624764298953,202.75,2.4874685927665356,223.10000000000002,0.8888194417315518,290.305,5.817944224552184,10.970700981454987,300,8.35
137.5,2.5,232.8,4.64327470649756,6.9108668388225585,0.26457953621561603,56.9944435,2.8058985065780178,0.001021,0.0009452846132250328,3117.5,106.29029824024391,448.25,85.95456648718555,505.2,113.0767880689932,114.25,4.072775466435626,138.1,2.0223748416156684,136.45000000000002,6.659391864126934,114.25,4.072775466435626,106.5,4.236744032862973,101.35000000000001,5.012733785071775,8.27,0.6590675230960784,60.02499999999999,10.968676994059036,4.824999999999999,3.1195953263203866,0.611264115,0.3924847594699693,10.6785,0.4210614563219961,0.14124343,0.005406938748598879,4.9605,0.21013031670846535,1.8364999999999998,0.08026674280173575,4.2865,0.8885565541933726,358.52500000000003,24.91539433763793,16.022499999999997,2.544900538331508,725.5350000000001,27.468732679175424,8.5,1.3601470508735443,414.61199999999997,20.661365298546954,2.9485,0.3716621449650207,56.9944435,2.8058985065780178,1816.4810000000002,180.31486810299367,116.7,1.268857754044952,125.75,1.3369741957120937,5.2905,0.5002846689635811,6.917,0.24310697233933884,24.926,0.8124555372449619,748.435,27.46873267917542,0.43779999999999997,0.01674395413276088,0.43779999999999997,0.01674395413276088,105.45500000000001,68.2414278499505,201.5,3.3689761055846037,242.05,2.3124662159694354,202.49999999999997,2.499999999999986,223.25,1.0897247358851583,293.21999999999997,14.160282483058033,12.223687829729394,300,8.5
137.75,2.48746859276655,233.2,4.64327470649756,6.935925332890489,0.25708139836953314,56.852023499999994,2.788282864301388,0.001101,0.0009569759662603864,3114.9000000000005,105.2097310138183,453.7,84.45300468307803,512.95,110.40130207565488,114.55,3.968311983702886,138.35,1.9306734576307822,137.35,6.10962355632489,114.55,3.968311983702886,106.9,4.07308237088326,101.4,5.01398045468867,8.2185,0.6479758868970356,60.675000000000004,10.677400198550208,4.875,3.0978823412131065,0.561014115,0.38376362187380353,10.654,0.40813478165919675,0.14084575,0.005243739022253111,4.947,0.20285709255532564,1.8325,0.07847770384000795,4.257,0.8740543461364402,356.595,24.78024364287003,15.832,2.561483164106295,726.385,27.364562393723748,8.4,1.3190905958272918,413.882,20.356930908169833,2.916,0.3479281535029898,56.852023499999994,2.788282864301388,1820.6310000000003,179.18574680760744,116.8,1.2083045973594573,125.85,1.2757350822173072,5.3,0.5033090501868608,6.9415000000000004,0.23446268359805156,24.8775,0.7705898714621154,749.285,27.36456239372374,0.43805,0.016871499636961742,0.43805,0.016871499636961742,104.93000000000002,68.39160840337067,201.85000000000002,3.2446109165815242,242.25,2.299456457513384,202.75,2.4874685927665356,223.3,1.053565375285265,293.61,13.990850581719474,11.905751859927141,300,8.4
137.25,2.48746859276655,231.8,5.670978751503131,6.910679517507438,0.26444973749253897,57.3794935,3.131275544784705,0.001071,0.001019295344833871,3102.4500000000003,122.88209796386128,436.8,95.4267258161989,491.0,124.10479442793498,114.05,4.080134801694661,137.95000000000002,1.9868316486305528,135.95,6.599052962357553,114.05,4.080134801694661,106.8,4.6,102.25,6.456585785072479,8.3245,0.6687336913899283,59.24999999999999,11.342949351910198,4.6499999999999995,3.2561480310329873,0.665464115,0.39995851828683393,10.6945,0.4253525008742751,0.14183935,0.005797434190182759,4.9365,0.23782924546825593,1.8399999999999999,0.08142481194328913,4.2540000000000004,0.8953066513770577,356.75500000000005,27.310812419259893,15.983,2.584906381283469,720.6,34.09303447920118,8.65,1.4585952145814822,410.707,26.639973930167432,2.9855,0.39791299300223915,57.3794935,3.131275544784705,1793.8120000000001,206.2012031875663,116.75,1.299038105676658,125.85,1.4239030865898141,5.172,0.6749711104928862,6.918500000000001,0.24425959551264317,24.893,0.8181020718712303,743.5,34.09303447920118,0.4346,0.020080836635957184,0.4346,0.020080836635957184,121.48500000000001,93.46596318981578,201.1,3.5199431813596083,241.75,2.426417111710186,202.25,2.4874685927665356,223.4,1.2409673645990733,296.135,18.713211242328246,12.840802738399296,300,8.65
137.5,2.5,232.2,5.74108003776293,6.935738011575367,0.25696607955830353,57.2370735,3.1330526777420697,0.001151,0.0010262567904769254,3099.8500000000004,121.6273406763463,442.25,94.73746618946487,498.75,122.57319241987622,114.35,3.9909272105614675,138.2,1.9131126469708992,136.85,6.117801892837001,114.35,3.9909272105614675,107.2,4.422668877499197,102.30000000000001,6.450581369148055,8.273000000000001,0.662058154545354,59.9,11.106979787502992,4.7,3.2380549717384355,0.615214115,0.3983015784649863,10.669999999999998,0.4135093711150936,0.14144167,0.005687356716709444,4.923,0.23002391180049073,1.8359999999999999,0.07983733462484828,4.2245,0.8798265454053998,354.82500000000005,27.06163104840505,15.7925,2.5983396140612567,721.45,34.13227944336563,8.549999999999999,1.4309088021254184,409.977,26.29637866703323,2.953,0.379026384305895,57.2370735,3.1330526777420697,1797.9620000000002,205.6724801620285,116.85,1.2359207094308275,125.94999999999999,1.3592277219068187,5.1815,0.6788760932600292,6.9430000000000005,0.23550159235130458,24.8445,0.7744770816492891,744.3499999999999,34.13227944336563,0.43485,0.020226900405153535,0.43485,0.020226900405153535,120.96000000000001,93.66556144069173,201.45000000000002,3.4420197558991434,241.95,2.4387496796514396,202.49999999999997,2.499999999999986,223.45,1.2031209415515853,296.525,18.524062054527896,12.582456142284009,300,8.549999999999999
137.75,2.48746859276655,232.60000000000002,5.782732917920384,6.960796505643297,0.2467257833655637,57.0946535,3.1283517565719414,0.001231,0.0010269581296235987,3097.2500000000005,120.30332497483184,447.7,93.726783792041,506.5,120.52489369420742,114.65,3.8765319552403974,138.45000000000002,1.8020821290940099,137.75,5.448623679425842,114.65,3.8765319552403974,107.6,4.2,102.35,6.44418342383269,8.2215,0.6512547504625205,60.55,10.82693400737254,4.749999999999999,3.2190837205639746,0.564964115,0.3902196220914572,10.6455,0.3998183962751091,0.14104399,0.005546666646906052,4.9095,0.2211215728959975,1.832,0.07801281945936833,4.195,0.8630614114881977,352.89500000000004,26.670835663698284,15.602,2.597771352525083,722.3,34.15032942740085,8.450000000000001,1.3955285736952863,409.247,25.92768888659381,2.9204999999999997,0.3561948202879992,57.0946535,3.1283517565719414,1802.1120000000003,205.05842337246233,116.95,1.16081867662439,126.05000000000001,1.2835497652993435,5.191000000000001,0.6826265450449462,6.9675,0.22373812817667002,24.796000000000003,0.7250062068699824,745.2,34.15032942740085,0.43510000000000004,0.020368848764719134,0.43510000000000004,0.020368848764719134,120.43500000000002,93.86179880547783,201.79999999999998,3.3256578296631782,242.15,2.43464576478797,202.75,2.4874685927665356,223.50000000000003,1.1618950038622153,296.91499999999996,18.324663025551114,12.123266113290065,300,8.450000000000001
137.0,2.449489742783178,230.8,6.384355879804947,6.910492196192318,0.26431974227651794,57.7645435,3.382333460869397,0.001121,0.0010859848065235536,3087.4,135.82852240969126,425.35,102.77221171114302,476.8,132.71910186555664,113.85000000000001,4.0776831657204475,137.8,1.9390719429665317,135.45000000000002,6.49980768946282,113.85000000000001,4.0776831657204475,107.10000000000001,4.9183330509431755,103.15,7.525124583686305,8.379,0.6738686815693395,58.474999999999994,11.653835205630806,4.475,3.3781466812440217,0.719664115,0.4000175824688206,10.710500000000001,0.42900437060710733,0.14243527,0.006105346710474357,4.9125000000000005,0.26042033330752024,1.8435,0.0824181412068969,4.2215,0.9008344742515131,354.985,29.406092480980877,15.943499999999998,2.623707824815865,715.6650000000001,39.005515956079854,8.8,1.5362291495737217,406.80199999999996,31.01590488765402,3.0225,0.4192836152295962,57.7645435,3.382333460869397,1771.143,226.92874126253818,116.8,1.3266499161421599,125.95,1.499166435056495,5.0535,0.7954890005524904,6.92,0.2453976365004359,24.86,0.8223867703216046,738.5649999999999,39.00551595607986,0.4314,0.02248644035858055,0.4314,0.02248644035858055,137.51500000000001,110.90968521729742,200.70000000000002,3.6207733980463344,241.45,2.4994999499899975,202.0,2.449489742783164,223.54999999999998,1.3592277219068045,299.05,21.974087011750914,13.170795686273172,300,8.8
137.25,2.48746859276655,231.2,6.508456038109191,6.935550690260247,0.256850572358607,57.6221235,3.400145559627816,0.001201,0.0010888539847013464,3084.8,134.40359928216208,430.79999999999995,102.74171499444614,484.54999999999995,132.12360689899438,114.15,4.003436024217189,138.04999999999998,1.8834808201837363,136.35,6.085022596506935,114.15,4.003436024217189,107.5,4.727578661429125,103.2,7.513986957667679,8.3275,0.6714378228845914,59.125,11.468298696842526,4.525,3.3633130987167994,0.669414115,0.40514009594422973,10.685999999999998,0.4182032998435094,0.14203759,0.006040282495041109,4.899,0.2520297601474872,1.8395,0.08102314484145871,4.191999999999999,0.8843675706401722,353.055,29.05748569646039,15.753,2.6340882673137584,716.515,39.147123457541554,8.7,1.5198684153570663,406.07199999999995,30.62835901578797,2.9899999999999998,0.4043884271341108,57.6221235,3.400145559627816,1775.2930000000001,226.86348143982983,116.89999999999999,1.260952021291849,126.05,1.4309088021254184,5.063,0.8002130966186444,6.944500000000001,0.23652642558496512,24.8115,0.7769444960870754,739.415,39.147123457541554,0.43165,0.022652317762207032,0.43165,0.022652317762207032,136.99,111.15368145050347,201.05,3.5843409436045564,241.64999999999998,2.535251466817444,202.25,2.4874685927665356,223.6,1.319090595827279,299.44,21.761052364258497,12.982056797590989,300,8.7
137.5,2.5,231.6,6.606057825965498,6.9606091843281765,0.24662451345082909,57.4797035,3.4119251310655616,0.001281,0.0010858374648169034,3082.2000000000003,132.91255584029673,436.25,102.42161637076423,492.3,131.06795947141316,114.45,3.904804732633879,138.3,1.7916472867168918,137.25,5.494315243958978,114.45,3.904804732633879,107.89999999999999,4.493328387732194,103.25,7.502499583472164,8.276,0.6650218041538186,59.77499999999999,11.242191734710808,4.575,3.3476670981446164,0.619164115,0.4039960437915199,10.661499999999998,0.40563869391368496,0.14163991,0.005947980163038546,4.8855,0.24259997938994124,1.8355000000000001,0.07940245588141463,4.1625,0.8665845313643673,351.125,28.574584423924698,15.562499999999998,2.630668878821506,717.365,39.269826521134526,8.6,1.4966629547095764,405.342,30.218216294149467,2.9574999999999996,0.38619781200830233,57.4797035,3.4119251310655616,1779.443,226.72225257129043,117.0,1.1832159566199232,126.15,1.3518505834595773,5.0725,0.8047973347371373,6.969,0.22465306585933795,24.762999999999998,0.725438488088411,740.2650000000001,39.269826521134526,0.4319,0.022814249932881864,0.4319,0.022814249932881864,136.465,111.3946689702878,201.4,3.512833614050059,241.85,2.5548972582082436,202.49999999999997,2.499999999999986,223.65,1.275735082217296,299.83,21.53885094428206,12.582456142284009,300,8.6
137.75,2.48746859276655,232.0,6.6783231428256,6.985667678396107,0.23327929290630883,57.3372835,3.41773455091772,0.0013610000000000002,0.0010768857878159595,3079.6000000000004,131.35314042686608,441.69999999999993,101.80918426153899,500.04999999999995,129.54091052636616,114.75,3.779880950506238,138.55,1.6575584454250776,138.15,4.661276649159541,114.75,3.779880950506238,108.3,4.208325082500163,103.3,7.490660852021001,8.2245,0.6545034377297035,60.425000000000004,10.973006652690957,4.625,3.3311972322274768,0.568914115,0.3965311897653193,10.637,0.391140639668138,0.14124223,0.005827145498020454,4.872,0.23200431030478702,1.8315,0.07754192414429757,4.133,0.8474025017664274,349.19500000000005,27.950428887585968,15.372,2.6133954924580394,718.215,39.37380188653364,8.5,1.466287829861518,404.61199999999997,29.784543239740984,2.925,0.3642183411087366,57.3372835,3.41773455091772,1783.593,226.50491255378992,117.1,1.0908712114635715,126.25000000000001,1.2599603168354152,5.082,0.8092440917300538,6.9935,0.2092671737277493,24.7145,0.6664643651389021,741.115,39.37380188653364,0.43215000000000003,0.022972320300744548,0.43215000000000003,0.022972320300744548,135.94,111.63266726187277,201.75,3.404041715373065,242.04999999999998,2.558808316384797,202.75,2.4874685927665356,223.7,1.2288205727444408,300.22,21.30719596755988,11.905751859927141,300,8.5
136.75,2.384848003542364,229.8,6.881860213634101,6.910304874877197,0.26418955027749824,58.1495935,3.574765130559874,0.0011710000000000002,0.0011466311525508105,3072.3500000000004,146.10188226029123,413.9,108.4241209325674,462.6,139.3680020664715,113.65,4.0654028090707,137.65,1.8781639970992947,134.95000000000002,6.359834903517544,113.65,4.0654028090707,107.4,5.2,104.05000000000001,8.363462201743964,8.4335,0.6745759779298399,57.699999999999996,11.906300852909773,4.3,3.487119154832539,0.773864115,0.39266529795514105,10.726500000000001,0.4320332741815152,0.14303119,0.006342714909871014,4.8885000000000005,0.2791464669308926,1.847,0.0832526275861609,4.189,0.9051624163651516,353.2150000000001,31.261642231335195,15.904,2.6613575483200296,710.73,42.79973247579942,8.95,1.5960889699512368,402.897,34.40619785736286,3.0595,0.43649140885016285,58.1495935,3.574765130559874,1748.4740000000002,243.81674246039793,116.85000000000001,1.3518505834595773,126.05000000000001,1.5644487847162014,4.9350000000000005,0.8842708860976936,6.921500000000001,0.24652129725441588,24.826999999999998,0.825330842753377,733.63,42.79973247579943,0.4282,0.02423963696097778,0.4282,0.02423963696097778,153.54500000000002,123.90362575405129,200.3,3.675595189897821,241.15,2.5352514668174435,201.75,2.3848480035423507,223.7,1.4525839046333793,301.965,24.465123645712488,13.275831245125143,300,8.95
137.0,2.449489742783178,230.2,7.054076835419359,6.935363368945127,0.25673487651617066,58.0071735,3.6068592385629294,0.0012510000000000002,0.0011458634299077704,3069.7500000000005,144.50757765598314,419.34999999999997,108.96938790320885,470.34999999999997,139.59164552364874,113.95,4.005933099790851,137.9,1.841195263952197,135.85,6.010615609070339,113.95,4.005933099790851,107.80000000000001,4.995998398718719,104.10000000000001,8.34805366537614,8.382000000000001,0.6763105795416777,58.35,11.767646323713166,4.35,3.475269773701029,0.723614115,0.4046697014550258,10.701999999999998,0.422239268661739,0.14263351,0.0063177335749380935,4.875,0.2701388531848018,1.843,0.08204267182387467,4.1594999999999995,0.8876963163154391,351.285,30.823323555385787,15.7135,2.668773641581466,711.58,43.02642908724823,8.85,1.5898113095584647,402.167,33.97344802930666,3.0269999999999997,0.42504235083106723,58.0071735,3.6068592385629294,1752.624,244.14164373166662,116.95,1.2835497652993435,126.15,1.49248115565993,4.944500000000001,0.8897891604194782,6.946000000000001,0.23753736548172805,24.7785,0.7780056233729931,734.48,43.02642908724823,0.42845,0.02442636894833123,0.42845,0.02442636894833123,153.02,124.18986512594334,200.65000000000003,3.6779749863205975,241.35,2.5937424698685874,202.0,2.449489742783164,223.75,1.409787217987154,302.35499999999996,24.227081437928103,13.170795686273172,300,8.85
137.25,2.48746859276655,230.6,7.2,6.960421863013056,0.24652305959851925,57.864753500000006,3.633091587360103,0.0013310000000000002,0.0011394924308656025,3067.1500000000005,142.8481711468509,424.8,109.24037715057561,478.09999999999997,139.3846835201056,114.25,3.9226904032819028,138.15,1.7684739183827394,136.75,5.494315243958978,114.25,3.9226904032819028,108.2,4.749736834815167,104.14999999999999,8.332316604642433,8.3305,0.6741177567754761,59.0,11.59094474147815,4.3999999999999995,3.462657938636157,0.673364115,0.41021820209883386,10.677499999999998,0.4107538800790569,0.14223583,0.006267470291521139,4.8615,0.2601206450860829,1.839,0.08061637550770934,4.13,0.8688785876058864,349.355,30.255817209257465,15.523,2.662574130423414,712.43,43.23522984789141,8.75,1.5771810295587503,401.43699999999995,33.51921972540531,2.9945,0.4107124906793072,57.864753500000006,3.633091587360103,1756.7740000000001,244.39565361110664,117.05,1.2031209415515964,126.25000000000001,1.4097872179871684,4.954000000000001,0.8951726090536952,6.9705,0.2255543171832453,24.73,0.7243686906541444,735.33,43.23522984789142,0.4287,0.024609144641779,0.4287,0.024609144641779,152.495,124.47323196173545,201.0,3.6469165057620936,241.54999999999998,2.6358110706194404,202.25,2.4874685927665356,223.8,1.3638181696985727,302.74499999999995,23.980335172803574,12.840802738399296,300,8.75
137.5,2.5,230.99999999999997,7.321202087089251,6.985480357080986,0.23319216272840693,57.7223335,3.6535884394231863,0.0014110000000000001,0.0011274231681139074,3064.55,141.12136620653868,430.24999999999994,109.23912989400822,485.84999999999997,138.74518910578485,114.55,3.814118508908702,138.4,1.6552945357246849,137.64999999999998,4.75683718451662,114.55,3.814118508908702,108.6,4.454211490264017,104.2,8.316249154516717,8.279,0.6679588310667057,59.65,11.374423062291994,4.45,3.449275286201436,0.6231141149999999,0.40957325888136265,10.652999999999999,0.39743049706835554,0.14183815,0.006191309346293404,4.847999999999999,0.2489698776960777,1.835,0.0789620161849987,4.1005,0.8486193198366391,347.425,29.55168142424387,15.3325,2.6426631926902826,713.2800000000001,43.426392896486355,8.649999999999999,1.5580436450882884,400.707,33.042627180658634,2.962,0.39318697842120864,57.7223335,3.6535884394231863,1760.924,244.57899297364037,117.15,1.107925990308017,126.35000000000001,1.3143439428094914,4.9635,0.9004236502891292,6.995,0.21005951537600007,24.6815,0.6628896967067747,736.1800000000001,43.426392896486355,0.42895,0.024788051557151483,0.42895,0.024788051557151483,151.97,124.75374583554596,201.35,3.5815499438092444,241.75,2.662235902394827,202.49999999999997,2.499999999999986,223.84999999999997,1.3143439428094803,303.135,23.72461327398194,12.223687829729394,300,8.649999999999999
137.75,2.48746859276655,233.60000000000002,2.90516780926679,6.91986655473165,0.2735048495083844,56.416948500000004,2.5773228770871435,0.000901,0.0008319873797119761,3123.05,93.41621914849691,465.70000000000005,79.74653597492495,527.45,107.0474077219995,114.75,4.368924352744041,138.25,2.0463381929681126,136.8,6.6000000000000005,114.75,4.368924352744041,106.3,3.9127995093027708,100.5,2.6739483914241875,8.179499999999999,0.6819785553813256,61.849999999999994,11.58565923890393,5.4,3.32264954516723,0.582814115,0.36596770630712716,10.619,0.45941158017620787,0.140250115,0.0053158447455954735,4.9705,0.18932709790201707,1.8244999999999998,0.08749142815156237,4.2135,0.9836934227695132,360.39500000000004,22.034937599185536,16.422,2.664945778060034,732.335,19.143021574453698,8.25,1.3369741957120937,417.616,11.59562952150507,2.9120000000000004,0.3393464306575215,56.416948500000004,2.5773228770871435,1857.6000000000001,164.05684228339882,116.75,1.3369741957120937,125.75,1.3369741957120937,5.390499999999999,0.13485084352720972,6.9225,0.248814690080791,24.871499999999997,0.8772073586102659,755.235,19.14302157445368,0.441,0.011704699910719636,0.441,0.011704699910719636,90.10000000000001,7.774959806970064,202.0,3.255764119219941,242.4,2.2,202.74999999999997,2.4874685927665356,223.2,0.9797958971132643,290.85999999999996,6.379216252800977,11.28863695125724,300,8.25
138.0,2.449489742783178,234.0,2.792848008753788,6.944925048799579,0.2654098311154395,56.274528499999995,2.525777986897651,0.000981,0.000856529625874085,3120.4500000000003,92.34126921371613,471.15,76.8988133848631,535.2,102.54930521461372,115.05,4.236448984704046,138.5,1.9364916731037085,137.70000000000002,5.992495306631454,115.05,4.236448984704046,106.70000000000002,3.7563279941985894,100.55000000000001,2.692118125194361,8.128,0.6642860829492063,62.50000000000001,11.20490963818986,5.45,3.293554311074891,0.532564115,0.35256682787409205,10.5945,0.4443250499352926,0.139852435,0.0050724722417451445,4.957000000000001,0.18196428220944888,1.8205,0.08529214500761487,4.184,0.9683924824160915,358.46500000000003,22.046321121674712,16.2315,2.709026162664362,733.1850000000001,18.686446291363158,8.15,1.2757350822173072,416.88599999999997,11.24086669256423,2.8795,0.30936184315458176,56.274528499999995,2.525777986897651,1861.7500000000002,161.763531118729,116.85000000000001,1.2757350822173072,125.85,1.2757350822173075,5.4,0.13899640283115242,6.947,0.23981451165432013,24.823,0.8354226475263881,756.0849999999999,18.686446291363136,0.44125000000000003,0.011818946653572823,0.44125000000000003,0.011818946653572823,89.57500000000002,8.052755739496881,202.35000000000002,3.070423423568808,242.6,2.1540659228538015,203.0,2.449489742783164,223.25000000000003,0.9420721840708329,291.25,6.14536410638134,10.970700981454987,300,8.15
137.5,2.5,232.60000000000002,4.5431266766402185,6.919679233416529,0.2733854550952663,56.8019985,3.003188675459261,0.000951,0.0009217391171041838,3108.0,112.67665019869911,454.25000000000006,92.071643300204,513.25,121.27113217909694,114.55,4.398579316097407,138.1,2.0223748416156684,136.3,6.565820588471786,114.55,4.398579316097407,106.60000000000001,4.317406628984581,101.4,5.023942674832188,8.234,0.6984225082283644,61.075,12.058477308516196,5.225,3.480211918834829,0.637014115,0.37807257503513747,10.635,0.4653976794097713,0.140846035,0.005815267359913474,4.9465,0.22075495464428413,1.8279999999999998,0.08902808545621993,4.181,0.987395057714996,358.625,24.84475548279758,16.3825,2.709006967506728,727.4000000000001,29.006464796662144,8.4,1.4628738838327793,413.71099999999996,20.993238411450488,2.9490000000000003,0.37156291526469654,56.8019985,3.003188675459261,1834.9310000000003,196.93751612884734,116.8,1.3638181696985856,125.85,1.4239030865898141,5.271999999999999,0.49717803652212955,6.924,0.24990798306576775,24.8385,0.8803991992272594,750.3,29.006464796662133,0.43779999999999997,0.01674395413276088,0.43779999999999997,0.01674395413276088,106.13000000000001,68.0567785014836,201.6,3.4698703145794942,242.1,2.364318083507378,202.5,2.499999999999986,223.35,1.1521718621802812,293.775,14.287192691358237,12.482034425844683,300,8.4
137.75,2.48746859276655,233.0,4.560701700396551,6.944737727484458,0.2653044869313285,56.659578499999995,2.9775461522446216,0.001031,0.0009397036766981387,3105.4,111.43647293413409,459.7,90.31007695711482,521.0,118.25396399275586,114.85,4.28106295211831,138.35,1.9306734576307822,137.20000000000002,6.029925372672534,114.85,4.28106295211831,107.0,4.147288270665544,101.45,5.0246890451051796,8.182500000000001,0.6852654595118595,61.725,11.73613543718715,5.275,3.4549782922617616,0.586764115,0.3725009772486505,10.610499999999998,0.4513809366820892,0.140448355,0.005635873905835281,4.933,0.21295774228705547,1.8239999999999998,0.08702873088813831,4.1514999999999995,0.9711656655792565,356.695,24.71702803736728,16.192,2.749646522737059,728.25,28.852946123403065,8.299999999999999,1.4177446878757824,412.981,20.66187839960346,2.9165,0.3478688689722034,56.659578499999995,2.9775461522446216,1839.0810000000001,195.51299306951444,116.9,1.3,125.94999999999999,1.3592277219068187,5.281499999999999,0.5005724223326731,6.9485,0.24079607554941598,24.79,0.8368631907307188,751.15,28.852946123403058,0.43805,0.016871499636961742,0.43805,0.016871499636961742,105.605,68.21256097669988,201.95000000000002,3.3387872049593095,242.3,2.3473389188611007,202.74999999999997,2.4874685927665356,223.4,1.1135528725659958,294.16499999999996,14.103945370001975,12.223687829729393,300,8.299999999999999
138.0,2.449489742783178,233.4,4.5431266766402185,6.969796221552388,0.2545142005158851,56.5171585,2.944801019472581,0.0011110000000000002,0.0009506224276756782,3102.8000000000006,110.12096757657008,465.15000000000003,88.17725046745335,528.75,114.63501864613623,115.15,4.138538389335049,138.6,1.8,138.1,5.290557626564519,115.15,4.138538389335049,107.4,3.9293765408777,101.5,5.024937810560445,8.131,0.6678914582475207,62.37500000000001,11.367579997519261,5.325,3.4288299753706073,0.536514115,0.3598957614486446,10.586,0.43553874684119687,0.140050675,0.005421486524273119,4.919500000000001,0.20397242460685694,1.82,0.08479386770280031,4.122,0.9537483944940617,354.76500000000004,24.43667888646083,16.0015,2.776654956958102,729.1,28.673419747215366,8.200000000000001,1.3638181696985856,412.251,20.298881225328653,2.884,0.31914573473571606,56.5171585,2.944801019472581,1843.2310000000002,193.9892539781521,117.0,1.224744871391589,126.05000000000001,1.2835497652993437,5.291,0.503764826084553,6.973,0.2287159810769681,24.741500000000002,0.7879547893121785,752.0,28.673419747215355,0.4383,0.016994410845922264,0.4383,0.016994410845922264,105.08000000000001,68.36395687787534,202.29999999999998,3.163858403911275,242.5,2.313006701244076,203.0,2.449489742783164,223.45000000000002,1.0712142642814204,294.55499999999995,13.907353270842018,11.764497800735448,300,8.200000000000001
137.25,2.48746859276655,231.60000000000002,5.5533773507659285,6.9194919121014085,0.27326588010971586,57.1870485,3.3315408181585817,0.0010010000000000002,0.0010010009990005005,3092.9500000000003,127.32815870811923,442.80000000000007,101.64969257208799,499.05,132.47998905495123,114.35000000000001,4.418993097980572,137.95000000000002,1.9868316486305528,135.8,6.493073232299171,114.35000000000001,4.418993097980572,106.9,4.6679760067935225,102.3,6.458327956987009,8.2885,0.7103187664703784,60.3,12.465351980590038,5.05,3.6224991373359914,0.691214115,0.3821911850470909,10.651000000000002,0.47076427222124695,0.141441955,0.006218216969716885,4.9225,0.2459039446613249,1.8315,0.09040326321543929,4.1485,0.9900165402658686,356.855,27.252880123025534,16.343,2.7517959590056815,722.465,35.603177877824336,8.55,1.5644487847162016,409.806,26.767058934444037,2.986,0.397773805070168,57.1870485,3.3315408181585817,1812.2620000000002,222.76973738818302,116.85000000000001,1.3883443376914821,125.95,1.499166435056495,5.1535,0.6694047729139672,6.9255,0.25098754949200186,24.805500000000002,0.882346162228861,745.3649999999999,35.603177877824336,0.4346,0.020080836635957184,0.4346,0.020080836635957184,122.16000000000003,93.2152262240456,201.20000000000002,3.627671429443411,241.8,2.4819347291981715,202.25,2.4874685927665356,223.5,1.2845232578665007,296.69,18.723218206280677,13.02954162708148,300,8.55
137.5,2.5,232.0,5.639148871948674,6.944550406169338,0.26519896858870834,57.0446285,3.3249783057031745,0.001081,0.0010136286302191745,3090.3500000000004,125.92164230186962,448.25,100.67863477421612,506.79999999999995,130.56936853642205,114.65,4.3159587579123055,138.2,1.9131126469708992,136.7,6.025777958073132,114.65,4.3159587579123055,107.30000000000001,4.484417464955732,102.35000000000001,6.4519376934375305,8.237,0.7013993156540715,60.95,12.195183475454561,5.1000000000000005,3.600694377477766,0.640964115,0.3838428167690515,10.626499999999998,0.45776931963599343,0.141044275,0.006089822117999429,4.909,0.2375689373634523,1.8275,0.0885931712944062,4.119,0.9728458254009215,354.925,27.01031053135081,16.1525,2.7891161234340887,723.315,35.59625366523843,8.45,1.5321553446044562,409.07599999999996,26.40021409004102,2.9535,0.37892314524188153,57.0446285,3.3249783057031745,1816.4120000000003,221.93569743509045,116.95,1.3219304066402284,126.05,1.4309088021254184,5.163,0.6736029988056763,6.95,0.24176434807473177,24.757,0.8370011947422772,746.2149999999999,35.59625366523842,0.43485,0.020226900405153535,0.43485,0.020226900405153535,121.63500000000002,93.4191536838137,201.55,3.5422450508117023,242.0,2.4899799195977463,202.5,2.499999999999986,223.55,1.2439855304624619,297.08,18.522489033604533,12.840802738399296,300,8.45
137.75,2.48746859276655,232.4,5.6956123463592565,6.969608900237267,0.25442265700795375,56.9022085,3.312284759940901,0.0011610000000000001,0.001019844596004705,3087.7500000000005,124.44492757842724,453.70000000000005,99.39974849062749,514.55,128.16258229296102,114.95,4.188973621306291,138.45000000000002,1.8020821290940099,137.6,5.370288632839021,114.95,4.188973621306291,107.69999999999999,4.255584566190643,102.39999999999999,6.445153217728808,8.185500000000001,0.6885236016288765,61.599999999999994,11.883391771712317,5.1499999999999995,3.578058132562969,0.590714115,0.378880441620704,10.601999999999999,0.4430417587541836,0.140646595,0.005932060840085429,4.8955,0.22813318478467773,1.8235,0.0865606723633776,4.0895,0.9544552111021241,352.995,26.626011248401444,15.962,2.8130723417644274,724.165,35.569021282571164,8.35,1.49248115565993,408.346,26.00771739311238,2.921,0.35613059402415853,56.9022085,3.312284759940901,1820.5620000000001,221.02060242429894,117.05000000000001,1.243985530462473,126.15,1.3518505834595775,5.1725,0.6776420515286813,6.9745,0.22957515109436397,24.7085,0.7860679041914888,747.065,35.56902128257116,0.4351,0.020368848764719134,0.4351,0.020368848764719134,121.11000000000001,93.61969290699473,201.89999999999998,3.419064199455752,242.20000000000002,2.4819347291981715,202.74999999999997,2.4874685927665356,223.6,1.1999999999999906,297.46999999999997,18.311256101098042,12.441202083092318,300,8.35
138.0,2.449489742783178,232.8,5.7236352085016735,6.994667394305197,0.2405731232028094,56.7597885,3.293389290028853,0.0012410000000000001,0.0010197661496637355,3085.15,122.89548405047275,459.15,97.80095858425928,522.3,125.23102650701223,115.25,4.035777496344409,138.70000000000002,1.6462077633154328,138.5,4.444097208657794,115.25,4.035777496344409,108.10000000000001,3.9736632972611057,102.45,6.437973283573022,8.134,0.6714640720098134,62.25000000000001,11.526599672062876,5.200000000000001,3.5545745174352446,0.540464115,0.3670358907521166,10.5775,0.4264020989629392,0.140248915,0.005742513337143855,4.882,0.21745344329304125,1.8195,0.08428967908350346,4.0600000000000005,0.9347726996441436,351.06500000000005,26.093720988007828,15.771500000000001,2.82400473618583,725.0150000000001,35.52143402229139,8.25,1.4448183276799889,407.616,25.58838846039352,2.8885,0.3285768555452438,56.7597885,3.293389290028853,1824.7120000000002,220.02344101481555,117.15,1.1521718621802912,126.25000000000001,1.2599603168354152,5.1819999999999995,0.6815247611055668,6.9990000000000006,0.2139135339336902,24.660000000000004,0.7283749034666143,747.915,35.52143402229139,0.43535,0.02050676717573982,0.43535,0.02050676717573982,120.58500000000002,93.81686562127302,202.25,3.253843880704789,242.4,2.4576411454889016,203.0,2.449489742783164,223.65,1.1521718621802834,297.86,18.089151444995984,11.764497800735448,300,8.25
137.0,2.449489742783178,230.60000000000002,6.248199740725323,6.919304590786288,0.2731461243145857,57.572098499999996,3.5892421513053074,0.001051,0.0010721021406563836,3077.9,138.83762998553382,431.35,109.2058949874044,484.8500000000001,141.39281275934783,114.15,4.430293444005705,137.8,1.9390719429665317,135.3,6.380438856379708,114.15,4.430293444005705,107.2,4.975942121849891,103.2,7.520638270785266,8.343,0.7178934461325023,59.525,12.812567072995169,4.875,3.751249791736082,0.745414115,0.3785842731304348,10.667000000000002,0.47553233328555095,0.142037875,0.006542542992206858,4.8985,0.26655721712232805,1.835,0.09162423260251625,4.1160000000000005,0.9915664375118796,355.08500000000004,29.358325480176834,16.3035,2.7933712159324617,717.5300000000001,40.55969797717927,8.700000000000001,1.6462077633154328,405.90099999999995,31.01188125541565,3.023,0.4191073848072831,57.572098499999996,3.5892421513053074,1789.5930000000003,243.80434657938324,116.9,1.4106735979665885,126.05,1.5644487847162014,5.035,0.7879942893194086,6.9270000000000005,0.2520535657355398,24.7725,0.8830564817722586,740.43,40.559697977179276,0.4314,0.02248644035858055,0.4314,0.02248644035858055,138.19,110.60067766519333,200.8,3.736308338453881,241.5,2.5592967784139455,202.0,2.449489742783164,223.65,1.3883443376914681,299.605,21.90889031877243,13.275831245125143,300,8.700000000000001
137.25,2.48746859276655,231.0,6.3874877690685254,6.944363084854217,0.26509327587961135,57.429678499999994,3.5984237345047,0.0011309999999999998,0.0010802050731226918,3075.3,137.2640794235695,436.8,108.87727035520317,492.6,140.39031305613648,114.45,4.341370751271992,138.04999999999998,1.8834808201837363,136.20000000000002,5.979966555090422,114.45,4.341370751271992,107.60000000000001,4.7791212581394085,103.25,7.50916107165108,8.291500000000001,0.7130166547844446,60.175000000000004,12.589951350184004,4.925000000000001,3.7325426990189947,0.695164115,0.38734785131610017,10.642499999999998,0.4635177990109984,0.141640195,0.006457441512121892,4.885000000000001,0.2576334605597648,1.831,0.0899944442729661,4.0865,0.973438621588439,353.15500000000003,29.015796990604965,16.113,2.827483156448505,718.38,40.656925609298106,8.6,1.624807680927192,405.17099999999994,30.60279952880129,2.9905,0.4042459028858549,57.429678499999994,3.5984237345047,1793.7430000000002,243.42927106451273,117.0,1.3416407864998738,126.14999999999999,1.4924811556599298,5.0445,0.7929847098147605,6.9515,0.2427194882987356,24.724,0.8358373047429741,741.28,40.656925609298106,0.43165000000000003,0.02265231776220703,0.43165000000000003,0.02265231776220703,137.665,110.84855107307447,201.15000000000003,3.6915443922564446,241.7,2.5903667693977237,202.25,2.487468592766536,223.70000000000002,1.3453624047073585,299.995,21.68523633719495,13.170795686273172,300,8.6
137.5,2.5,231.4,6.499230723708768,6.969421578922146,0.2543309425830514,57.2872585,3.6019551097406466,0.001211,0.0010823506825424004,3072.7000000000003,135.62244467638828,442.25000000000006,108.27366946769654,500.35,138.9490104318847,114.75,4.229361653961498,138.3,1.7916472867168918,137.1,5.402777063696039,114.75,4.229361653961498,108.0,4.538722287164087,103.3,7.4973328590906245,8.24,0.7043507648891992,60.825,12.32910682085284,4.9750000000000005,3.713068138345969,0.6449141150000001,0.38948753378856643,10.617999999999999,0.44985108647195715,0.141242515,0.006346332342012595,4.8715,0.24765449723354493,1.827,0.08815327560561774,4.057,0.9540550298593894,351.225,28.53895364234646,15.9225,2.8484765665176184,719.23,40.73618907065314,8.5,1.5968719422671314,404.441,30.17051704893372,2.9579999999999997,0.3860906629277637,57.2872585,3.6019551097406466,1797.8930000000003,242.98274755834007,117.1,1.2609520212918492,126.25,1.4097872179871684,5.054,0.797830809131861,6.976,0.23042135317717422,24.6755,0.782786529010304,742.1300000000001,40.73618907065314,0.4319,0.022814249932881864,0.4319,0.022814249932881864,137.14,111.09339044245611,201.5,3.6124783736376886,241.89999999999998,2.6057628441590768,202.5,2.499999999999986,223.75000000000003,1.299038105676647,300.385,21.452162478407633,12.840802738399296,300,8.5
137.75,2.48746859276655,231.79999999999998,6.584831053261731,6.9944800729900765,0.2404956455819484,57.14483849999999,3.5998529052347057,0.001291,0.0010785745222282974,3070.1,133.9102217905713,447.7,107.39045581428547,508.1,137.05506192767928,115.05,4.092370950928073,138.54999999999998,1.6575584454250776,138.0,4.58257569495584,115.05,4.092370950928073,108.39999999999999,4.24735211631906,103.35,7.485151969065157,8.1885,0.691753388137709,61.475,12.027546507912577,5.025,3.692813967694555,0.5946641149999999,0.38511374298277085,10.593499999999999,0.43437627697654047,0.140844835,0.006207819161611835,4.858,0.23648678610019608,1.823,0.08608716512930369,4.0275,0.9333374255862669,349.295,27.920914651923567,15.732,2.856640684440379,720.08,40.79759306625821,8.4,1.5620499351813308,403.71099999999996,29.714021252600602,2.9255,0.36414935122831127,57.14483849999999,3.5998529052347057,1802.0430000000001,242.46438132435043,117.2,1.1661903789690602,126.35,1.3143439428094916,5.0634999999999994,0.8025352017201487,7.0005,0.2146502969949029,24.627,0.7226209241365763,742.98,40.79759306625821,0.43215000000000003,0.022972320300744548,0.43215000000000003,0.022972320300744548,136.61499999999998,111.33521578997365,201.85,3.4967842369811724,242.1,2.6057628441590768,202.74999999999997,2.4874685927665356,223.79999999999998,1.2489995996796701,300.77500000000003,21.20935819396712,12.223687829729394,300,8.4
136.75,2.384848003542364,229.60000000000002,6.726068688320094,6.919117269471166,0.27302618747195373,57.9571485,3.790729113687333,0.001101,0.0011365751185029524,3062.8500000000004,147.9402244151333,419.90000000000003,115.13900294860991,470.65000000000003,148.4238104213741,113.95,4.432550056118931,137.65,1.8781639970992947,134.8,6.2257529665093525,113.95,4.432550056118931,107.5,5.2488093888042835,104.10000000000001,8.35404093837228,8.3975,0.721282711563226,58.74999999999999,13.104865508657461,4.7,3.867815921162743,0.7996141149999999,0.36702414334168765,10.683,0.47971970983064716,0.142633795,0.0067995054257258365,4.8745,0.2836983433155716,1.8384999999999998,0.09269708733288226,4.0835,0.9920497719368722,353.31500000000005,31.222384197879578,16.264,2.833786159892803,712.595,44.428408422989904,8.850000000000001,1.7109938632268675,401.996,34.30014670522563,3.06,0.43627972678088084,57.9571485,3.790729113687333,1766.9240000000002,261.2029781683203,116.95,1.4309088021254186,126.15,1.620956507744733,4.9165,0.8750329993777377,6.9285000000000005,0.253106203005774,24.7395,0.8825331438535322,735.495,44.42840842298991,0.4282,0.02423963696097778,0.4282,0.02423963696097778,154.22,123.53954670468886,200.4,3.8000000000000003,241.2,2.6,201.75,2.3848480035423507,223.79999999999998,1.4696938456698916,302.52,24.34020542230489,13.275831245125142,300,8.850000000000001
137.0,2.449489742783178,230.0,6.913754406977442,6.944175763539096,0.26498740859539444,57.814728499999994,3.8138299657557826,0.001181,0.0011407203864225448,3060.2500000000005,146.19709299435473,425.34999999999997,115.36952587230304,478.40000000000003,148.21349466226076,114.25000000000001,4.357464859296049,137.9,1.841195263952197,135.70000000000002,5.8915193286621745,114.25000000000001,4.357464859296049,107.9,5.038849074937649,104.15000000000002,8.338315177540364,8.346,0.7203360326958522,59.4,12.926329718833571,4.750000000000001,3.851947559352282,0.749364115,0.3832311676432381,10.6585,0.4686499226501593,0.142236115,0.006752845847735242,4.861000000000001,0.27415141801566506,1.8345,0.09124006795262704,4.053999999999999,0.972946041669321,351.38500000000005,30.789775494472188,16.0735,2.8647919208905908,713.445,44.611315548860475,8.75,1.699264546796643,401.26599999999996,33.846614660849035,3.0275,0.4248632132816397,57.814728499999994,3.8138299657557826,1771.0740000000003,261.2133210691982,117.05000000000001,1.3592277219068187,126.25,1.5451537140362444,4.926,0.8808087193028915,6.953,0.24366165065516582,24.691,0.8333660660238088,736.3449999999999,44.611315548860475,0.42845,0.02442636894833123,0.42845,0.02442636894833123,153.695,123.82948952087301,200.75000000000003,3.7930858150060356,241.4,2.6532998322843198,202.0,2.449489742783164,223.85,1.4239030865898001,302.90999999999997,24.091946787256532,13.275831245125142,300,8.75
137.25,2.48746859276655,230.4,7.0738956735309575,6.969234257607026,0.2542390570562078,57.6723085,3.831501518887439,0.0012610000000000002,0.001139246680925602,3057.6500000000005,144.386114290814,430.8,115.34235995504862,486.15000000000003,147.59650232983165,114.55000000000001,4.2599882628946215,138.15,1.7684739183827394,136.6,5.388877434122992,114.55000000000001,4.2599882628946215,108.3,4.7864391775097275,104.2,8.322259308625274,8.294500000000001,0.7156917981924901,60.05,12.712100534530082,4.8,3.8353617821530217,0.699114115,0.3923970042070909,10.634,0.45599780701227094,0.141838435,0.006682236248986942,4.847500000000001,0.2635692508620835,1.8305,0.08958096896104663,4.0245,0.9525464555600426,349.45500000000004,30.22802466255445,15.883,2.8829049585444193,714.295,44.77734332226512,8.65,1.6815171720800237,400.53599999999994,33.37095719334405,2.9949999999999997,0.4105666815512433,57.6723085,3.831501518887439,1775.2240000000002,261.15772514708425,117.15,1.2757350822173075,126.35000000000001,1.4585952145814822,4.9355,0.8864450067545081,6.9775,0.2312547296813625,24.6425,0.7780930214312421,737.195,44.77734332226512,0.4287,0.024609144641779,0.4287,0.024609144641779,153.17000000000002,124.11653435380799,201.1,3.753664875824692,241.6,2.6907248094147422,202.25,2.4874685927665356,223.9,1.3747727084867394,303.29999999999995,23.83472257023354,13.029541627081478,300,8.65
137.5,2.5,230.79999999999998,7.2083285163760396,6.994292751674956,0.2404179970419268,57.5298885,3.8438186557090273,0.0013410000000000002,0.001132132059434764,3055.05,142.50470167682187,436.25,115.05732267005,493.9,146.56769766902937,114.85000000000001,4.138538389335049,138.4,1.6552945357246849,137.5,4.663689526544408,114.85000000000001,4.138538389335049,108.7,4.484417464955732,104.25,8.305871417256592,8.243,0.7072771733910264,60.7,12.460337074092338,4.8500000000000005,3.8180492401225004,0.648864115,0.39501210736912823,10.609499999999999,0.44162738819054265,0.141440755,0.006586906464075157,4.834,0.25182136525719956,1.8264999999999998,0.08770832343626231,3.9949999999999997,0.9307658137254505,347.52500000000003,29.52976252867605,15.6925,2.888367834954544,715.1450000000001,44.92667887792287,8.55,1.6575584454250778,399.806,32.87221385912425,2.9625000000000004,0.3930760104610812,57.5298885,3.8438186557090273,1779.3740000000003,261.0361482706945,117.25,1.1779218989389748,126.45,1.3592277219068185,4.944999999999999,0.891944505000171,7.002,0.21537409314957084,24.594,0.7152999370893302,738.0450000000001,44.92667887792287,0.42895,0.024788051557151483,0.42895,0.024788051557151483,152.64499999999998,124.4007012641006,201.45,3.680692869555948,241.79999999999998,2.7129319932501077,202.5,2.499999999999986,223.95,1.3219304066402178,303.69,23.568239221460736,12.482034425844681,300,8.55
137.75,2.48746859276655,233.4,2.8,6.9286789493256205,0.2817508840847359,56.224503500000004,2.7507084457275277,0.000831,0.0007946338779588999,3113.55,101.1456375727594,471.70000000000005,85.0829595159924,535.5,114.11069187416226,115.05,4.641928478552845,138.25,2.0463381929681126,136.65,6.513639535620619,115.05,4.641928478552845,106.4,4.004996878900157,100.55,2.71062723368596,8.1435,0.7155436744182704,62.9,12.469562943423478,5.8,3.6,0.608564115,0.3525508795013844,10.5755,0.4951613373436988,0.13985271999999999,0.005661367005114579,4.9565,0.20174922552515523,1.8159999999999998,0.09451983918733675,4.1080000000000005,1.0666142695463998,360.495,21.946513960080324,16.782,2.7706490214388393,734.2,20.686589859133374,8.15,1.4239030865898141,416.715,12.397414044872418,2.9125,0.3392915413033459,56.224503500000004,2.7507084457275277,1876.0500000000002,177.9558653149707,116.85,1.4239030865898141,125.85,1.4239030865898141,5.372,0.1370620297529553,6.9295,0.25531304314507725,24.784,0.9354004490056649,757.1,20.686589859133353,0.441,0.011704699910719636,0.441,0.011704699910719636,90.775,7.484108163301755,202.1,3.345145736735546,242.45,2.2466641938660974,202.75,2.4874685927665356,223.3,1.053565375285267,291.41499999999996,6.8501295608185515,11.441947988520557,300,8.15
138.0,2.449489742783178,233.79999999999998,2.7129319932501073,6.95373744339355,0.27309226601157693,56.082083499999996,2.6923116732534425,0.000911,0.0008270931023772354,3110.9500000000003,99.9067565282749,477.15,82.02211592003708,543.25,109.33292047686278,115.35,4.497499305169478,138.5,1.9364916731037085,137.55,5.920092904676412,115.35,4.497499305169478,106.8,3.8418745424597094,100.60000000000001,2.727636339397171,8.092,0.6960431021136548,63.55,12.060161690458383,5.8500000000000005,3.567562192870644,0.5583141149999999,0.3424193389613087,10.550999999999998,0.4789770349400901,0.13945504,0.005404329150172112,4.943,0.1938839859297305,1.812,0.09211948762341225,4.0785,1.049558359501748,358.565,21.9667310949991,16.5915,2.837347837329783,735.05,20.18644347080485,8.049999999999999,1.3592277219068185,415.985,12.01161417129271,2.88,0.30935416596516047,56.082083499999996,2.6923116732534425,1880.2,175.40794594316415,116.95,1.3592277219068187,125.94999999999999,1.3592277219068187,5.3815,0.14238240762116647,6.954,0.24585361498257466,24.7355,0.8915855259031515,757.9499999999999,20.18644347080483,0.44125,0.011818946653572823,0.44125,0.011818946653572823,90.25,7.817768223732395,202.45000000000002,3.1539657575820317,242.65,2.1971572542719833,202.99999999999997,2.449489742783164,223.35,1.013656746635659,291.805,6.6001874973367345,11.183601392405269,300,8.049999999999999
138.25,2.384848003542364,234.20000000000002,2.5612496949731396,6.978795937461479,0.26176201897571116,55.9396635,2.6249038888455996,0.0009910000000000001,0.000850836647071575,3108.3500000000004,98.58377148395167,482.6,78.46489660988536,551.0,103.75933692926145,115.64999999999999,4.3275281628199656,138.75,1.7853571071357126,138.45,5.103675146401855,115.64999999999999,4.3275281628199656,107.2,3.627671429443411,100.64999999999999,2.7436289836637897,8.0405,0.6720451993727801,64.2,11.6,5.8999999999999995,3.5341194094144583,0.508064115,0.3242834558718648,10.5265,0.4609259701947811,0.13905736,0.0051035450419683786,4.929500000000001,0.18470178667246273,1.808,0.08947625383307015,4.049,1.0313772345752064,356.63500000000005,21.816857587654564,16.401000000000003,2.889984256012478,735.9,19.636827646032845,7.95,1.2835497652993435,415.255,11.56702533065437,2.8474999999999997,0.27233940221715996,55.9396635,2.6249038888455996,1884.3500000000001,172.72278367372382,117.05,1.2835497652993435,126.05000000000001,1.2835497652993437,5.391,0.14689792374298555,6.9785,0.23345824037716045,24.687,0.8427164410405196,758.8000000000001,19.63682764603282,0.4415,0.011926860441876574,0.4415,0.011926860441876574,89.72500000000001,8.103818544365366,202.79999999999998,2.9086079144497976,242.85,2.1277922830953213,203.25,2.3848480035423507,223.40000000000003,0.9695359714832618,292.195,6.316365648060611,10.724411363411324,300,7.95
137.5,2.5,232.4,4.431703961232068,6.9284916280105,0.28164084670775585,56.609553500000004,3.1766567103712595,0.0008810000000000001,0.0008921003306803558,3098.5,117.95731219386104,460.25,97.4381213899365,521.3,128.44224382966843,114.85,4.682680856090871,138.1,2.0223748416156684,136.15,6.46741834119303,114.85,4.682680856090871,106.7,4.3943145085439665,101.45,5.0346300757851115,8.198,0.7339114387989873,62.125,12.972928543702073,5.625,3.7645550865938993,0.662764115,0.3612579861694405,10.591500000000002,0.5021083050498172,0.14044863999999999,0.00617121031333401,4.9325,0.23004075725836048,1.8195,0.0962535713623136,4.0755,1.0668199238859388,358.725,24.773511559728476,16.7425,2.8181055249936966,729.265,30.352302630937242,8.3,1.5524174696260025,412.81,21.28183497727581,2.9495,0.37146298604302425,56.609553500000004,3.1766567103712595,1853.3810000000003,210.65259043980447,116.9,1.445683229480096,125.95,1.4991664350564948,5.2535,0.49335864236881477,6.931,0.2563376679304079,24.750999999999998,0.9353122473270621,752.165,30.352302630937235,0.43779999999999997,0.01674395413276088,0.43779999999999997,0.01674395413276088,106.805,67.8649134310212,201.70000000000002,3.5651086939951777,242.15,2.414021540914662,202.5,2.499999999999986,223.45000000000002,1.2031209415515867,294.33,14.391598243419672,12.565737755674894,300,8.3
137.75,2.48746859276655,232.79999999999998,4.467661580737735,6.953550122078429,0.2729959332795943,56.467133499999996,3.1437192447937763,0.000961,0.0009167785992266617,3095.9,116.56151809237902,465.7,95.43327511932092,529.05,125.09975019959073,115.14999999999999,4.552746423863286,138.35,1.9306734576307822,137.04999999999998,5.945376354781924,115.14999999999999,4.552746423863286,107.10000000000001,4.217819341792628,101.5,5.034878350069642,8.1465,0.7188273436646659,62.775000000000006,12.619899959983837,5.675000000000001,3.735890121510535,0.612514115,0.359045002233285,10.566999999999998,0.48696098406340554,0.14005095999999997,0.00597607771530793,4.9190000000000005,0.22171828972820426,1.8155,0.09404653103650341,4.045999999999999,1.048853659954524,356.795,24.65324471545278,16.552,2.8810963191118755,730.115,30.153097270429782,8.2,1.503329637837291,412.08,20.923627792522023,2.9170000000000003,0.3478088555514365,56.467133499999996,3.1437192447937763,1857.5310000000002,208.95531593859968,117.0,1.378404875209022,126.05,1.4309088021254184,5.263,0.4971327790439894,6.9555,0.24676861631901262,24.702499999999997,0.8896958750044868,753.015,30.15309727042977,0.43805,0.016871499636961742,0.43805,0.016871499636961742,106.28000000000002,68.02634489666485,202.05,3.427462618322773,242.35,2.3932195887548637,202.75,2.4874685927665356,223.5,1.1618950038622164,294.71999999999997,14.194456664487028,12.37699886699271,300,8.2
138.0,2.449489742783178,233.2,4.467661580737736,6.978608616146358,0.2616794535117858,56.3247135,3.1039050584427925,0.001041,0.0009339823338800366,3093.3,115.0900842818355,471.15,93.06679053239131,536.8,121.17078855895922,115.44999999999999,4.398579316097408,138.6,1.8,137.95,5.219913792391595,115.44999999999999,4.398579316097408,107.49999999999999,3.993745109543172,101.55,5.0346300757851115,8.095,0.6996391927272225,63.425,12.222187815608136,5.7250000000000005,3.706329046374593,0.5622641150000001,0.34967008691936985,10.542499999999999,0.47005185884112854,0.13965328,0.005746901271346154,4.9055,0.21221392508504225,1.8115,0.09161195336854247,4.0165,1.0297294547598412,354.865,24.380079470748253,16.3615,2.9303809905880835,730.9649999999999,29.92843589297643,8.1,1.445683229480096,411.35,20.533243776860978,2.8845,0.3191312425946417,56.3247135,3.1039050584427925,1861.681,207.16102253802478,117.10000000000001,1.3,126.15,1.3518505834595775,5.2725,0.5006982624295794,6.9799999999999995,0.23426480742954126,24.653999999999996,0.8388110633509787,753.865,29.92843589297642,0.43829999999999997,0.01699441084592226,0.43829999999999997,0.01699441084592226,105.75500000000001,68.18335189032584,202.39999999999998,3.2465366161495854,242.55,2.3553131426627756,202.99999999999997,2.449489742783164,223.55,1.1169153951844268,295.10999999999996,13.983665470827031,11.97739821168573,300,8.1
138.25,2.3848480035423645,233.6,4.431703961232068,7.0036671102142884,0.2473249622325901,56.18229349999999,3.056945472324744,0.001121,0.00094412022539505,3090.7000000000003,113.54007001935484,476.59999999999997,90.31024305138371,544.55,116.59608698408366,115.75,4.217522969706265,138.85,1.620956507744733,138.85,4.1865857210858595,115.75,4.217522969706265,107.9,3.713488925525428,101.6,5.033885179461287,8.0435,0.6759975961495719,64.075,11.775265389790583,5.775,3.6758502417808048,0.512014115,0.3325280450483834,10.518,0.45118288974649756,0.13925559999999998,0.005479410992159654,4.892,0.20136037346012226,1.8074999999999999,0.08893115314668983,3.987,1.0093814937871608,352.935,23.94878441591557,16.171000000000003,2.9666427152591193,731.815,29.67774039579159,8.0,1.378404875209022,410.62,20.108809014956606,2.8520000000000003,0.2839119581842231,56.18229349999999,3.056945472324744,1865.8310000000001,205.2671660519529,117.2,1.2083045973594573,126.25000000000001,1.2599603168354152,5.281999999999999,0.5040595202949747,7.0045,0.21832258243250977,24.6055,0.7816295478038171,754.715,29.67774039579158,0.43855,0.017112787616282748,0.43855,0.017112787616282748,105.23000000000002,68.33596490867748,202.75,3.014548058996572,242.75,2.299456457513384,203.25,2.3848480035423507,223.6,1.0677078252031258,295.5,13.758597312226279,11.300693929328864,300,8.0
137.25,2.48746859276655,231.4,5.4258639865002145,6.928304306695379,0.28153064168477776,56.9946035,3.509896259534853,0.0009310000000000001,0.0009773653359926371,3083.4500000000003,130.93666407847726,448.8,107.17770290503525,507.1,139.89385261690379,114.65,4.714604967544994,137.95000000000002,1.9868316486305528,135.65,6.381810088054956,114.65,4.714604967544994,107.0,4.732863826479693,102.35000000000001,6.459682654743962,8.2525,0.7478694739057076,61.349999999999994,13.412773762350575,5.449999999999999,3.9143965052099667,0.716964115,0.3617281610618665,10.607500000000002,0.5084572253395563,0.14104456,0.00658835000613963,4.9085,0.252948117209834,1.823,0.0978314877736202,4.043,1.0660351776559722,356.95500000000004,27.194456696172484,16.703,2.864231310491525,724.33,36.957828669985474,8.45,1.6575584454250776,408.90500000000003,26.863340726722736,2.9865,0.397633939698311,56.9946035,3.509896259534853,1830.7120000000002,236.75508568138514,116.95,1.4654350889752845,126.05,1.5644487847162014,5.135,0.6632759606679561,6.9325,0.2573494705648335,24.718,0.9340588846534245,747.2299999999999,36.95782866998547,0.4346,0.020080836635957184,0.4346,0.020080836635957184,122.83500000000001,92.95891175675412,201.3,3.7296112397943033,241.85000000000002,2.535251466817444,202.25,2.4874685927665356,223.6,1.3190905958272798,297.245,18.71676988692227,13.02954162708148,300,8.45
137.5,2.5,231.79999999999998,5.528109984434102,6.953362800763308,0.2728994379629708,56.852183499999995,3.4958364133976225,0.001011,0.0009959332306937049,3080.8500000000004,129.37855309130646,454.25,105.94898536559943,514.85,137.63330810526935,114.95,4.598641103630499,138.2,1.9131126469708992,136.55,5.928532702111037,114.95,4.598641103630499,107.4,4.5431266766402185,102.4,6.452906321960671,8.201,0.7368914438368788,62.0,13.110110602126895,5.5,3.8890872965260113,0.666714115,0.3670154541197137,10.582999999999998,0.4942984928158292,0.14064688,0.006442825068446299,4.8950000000000005,0.2440799049491783,1.819,0.0958070978581441,4.0135,1.0471402723608716,355.02500000000003,26.95852138007573,16.512500000000003,2.9236567428479012,725.18,36.90823214406239,8.35,1.620956507744733,408.175,26.472995202658886,2.954,0.37881921809749836,56.852183499999995,3.4958364133976225,1834.8620000000003,235.64577971183786,117.05,1.3955285736952863,126.14999999999999,1.4924811556599298,5.1445,0.667775972913072,6.957,0.2476711529427682,24.6695,0.8865747289428001,748.0799999999999,36.90823214406238,0.43485,0.020226900405153535,0.43485,0.020226900405153535,122.31000000000002,93.16720399368009,201.65,3.6369630187836663,242.05,2.5391927851189244,202.5,2.499999999999986,223.65,1.2757350822172966,297.635,18.50427720825648,12.92450606822951,300,8.35
137.75,2.48746859276655,232.2,5.6,6.978421294831238,0.2615967278535093,56.7097635,3.475889208961752,0.0010910000000000002,0.0010078308389804313,3078.2500000000005,127.74854206604473,459.70000000000005,104.42178891400013,522.5999999999999,134.89047408916613,115.25,4.45954033505696,138.45000000000002,1.8020821290940099,137.45,5.286539510870981,115.25,4.45954033505696,107.8,4.308131845707604,102.44999999999999,6.445735024029455,8.1495,0.722083617041683,62.65,12.767243241984543,5.55,3.862965182343739,0.616464115,0.3653810334708134,10.558499999999999,0.47846917351068735,0.14024920000000002,0.006268758661569295,4.8815,0.23409987184960165,1.815,0.0935681569766125,3.984,1.027051118494109,353.095,26.58073503498352,16.322000000000003,2.9697030154545754,726.03,36.83896171175295,8.25,1.5771810295587503,407.445,26.05636342623429,2.9215,0.3560656540583492,56.7097635,3.475889208961752,1839.0120000000002,234.4577816921418,117.14999999999999,1.3143439428094914,126.25,1.4097872179871684,5.154,0.672111597876424,6.9815,0.23505903513798412,24.621,0.8335820295567794,748.9300000000001,36.83896171175295,0.4351,0.020368848764719134,0.4351,0.020368848764719134,121.78500000000001,93.37207974014501,201.99999999999997,3.5071355833500366,242.25,2.5273503912200224,202.75,2.4874685927665356,223.70000000000002,1.2288205727444415,298.025,18.280997647830937,12.594513120355634,300,8.25
138.0,2.4494897427831783,232.59999999999997,5.642694391866354,7.003479788899168,0.24725641863643444,56.56734349999999,3.449952527777267,0.001171,0.0010132931461329442,3075.65,126.04384157903155,465.15,102.58278364326053,530.35,131.6352061570156,115.55,4.295055296500843,138.7,1.6462077633154328,138.35,4.373499742768942,115.55,4.295055296500843,108.19999999999999,4.019950248448356,102.5,6.438167441127948,8.097999999999999,0.7032040955512132,63.3,12.380831959121325,5.6,3.8360135557633264,0.566214115,0.35672977262586264,10.533999999999999,0.46079713540776296,0.13985151999999998,0.006063693320625645,4.867999999999999,0.22285869962826196,1.811,0.09109884741312593,3.9545,1.0056961519266145,351.165,26.05492803674576,16.131500000000003,3.002985639326302,726.88,36.74990612232908,8.15,1.5256146302392357,406.71500000000003,25.61216263809052,2.8890000000000002,0.3285559313115501,56.56734349999999,3.449952527777267,1843.162,233.18988892316924,117.25,1.2196310917650468,126.35,1.3143439428094916,5.163499999999999,0.676285997193495,7.005999999999999,0.21900684920796434,24.572499999999998,0.7739500952903873,749.78,36.74990612232907,0.43535,0.02050676717573982,0.43535,0.02050676717573982,121.26,93.57356143697857,202.35,3.335790760824186,242.45000000000002,2.4994999499899975,202.99999999999997,2.449489742783164,223.74999999999997,1.1779218989389673,298.415,18.046530830051527,11.977398211685731,300,8.15
137.0,2.449489742783178,230.40000000000003,6.102458520956943,6.9281169853802576,0.2814202688188498,57.3796535,3.775058760449531,0.000981,0.001053395936958179,3068.4,141.14491666369003,437.35,114.96837608664393,492.90000000000003,149.13044625427767,114.44999999999999,4.737879272417136,137.8,1.9390719429665317,135.15,6.255197838597913,114.44999999999999,4.737879272417136,107.3,5.030904491242106,103.25,7.515816655560459,8.307,0.7576615339318737,60.574999999999996,13.795175787209093,5.2749999999999995,4.051157242072937,0.7711641149999999,0.3539942265619591,10.6235,0.5142302499853547,0.14164047999999999,0.006929547862782975,4.8845,0.2718358879912656,1.8264999999999998,0.09926101953939422,4.0105,1.0642578399993115,355.185,29.310139457191266,16.6635,2.909089677201443,719.395,41.97369980118503,8.600000000000001,1.7435595774162693,405.0,30.98166554593217,3.0235,0.41893048349338347,57.3796535,3.775058760449531,1808.0430000000001,258.2705175024823,117.0,1.4832396974191326,126.15,1.620956507744733,5.0165,0.7799889422293114,6.934,0.258348601699332,24.685,0.9316356583987108,742.295,41.97369980118503,0.4314,0.02248644035858055,0.4314,0.02248644035858055,138.865,110.2866731522898,200.9,3.845776904605882,241.54999999999998,2.6167728216259047,202.0,2.449489742783164,223.75,1.4097872179871547,300.16,21.82939302866665,13.170795686273172,300,8.600000000000001
137.25,2.48746859276655,230.8,6.257795138864806,6.953175479448188,0.27280277988917884,57.237233499999995,3.7765389927004267,0.0010609999999999999,0.0010669034632992808,3065.8,139.42032671027565,442.79999999999995,114.3707130344128,500.65000000000003,147.75867994808291,114.75,4.635461142108726,138.04999999999998,1.8834808201837363,136.05,5.8691992639541555,114.75,4.635461142108726,107.7,4.828043081829324,103.30000000000001,7.503998933901843,8.2555,0.7505762786019818,61.225,13.538348311370926,5.325,4.028880117352712,0.720914115,0.3668952077865009,10.599,0.5010179637498045,0.1412428,0.006826144121903675,4.871,0.26237187349256763,1.8225,0.0974102150700839,3.981,1.0444132323941515,353.25500000000005,28.973703163385935,16.473,2.965080268727981,720.245,42.029959255274086,8.5,1.7175564037317668,404.27000000000004,30.55065793072222,2.9909999999999997,0.40410270971623047,57.237233499999995,3.7765389927004267,1812.1930000000002,257.6194398934211,117.10000000000001,1.4106735979665885,126.25,1.5451537140362444,5.026,0.7852540990023548,6.9585,0.24856136063354672,24.636499999999998,0.8822090171835694,743.145,42.029959255274086,0.43165,0.02265231776220703,0.43165,0.02265231776220703,138.34,110.53845665649578,201.25000000000003,3.793085815006035,241.75,2.6433879775772606,202.25,2.4874685927665356,223.8,1.363818169698573,300.55,21.59489523012326,13.170795686273172,300,8.5
137.5,2.5,231.20000000000002,6.384355879804947,6.978233973516117,0.26151384184885684,57.0948135,3.7726460169391394,0.001141,0.0010743011682019152,3063.2000000000003,137.6250249772911,448.25,113.50853492138818,508.40000000000003,145.96314603351078,115.05,4.510820324508607,138.3,1.7916472867168918,136.95,5.305421755148219,115.05,4.510820324508607,108.1,4.581484475582123,103.35,7.491828882188915,8.204,0.7398472815385617,61.875,13.24469233315746,5.375,4.005855089740517,0.670664115,0.37264211994110336,10.5745,0.4862147159434814,0.14084512000000002,0.006697578278646699,4.857500000000001,0.25183079636930805,1.8185,0.09535591224460076,3.9515,1.0233341340930635,351.32500000000005,28.50292748122551,16.2825,3.0079924783815533,721.0949999999999,42.068972830341366,8.4,1.6852299546352716,403.54,30.09578043513742,2.9584999999999995,0.38598283640597286,57.0948135,3.7726460169391394,1816.3430000000003,256.89968160937843,117.2,1.3266499161421599,126.35000000000001,1.4585952145814822,5.0355,0.7903700082872578,6.983,0.23584104816592055,24.588,0.8270042321536205,743.9950000000001,42.068972830341366,0.4319,0.022814249932881864,0.4319,0.022814249932881864,137.815,110.78718010221219,201.6,3.7067505985701277,241.95,2.654712790491657,202.5,2.499999999999986,223.85000000000002,1.3143439428094805,300.94,21.35070022270933,12.92450606822951,300,8.4
137.75,2.48746859276655,231.6,6.483826030978931,7.003292467584047,0.24718771407966283,56.9523935,3.7633631584085467,0.001221,0.0010757151109843162,3060.6,135.7562061196467,453.7,112.37575361260097,516.15,143.72796352832665,115.35,4.3620522692879256,138.54999999999998,1.6575584454250776,137.85,4.497499305169485,115.35,4.3620522692879256,108.5,4.283689998120779,103.39999999999999,7.4793047805260615,8.1525,0.7253128635285602,62.525000000000006,12.911695279861588,5.425000000000001,3.982069185737485,0.620414115,0.37156706071946105,10.549999999999999,0.46967009698297835,0.14044743999999998,0.0065423670991010645,4.843999999999999,0.24007082288358136,1.8144999999999998,0.09308463890460122,3.9219999999999997,1.0009425557942873,349.395,27.891010648594293,16.092000000000002,3.038380489668797,721.945,42.09078848156685,8.3,1.6462077633154328,402.81,29.615933211702117,2.926,0.36407966161267513,56.9523935,3.7633631584085467,1820.4930000000002,256.11066360267006,117.3,1.2288205727444508,126.45,1.3592277219068185,5.044999999999999,0.7953395501293771,7.007499999999999,0.219678742713081,24.5395,0.7647710441694294,744.845,42.09078848156684,0.43215,0.022972320300744548,0.43215,0.022972320300744548,137.29,111.0328640538467,201.95,3.5843409436045564,242.14999999999998,2.6509432283623124,202.75,2.4874685927665356,223.9,1.26095202129184,301.33000000000004,21.096471268911305,12.376998866992711,300,8.3
137.0,2.449489742783178,229.8,6.764613810115105,6.952988158133066,0.27270595888515525,57.6222835,4.000886688290079,0.001111,0.0011312307456924958,3050.75,147.25569598490918,431.35,121.13598763373335,486.45,155.9456555983526,114.55,4.6634214907082905,137.9,1.841195263952197,135.55,5.766064515768099,114.55,4.6634214907082905,108.0,5.079370039680118,104.2,8.328265125462805,8.31,0.760118411828052,60.449999999999996,13.910337882308971,5.1499999999999995,4.156621224023185,0.7751141149999999,0.35867612609525557,10.614999999999998,0.5071439637814891,0.14183872,0.007139485344939095,4.847,0.27740043258798264,1.8259999999999998,0.09886354231970447,3.9485,1.0406645713196927,351.485,30.755865700708217,16.433500000000002,3.00541390660255,715.31,46.06635323096457,8.65,1.7965244223221681,400.365,33.69522035838318,3.028,0.4246834114961403,57.6222835,4.000886688290079,1789.5240000000001,276.00516481399404,117.14999999999999,1.4239030865898141,126.35,1.5898113095584645,4.9075,0.871343072503592,6.960000000000001,0.24943937139112596,24.6035,0.8765801446530712,738.2099999999999,46.06635323096458,0.42845,0.02442636894833123,0.42845,0.02442636894833123,154.37,123.46437178392802,200.85,3.902242944769072,241.45,2.71062723368596,202.0,2.449489742783164,223.95,1.4309088021254044,303.465,23.9431884885869,13.17079568627317,300,8.65
137.25,2.48746859276655,230.20000000000002,6.939740629158989,6.978046652200996,0.2614307953453163,57.4798635,4.010908019423626,0.0011910000000000002,0.0011346907067566914,3048.15,145.28798986839897,436.8,120.83981132060741,494.20000000000005,154.9572844367118,114.85000000000001,4.552746423863286,138.15,1.7684739183827394,136.45000000000002,5.2770730523652984,114.85000000000001,4.552746423863286,108.39999999999999,4.8207883172775805,104.25,8.311889075294498,8.2585,0.7532614088083897,61.099999999999994,13.661625086350453,5.199999999999999,4.136423575989287,0.724864115,0.37194854414044926,10.5905,0.49332012932780306,0.14144104000000002,0.007050356951772024,4.833500000000001,0.26623814527599143,1.822,0.09698453484963467,3.919,1.018567130826437,349.55500000000006,30.199875413650304,16.243000000000002,3.0452883278927794,716.16,46.19285009609172,8.55,1.7741194999210173,399.63500000000005,33.19758839132747,2.9955,0.41042021149061364,57.4798635,4.010908019423626,1793.6740000000002,275.6749431921589,117.25,1.3369741957120937,126.45,1.4991664350564948,4.917000000000001,0.8772405599378086,6.984500000000001,0.23661096762407285,24.555,0.8190451757992347,739.06,46.19285009609172,0.42869999999999997,0.024609144641779,0.42869999999999997,0.024609144641779,153.84500000000003,123.75512706550788,201.2,3.8548670534792766,241.65,2.7436289836637897,202.25,2.4874685927665356,224.0,1.3784048752090097,303.85499999999996,23.675208024429274,13.029541627081478,300,8.55
137.5,2.5,230.6,7.08801805866774,7.003105146268926,0.2471188484280233,57.3374435,4.015856705015351,0.001271,0.0011325029801285294,3045.5499999999997,143.24608197085183,442.25,120.29624890244915,501.95,153.5719619592066,115.15,4.4189930979805725,138.4,1.6552945357246849,137.35,4.563715591489022,115.15,4.4189930979805725,108.8,4.512205669071391,104.3,8.295179322956196,8.207,0.7427792404207322,61.75,13.376752221671746,5.25,4.115519408288582,0.6746141149999999,0.3781438225671546,10.565999999999999,0.4778430704739792,0.14104335999999998,0.006937327766467438,4.82,0.25387004549572184,1.8179999999999998,0.09489994731294639,3.8895,0.9951053964279362,347.62500000000006,29.507488456322406,16.052500000000002,3.0728600277266125,717.01,46.303400523071744,8.450000000000001,1.745709025009609,398.90500000000003,32.67607802353276,2.963,0.3929643749756459,57.3374435,4.015856705015351,1797.8240000000003,275.28176947266235,117.35,1.2359207094308275,126.55,1.3955285736952863,4.9265,0.8829964609215599,7.009,0.22033837613997256,24.506500000000003,0.7540376316869069,739.91,46.303400523071744,0.42895,0.024788051557151483,0.42895,0.024788051557151483,153.32,124.04297884201266,201.54999999999998,3.7745860700214533,241.85,2.7617928959282954,202.5,2.499999999999986,224.04999999999998,1.321930406640218,304.245,23.397659605182742,12.565737755674894,300,8.450000000000001
137.5,2.5,233.6,2.90516780926679,6.888837565402694,0.2668971618457367,56.7638032,2.4210874679904815,0.0008711999999999999,0.000852651957131396,3135.85,85.20393183415892,456.0,74.18220810949214,515.05,99.38887010123416,114.19999999999999,4.106093033529554,138.1,2.0223748416156684,136.75,6.586918854821274,114.19999999999999,4.106093033529554,105.89999999999999,3.819685850956856,100.15,2.7798381247835278,8.265,0.6541750530247998,60.449999999999996,10.594692067257075,5.0,2.966479394838265,0.582626938,0.36592606734183836,10.6735,0.4182735349027,0.140846665,0.004934340151456423,4.993,0.17618456232031218,1.8355,0.07959114272329552,4.3405000000000005,0.8877357433380725,362.75,22.456012557887487,16.145999999999997,2.4540220047913177,729.9050000000001,17.417590964309614,8.4,1.2409673645990857,419.077,10.778549577749315,2.8935,0.35048930083527524,56.7638032,2.4210874679904815,1837.0000000000002,147.26991376380988,116.6,1.2409673645990857,125.6,1.2409673645990857,5.3995,0.12623291963667793,6.896,0.24280444806469267,24.944499999999998,0.8053600126651432,752.805,17.417590964309593,0.4396,0.012322337440599502,0.4396,0.012322337440599502,90.405,8.033397475539223,201.70000000000002,3.1480152477394387,242.15,2.17428149051589,202.49999999999997,2.499999999999986,223.1,0.8888194417315518,290.10499999999996,5.852390537207861,11.099898062575058,300,8.4
137.75,2.48746859276655,234.0,2.792848008753788,6.913896059470624,0.2615848815193616,56.6213832,2.386927700360562,0.0009512000000000001,0.00087933120040176,3133.2500000000005,84.41913290244102,461.45,71.85156574494393,522.8,95.53826458545288,114.5,4.006245124802017,138.35,1.9306734576307822,137.65,5.9856077385675714,114.5,4.006245124802017,106.30000000000001,3.7027017163147233,100.2,2.8035691537752374,8.213500000000002,0.6425984360391797,61.1,10.265963179361204,5.05,2.940663190506523,0.532376938,0.35249692414156414,10.649,0.40495555311663545,0.140448985,0.0047216473843643796,4.979500000000001,0.1700433768189751,1.8315,0.07773512719485316,4.311,0.8750422846925743,360.82000000000005,22.66858178184071,15.9555,2.4807165799421744,730.755,17.036181350290914,8.299999999999999,1.1874342087037917,418.347,10.498030815348177,2.8609999999999998,0.31967014249066183,56.6213832,2.386927700360562,1841.1500000000003,145.30037852669207,116.7,1.1874342087037917,125.7,1.1874342087037917,5.409000000000001,0.12999615378925636,6.9205000000000005,0.2363360954234457,24.896,0.7642800533835746,753.655,17.036181350290892,0.43985,0.012459032867763061,0.43985,0.012459032867763061,89.88000000000001,8.321814705940042,202.05,2.991237202229205,242.35,2.1511624764298953,202.75,2.4874685927665356,223.15,0.8529361054615932,290.495,5.648935740473608,10.781962092772803,300,8.299999999999999
137.25,2.48746859276655,232.6,4.5431266766402185,6.888650244087573,0.266753021673936,57.1488532,2.8233137854019272,0.0009212,0.0009420166452881816,3120.8,107.77025331695198,444.55,86.01480977134112,500.84999999999997,113.02003141036548,114.0,4.110960958218885,137.95000000000002,1.9868316486305528,136.25,6.5488548617296445,114.0,4.110960958218885,106.2,4.261455150532504,101.05,5.142713291638958,8.3195,0.6643227754638552,59.675,11.011669946016362,4.824999999999999,3.1195953263203866,0.636826938,0.3780591047456252,10.6895,0.42278215430644683,0.14144258499999998,0.005403318395789295,4.969,0.21215324649884562,1.8389999999999997,0.08080222769206304,4.308,0.8964518949726193,360.98,25.38370737303754,16.1065,2.4974392385001076,724.97,27.464670032607344,8.549999999999999,1.3592277219068185,415.17199999999997,20.828945628619806,2.9305000000000003,0.3835554066885253,57.1488532,2.8233137854019272,1814.3310000000001,180.62171092922358,116.64999999999999,1.2757350822173072,125.7,1.3453624047073711,5.281,0.4970603585078979,6.8975,0.24408758673885908,24.911499999999997,0.8118083209723831,747.87,27.46467003260734,0.43639999999999995,0.01691862878604529,0.43639999999999995,0.01691862878604529,106.43500000000002,68.01494155698438,201.3,3.3331666624997918,241.85,2.308137777516758,202.25,2.4874685927665356,223.25,1.0897247358851583,293.02,14.215540791682889,12.293295537162498,300,8.549999999999999
137.5,2.5,232.99999999999997,4.560701700396552,6.913708738155503,0.2614557664127757,57.0064332,2.813634249849927,0.0010012,0.0009620828238774456,3118.2000000000003,106.78505279298221,450.0,84.75258108164022,508.59999999999997,110.648271563545,114.3,4.026164427839471,138.2,1.9131126469708992,137.15,6.018928476066151,114.3,4.026164427839471,106.6,4.127953488110059,101.10000000000001,5.146843692983108,8.268,0.6572107728879676,60.324999999999996,10.742759189333064,4.875,3.0978823412131065,0.586576938,0.372462053704889,10.665,0.4105666815512435,0.141044905,0.005255098658395959,4.9555,0.20551094861344965,1.835,0.07915175298121956,4.278499999999999,0.8827982498849893,359.05,25.43801289409219,15.916,2.5206911750549685,725.82,27.378031339013404,8.45,1.3219304066402287,414.442,20.546902345609183,2.898,0.3589791080271943,57.0064332,2.813634249849927,1818.4810000000002,179.54422201507907,116.75,1.2196310917650468,125.8,1.2884098726725126,5.2905,0.5002846689635811,6.922,0.23749947368362742,24.862999999999996,0.7689934980219271,748.7199999999999,27.378031339013397,0.43665,0.017065388949566905,0.43665,0.017065388949566905,105.91000000000001,68.17316847558135,201.65,3.2291639784935047,242.05,2.3124662159694354,202.49999999999997,2.499999999999986,223.29999999999998,1.053565375285265,293.40999999999997,14.052327209398454,12.03494894104721,300,8.45
137.75,2.48746859276655,233.4,4.5431266766402185,6.938767232223433,0.25358470923717696,56.864013199999995,2.796677982931993,0.0010812000000000003,0.000975198113205722,3115.6000000000004,105.72675867537035,455.45,83.11466477102582,516.3499999999999,107.66813595488685,114.6,3.91663120551322,138.45000000000002,1.8020821290940099,138.04999999999998,5.286539510870982,114.6,3.91663120551322,107.0,3.9496835316262997,101.14999999999999,5.150485414016819,8.216500000000002,0.6459278210450451,60.975,10.426498693233505,4.925,3.0752032453156652,0.536326938,0.359829336240201,10.6405,0.39646532004703783,0.14064722500000001,0.005071486504751344,4.942000000000001,0.1977270846394088,1.831,0.07725930364687479,4.2490000000000006,0.8679279924048999,357.12,25.345662350785002,15.7255,2.529423798021992,726.67,27.26463093460097,8.35,1.2757350822173072,413.712,20.23461430321814,2.8655,0.3294005919848962,56.864013199999995,2.796677982931993,1822.6310000000003,178.36369546238944,116.85,1.1521718621802912,125.9,1.2206555615733703,5.300000000000001,0.5033090501868608,6.9465,0.2281068828422326,24.8145,0.7203920807449231,749.57,27.264630934600962,0.4369,0.01720726590716841,0.4369,0.01720726590716841,105.38500000000002,68.32699521419042,202.0,3.082207001484488,242.25,2.299456457513384,202.75,2.4874685927665356,223.35000000000002,1.0136567466356572,293.79999999999995,13.876238683447331,11.575758912053264,300,8.35
137.0,2.449489742783178,231.60000000000002,5.5533773507659285,6.888462922772453,0.26660867196040555,57.5339032,3.127940205473973,0.0009712,0.0010211637283021758,3105.75,124.56379891445187,433.1,95.03625623939529,486.65,123.55414804853781,113.8,4.106093033529554,137.8,1.9390719429665317,135.75,6.472055314967572,113.8,4.106093033529554,106.5,4.642197755374064,101.95,6.599052962357554,8.374,0.669898499774406,58.9,11.360677796680973,4.6499999999999995,3.2561480310329873,0.6910269379999999,0.38220440421568097,10.7055,0.4266435866153389,0.142038505,0.005773538373430546,4.945,0.24046829312822085,1.8424999999999998,0.0818458917722814,4.2755,0.9039163401554373,359.21000000000004,27.894926061920298,16.066999999999997,2.539500147666859,720.0350000000001,34.00787078015912,8.7,1.452583904633395,411.267,26.851718213179588,2.9675,0.41066866206225194,57.5339032,3.127940205473973,1791.6620000000003,206.2333879273674,116.7,1.307669683062202,125.8,1.4352700094407322,5.1625000000000005,0.6709088984355477,6.899000000000001,0.2453548450713783,24.8785,0.8168737662576756,742.935,34.00787078015912,0.4332,0.020003999600079984,0.4332,0.020003999600079984,122.465,93.13220321134898,200.9,3.462657938636157,241.55,2.3973944189473704,202.0,2.449489742783164,223.4,1.2409673645990733,295.935,18.786119210736427,12.840802738399296,300,8.7
137.25,2.48746859276655,232.0,5.639148871948674,6.913521416840382,0.26132645323988,57.391483199999996,3.136737880682503,0.0010512,0.0010358491009794814,3103.15,123.39570494956459,438.55,94.55764115078168,494.3999999999999,122.29161868255731,114.1,4.036087214122105,138.04999999999998,1.8834808201837363,136.65,6.010615609070339,114.1,4.036087214122105,106.9,4.493328387732195,102.0,6.595452979136459,8.3225,0.6670672754677746,59.550000000000004,11.145514792955954,4.7,3.2380549717384355,0.6407769379999999,0.38383147522169625,10.681,0.4154864618733084,0.141640825,0.005676964726319429,4.9315,0.23324397098317445,1.8384999999999998,0.08039123086506388,4.2459999999999996,0.889299724502375,357.28000000000003,27.82183674741839,15.8765,2.559432114747332,720.885,34.061316401454604,8.6,1.42828568570857,410.537,26.5262830226928,2.935,0.3909028012178987,57.391483199999996,3.136737880682503,1795.8120000000001,205.74811832918425,116.8,1.2489995996796797,125.89999999999999,1.374772708486752,5.172000000000001,0.6749711104928862,6.923500000000001,0.23864775297496527,24.83,0.7722693830523126,743.785,34.0613164014546,0.43345,0.02016798205076552,0.43345,0.02016798205076552,121.94000000000001,93.33802762004349,201.25,3.404041715373065,241.75,2.426417111710186,202.25,2.487468592766536,223.45,1.2031209415515853,296.325,18.60190514436627,12.652063849717113,300,8.6
137.5,2.5,232.4,5.6956123463592565,6.938579910908311,0.25346989981351703,57.2490632,3.139055944451542,0.0011312000000000002,0.0010442180615178038,3100.55,122.1611231120605,444.0,93.76033276391462,502.15,120.518577406141,114.39999999999999,3.9420806688853967,138.3,1.7916472867168918,137.55,5.361669516111563,114.39999999999999,3.9420806688853967,107.29999999999998,4.302324952859791,102.05,6.59147176281595,8.271,0.660218903091997,60.199999999999996,10.887378013093876,4.749999999999999,3.2190837205639746,0.590526938,0.3788441251225412,10.6565,0.4025329179085857,0.14124314500000001,0.005550298450847038,4.918,0.22497999911103192,1.8345,0.07870673414645026,4.2165,0.8734430433634468,355.35,27.613991019046853,15.685999999999998,2.565101167595539,721.735,34.09349314752011,8.5,1.396424004376894,409.807,26.176455279506435,2.9025,0.36721757855527565,57.2490632,3.139055944451542,1799.9620000000002,205.17777924521945,116.9,1.1789826122551597,126.0,1.3038404810405297,5.181500000000001,0.6788760932600293,6.948,0.22914187744713976,24.781499999999998,0.721673575794486,744.635,34.0934931475201,0.4337,0.020327567488511757,0.4337,0.020327567488511757,121.415,93.54045261276,201.6,3.3075670817082456,241.95000000000002,2.4387496796514396,202.49999999999997,2.499999999999986,223.5,1.1618950038622153,296.715,18.40758743018759,12.252463194410133,300,8.5
137.75,2.48746859276655,232.79999999999998,5.723635208501674,6.963638404976242,0.24278922712943538,57.10664319999999,3.1349087705840124,0.0012112000000000002,0.001046422171018944,3097.9500000000003,120.85801586986275,449.45,92.63610257345674,509.8999999999999,118.21205522280712,114.7,3.8223029707232707,138.55,1.6575584454250776,138.45,4.443815927780988,114.7,3.8223029707232707,107.7,4.063249930782009,102.1,6.587108622149781,8.2195,0.6492262702633033,60.85000000000001,10.583123357497067,4.800000000000001,3.199218654609278,0.540276938,0.36697277270781775,10.632,0.38760288956611266,0.140845465,0.00539141897076039,4.9045,0.2155568370523188,1.8304999999999998,0.07677727528377129,4.187,0.8562774083204578,353.42,27.268307611584557,15.4955,2.556602188452478,722.585,34.104461218438864,8.4,1.3564659966250536,409.077,25.801242818903127,2.87,0.33879197156957547,57.10664319999999,3.1349087705840124,1804.1120000000003,204.52165898994664,117.0,1.0954451150103321,126.10000000000001,1.2206555615733703,5.191,0.6826265450449461,6.9725,0.21646881992564196,24.733,0.6637175604125596,745.485,34.10446121843886,0.43395,0.02048285868720478,0.43395,0.02048285868720478,120.89000000000001,93.73950021202376,201.95,3.1697791721190924,242.15,2.43464576478797,202.75,2.4874685927665356,223.54999999999998,1.1169153951844255,297.105,18.20284249780787,11.575758912053264,300,8.4
136.75,2.384848003542364,230.60000000000002,6.248199740725323,6.888275601457333,0.26646411236460477,57.9189532,3.3616055869480825,0.0010212,0.0010923165109069809,3090.7000000000003,137.7129169685981,421.65,101.99523273173115,472.45000000000005,131.73628012054994,113.60000000000001,4.091454509095749,137.65,1.8781639970992947,135.25,6.355116049294458,113.60000000000001,4.091454509095749,106.8,4.975942121849892,102.85000000000001,7.682935636851321,8.4285,0.6710162069577753,58.12499999999999,11.64782705057042,4.475,3.3781466812440217,0.745226938,0.3786244135322809,10.7215,0.4298752726082303,0.142634425,0.006063117986636501,4.921,0.263607663014564,1.8459999999999999,0.08272847151978573,4.243,0.9101598760657382,357.44000000000005,30.094109058086442,16.0275,2.580271061342199,715.1,38.85941327400608,8.85,1.5256146302392357,407.36199999999997,31.2679790840406,3.0044999999999997,0.43294889998705394,57.9189532,3.3616055869480825,1768.9930000000002,226.7431388399658,116.75,1.3369741957120937,125.9,1.5132745950421556,5.0440000000000005,0.7906225395218631,6.9005,0.2466064678794943,24.845499999999998,0.8205819581248418,738.0,38.85941327400609,0.43,0.022217110523198108,0.43,0.022217110523198108,138.495,110.48647190946049,200.50000000000003,3.54259791678367,241.25,2.446936860648431,201.75,2.3848480035423507,223.54999999999998,1.3592277219068045,298.85,22.062649432921702,13.087092356442959,300,8.85
137.0,2.449489742783178,231.0,6.3874877690685254,6.913334095525262,0.2611969417064991,57.776533199999996,3.3860278154924486,0.0011011999999999999,0.001102435195374313,3088.1000000000004,136.3706255027086,427.09999999999997,102.1620771127917,480.2,131.39315050640957,113.9,4.036087214122105,137.9,1.841195263952197,136.15,5.960494945891658,113.9,4.036087214122105,107.2,4.812483766206386,102.9,7.673982017179869,8.377,0.6723771263212334,58.775,11.482023994052616,4.525,3.3633130987167994,0.6949769379999999,0.38736280318541644,10.697,0.41973920474504195,0.142236745,0.006010786454822285,4.9075,0.25577089357469884,1.8419999999999999,0.08146164741766519,4.2135,0.8945740606568022,355.51000000000005,29.912387066230608,15.837,2.596994609158825,715.95,39.0138629207619,8.75,1.5124483462254175,406.63199999999995,30.896830517061137,2.972,0.41714026417980804,57.776533199999996,3.3860278154924486,1773.1430000000003,226.71718419872812,116.85,1.2757350822173072,126.0,1.449137674618944,5.0535000000000005,0.7954890005524904,6.925,0.23978115021827726,24.796999999999997,0.7741259587431489,738.8499999999999,39.0138629207619,0.43025,0.022400613830875264,0.43025,0.022400613830875264,137.97,110.736046976583,200.85000000000002,3.525265947414464,241.45,2.4994999499899975,202.0,2.449489742783164,223.6,1.319090595827279,299.24,21.854047680006563,12.982056797590989,300,8.75
137.25,2.48746859276655,231.4,6.499230723708768,6.9383925895931915,0.2533548998647844,57.6341132,3.404322208542629,0.0011812,0.0011066938872154304,3085.5000000000005,134.9649121068139,432.55,102.03797087359195,487.95,130.5899977027337,114.2,3.9572717874818673,138.15,1.7684739183827394,137.04999999999998,5.389573266966504,114.2,3.9572717874818673,107.6,4.608687448721165,102.94999999999999,7.66469177462473,8.3255,0.6697870930377801,59.425,11.276385724158251,4.575,3.3476670981446164,0.644726938,0.38947825492659227,10.6725,0.4078832553562357,0.14183906500000001,0.005931391837189231,4.894,0.24694938752707993,1.8379999999999999,0.07997499609252881,4.184,0.8777209123633777,353.58,29.603996351844124,15.6465,2.599688971781047,716.8,39.149252866434125,8.65,1.49248115565993,405.902,30.503703971813003,2.9395,0.3980637511756126,57.6341132,3.404322208542629,1777.2930000000001,226.61524046497846,116.94999999999999,1.2031209415515964,126.10000000000001,1.374772708486752,5.063000000000001,0.8002130966186444,6.9495,0.23016244263563077,24.7485,0.7214449043412806,739.7,39.14925286643412,0.4305,0.022579858281220458,0.4305,0.022579858281220458,137.445,110.9825773488794,201.2,3.472751070837068,241.64999999999998,2.535251466817444,202.25,2.4874685927665356,223.65,1.275735082217296,299.63,21.63640681813873,12.652063849717113,300,8.65
137.5,2.5,231.79999999999998,6.584831053261731,6.963451083661122,0.242688508100933,57.49169319999999,3.4165872034918943,0.0012612,0.0011051603322595324,3082.9,133.49377326302528,437.99999999999994,101.62184804460112,495.7,129.3182508387737,114.5,3.853569773599531,138.4,1.6552945357246849,137.95,4.576843890717707,114.5,3.853569773599531,107.99999999999999,4.358898943540674,103.0,7.655063683601855,8.274000000000001,0.6631998190590825,60.074999999999996,11.028684191688507,4.625,3.3311972322274768,0.5944769379999999,0.38507993433787696,10.648,0.3941522548457641,0.14144138499999998,0.005823827408352264,4.8805,0.23703322551912404,1.8339999999999999,0.0782559901860554,4.1545,0.8595258867538547,351.65,29.16491899525867,15.456,2.5883979601290057,717.6500000000001,39.26578026730146,8.55,1.4654350889752845,405.17199999999997,30.087737967484365,2.907,0.37522126805393113,57.49169319999999,3.4165872034918943,1781.443,226.4372050061562,117.05,1.116915395184434,126.2,1.2884098726725126,5.0725,0.8047973347371372,6.973999999999999,0.2173798518722469,24.7,0.6610521915855054,740.5500000000001,39.26578026730146,0.43075,0.022754944517620786,0.43075,0.022754944517620786,136.92,111.22608327186569,201.55,3.3834154341434335,241.85,2.554897258208243,202.49999999999997,2.499999999999986,223.69999999999996,1.2288205727444408,300.02000000000004,21.40945118399816,12.03494894104721,300,8.55
136.5,2.29128784747792,229.60000000000002,6.726068688320094,6.888088280142211,0.2663193425447579,58.304003200000004,3.5383961494412355,0.0010712,0.0011569508891910668,3075.65,148.1909241485456,410.20000000000005,107.29380224411845,458.25,137.98546119066313,113.39999999999999,4.0669398815325435,137.5,1.8027756377319946,134.75,6.195764682426214,113.39999999999999,4.0669398815325435,107.1,5.271622141238881,103.75,8.537417642355328,8.483,0.6676982851558029,57.349999999999994,11.877604977435476,4.3,3.4871191548325386,0.7994269379999999,0.3670931849591649,10.7375,0.4324913293928565,0.143230345,0.0062832167555699585,4.897,0.28284448023604764,1.8494999999999997,0.08345507773646849,4.210500000000001,0.9152074901354338,355.67,32.04556287538105,15.988,2.619812207010266,710.1650000000001,42.601223867396115,9.0,1.5811388300841898,403.457,34.69668876132131,3.0415,0.45111279077410343,58.304003200000004,3.5383961494412355,1746.324,243.4438838911342,116.8,1.3638181696985856,126.00000000000001,1.5811388300841898,4.9255,0.8786152457133897,6.902000000000001,0.24784269204477274,24.812499999999996,0.8229512439993025,733.0649999999999,42.60122386739612,0.4268,0.023802520874898946,0.4268,0.023802520874898946,154.525,123.39769801337462,200.1,3.576310948449533,240.95,2.4591665254715878,201.5,2.291287847477907,223.7,1.4525839046333795,301.765,24.56844063020688,13.087092356442959,300,9.0
136.75,2.384848003542364,230.0,6.913754406977442,6.913146774210142,0.2610672315174219,58.161583199999995,3.5769703937086983,0.0011512,0.0011630749588913004,3073.05,146.67784427104183,415.65,108.03160417211252,466.0,138.4550468563714,113.7,4.026164427839471,137.75,1.7853571071357124,135.65,5.867495206644826,113.7,4.026164427839471,107.5,5.094114250780011,103.80000000000001,8.524083528450435,8.431500000000002,0.6732479112481522,58.0,11.757976016304847,4.3500000000000005,3.4752697737010285,0.749176938,0.3832727504173283,10.713,0.42334501296224125,0.142832665,0.0062706409412655,4.883500000000001,0.2743770216326431,1.8455,0.08236959390454707,4.181,0.8986428656591005,353.74000000000007,31.76761558568726,15.7975,2.6334290858118807,711.015,42.84018294778864,8.9,1.5779733838059498,402.727,34.27953516312613,3.009,0.4387128901685019,58.161583199999995,3.5769703937086983,1750.4740000000002,243.80588160255695,116.9,1.3,126.10000000000001,1.5132745950421556,4.9350000000000005,0.8842708860976936,6.926500000000001,0.24089987546696667,24.764,0.7745734309928268,733.915,42.84018294778865,0.42705,0.024007238491754943,0.42705,0.024007238491754943,154.0,123.68926792571779,200.45000000000002,3.5982634700644143,241.15,2.5352514668174435,201.75,2.3848480035423503,223.75,1.409787217987154,302.155,24.334614749364746,13.087092356442959,300,8.9
137.0,2.449489742783178,230.4,7.0738956735309575,6.938205268278071,0.25323970913141824,58.0191632,3.609517997150944,0.0012312000000000002,0.0011636800934964901,3070.4500000000003,145.10241210951662,421.1,108.49096736595172,473.75,138.4900267167279,114.0,3.962322551231782,138.0,1.7320508075688772,136.55,5.37098687393667,114.0,3.962322551231782,107.89999999999999,4.87749935930288,103.85,8.510434771502569,8.38,0.6748333127521194,58.65,11.600754285821244,4.3999999999999995,3.462657938636157,0.6989269379999999,0.392413647802244,10.6885,0.41254424005190066,0.14243498500000001,0.006232717229770261,4.87,0.2649528259898352,1.8415,0.08107249841962438,4.1515,0.8807796262402986,351.81000000000006,31.36869299158,15.607,2.63323014565761,711.865,43.06104126702001,8.8,1.5684387141358123,401.99699999999996,33.84149894729843,2.9764999999999997,0.4234651697601587,58.0191632,3.609517997150944,1754.6240000000003,244.0967967917646,117.0,1.224744871391589,126.20000000000002,1.4352700094407325,4.944500000000001,0.8897891604194783,6.9510000000000005,0.2311687695169917,24.7155,0.7197046269130132,734.7650000000001,43.061041267020016,0.4273,0.024207643421035437,0.4273,0.024207643421035437,153.47500000000002,123.97792898334767,200.79999999999998,3.5860842154082215,241.35,2.5937424698685874,202.0,2.449489742783164,223.8,1.3638181696985727,302.54499999999996,24.092207765167565,12.840802738399296,300,8.8
137.25,2.48746859276655,230.79999999999998,7.2083285163760396,6.963263762346001,0.24258760260956144,57.8767432,3.6362007966068877,0.0013112000000000002,0.001158774939321696,3067.85,143.46257351657957,426.55,108.67542270449194,481.49999999999994,138.09073104303562,114.3,3.874274125562095,138.25,1.6393596310755,137.45,4.652687395473717,114.3,3.874274125562095,108.3,4.616275555033516,103.89999999999999,8.496469855181033,8.3285,0.6724825276540647,59.300000000000004,11.404385121522335,4.45,3.449275286201436,0.6486769379999999,0.3950048300343474,10.664,0.3999549974684654,0.142037305,0.006168978161209119,4.8565,0.25446561653787314,1.8374999999999997,0.07955344115750115,4.122,0.8615369986251317,349.88,30.844101543082758,15.4165,2.619212238441169,712.715,43.26407603312476,8.7,1.5524174696260025,401.267,33.38175805735822,2.944,0.40504814528645855,57.8767432,3.6362007966068877,1758.7740000000001,244.31688337894298,117.1,1.1357816691600546,126.30000000000001,1.3453624047073711,4.954,0.8951726090536953,6.9755,0.2182767738445848,24.666999999999998,0.6567198794006465,735.615,43.264076033124766,0.42755,0.024403841910650054,0.42755,0.024403841910650054,152.95,124.26370145782718,201.14999999999998,3.539420856580918,241.54999999999998,2.6358110706194404,202.25,2.4874685927665356,223.85,1.3143439428094803,302.935,23.84095792957993,12.293295537162498,300,8.7
137.5,2.5,233.4,2.8,6.897649959996665,0.2763324671023537,56.5713582,2.6303933496311083,0.0008012,0.0008136850496352996,3126.35,94.90395144565899,462.00000000000006,80.61637550770935,523.0999999999999,107.88832188888657,114.5,4.432832051860292,138.10000000000002,2.0223748416156684,136.6,6.499230723708768,114.5,4.432832051860292,106.0,3.9242833740697165,100.2,2.821347195933177,8.229,0.693548123780895,61.5,11.681181447096865,5.3999999999999995,3.3226495451672298,0.608376938,0.3525213283664743,10.63,0.4624067473556157,0.14044927,0.005349272446987535,4.979,0.19112561314486332,1.8269999999999997,0.08832326986700617,4.235,0.9924137242098178,362.85,22.35872312991063,16.506,2.6068187508915917,731.77,19.336910301286498,8.3,1.3453624047073711,418.176,11.749344832798121,2.894,0.35046255149445005,56.5713582,2.6303933496311083,1855.4500000000003,164.9309249352589,116.7,1.3453624047073711,125.7,1.3453624047073711,5.381,0.12988071450373223,6.9030000000000005,0.2502019184578729,24.857,0.8757060008929936,754.67,19.336910301286476,0.4396,0.012322337440599502,0.4396,0.012322337440599502,91.08000000000001,7.725645604090313,201.8,3.249615361854384,242.2,2.227105745132009,202.5,2.499999999999986,223.2,0.9797958971132643,290.65999999999997,6.427939016512225,11.358244658690344,300,8.3
137.75,2.48746859276655,233.79999999999998,2.7129319932501073,6.922708454064594,0.27038960212579916,56.4289382,2.5884189110481253,0.0008812000000000001,0.0008482283654771279,3123.75,93.93742598134143,467.45,78.05925633773357,530.85,103.75224093965393,114.8,4.319722213291028,138.35,1.9306734576307822,137.5,5.91185250154298,114.8,4.319722213291028,106.4,3.8,100.25,2.843853020111975,8.1775,0.6799181936086133,62.15,11.32375821006436,5.45,3.293554311074891,0.558126938,0.34236144164064913,10.6055,0.44802315788360786,0.14005159,0.005122976177662746,4.9655,0.18445798979713496,1.823,0.08626123115281858,4.2055,0.97789812864122,360.92,22.580757294652464,16.3155,2.657892915450131,732.62,18.91043627206945,8.2,1.2884098726725126,417.44599999999997,11.435172233071082,2.8615,0.3196916483113064,56.4289382,2.5884189110481253,1859.6000000000001,162.70478634631496,116.8,1.2884098726725126,125.8,1.2884098726725126,5.3905,0.13485084352720972,6.9275,0.24322571821252792,24.8085,0.8330022508973187,755.52,18.910436272069425,0.43985,0.012459032867763061,0.43985,0.012459032867763061,90.555,8.069168172742463,202.15,3.08666486681013,242.4,2.2,202.74999999999997,2.4874685927665356,223.25,0.9420721840708329,291.05,6.208502234838941,11.099898062575058,300,8.2
138.0,2.449489742783178,234.20000000000002,2.5612496949731396,6.947766948132523,0.2619266791503256,56.286518199999996,2.5377724152412804,0.0009612,0.000874127770980879,3121.1500000000005,92.88810472821588,472.90000000000003,75.02059717171012,538.5999999999999,98.83845405508931,115.1,4.182104733265289,138.60000000000002,1.8,138.4,5.10294032886923,115.1,4.182104733265289,106.8,3.627671429443411,100.3,2.8653097563788807,8.126000000000001,0.662015105567841,62.800000000000004,10.916043239196151,5.5,3.263433774416144,0.507876938,0.32419330883172714,10.581,0.4317742465687366,0.13965391,0.004853736226547545,4.952000000000001,0.17651062290978392,1.819,0.08395832299420947,4.176,0.9622598401679248,358.99,22.63667157512342,16.125000000000004,2.694569538905982,733.4699999999999,18.434969487362867,8.1,1.2206555615733703,416.716,11.064060014298542,2.8289999999999997,0.28190246540248637,56.286518199999996,2.5377724152412804,1863.7500000000002,160.3403879251887,116.9,1.2206555615733703,125.9,1.2206555615733703,5.4,0.13899640283115242,6.952,0.23348661631879467,24.76,0.7849968152801639,756.37,18.434969487362842,0.44010000000000005,0.012589281155014382,0.44010000000000005,0.012589281155014382,90.03000000000002,8.36576954021565,202.5,2.8722813232690143,242.6,2.154065922853802,203.0,2.449489742783164,223.3,0.8999999999999959,291.44,5.955535240429706,10.640708033581113,300,8.1
137.25,2.48746859276655,232.4,4.431703961232068,6.897462638681544,0.27619922781287565,56.9564082,3.029291546131465,0.0008512000000000001,0.0009107487908309295,3111.3,114.34827283348008,450.55000000000007,92.36854172281816,508.9,121.50674878376097,114.3,4.45084261685357,137.95000000000002,1.9868316486305528,136.1,6.449030934954491,114.3,4.45084261685357,106.3,4.3485629810317805,101.10000000000001,5.156549233741495,8.2835,0.7059127070679488,60.725,12.12793778842883,5.225,3.480211918834829,0.6625769380000001,0.3612572308951941,10.646,0.467978631990821,0.14104519,0.005825502890300547,4.955,0.223215142855497,1.8304999999999998,0.08974825903603924,4.202500000000001,0.9967842043291016,361.08000000000004,25.304675457314215,16.4665,2.653096822582998,726.835,29.03892689132985,8.450000000000001,1.4654350889752845,414.27099999999996,21.182023959008266,2.9310000000000005,0.38348272451311294,56.9564082,3.029291546131465,1832.7810000000004,197.41953059158052,116.75,1.3738631664034087,125.8,1.4352700094407325,5.2625,0.49357750151318686,6.9045000000000005,0.2514055488647776,24.823999999999998,0.8783586966609938,749.735,29.03892689132984,0.4364,0.016918628786045286,0.4364,0.016918628786045286,107.11000000000001,67.81992258916254,201.4,3.4409301068170506,241.9,2.364318083507378,202.25,2.4874685927665356,223.35,1.1521718621802814,293.575,14.349699474205032,12.482034425844683,300,8.450000000000001
137.5,2.5,232.79999999999998,4.467661580737735,6.922521132749473,0.2702708012113607,56.8139882,3.011183853362587,0.0009312000000000001,0.0009374813918153256,3108.7000000000003,113.20224158557993,456.0,90.83501527494779,516.65,118.77974364343441,114.6,4.352011029397781,138.2,1.9131126469708992,137.0,5.93295878967653,114.6,4.352011029397781,106.7,4.208325082500163,101.15,5.160184105242758,8.232000000000001,0.6965672975384358,61.37500000000001,11.826744057431869,5.275,3.4549782922617616,0.612326938,0.3590180450103638,10.6215,0.4546347435029578,0.14064750999999998,0.00566044380423479,4.9415000000000004,0.21603876966877944,1.8264999999999998,0.08787917842128475,4.173,0.981356713942489,359.15,25.366759745777554,16.276,2.700511803343951,727.685,28.902201905737215,8.35,1.4239030865898141,413.541,20.873257987195007,2.8985000000000003,0.3589467230662512,56.8139882,3.011183853362587,1836.9310000000003,196.044028878719,116.85,1.3143439428094916,125.89999999999999,1.374772708486752,5.272,0.49717803652212955,6.929,0.2443133234189246,24.775499999999997,0.8338733417012439,750.5849999999999,28.902201905737208,0.43665,0.017065388949566905,0.43665,0.017065388949566905,106.58500000000001,67.9838162726983,201.75,3.329789783154486,242.1,2.364318083507378,202.5,2.499999999999986,223.4,1.1135528725659958,293.965,14.172765255940712,12.293295537162498,300,8.35
137.75,2.48746859276655,233.2,4.467661580737736,6.947579626817403,0.26182196676468533,56.671568199999996,2.986181878794318,0.0010112,0.0009568068561627263,3106.1000000000004,111.98413950198484,461.45000000000005,88.94182087184858,524.4,115.46964969202946,114.89999999999999,4.2296571965113126,138.45000000000002,1.8020821290940099,137.9,5.214403129793476,114.89999999999999,4.2296571965113126,107.1,4.023679907746142,101.19999999999999,5.163332257370234,8.1805,0.6832237920330348,62.025,11.4809352842005,5.325,3.4288299753706073,0.562076938,0.3496155051082026,10.597,0.439523605736939,0.14024983,0.005461544235113365,4.928,0.20774022239325712,1.8225,0.08578315685494443,4.1435,0.9647811928100589,357.21999999999997,25.28178395604235,16.0855,2.7338662641029092,728.535,28.739698589233676,8.25,1.3738631664034087,412.811,20.533919718358696,2.866,0.3294146323404594,56.671568199999996,2.986181878794318,1841.0810000000001,194.57031237832766,116.95,1.2439855304624727,126.0,1.3038404810405297,5.2815,0.500572422332673,6.9535,0.23446268359805156,24.726999999999997,0.7838820064269875,751.4350000000001,28.739698589233665,0.4369,0.01720726590716841,0.4369,0.01720726590716841,106.06,68.14327112782303,202.1,3.176476034853718,242.3,2.3473389188611002,202.74999999999997,2.4874685927665356,223.45,1.0712142642814204,294.35499999999996,13.982720586495326,11.893694881855518,300,8.25
138.0,2.4494897427831783,233.6,4.431703961232068,6.972638120885333,0.2505979296078085,56.529148199999995,2.954110579333069,0.0010912,0.0009691683857823676,3103.5,110.69158730454632,466.9,86.66539101625285,532.15,111.52456007534842,115.2,4.081666326391703,138.70000000000002,1.6462077633154328,138.79999999999998,4.190465367951393,115.2,4.081666326391703,107.5,3.7881393849751626,101.25,5.165994579942956,8.129000000000001,0.6656417955627484,62.67500000000001,11.086337312205506,5.375,3.401745875282279,0.511826938,0.3324423576818448,10.5725,0.4224556189707981,0.13985214999999998,0.005224940960288453,4.9145,0.19817858108282016,1.8184999999999998,0.08344309438174019,4.114000000000001,0.9469973600807976,355.29,25.04825143597853,15.895000000000001,2.7536711858898473,729.385,28.550976778387113,8.15,1.3143439428094916,412.081,20.162465598234757,2.8335000000000004,0.29338157747206967,56.529148199999995,2.954110579333069,1845.2310000000002,192.99613120215653,117.05,1.16081867662439,126.10000000000001,1.2206555615733703,5.2909999999999995,0.5037648260845531,6.978,0.22148589119851408,24.6785,0.7272501289102669,752.285,28.550976778387103,0.43715000000000004,0.017344379493080757,0.43715000000000004,0.017344379493080757,105.53500000000001,68.29831824430232,202.45,2.9744747435471695,242.5,2.313006701244076,203.0,2.449489742783164,223.5,1.0246950765959544,294.745,13.77902300600446,11.21699059949865,300,8.15
137.0,2.449489742783178,231.4,5.4258639865002145,6.897275317366423,0.27606579711263396,57.3414582,3.3373220348272596,0.0009012000000000001,0.0009959133295623672,3096.25,129.19477543616074,439.1,101.50216746454235,494.7,132.2293840263956,114.10000000000001,4.459820624195544,137.8,1.9390719429665317,135.60000000000002,6.359245238233858,114.10000000000001,4.459820624195544,106.60000000000001,4.715930449020639,102.0,6.603029607687671,8.338,0.7139159614408407,59.949999999999996,12.510895251739582,5.05,3.6224991373359914,0.716776938,0.36175545164498024,10.662,0.47294397131161353,0.14164111000000001,0.006208704441741453,4.931,0.2489357346786514,1.8339999999999999,0.09101648202386203,4.17,1.000079996800256,359.31000000000006,27.829389141696954,16.427,2.698003150479999,721.9,35.55128689653864,8.6,1.562049935181331,410.366,26.996502069712665,2.968,0.41055572094418563,57.3414582,3.3373220348272596,1810.1120000000003,222.97749885582627,116.80000000000001,1.4,125.9,1.5132745950421556,5.144,0.6650443594227381,6.906000000000001,0.2525945367580227,24.791,0.8797664462799202,744.8,35.55128689653864,0.4332,0.020003999600079984,0.4332,0.020003999600079984,123.14000000000001,92.87344292099868,201.0,3.5777087639996634,241.60000000000002,2.4576411454889016,202.0,2.449489742783164,223.5,1.2845232578665007,296.49,18.801991915751913,12.945838297251267,300,8.6
137.25,2.48746859276655,231.79999999999998,5.528109984434102,6.922333811434353,0.27015181816631095,57.1990382,3.3373667663940627,0.0009812,0.0010164897244930714,3093.65,127.87591641900362,444.55,100.73007247093591,502.44999999999993,130.57353292302386,114.4,4.374928570845464,138.05,1.8834808201837363,136.5,5.911852501542981,114.4,4.374928570845464,107.00000000000001,4.560701700396551,102.05000000000001,6.599052962357553,8.2865,0.7086485377110432,60.6,12.260301790739085,5.1000000000000005,3.600694377477766,0.666526938,0.367016725182741,10.6375,0.4605960811817663,0.14124343,0.006093120868003526,4.9174999999999995,0.2411819852310697,1.8299999999999998,0.08933084573650918,4.140499999999999,0.9837300188568,357.38000000000005,27.763079800339163,16.236500000000003,2.741899478463789,722.75,35.55786129676531,8.5,1.5329709716755893,409.63599999999997,26.648162863507128,2.9354999999999998,0.3908257284263666,57.1990382,3.3373667663940627,1814.2620000000004,222.1844006585521,116.9,1.3379088160259651,126.0,1.449137674618944,5.1535,0.6694047729139672,6.9305,0.24538693934274508,24.7425,0.8334379101048857,745.6499999999999,35.5578612967653,0.43345,0.02016798205076552,0.43345,0.02016798205076552,122.61500000000002,93.08364665718679,201.35000000000002,3.5110539728121526,241.8,2.4819347291981715,202.25,2.487468592766536,223.55,1.243985530462462,296.88,18.60630538285342,12.840802738399296,300,8.5
137.5,2.5,232.2,5.6,6.947392305502282,0.2617170784106153,57.0566182,3.331328352162177,0.0010612000000000002,0.0010304656035016403,3091.05,126.48988101820636,450.00000000000006,99.65440281292143,510.19999999999993,128.42959160567318,114.7,4.2673176586703665,138.3,1.7916472867168918,137.4,5.276362383309167,114.7,4.2673176586703665,107.4,4.363484845854286,102.1,6.594694837519019,8.235,0.6995605763620472,61.25,11.969231387186062,5.1499999999999995,3.5780581325629686,0.616276938,0.36535656738707134,10.613,0.44656578462752855,0.14084575000000002,0.005948775858485512,4.904,0.23238760724272695,1.8259999999999998,0.08742997197757757,4.111,0.9662033947363258,355.45,27.561794208650504,16.046000000000003,2.772043289705267,723.5999999999999,35.54411343668597,8.4,1.4966629547095764,408.906,26.27493566119621,2.903,0.36717979247229826,57.0566182,3.331328352162177,1818.4120000000003,221.31065450176595,117.0,1.2649110640673518,126.10000000000001,1.374772708486752,5.163,0.6736029988056763,6.955,0.23542514733987116,24.694,0.781373150293763,746.5,35.54411343668597,0.4337,0.020327567488511757,0.4337,0.020327567488511757,122.09000000000002,93.29042233798708,201.7,3.407345007480164,242.0,2.4899799195977463,202.5,2.499999999999986,223.60000000000002,1.1999999999999906,297.27,18.40027445447486,12.51080979052542,300,8.4
137.75,2.48746859276655,232.59999999999997,5.642694391866354,6.972450799570212,0.2505070800498618,56.914198199999994,3.3191735919664644,0.0011412,0.001038107585946659,3088.45,125.03443525685235,455.45,98.26518966551686,517.9499999999999,125.77260234248156,115.0,4.135214625627059,138.55,1.6575584454250776,138.29999999999998,4.371498598878879,115.0,4.135214625627059,107.8,4.1182520563948,102.14999999999999,6.5899544763222755,8.1835,0.686500364165963,61.9,11.634646535241197,5.2,3.554574517435244,0.5660269379999999,0.35667834403263626,10.5885,0.43068869267720533,0.14044806999999998,0.0057735126008436185,4.890499999999999,0.22242920221949256,1.8219999999999998,0.0852994724485445,4.0815,0.9474348262545557,353.52,27.222538456213087,15.855500000000001,2.7888805549897615,724.45,35.5100197127515,8.3,1.452583904633395,408.176,25.875743544872297,2.8705000000000003,0.3387989816985878,56.914198199999994,3.3191735919664644,1822.5620000000001,220.35530103902653,117.10000000000001,1.1789826122551594,126.2,1.2884098726725126,5.172499999999999,0.6776420515286813,6.9795,0.2223392677868667,24.6455,0.7223328526378955,747.35,35.51001971275149,0.43395,0.02048285868720478,0.43395,0.02048285868720478,121.56500000000001,93.49379270839322,202.04999999999998,3.2630507198019463,242.20000000000002,2.4819347291981715,202.74999999999997,2.4874685927665356,223.64999999999998,1.1521718621802834,297.66,18.183547508668383,11.893694881855518,300,8.3
136.75,2.384848003542364,230.40000000000003,6.102458520956943,6.897087996051302,0.27593217472395093,57.7265082,3.578030526955236,0.0009512,0.001072018358051764,3081.2000000000003,140.90439134391804,427.65000000000003,108.67947138259368,480.5,140.71975696397433,113.89999999999999,4.459820624195545,137.65,1.8781639970992947,135.1,6.228161847608009,113.89999999999999,4.459820624195545,106.89999999999999,5.038849074937649,102.89999999999999,7.68049477572897,8.3925,0.717703803807671,59.175,12.83576546217638,4.875,3.7512497917360825,0.7709769379999999,0.35405076855680406,10.678,0.47732169445773187,0.14223703,0.006515312461586173,4.907,0.27011293934204617,1.8374999999999997,0.09213441268060484,4.1375,1.002311703014586,357.54,30.039264305238905,16.3875,2.741605141153627,716.965,40.44527506396761,8.75,1.6393596310755003,406.46099999999996,31.280122426231014,3.005,0.4327990295737735,57.7265082,3.578030526955236,1787.4430000000002,243.7943637802154,116.85,1.4239030865898143,126.0,1.5811388300841898,5.0255,0.7828567876693667,6.907500000000001,0.25376908795202,24.758,0.8799352248887412,739.865,40.44527506396761,0.43000000000000005,0.022217110523198108,0.43000000000000005,0.022217110523198108,139.17,110.17027321378485,200.6,3.666060555964672,241.29999999999998,2.511971337416094,201.75,2.3848480035423507,223.64999999999998,1.3883443376914681,299.40500000000003,22.002760622249205,13.087092356442959,300,8.75
137.0,2.449489742783178,230.8,6.257795138864806,6.922146490119232,0.2700326527498962,57.58408819999999,3.593365923909164,0.0010312000000000001,0.0010874885562616279,3078.6000000000004,139.4157361993258,433.09999999999997,108.53520166287065,488.25,139.95351906972544,114.2,4.3886216514983305,137.9,1.841195263952197,136.0,5.848076606885378,114.2,4.3886216514983305,107.3,4.86929152957594,102.95,7.671212420471747,8.341000000000001,0.7163930485424882,59.825,12.631582442433727,4.925000000000001,3.7325426990189947,0.720726938,0.36692412905758004,10.6535,0.46593213025074826,0.14183935,0.0064421563525344575,4.8935,0.2617494030556706,1.8335,0.09062422413460984,4.108,0.9850258879846764,355.61,29.863671910868568,16.197,2.782110889235007,717.8149999999999,40.55462088344557,8.65,1.6209565077447328,405.731,30.88783286344318,2.9724999999999997,0.4170236803827812,57.58408819999999,3.593365923909164,1791.5930000000003,243.45592498643367,116.95,1.3592277219068187,126.1,1.5132745950421556,5.035,0.7879942893194086,6.932,0.24644674881198994,24.7095,0.8316939040296011,740.7149999999999,40.55462088344558,0.43025,0.022400613830875264,0.43025,0.022400613830875264,138.64499999999998,110.4237722367788,200.95000000000002,3.6397115270306792,241.5,2.5592967784139455,202.0,2.449489742783164,223.7,1.3453624047073582,299.795,21.78365155340124,13.087092356442959,300,8.65
137.25,2.48746859276655,231.20000000000002,6.384355879804947,6.947204984187161,0.261612013876462,57.441668199999995,3.6030109577407003,0.0011112000000000001,0.0010969226773113955,3076.0000000000005,137.86198714656626,438.55,108.11636092654986,496.0,138.75085585321628,114.5,4.295346318982898,138.15,1.7684739183827394,136.9,5.290557626564519,114.5,4.295346318982898,107.69999999999999,4.659399102888697,102.99999999999999,7.661592523751182,8.2895,0.7113611951744345,60.475,12.389990920093526,4.9750000000000005,3.7130681383459696,0.670476938,0.37264535587293135,10.629,0.452933769992921,0.14144167,0.00634327689007031,4.88,0.25238858928247904,1.8295,0.08890866099542832,4.0785,0.9665312979929829,353.68,29.561302407032073,16.0065,2.8091462671067875,718.665,40.64590108485725,8.55,1.5960889699512368,405.001,30.473013946769367,2.94,0.39798241167167175,57.441668199999995,3.6030109577407003,1795.7430000000004,243.0461643618348,117.05,1.2835497652993435,126.2,1.4352700094407325,5.0445,0.7929847098147605,6.9565,0.23637417371616562,24.661,0.7774567512087084,741.565,40.64590108485726,0.43050000000000005,0.022579858281220458,0.43050000000000005,0.022579858281220458,138.12,110.6742002455857,201.29999999999998,3.579106033634656,241.7,2.5903667693977237,202.25,2.4874685927665356,223.75,1.2990381056766467,300.185,21.555260958754367,12.840802738399296,300,8.55
137.5,2.5,231.6,6.483826030978931,6.972263478255091,0.2504160574083566,57.299248199999994,3.607011276290603,0.0011912000000000001,0.0011004759697512709,3073.4,136.24091712844566,444.0,107.4197374787334,503.74999999999994,137.10028264011714,114.8,4.178516483155229,138.4,1.6552945357246849,137.79999999999998,4.48998886412873,114.8,4.178516483155229,108.1,4.403407771260799,103.04999999999998,7.651633812461231,8.238,0.7025282912452706,61.12500000000001,12.108752000103065,5.025,3.692813967694555,0.620226938,0.37154499192246376,10.6045,0.43818346614175235,0.14104398999999998,0.006217446917577991,4.866499999999999,0.24191475771436494,1.8254999999999997,0.08697557128297577,4.049,0.9467570966198248,351.75,29.128207977834823,15.816,2.8230982979698034,719.515,40.71923716132217,8.45,1.5644487847162016,404.27099999999996,30.03473221122506,2.9075,0.375178290949783,57.299248199999994,3.607011276290603,1799.8930000000003,242.56472045827277,117.14999999999999,1.1947803145348521,126.3,1.345362404707371,5.053999999999999,0.797830809131861,6.981,0.22317930011540052,24.6125,0.715862242334375,742.4150000000001,40.71923716132217,0.43075,0.022754944517620786,0.43075,0.022754944517620786,137.59499999999997,110.92157804052374,201.64999999999998,3.4824560298731697,241.89999999999998,2.6057628441590768,202.5,2.499999999999986,223.79999999999998,1.2489995996796701,300.57500000000005,21.3172905173242,12.293295537162498,300,8.45
136.75,2.384848003542364,229.8,6.764613810115105,6.92195916880411,0.26991330472056824,57.969138199999996,3.793417112286963,0.0010812,0.001151959790964945,3063.55,148.55382862787482,421.65000000000003,114.67792943718509,474.04999999999995,147.38129969572122,114.0,4.3931765272977525,137.75,1.7853571071357126,135.5,5.740209055426466,114.0,4.3931765272977525,107.60000000000001,5.141984052872976,103.85000000000001,8.516307885463045,8.395500000000002,0.7199407961770189,59.05,12.945945311177551,4.75,3.851947559352282,0.774926938,0.3587339911486834,10.6695,0.47066415839747167,0.14243527,0.006720594745712622,4.8695,0.2787557174301541,1.8369999999999997,0.09176600677810928,4.0755,0.9852485726962512,353.84000000000003,31.727328913729885,16.157500000000002,2.821196333118275,712.88,44.45542261636931,8.799999999999999,1.6911534525287764,401.82599999999996,34.168608458642275,3.0095,0.4385598590842532,57.969138199999996,3.793417112286963,1768.9240000000002,261.05152710528245,117.0,1.378404875209022,126.2,1.5684387141358123,4.9165,0.8750329993777378,6.9335,0.24749292919192675,24.6765,0.8286330611314029,735.78,44.45542261636932,0.42705000000000004,0.024007238491754946,0.42705000000000004,0.024007238491754946,154.675,123.32206564520398,200.55,3.7212229172679243,241.2,2.6,201.75,2.3848480035423503,223.85,1.4239030865898001,302.71,24.204666905371788,13.087092356442959,300,8.799999999999999
137.0,2.449489742783178,230.20000000000002,6.939740629158989,6.947017662872041,0.2615067729498759,57.826718199999995,3.8169490864143794,0.0011612000000000003,0.0011574192671629413,3060.9500000000003,146.830378328192,427.1,114.82634715081727,481.8,146.99033981864252,114.30000000000001,4.313930922024591,138.00000000000003,1.7320508075688772,136.4,5.2573757712379665,114.30000000000001,4.313930922024591,108.0,4.919349550499538,103.9,8.50235261559999,8.344000000000001,0.7188490801273937,59.699999999999996,12.749901960407382,4.8,3.8353617821530217,0.7246769380000001,0.3719790601290127,10.645,0.45865564424740296,0.14203759000000002,0.0066615424565861685,4.856000000000001,0.2687824399026095,1.833,0.09022749026765622,4.046,0.9657660172112084,351.91,31.334053360521363,15.967,2.845217214906447,713.7299999999999,44.6327917567342,8.7,1.676305461424021,401.096,33.70962568762816,2.977,0.42334501296224103,57.826718199999995,3.8169490864143794,1773.0740000000003,261.03008084127015,117.10000000000001,1.3,126.30000000000001,1.4866068747318506,4.926000000000001,0.8808087193028915,6.958,0.23730992393913922,24.628,0.7721113909275005,736.63,44.63279175673421,0.4273,0.024207643421035437,0.4273,0.024207643421035437,154.15000000000003,123.61445101605233,200.9,3.7,241.4,2.6532998322843198,202.0,2.449489742783164,223.9,1.3747727084867394,303.09999999999997,23.95191015347211,12.945838297251267,300,8.7
137.25,2.48746859276655,230.6,7.08801805866774,6.972076156939971,0.250324861494484,57.68429819999999,3.8350515454120773,0.0012412,0.0011573363210406905,3058.35,145.0398565912143,432.55,114.71594265837683,489.54999999999995,146.18805525760305,114.60000000000001,4.2118879377305305,138.25,1.6393596310755,137.3,4.550824101193101,114.60000000000001,4.2118879377305305,108.4,4.651881339845203,103.95,8.488079877098235,8.2925,0.7140509435607517,60.35,12.517088319573366,4.8500000000000005,3.8180492401225004,0.674426938,0.37814896660372305,10.6205,0.4449772466093072,0.14163991,0.006577963461505398,4.842499999999999,0.2577183540223705,1.8289999999999997,0.08848163651289458,4.0165,0.944961771713544,349.98,30.8151358913116,15.7765,2.8563600525844075,714.58,44.793332093069395,8.6,1.6552945357246849,400.366,33.22827296144054,2.9445000000000006,0.40496265259897735,57.68429819999999,3.8350515454120773,1777.2240000000004,260.9426400648235,117.2,1.2083045973594573,126.4,1.3928388277184118,4.9355,0.8864450067545081,6.9825,0.22400613830875266,24.579500000000003,0.7077956979241958,737.48,44.7933320930694,0.42755000000000004,0.024403841910650054,0.42755000000000004,0.024403841910650054,153.625,123.90392195164769,201.25,3.6452023263462343,241.6,2.690724809414742,202.25,2.4874685927665356,223.95,1.3219304066402178,303.49,23.690037990682924,12.482034425844683,300,8.6
137.5,2.5,233.2,2.6758176320519302,6.9064623545906345,0.28518389356953133,56.3789132,2.8110858513849344,0.0007312,0.0007663885176592875,3116.85,102.82660161650777,468.0,86.15683373940804,531.15,115.2042859445776,114.8,4.718050444834172,138.1,2.0223748416156684,136.45000000000002,6.406832290609767,114.8,4.718050444834172,106.10000000000001,4.023679907746142,100.25,2.8613807855648994,8.193,0.7290274343260339,62.55,12.587593097967538,5.8,3.6,0.634126938,0.3366222840904381,10.586500000000001,0.49890154339308296,0.140051875,0.00570665165590778,4.965,0.2040220576310315,1.8184999999999998,0.0955130881083844,4.1295,1.0767705187271799,362.95000000000005,22.26055929216516,16.866,2.70362423424558,733.635,20.916578950679288,8.2,1.4352700094407325,417.275,12.581473482863599,2.8945000000000003,0.3504350867136452,56.3789132,2.8110858513849344,1873.9,178.98376323007628,116.8,1.4352700094407322,125.8,1.4352700094407322,5.3625,0.13083864108129525,6.91,0.2571964229922339,24.7695,0.9326332344496411,756.535,20.916578950679266,0.4396,0.0123223374405995,0.4396,0.0123223374405995,91.75500000000001,7.343328604931143,201.9,3.345145736735546,242.25,2.277608394786075,202.5,2.499999999999986,223.29999999999998,1.053565375285267,291.21500000000003,6.9116043723581395,11.441947988520559,300,8.2
137.75,2.48746859276655,233.59999999999997,2.615339366124404,6.931520848658564,0.27863794974668793,56.2364932,2.761943322254199,0.0008112000000000001,0.0008099131805323333,3114.25,101.69262510133171,473.45,83.3777398350423,538.9,110.77856290817282,115.1,4.592385001282007,138.35,1.9306734576307822,137.35,5.833309523760933,115.1,4.592385001282007,106.5,3.892300091205713,100.3,2.882707061079915,8.1415,0.7134793269604942,63.2,12.200819644597654,5.8500000000000005,3.567562192870644,0.583876938,0.3299128777651209,10.562,0.48340045510942603,0.13965419499999998,0.005466257425284234,4.9515,0.19683178097045187,1.8144999999999998,0.09324564332986288,4.1,1.0604763080804775,361.02000000000004,22.492145295635996,16.6755,2.777703142886222,734.485,20.44556859077291,8.1,1.3747727084867518,416.54499999999996,12.234953003587705,2.862,0.3197123707334454,56.2364932,2.761943322254199,1878.0500000000002,176.50124645452226,116.89999999999999,1.374772708486752,125.89999999999999,1.374772708486752,5.372,0.1370620297529553,6.9345,0.24972935350094522,24.721,0.8878901959138864,757.385,20.445568590772886,0.43984999999999996,0.012459032867763063,0.43984999999999996,0.012459032867763063,91.23,7.7497806420569075,202.25,3.176082492631449,242.45,2.246664193866097,202.75,2.4874685927665356,223.35,1.013656746635659,291.605,6.675662888432889,11.253209099838374,300,8.1
138.0,2.449489742783178,233.99999999999997,2.4899799195977463,6.956579342726493,0.26961547558827725,56.0940732,2.7044206873252103,0.0008912,0.0008436630607061091,3111.65,100.47860468776425,478.9,80.13295202349656,546.65,105.60126656437413,115.39999999999999,4.442971978304605,138.6,1.8,138.25,5.0386009963084,115.39999999999999,4.442971978304605,106.89999999999999,3.7134889255254286,100.35,2.903015673398957,8.09,0.6937722969389881,63.849999999999994,11.76552166289281,5.8999999999999995,3.5341194094144583,0.5336269379999999,0.3151512758728158,10.5375,0.46609950654339916,0.139256515,0.005184377358205613,4.938,0.18840382161729075,1.8105,0.09074552330556038,4.0705,1.043093835663887,359.09000000000003,22.556837100976733,16.485,2.837094464412491,735.3349999999999,19.927224468048728,7.999999999999999,1.3038404810405297,415.815,11.833379694744854,2.8295,0.28198359881383184,56.0940732,2.7044206873252103,1882.2,173.88429342525447,117.0,1.3038404810405297,126.0,1.3038404810405297,5.3815,0.14238240762116644,6.959,0.2395391408517615,24.6725,0.8379670339577802,758.235,19.9272244680487,0.4401,0.012589281155014382,0.4401,0.012589281155014382,90.705,8.102004381632979,202.6,2.9563490998188966,242.65,2.1971572542719833,202.99999999999997,2.449489742783164,223.4,0.9695359714832618,291.995,6.407376608253969,10.853608444531394,300,7.999999999999999
138.25,2.384848003542364,234.39999999999998,2.2891046284519194,6.981637836794424,0.25785663858904834,55.951653199999996,2.637969802693079,0.0009712000000000001,0.0008687780844381378,3109.05,99.1816011163361,484.34999999999997,76.36312919203874,554.4,99.55521081289517,115.7,4.267317658670367,138.85,1.6209565077447328,139.15,3.889408695418881,115.7,4.267317658670367,107.3,3.479942528261063,100.39999999999999,2.922327839240492,8.0385,0.6695392072164256,64.5,11.276080879454527,5.950000000000001,3.4996428389194234,0.483376938,0.29111513435969566,10.513,0.44678965968339074,0.13885883499999999,0.004853789053953108,4.9245,0.17856301408746414,1.8064999999999998,0.08799289744064576,4.041,1.0245677137212552,357.16,22.45607712847461,16.294500000000003,2.8827061504773597,736.1850000000001,19.357744574200783,7.8999999999999995,1.2206555615733703,415.085,11.370922346054423,2.797,0.23388244910638345,55.951653199999996,2.637969802693079,1886.3500000000001,171.12673666028928,117.1,1.2206555615733703,126.10000000000001,1.2206555615733703,5.391,0.14689792374298555,6.9835,0.22625814902451585,24.624000000000002,0.781872112304819,759.085,19.35774457420076,0.44035,0.01271328045785195,0.44035,0.01271328045785195,90.18,8.40681866106317,202.95,2.67348087705897,242.85,2.1277922830953213,203.25,2.3848480035423507,223.45,0.9205976319760963,292.38500000000005,6.102481052817789,10.176904162174525,300,7.8999999999999995
137.25,2.48746859276655,232.2,4.308131845707603,6.906275033275515,0.2850605825429439,56.7639632,3.2106142178774078,0.0007812,0.00087277222687251,3101.8,119.8170584683166,456.54999999999995,97.94563543109004,516.9499999999999,128.93660263866116,114.60000000000001,4.74763098818768,137.95,1.9868316486305526,135.95000000000002,6.3440917395636705,114.60000000000001,4.74763098818768,106.4,4.431703961232067,101.15,5.169864601708636,8.2475,0.743443844550481,61.775,13.065675451349614,5.625,3.7645550865938993,0.688326938,0.3416998127992809,10.602500000000001,0.5054490577694257,0.140647795,0.006193647761333789,4.941000000000001,0.23291414727319576,1.8219999999999998,0.09713907555664714,4.097,1.0776228468253632,361.18000000000006,25.224999504459863,16.8265,2.7534419823195835,728.7,30.41798809914949,8.35,1.5580436450882884,413.37,21.49157276701731,2.9315,0.3834093765154943,56.7639632,3.2106142178774078,1851.2310000000002,211.2911135353307,116.85000000000001,1.4585952145814822,125.9,1.5132745950421556,5.244,0.48937102488806994,6.9115,0.2583268278750778,24.7365,0.9320315177074213,751.5999999999999,30.41798809914948,0.43639999999999995,0.01691862878604529,0.43639999999999995,0.01691862878604529,107.78500000000001,67.617603292338,201.5,3.5425979167836705,241.95000000000002,2.4181604578687494,202.25,2.4874685927665356,223.45,1.2031209415515867,294.13,14.46133119736908,12.482034425844683,300,8.35
137.5,2.5,232.59999999999997,4.363484845854286,6.931333527343444,0.2785285938416559,56.6215432,3.1849409020458386,0.0008612,0.0009068292893373042,3099.2000000000003,118.5156002389559,461.99999999999994,96.1613227862429,524.6999999999999,125.8753748753107,114.9,4.635730794599696,138.2,1.9131126469708992,136.85,5.841874699101308,114.9,4.635730794599696,106.80000000000001,4.28485705712571,101.2,5.173006862551025,8.196000000000002,0.732047812646141,62.425000000000004,12.733101546755998,5.675000000000001,3.735890121510535,0.638076938,0.3431236028548075,10.578,0.4909541730141422,0.14025011499999998,0.006012432173444873,4.9275,0.22520823697191875,1.8179999999999998,0.09505787710652916,4.0675,1.060437999130548,359.25000000000006,25.294910555287608,16.636,2.8235516641280003,729.55,30.235103770286617,8.249999999999998,1.5124483462254175,412.64,21.156252031019108,2.899,0.3589136386374862,56.6215432,3.1849409020458386,1855.381,209.6415747388862,116.95,1.3955285736952863,126.0,1.449137674618944,5.2535,0.4933586423688147,6.936,0.2507468843276025,24.688,0.8854524267288443,752.4499999999999,30.235103770286603,0.43665,0.017065388949566905,0.43665,0.017065388949566905,107.26,67.78721413364028,201.85000000000002,3.424543765233553,242.15,2.414021540914662,202.5,2.499999999999986,223.5,1.1618950038622164,294.52,14.27062016872428,12.376998866992711,300,8.249999999999998
137.75,2.48746859276655,232.99999999999997,4.381780460041329,6.956392021411373,0.2695198753435314,56.479123200000004,3.1526316832469603,0.0009412,0.0009328168952157759,3096.6000000000004,117.14199716583289,467.45,94.02790809116195,532.4499999999999,122.24748463669917,115.2,4.501110973970753,138.45,1.8020821290940099,137.75,5.136876482844414,115.2,4.501110973970753,107.2,4.093897898091744,101.24999999999999,5.175664208582314,8.1445,0.7167808242412737,63.075,12.35746232039572,5.7250000000000005,3.706329046374593,0.587826938,0.3371330992428119,10.5535,0.47475546337035474,0.139852435,0.005798371316522859,4.914000000000001,0.21638853943774358,1.8139999999999998,0.09275774900244184,4.038,1.0421353079135165,357.32,25.2173472038595,16.4455,2.8793861759062467,730.4,30.027054467596386,8.149999999999999,1.4585952145814822,411.90999999999997,20.78991341973314,2.8665,0.3294279132071234,56.479123200000004,3.1526316832469603,1859.5310000000002,207.89612805196737,117.05,1.3219304066402287,126.10000000000001,1.374772708486752,5.263,0.49713277904398934,6.9605,0.24044697960257277,24.639499999999998,0.8334655061848687,753.3000000000001,30.027054467596372,0.43689999999999996,0.01720726590716841,0.43689999999999996,0.01720726590716841,106.73500000000001,67.95234561808739,202.2,3.2649655434629015,242.35,2.3932195887548637,202.75,2.4874685927665356,223.55,1.1169153951844268,294.90999999999997,14.066516981826032,12.047005919118835,300,8.149999999999999
138.0,2.449489742783178,233.39999999999995,4.363484845854286,6.981450515479303,0.25777488739803645,56.336703199999995,3.1134799819656083,0.0010212,0.0009513965314210473,3094.0,115.69367960264726,472.8999999999999,91.5209812010339,540.1999999999999,118.0006779641541,115.5,4.341658669218475,138.7,1.6462077633154328,138.64999999999998,4.126439142893059,115.5,4.341658669218475,107.6,3.8522720568516444,101.3,5.1778373863998475,8.093,0.6973887007974818,63.725,11.93469207813926,5.775,3.6758502417808048,0.537576938,0.32331644154614786,10.529,0.45667165447397784,0.13945475499999999,0.005547664413379295,4.900499999999999,0.20631226332915817,1.8099999999999998,0.09022194854911969,4.008500000000001,1.0226547560149515,355.39,24.990936357007524,16.255,2.9217640219565983,731.25,29.79331300812315,8.049999999999999,1.3955285736952863,411.18,20.390885218646098,2.834,0.29345186998893025,56.336703199999995,3.1134799819656083,1863.681,206.05233621339994,117.15,1.2359207094308275,126.2,1.2884098726725126,5.272499999999999,0.5006982624295794,6.984999999999999,0.22705726150026567,24.590999999999998,0.774983225624916,754.15,29.793313008123135,0.43715,0.017344379493080753,0.43715,0.017344379493080753,106.21000000000001,68.11303032460089,202.54999999999998,3.0573681492420897,242.55,2.3553131426627756,202.99999999999997,2.449489742783164,223.59999999999997,1.0677078252031258,295.3,13.848429513847414,11.429891010448934,300,8.049999999999999
137.0,2.449489742783178,231.2,5.287721626560915,6.906087711960393,0.2849370950041731,57.1490132,3.523826988263834,0.0008312,0.0009649411173745267,3086.75,132.9884957430529,445.1,107.24499988344445,502.74999999999994,139.90706736973655,114.39999999999999,4.768647607026539,137.8,1.9390719429665317,135.45000000000002,6.240793218814416,114.39999999999999,4.768647607026539,106.7,4.786439177509728,102.05,6.606625462367305,8.302,0.7536550935275366,60.99999999999999,13.482395929507486,5.449999999999999,3.9143965052099667,0.7425269379999999,0.3381237672626159,10.618500000000001,0.5114125047356588,0.141243715,0.006591390655110276,4.917,0.2563610734881564,1.8254999999999997,0.09861414705811739,4.064500000000001,1.0774946635598712,359.41,27.763337335414132,16.787,2.801817445873303,723.765,36.93638145514528,8.5,1.6583123951777001,409.465,27.110586032028156,2.9685,0.4104421396494274,57.1490132,3.523826988263834,1828.5620000000001,237.11793415091995,116.89999999999999,1.4798648586948742,126.0,1.5811388300841898,5.1255,0.6586081915676422,6.913,0.2594436354971925,24.7035,0.930259506804418,746.665,36.93638145514527,0.4332,0.020003999600079984,0.4332,0.020003999600079984,123.81500000000001,92.60903992051747,201.1,3.6864617182333523,241.65,2.515452245621053,202.0,2.449489742783164,223.6,1.3190905958272798,297.045,18.80147534104705,12.840802738399296,300,8.5
137.25,2.48746859276655,231.59999999999997,5.40740233383831,6.931146206028323,0.2784190689540359,57.00659319999999,3.5160829311471824,0.0009112000000000001,0.0009918262751107173,3084.15,131.51996046228115,450.54999999999995,106.20709722047768,510.49999999999994,137.89144280918958,114.7,4.6701177715342395,138.04999999999998,1.8834808201837363,136.35000000000002,5.807538204781781,114.7,4.6701177715342395,107.10000000000001,4.624932431938871,102.10000000000001,6.602272336097625,8.2505,0.7461868063695577,61.65,13.198579469018625,5.5,3.8890872965260113,0.6922769379999999,0.3474907578006408,10.594,0.4978795034945707,0.140846035,0.006458209484700467,4.9035,0.24807811269839972,1.8215,0.09670961689511545,4.035,1.0594031338447136,357.4800000000001,27.70383727933732,16.5965,2.868123559053898,724.615,36.899773373287815,8.399999999999999,1.624807680927192,408.735,26.73914499381011,2.936,0.3907480006346802,57.00659319999999,3.5160829311471824,1832.7120000000002,236.0481361841267,117.0,1.4142135623730951,126.1,1.5132745950421556,5.135000000000001,0.663275960667956,6.9375,0.25175136543820387,24.655,0.8817737805128928,747.5149999999999,36.89977337328781,0.43344999999999995,0.02016798205076552,0.43344999999999995,0.02016798205076552,123.29,92.82366023810954,201.45000000000002,3.6121323342314025,241.85000000000002,2.535251466817444,202.25,2.4874685927665356,223.65,1.2757350822172968,297.435,18.594146256281846,12.840802738399296,300,8.399999999999999
137.5,2.5,231.99999999999997,5.495452665613635,6.956204700096253,0.26942411093876195,56.864173199999996,3.5025354818177883,0.0009912,0.0010116952900947993,3081.55,129.98284502194895,456.0,104.87611739571598,518.2499999999999,135.403055726228,115.0,4.549725266430923,138.3,1.7916472867168918,137.25,5.185315805233082,115.0,4.549725266430923,107.5,4.421538193886829,102.14999999999999,6.597537419370958,8.199,0.7350435361255819,62.3,12.875752405199473,5.55,3.862965182343739,0.642026938,0.34945936319672943,10.5695,0.4827263717676923,0.140448355,0.006297158880278872,4.89,0.23874672772626623,1.8175,0.0945978329561518,4.0055000000000005,1.040160925049581,355.55000000000007,27.509134846446923,16.406,2.9205314584849105,725.4649999999999,36.843524193540446,8.299999999999999,1.5842979517754858,408.005,26.34224885995879,2.9034999999999997,0.3671413215643263,56.864173199999996,3.5025354818177883,1836.862,234.9001606981145,117.1,1.3379088160259651,126.2,1.4352700094407325,5.144500000000001,0.6677759729130721,6.962,0.2413420808727729,24.6065,0.8276247640084239,748.365,36.84352419354044,0.4337,0.020327567488511757,0.4337,0.020327567488511757,122.76500000000001,93.03482291593832,201.79999999999998,3.5014282800023193,242.05,2.5391927851189244,202.5,2.499999999999986,223.70000000000002,1.2288205727444415,297.825,18.37620404218456,12.594513120355634,300,8.299999999999999
137.75,2.48746859276655,232.39999999999995,5.5533773507659285,6.981263194164183,0.25769297410513053,56.721753199999995,3.483116924721386,0.0010712,0.0010249562722379917,3078.95,128.37468597819432,461.45,103.24072597575048,525.9999999999999,132.41525591864405,115.3,4.405678154382131,138.54999999999998,1.6575584454250776,138.15,4.292726406376255,115.3,4.405678154382131,107.9,4.170131892398609,102.19999999999999,6.592419889539804,8.147499999999999,0.7200546854232669,62.95,12.51089525173958,5.6000000000000005,3.836013555763327,0.5917769379999999,0.3441565650904594,10.545,0.46579501929496864,0.14005067499999999,0.006106034016763668,4.876499999999999,0.2282383622443867,1.8134999999999997,0.09226456524581904,3.976,1.0197028979070326,353.62,27.17632425476264,16.215500000000002,2.9597795103689735,726.315,36.7675437716473,8.2,1.5362291495737217,407.275,25.918728267413126,2.871,0.3388052537963366,56.721753199999995,3.483116924721386,1841.0120000000002,233.67285549673932,117.19999999999999,1.2489995996796797,126.3,1.3453624047073711,5.154,0.672111597876424,6.9864999999999995,0.22784369642366678,24.558,0.7666133314781315,749.215,36.7675437716473,0.43394999999999995,0.02048285868720478,0.43394999999999995,0.02048285868720478,122.24000000000001,93.24255144514227,202.14999999999998,3.3507461855533016,242.25,2.5273503912200224,202.75,2.4874685927665356,223.75,1.177921898938967,298.21500000000003,18.147266323058144,12.047005919118835,300,8.2
137.0,2.449489742783178,230.6,6.118823416311343,6.930958884713202,0.2783093748843256,57.3916432,3.779590295638479,0.0009612,0.0010677543537724395,3069.1,141.76052870951068,439.09999999999997,114.23961659599527,496.29999999999995,147.5811979894458,114.5,4.695742752749552,137.89999999999998,1.841195263952197,135.85,5.729528776435284,114.5,4.695742752749552,107.39999999999999,4.923413450036469,103.0,7.6681158050723255,8.305000000000001,0.7561448273975031,60.875,13.604112429703013,5.325,4.028880117352712,0.7464769379999999,0.34335195743968555,10.61,0.5042023403357032,0.14144195499999998,0.006823295212979949,4.8795,0.2668609188322635,1.8249999999999997,0.09820896089461491,4.0025,1.057368786185785,355.71000000000004,29.814541753983075,16.557,2.9114774599848783,719.68,41.95612708532569,8.549999999999999,1.7168284713389395,404.83,30.85253150067269,2.973,0.41690646432983025,57.3916432,3.779590295638479,1810.0430000000001,257.7985419101513,117.05,1.4309088021254184,126.2,1.5684387141358123,5.0165,0.7799889422293113,6.939,0.2527429524239995,24.622,0.8768386396595438,742.5799999999999,41.95612708532569,0.43025,0.022400613830875264,0.43025,0.022400613830875264,139.32,110.10647392410675,201.05,3.747999466382032,241.54999999999998,2.6167728216259047,202.0,2.449489742783164,223.79999999999998,1.3638181696985732,300.35,21.698836374331233,12.982056797590989,300,8.549999999999999
137.25,2.48746859276655,231.0,6.260990336999411,6.956017378781132,0.26932818219885885,57.249223199999996,3.7815203381143627,0.0010412000000000002,0.0010825467010711362,3066.5,140.05651537861422,444.54999999999995,113.55416108624112,504.05,146.0145455083157,114.80000000000001,4.5891175622335,138.15,1.7684739183827394,136.75,5.185315805233082,114.80000000000001,4.5891175622335,107.79999999999998,4.707440918375927,103.05,7.6581655766900205,8.2535,0.7489077045938303,61.525,13.328986270530855,5.375,4.005855089740517,0.696226938,0.35314258656619657,10.5855,0.49004566113781706,0.141044275,0.006706494517247821,4.8660000000000005,0.2569513572643661,1.821,0.09627564593395362,3.9730000000000003,1.037164885637766,353.78000000000003,29.518207940184993,16.3665,2.9605781107749887,720.53,42.00664352218587,8.45,1.6874537030686203,404.1,30.41561441102251,2.9404999999999997,0.3979004272427965,57.249223199999996,3.7815203381143627,1814.1930000000002,257.11398991692386,117.15,1.3518505834595775,126.30000000000001,1.4866068747318506,5.026000000000001,0.7852540990023548,6.9635,0.24222458587022097,24.5735,0.8204162053494551,743.43,42.00664352218587,0.4305,0.022579858281220458,0.4305,0.022579858281220458,138.79500000000002,110.36083306590251,201.4,3.6796738985948196,241.75,2.6433879775772606,202.25,2.4874685927665356,223.85,1.3143439428094805,300.74,21.45945945265165,12.840802738399296,300,8.45
137.5,2.5,231.39999999999998,6.374950980203691,6.981075872849062,0.25761089855569846,57.106803199999995,3.7780844907784368,0.0011212000000000001,0.0010912906853813057,3063.8999999999996,138.2826362924861,449.99999999999994,112.60106571431727,511.79999999999995,144.0144437200658,115.10000000000001,4.459820624195545,138.39999999999998,1.6552945357246849,137.64999999999998,4.396305266925854,115.10000000000001,4.459820624195545,108.19999999999999,4.445222154178573,103.1,7.647875521999557,8.202,0.7380149049985372,62.175000000000004,13.015639630844118,5.425000000000001,3.982069185737485,0.6459769379999999,0.35563841358276194,10.561,0.4742035427957073,0.14064659499999999,0.006563572281271463,4.852499999999999,0.24590394466132479,1.8169999999999997,0.09413288479590966,3.9435000000000002,1.0157030816139134,351.85,29.091106888532106,16.176000000000002,2.9967922850941804,721.38,42.0399167458738,8.35,1.6515144564913744,403.37,29.954543895709715,2.9080000000000004,0.375134642495198,57.106803199999995,3.7780844907784368,1818.343,256.36043846701466,117.25,1.2599603168354152,126.4,1.3928388277184118,5.0355,0.7903700082872578,6.9879999999999995,0.2286175846255052,24.525,0.7567132878442134,744.28,42.039916745873796,0.43075,0.022754944517620786,0.43075,0.022754944517620786,138.26999999999998,110.61211552085965,201.75,3.575961409187745,241.95,2.654712790491657,202.5,2.499999999999986,223.89999999999998,1.26095202129184,301.13000000000005,21.210212163012425,12.376998866992711,300,8.35
137.0,2.449489742783178,230.0,6.797058187186572,6.95583005746601,0.2692320889481618,57.6342732,4.004436330965016,0.0010912,0.0011468597821878664,3051.4500000000003,147.92940884083868,433.1,120.53169707591444,489.84999999999997,154.60668646601283,114.6,4.619523784980432,138.0,1.7320508075688772,136.25,5.136876482844414,114.6,4.619523784980432,108.1,4.958830507286975,103.94999999999999,8.493968448257858,8.308000000000002,0.7586145266207336,60.74999999999999,13.723611040830326,5.199999999999999,4.136423575989287,0.7504269379999999,0.3484569505225339,10.6015,0.49674213632427067,0.14164019500000002,0.007041994473405607,4.8420000000000005,0.271838187162878,1.8244999999999998,0.09779953987621823,3.9405,1.0331383014872695,352.01000000000005,31.29905589630461,16.327,2.9995701358694715,715.5949999999999,46.07561692479006,8.6,1.772004514666935,400.195,33.55304866923422,2.9774999999999996,0.4232242313478755,57.6342732,4.004436330965016,1791.5240000000001,275.6979416027621,117.19999999999999,1.3638181696985856,126.4,1.5297058540778354,4.907500000000001,0.871343072503592,6.965000000000001,0.24309463177947813,24.5405,0.8118033936859338,738.495,46.07561692479006,0.4273,0.024207643421035437,0.4273,0.024207643421035437,154.82500000000002,123.24620430260723,200.99999999999997,3.8078865529319543,241.45,2.71062723368596,202.0,2.449489742783164,224.0,1.37840487520901,303.655,23.797846015973803,12.840802738399296,300,8.6
137.25,2.48746859276655,230.39999999999998,6.959885056522126,6.980888551533941,0.25752866059460466,57.491853199999994,4.014874135342298,0.0011712,0.00115164897429729,3048.85,145.98325246410974,438.54999999999995,120.15468155673335,497.59999999999997,153.4380656812383,114.9,4.504442251822076,138.25,1.6393596310755,137.15,4.44156503948777,114.9,4.504442251822076,108.5,4.685082710048992,104.0,8.47938677028003,8.2565,0.7516067788411703,61.4,13.456968455042167,5.25,4.115519408288582,0.7001769379999999,0.358661875777819,10.577,0.481934642871832,0.14124251499999999,0.0069402499577662985,4.8285,0.26017830424537686,1.8204999999999998,0.09583710137519812,3.911,1.0106428647153258,350.08000000000004,30.78581816356356,16.1365,3.0328390577147344,716.445,46.19684485979535,8.5,1.746424919657298,399.46500000000003,33.049521554782004,2.945,0.40487652438737415,57.491853199999994,4.014874135342298,1795.6740000000002,275.33720835368405,117.3,1.268857754044952,126.5,1.4317821063276353,4.917,0.8772405599378086,6.9895000000000005,0.22937905309770557,24.492,0.7452221145403559,739.3449999999999,46.196844859795355,0.42755,0.024403841910650054,0.42755,0.024403841910650054,154.3,123.53940666847967,201.35,3.7453304260105007,241.65,2.7436289836637897,202.25,2.4874685927665356,224.04999999999998,1.321930406640218,304.045,23.52506057377962,12.482034425844683,300,8.5
137.25,2.48746859276655,233.4,2.8,6.866620970667709,0.26722669722477893,56.9182129,2.4557941746706278,0.0007714,0.0008312326028254667,3139.15,86.344658201883,452.3,74.63718912177762,510.7,99.75474926037356,113.94999999999999,4.140953996363631,137.95,1.9868316486305526,136.54999999999998,6.484404367403378,113.94999999999999,4.140953996363631,105.6,3.8,99.85,2.8857408061016145,8.314499999999999,0.6598444892548544,60.099999999999994,10.653168542738824,4.999999999999999,2.966479394838265,0.608189761,0.3524916753610912,10.6845,0.4201365849339952,0.14104582,0.004946373545598835,5.0015,0.17703883754701952,1.8379999999999999,0.08016233529532432,4.362,0.8943410982393686,365.20500000000004,22.51851404955488,16.23,2.400449957820408,729.34,17.552418636757725,8.45,1.2439855304624727,419.637,10.868729962603723,2.8755,0.360339770216944,56.9182129,2.4557941746706278,1834.8500000000001,147.94394208618343,116.55,1.2439855304624727,125.55,1.2439855304624727,5.39,0.12161414391426678,6.8765,0.2421007021881598,24.929999999999996,0.8050403716584651,752.24,17.552418636757704,0.4382,0.01275774274705366,0.4382,0.01275774274705366,91.385,7.948161737156584,201.5,3.122498999199199,241.95,2.178875856950093,202.25,2.4874685927665356,223.1,0.8888194417315518,289.905,5.879836307245306,11.099898062575058,300,8.45
137.5,2.5,233.79999999999998,2.7129319932501073,6.891679464735638,0.2640380498386647,56.7757929,2.431186213843397,0.0008514,0.0008678269643195008,3136.55,85.67053168972397,457.74999999999994,72.5995006869882,518.45,96.26966032972175,114.24999999999999,4.060480267160515,138.2,1.9131126469708992,137.45,5.903177110675234,114.24999999999999,4.060480267160515,106.0,3.714835124201342,99.9,2.913760456866693,8.263,0.6522890463590506,60.75,10.348309040611417,5.05,2.940663190506523,0.557939761,0.3423034321758532,10.659999999999998,0.4075414089390183,0.14064814,0.004750921222815633,4.9879999999999995,0.17159836829061037,1.8339999999999999,0.07844743462982075,4.3325,0.8824617555452474,363.27500000000003,22.93800067573459,16.0395,2.4343160743831107,730.19,17.20194465750893,8.35,1.1947803145348521,418.907,10.629130303086885,2.843,0.3286654834326234,56.7757929,2.431186213843397,1839.0,146.04460791141864,116.64999999999999,1.194780314534852,125.64999999999999,1.194780314534852,5.3995,0.12623291963667793,6.901,0.23763206854294736,24.881499999999996,0.7630221163242908,753.0899999999999,17.201944657508903,0.43844999999999995,0.012916946233533694,0.43844999999999995,0.012916946233533694,90.86,8.301770895417432,201.85000000000002,2.987892233665732,242.15,2.17428149051589,202.49999999999997,2.499999999999986,223.15,0.8529361054615934,290.295,5.691087330203263,10.84155146645977,300,8.35
137.75,2.48746859276655,234.20000000000002,2.5612496949731396,6.9167379588035685,0.25839160119021237,56.6333729,2.3978825808655,0.0009314000000000001,0.0008958234424260173,3133.9500000000003,84.91148332233985,463.2,70.08038241904792,526.1999999999999,92.00304342792145,114.55,3.955692101263688,138.45,1.8020821290940099,138.35,5.101715397785338,114.55,3.955692101263688,106.39999999999999,3.5832945734337835,99.94999999999999,2.9406631905065224,8.211500000000001,0.6405175641619827,61.4,9.991996797437437,5.1,2.913760456866693,0.507689761,0.3241030286187849,10.6355,0.393020037657115,0.14025046000000002,0.004512160780978442,4.974500000000001,0.16487798518904806,1.83,0.07648529270389176,4.303,0.8694199215568966,361.345,23.18987871895842,15.849,2.452967386656414,731.04,16.801232097676646,8.25,1.1346805717910218,418.177,10.33255684717001,2.8104999999999998,0.28997370570450015,56.6333729,2.3978825808655,1843.15,144.00069444276994,116.75,1.1346805717910218,125.75000000000001,1.1346805717910218,5.409000000000001,0.12999615378925636,6.9255,0.23048806910553965,24.833,0.7152698791365394,753.94,16.80123209767662,0.4387,0.0130694299799188,0.4387,0.0130694299799188,90.33500000000001,8.608964804202648,202.2,2.803569153775237,242.35,2.1511624764298953,202.75,2.4874685927665356,223.20000000000002,0.8124038404635918,290.685,5.468114391634478,10.382361437465825,300,8.25
137.0,2.449489742783178,232.4,4.431703961232068,6.866433649352588,0.2670671525984487,57.3032629,2.8322165032984663,0.0008214,0.0009280666139884573,3124.1,109.13041510046592,440.85,85.91581635531377,496.5,112.7956116167646,113.75,4.133702940463905,137.79999999999998,1.9390719429665317,136.04999999999998,6.430202174115523,113.75,4.133702940463905,105.89999999999999,4.264973622427224,100.75,5.252380412727167,8.369,0.6658671038578191,59.324999999999996,11.043408667617078,4.824999999999999,3.1195953263203866,0.662389761,0.36125637863776044,10.7005,0.4242107377235991,0.14164174,0.005392345251687805,4.9775,0.21381943316733387,1.8415,0.08125730736370729,4.3295,0.9037669777105158,363.43500000000006,25.609261508290324,16.190499999999997,2.446175535402151,724.4050000000001,27.448979489226918,8.6,1.3564659966250536,415.73199999999997,20.98024632839186,2.9125,0.39426989486898445,57.3032629,2.8322165032984663,1812.181,180.90248273310127,116.6,1.2806248474865698,125.65,1.3518505834595773,5.2715,0.49363220113764866,6.878,0.24350770008359088,24.897,0.8109013503503367,747.305,27.44897948922691,0.43499999999999994,0.01697645428232881,0.43499999999999994,0.01697645428232881,107.41500000000002,67.77352930901563,201.1,3.2848135411313684,241.65,2.286372673034735,202.0,2.449489742783164,223.25,1.0897247358851583,292.82,14.267781887875921,12.223687829729394,300,8.6
137.25,2.48746859276655,232.79999999999998,4.467661580737735,6.891492143420518,0.26389436528677934,57.1608429,2.830347918824149,0.0009014,0.0009568090927661588,3121.5,108.23690451966927,446.29999999999995,84.88998763105106,504.24999999999994,110.723924695614,114.05,4.067861846228302,138.04999999999998,1.8834808201837363,136.95,5.920092904676412,114.05,4.067861846228302,106.3,4.160528812542944,100.8,5.259277516921883,8.3175,0.6626301758899905,59.975,10.796382496003002,4.875,3.097882341213107,0.612139761,0.35899098816957636,10.675999999999998,0.41269116782407655,0.14124405999999998,0.005258897171213753,4.964,0.2077835412153714,1.8375,0.0797417707352928,4.3,0.8909377082602352,361.505,25.847059310490245,16.0,2.4763804231175786,725.255,27.37983701558503,8.5,1.3228756555322951,415.002,20.720003764478424,2.88,0.368822450509727,57.1608429,2.830347918824149,1816.3310000000001,179.87628653883203,116.69999999999999,1.2288205727444508,125.75,1.299038105676658,5.281,0.4970603585078979,6.9025,0.2389115945281853,24.848499999999998,0.7671197755240049,748.155,27.37983701558502,0.43524999999999997,0.017143147318972683,0.43524999999999997,0.017143147318972683,106.89000000000001,67.93989181622239,201.45000000000002,3.201171660501823,241.85,2.308137777516758,202.25,2.4874685927665356,223.3,1.053565375285265,293.21,14.11070161260595,12.03494894104721,300,8.5
137.5,2.5,233.2,4.467661580737736,6.916550637488447,0.25826295091103607,57.0184229,2.82129783057872,0.0009814000000000001,0.0009781920261380177,3118.9,107.27295791577671,451.75,83.49663166858889,512.0,108.05831758823567,114.35,3.9783790669065127,138.29999999999998,1.7916472867168918,137.85,5.208406666150408,114.35,3.9783790669065127,106.69999999999999,4.013726448077896,100.85,5.265690837867335,8.266,0.655342658461968,60.62499999999999,10.503422061404558,4.925,3.0752032453156652,0.561889761,0.34956081454801097,10.651499999999999,0.3993403936493279,0.14084638,0.005091003126752134,4.9505,0.20066078341320195,1.8335000000000001,0.07799198676787249,4.2705,0.8769291590544815,359.575,25.939484863813323,15.809499999999998,2.4916991692417443,726.105,27.28405166026483,8.4,1.2806248474865698,414.272,20.430383647890707,2.8474999999999997,0.3383766392645923,57.0184229,2.82129783057872,1820.481,178.74787735522904,116.8,1.1661903789690602,125.85000000000001,1.2359207094308275,5.2905,0.5002846689635811,6.927,0.23164844053004116,24.799999999999997,0.7174120155113098,749.005,27.284051660264822,0.43549999999999994,0.017304623659588795,0.43549999999999994,0.017304623659588795,106.36500000000001,68.10180082053631,201.79999999999998,3.0757112998459397,242.05,2.3124662159694354,202.49999999999997,2.499999999999986,223.35,1.0136567466356572,293.59999999999997,13.940946883192696,11.63534828574023,300,8.4
137.75,2.48746859276655,233.6,4.431703961232068,6.941609131556378,0.25000682259997503,56.876002899999996,2.804996727852671,0.0010614,0.0009926911100639514,3116.3,106.23665798583839,457.19999999999993,81.71695050599968,519.75,104.75346056336278,114.64999999999999,3.863612299390292,138.54999999999998,1.6575584454250776,138.74999999999997,4.193745342769397,114.64999999999999,3.863612299390292,107.1,3.8196858509568554,100.89999999999999,5.271622141238881,8.214500000000001,0.6438670281975928,61.275000000000006,10.16055485689635,4.975,3.0515364982251154,0.511639761,0.3323565428090275,10.627,0.38396744653681264,0.14044869999999998,0.004885112839126646,4.937,0.19233044480788766,1.8295,0.07599177587081381,4.2410000000000005,0.8616838167216557,357.64500000000004,25.888095237000357,15.619,2.492406267043958,726.955,27.161341553759826,8.3,1.2288205727444508,413.54200000000003,20.11011675749298,2.815,0.3014216316059616,56.876002899999996,2.804996727852671,1824.631,177.51530598514597,116.89999999999999,1.0908712114635712,125.95000000000002,1.16081867662439,5.3,0.5033090501868608,6.9515,0.22145597756664867,24.7515,0.6604413297182421,749.855,27.16134155375981,0.43574999999999997,0.01746102803388163,0.43574999999999997,0.01746102803388163,105.84000000000002,68.25928801269465,202.15,2.903015673398957,242.25,2.299456457513384,202.75,2.4874685927665356,223.4,0.96953597148326,293.99,13.758048553483162,10.958644003383364,300,8.3
136.75,2.384848003542364,231.4,5.4258639865002145,6.866246328037469,0.2669073811378628,57.6883129,3.116961438607509,0.0008714,0.0010132460905426677,3109.05,126.13679082646743,429.4,94.49941798762573,482.3,122.84710008787346,113.55,4.11673414249693,137.65,1.8781639970992947,135.55,6.336205489092032,113.55,4.11673414249693,106.2,4.664761515876241,101.65,6.725139403759598,8.423499999999999,0.6673999925082408,58.55,11.367607487945737,4.6499999999999995,3.2561480310329873,0.7165897609999999,0.36178264332893156,10.716500000000002,0.42764792762271187,0.14223766000000002,0.005742640688864317,4.9535,0.24278128016797326,1.845,0.08218880702382775,4.297,0.9119380461412935,361.6650000000001,28.25454432476306,16.151,2.490435504083573,719.47,33.91308154680137,8.75,1.444818327679989,411.827,27.05021498990351,2.9495,0.4222733119674982,57.6883129,3.116961438607509,1789.5120000000002,206.2431559979628,116.65,1.3143439428094916,125.75,1.4448183276799889,5.1530000000000005,0.6666865830358369,6.8795,0.2448974275079264,24.863999999999997,0.8153857982574872,742.3699999999999,33.91308154680138,0.43179999999999996,0.019828262657126575,0.43179999999999996,0.019828262657126575,123.44500000000001,92.78689279742049,200.70000000000002,3.3926390907374744,241.35000000000002,2.3510635891017495,201.75,2.3848480035423507,223.4,1.2409673645990733,295.735,18.856624167649954,12.68749170113598,300,8.75
137.0,2.449489742783178,231.79999999999998,5.528109984434102,6.891304822105398,0.26375046941961805,57.5458929,3.1328174654457914,0.0009514000000000001,0.0010357816565280543,3106.4500000000003,125.05202917186111,434.84999999999997,94.23230603142429,490.04999999999995,121.85420591838428,113.85,4.0654028090707,137.89999999999998,1.841195263952197,136.45,5.894701010229442,113.85,4.0654028090707,106.60000000000001,4.5431266766402185,101.7,6.723838189605696,8.372,0.6683831236648632,59.2,11.172958426486693,4.7,3.2380549717384355,0.6663397609999999,0.36701790078219476,10.692,0.41716423624275384,0.14183998,0.005659549907598662,4.94,0.23611437906235175,1.841,0.08086408349817611,4.267499999999999,0.8981585327769258,359.73500000000007,28.350013668427046,15.9605,2.517122315264,720.32,33.98081223278808,8.649999999999999,1.4239030865898141,411.097,26.74248774889876,2.917,0.4016229575111463,57.5458929,3.1328174654457914,1793.662,205.8012689368071,116.75,1.2599603168354152,125.85,1.3883443376914821,5.1625000000000005,0.6709088984355477,6.904,0.24017493624439673,24.8155,0.7697822744127066,743.2199999999999,33.98081223278809,0.43205,0.020011184372745162,0.43205,0.020011184372745162,122.92,92.99901397326748,201.05,3.3537292675468007,241.55,2.3973944189473704,202.0,2.449489742783164,223.45000000000002,1.2031209415515853,296.125,18.677282323721514,12.582456142284009,300,8.649999999999999
137.25,2.48746859276655,232.2,5.6,6.916363316173327,0.25813410058022257,57.403472900000004,3.142144971359245,0.0010314,0.0010517697656806835,3103.8500000000004,123.90322836794851,440.3,93.64779762493083,497.79999999999995,120.35514114486344,114.14999999999999,3.9909272105614675,138.15,1.7684739183827394,137.35,5.265690837867335,114.14999999999999,3.9909272105614675,107.0,4.381780460041329,101.74999999999999,6.722164829874377,8.3205,0.665390674716741,59.85,10.936292790520927,4.749999999999999,3.2190837205639746,0.616089761,0.36533200376516284,10.667499999999999,0.40493054960079283,0.14144230000000002,0.005546781901877883,4.9265,0.22845732643099873,1.837,0.0793158243984137,4.2379999999999995,0.8831794834573548,357.805,28.31390956756061,15.77,2.529221224013431,721.17,34.02718178162864,8.549999999999999,1.3955285736952863,410.367,26.411008519176246,2.8844999999999996,0.37706067151056744,57.403472900000004,3.142144971359245,1797.8120000000001,205.27454833953482,116.85,1.1947803145348521,125.95,1.3219304066402284,5.172000000000001,0.6749711104928862,6.9285,0.23279336330746206,24.767,0.7180327290590587,744.07,34.02718178162864,0.43229999999999996,0.020189353630069493,0.43229999999999996,0.020189353630069493,122.39500000000001,93.20769536363402,201.39999999999998,3.277193921634788,241.75,2.426417111710186,202.25,2.4874685927665356,223.50000000000003,1.1618950038622153,296.515,18.487976498254216,12.252463194410133,300,8.549999999999999
137.5,2.5,232.59999999999997,5.642694391866354,6.941421810241257,0.24989249967885618,57.261052899999996,3.14500204411288,0.0011114,0.0010615063070938391,3101.25,122.68858952649182,445.74999999999994,92.73989163245771,505.54999999999995,118.3306701578251,114.44999999999999,3.8919789310837665,138.39999999999998,1.6552945357246849,138.24999999999997,4.368924352744048,114.44999999999999,3.8919789310837665,107.39999999999999,4.17612260356422,101.8,6.7201190465645775,8.269,0.6583684378826188,60.5,10.654811119865053,4.8,3.1992186546092785,0.5658397609999999,0.3566268097823955,10.642999999999999,0.3907825482285514,0.14104461999999998,0.005402478598995097,4.912999999999999,0.21970662256745904,1.833,0.07753063910480809,4.2085,0.8669387233247804,355.875,28.14572569680875,15.5795,2.526941778118364,722.0200000000001,34.052277456875046,8.45,1.3592277219068187,409.637,26.054870773043575,2.852,0.34775853691893754,57.261052899999996,3.14500204411288,1801.962,204.66233922243737,116.95,1.1169153951844337,126.05,1.243985530462473,5.1815,0.6788760932600292,6.952999999999999,0.22248820193439472,24.7185,0.6586901775493541,744.92,34.052277456875046,0.43255,0.020362895177258075,0.43255,0.020362895177258075,121.87,93.41296002161585,201.75,3.1603006186120965,241.95000000000002,2.4387496796514396,202.49999999999997,2.499999999999986,223.54999999999998,1.1169153951844255,296.90500000000003,18.288397278055836,11.63534828574023,300,8.45
136.5,2.29128784747792,230.40000000000003,6.102458520956943,6.866059006722347,0.266747382435426,58.0733629,3.3336046395720347,0.0009214000000000001,0.0010895079806958734,3094.0,139.49382602825114,417.95,101.07693851715138,468.1,130.60126339358285,113.35,4.089926649709007,137.5,1.8027756377319946,135.04999999999998,6.200604809210146,113.35,4.089926649709007,106.49999999999999,5.014977567247933,102.55,7.826078200478194,8.478,0.6644742282436542,57.77499999999999,11.631288621644636,4.475,3.3781466812440217,0.7707897609999999,0.3541072025837217,10.7325,0.4304634130794396,0.14283358,0.006014001625922632,4.9295,0.2664859283339365,1.8484999999999998,0.08296234085414898,4.2645,0.9188877787847655,359.89500000000004,30.570222030597034,16.1115,2.5333066829738558,714.5350000000001,38.70451233383519,8.9,1.5132745950421556,407.92199999999997,31.50808588283332,2.9865,0.4454691347332608,58.0733629,3.3336046395720347,1766.843,226.5369802283945,116.69999999999999,1.3453624047073711,125.85000000000001,1.5256146302392357,5.0345,0.7856110678955586,6.881,0.246270176838366,24.830999999999996,0.8185163407043256,737.435,38.70451233383519,0.4286,0.02185497654997598,0.4286,0.02185497654997598,139.475,110.05290489123854,200.3,3.451086785347479,241.04999999999998,2.376446927663229,201.5,2.291287847477907,223.54999999999998,1.3592277219068045,298.65000000000003,22.14905189844478,12.82874576032767,300,8.9
136.75,2.384848003542364,230.8,6.257795138864806,6.891117500790277,0.2636063618911263,57.93094289999999,3.3647725327296927,0.0010014000000000002,0.00110688917241068,3091.4,138.2309209258189,423.3999999999999,101.44427041484403,475.85,130.51370617678435,113.65,4.053085244600703,137.74999999999997,1.7853571071357126,135.95,5.826448317800476,113.65,4.053085244600703,106.89999999999999,4.87749935930288,102.60000000000001,7.819207120929845,8.4265,0.6696661481663828,58.425,11.485071832600788,4.525,3.3633130987167994,0.720539761,0.36695295257317245,10.708,0.420982184896226,0.1424359,0.005974509985178705,4.916,0.259179474495956,1.8445,0.08182145195485105,4.234999999999999,0.9041543009907104,357.96500000000003,30.54685376597728,15.921,2.5566049753530558,715.385,38.87193428426222,8.8,1.5033296378372907,407.192,31.152924357112937,2.9539999999999997,0.4287586733816589,57.93094289999999,3.3647725327296927,1770.9930000000002,226.55038956267546,116.8,1.2884098726725126,125.95,1.4654350889752845,5.0440000000000005,0.7906225395218631,6.9055,0.24142234776424495,24.7825,0.7710244808045977,738.285,38.87193428426222,0.42884999999999995,0.02205736838337702,0.42884999999999995,0.02205736838337702,138.95,110.30812526736187,200.65000000000003,3.453621287865825,241.25,2.446936860648431,201.75,2.3848480035423507,223.6,1.319090595827279,299.04,21.944826269533333,12.82874576032767,300,8.8
137.0,2.449489742783178,231.20000000000002,6.384355879804947,6.916175994858206,0.25800504989804857,57.7885229,3.389675734970558,0.0010814000000000002,0.0011182931815941649,3088.8,136.90700310794915,428.84999999999997,101.51811414718064,483.6,129.96476445560157,113.95,3.9934321078490784,138.0,1.7320508075688772,136.85,5.27517772212463,113.95,3.9934321078490784,107.29999999999998,4.702127178203499,102.64999999999999,7.8120099846326365,8.375,0.6708762926203309,59.074999999999996,11.299640481006465,4.575,3.3476670981446164,0.6702897609999999,0.37264849775984465,10.683499999999999,0.4098203874870065,0.14203822000000002,0.005908047461268405,4.902500000000001,0.25093574874855895,1.8405,0.08046583125774566,4.2055,0.888197472412526,356.035,30.401188710311974,15.7305,2.565586628823903,716.235,39.020126537467824,8.700000000000001,1.4866068747318506,406.462,30.776356444517603,2.9214999999999995,0.40879426365838356,57.7885229,3.389675734970558,1775.143,226.4877692304819,116.89999999999999,1.2206555615733703,126.05000000000001,1.3955285736952863,5.0535000000000005,0.7954890005524904,6.93,0.23392306427541518,24.733999999999998,0.7171359703710305,739.135,39.020126537467824,0.4291,0.022255111772354685,0.4291,0.022255111772354685,138.425,110.56026354436752,201.0,3.420526275297414,241.45,2.4994999499899975,202.0,2.449489742783164,223.65,1.275735082217296,299.43,21.731684242138257,12.582456142284009,300,8.700000000000001
137.25,2.48746859276655,231.6,6.483826030978931,6.941234488926137,0.24977798395056494,57.646102899999995,3.408451564374092,0.0011614000000000001,0.0011239019708141808,3086.2,135.52028445955978,434.29999999999995,101.29911154595582,491.34999999999997,128.94854593984377,114.25,3.9099232729044617,138.24999999999997,1.6393596310755,137.74999999999997,4.481908075808784,114.25,3.9099232729044617,107.69999999999999,4.484417464955732,102.69999999999999,7.804485889538144,8.3235,0.668126297940741,59.725,11.073024654537711,4.625,3.3311972322274768,0.6200397609999999,0.371522827512885,10.658999999999999,0.39683623826460224,0.14164053999999998,0.005813689128376235,4.888999999999999,0.24165885044831256,1.8364999999999998,0.07888440910598239,4.176,0.8709500559733606,354.105,30.131453250714614,15.54,2.5604023121376844,717.085,39.14930746513915,8.6,1.4628738838327793,405.73199999999997,30.37758607921308,2.889,0.3850701234840221,57.646102899999995,3.408451564374092,1779.2930000000001,226.3490561301284,116.99999999999999,1.140175425099138,126.15,1.3143439428094916,5.063,0.8002130966186444,6.9544999999999995,0.22350559277118773,24.685499999999998,0.6552745607758625,739.985,39.14930746513916,0.42934999999999995,0.02244832955923447,0.42934999999999995,0.02244832955923447,137.89999999999998,110.809340761508,201.35,3.350746185553301,241.64999999999998,2.535251466817444,202.25,2.4874685927665356,223.7,1.2288205727444408,299.82000000000005,21.50936075293732,12.03494894104721,300,8.6
136.5,2.29128784747792,229.8,6.764613810115105,6.890930179475156,0.26346204235398274,58.3159929,3.5401011450553486,0.0010513999999999999,0.0011715646119612865,3076.35,148.74326875526165,411.95,106.95769023310105,461.65,137.1711613277368,113.44999999999999,4.03081877538546,137.6,1.7146428199482247,135.45,5.713799086422273,113.44999999999999,4.03081877538546,107.2,5.173006862551025,103.5,8.686195945291587,8.481000000000002,0.6665050637467055,57.65,11.737866075228496,4.35,3.475269773701029,0.774739761,0.35879174922198104,10.723999999999998,0.4241627046311359,0.14303182,0.006216815316269261,4.892,0.2782912143780322,1.8479999999999999,0.08261961026293937,4.2025,0.908949256009377,356.19500000000005,32.49971499875038,15.8815,2.5948858838106923,710.45,42.64563869846482,8.95,1.5644487847162014,403.287,34.57384402984431,2.9909999999999997,0.4512527008229425,58.3159929,3.5401011450553486,1748.324,243.4506697546754,116.85,1.3143439428094916,126.05000000000001,1.5321553446044562,4.9255,0.8786152457133897,6.907000000000001,0.24265407476488016,24.749499999999998,0.7708532610036747,733.3499999999999,42.64563869846483,0.42565,0.02349739347246839,0.42565,0.02349739347246839,154.98,123.17883990361332,200.25,3.5053530492662217,240.95,2.4591665254715878,201.5,2.291287847477907,223.75,1.409787217987154,301.955,24.44003835921704,12.82874576032767,300,8.95
136.75,2.384848003542364,230.20000000000002,6.939740629158989,6.915988673543086,0.25787579856372406,58.173572899999996,3.5791341341808067,0.0011314,0.0011789570136353574,3073.75,147.24822579576298,417.4,107.60920035015593,469.40000000000003,137.45195524255013,113.75,3.985912693474349,137.85,1.6815171720800237,136.35,5.237127075028828,113.75,3.985912693474349,107.6,4.983974317750845,103.55,8.674531687647466,8.4295,0.671911266463065,58.3,11.6,4.3999999999999995,3.462657938636157,0.7244897610000001,0.3720094794360339,10.6995,0.4140347207662664,0.14263414000000002,0.006191366476748091,4.878500000000001,0.26943041773341014,1.844,0.08144937077718893,4.173,0.8920039237581862,354.26500000000004,32.257112006501764,15.690999999999999,2.600843901505817,711.3,42.878701006443755,8.85,1.5580436450882884,402.557,34.15155649454356,2.9584999999999995,0.4351008503783922,58.173572899999996,3.5791341341808067,1752.4740000000002,243.7786124827197,116.95,1.2439855304624727,126.15000000000002,1.4585952145814822,4.9350000000000005,0.8842708860976936,6.931500000000001,0.23503776292332268,24.700999999999997,0.7147160275242185,734.2,42.878701006443755,0.42589999999999995,0.023716871631815187,0.42589999999999995,0.023716871631815187,154.455,123.47286128943477,200.6,3.5128336140500593,241.15,2.5352514668174435,201.75,2.3848480035423507,223.8,1.3638181696985727,302.34499999999997,24.2019105650773,12.68749170113598,300,8.85
137.0,2.449489742783178,230.6,7.08801805866774,6.941047167611016,0.24966327514979056,58.031152899999995,3.612135001753699,0.0012114,0.0011808961173617263,3071.1499999999996,145.69145479402695,422.84999999999997,107.98207027094823,477.15,137.29540232651638,114.05,3.9175885439897766,138.1,1.6093476939431082,137.25,4.537345038676252,114.05,3.9175885439897766,108.0,4.7539457296018846,103.6,8.662563131083086,8.378,0.6733468645505077,58.95,11.423550236244422,4.45,3.449275286201436,0.6742397609999999,0.3781540179222865,10.675,0.40216290231695934,0.14223645999999998,0.00614010962910273,4.865,0.259566947048348,1.8399999999999999,0.08006247560499237,4.1434999999999995,0.8737349426456517,352.33500000000004,31.896101250779854,15.5005,2.5928294872590447,712.1500000000001,43.093740844814114,8.75,1.5451537140362444,401.827,33.70817602600295,2.926,0.4157932178379056,58.031152899999995,3.612135001753699,1756.624,244.03555110680085,117.05,1.16081867662439,126.25000000000001,1.3738631664034087,4.9445,0.8897891604194782,6.956,0.2245083517377472,24.652499999999996,0.6501682474559948,735.0500000000001,43.09374084481412,0.42615,0.023931725804880854,0.42615,0.023931725804880854,153.92999999999998,123.76395719271423,200.95,3.485326383568689,241.35,2.5937424698685874,202.0,2.449489742783164,223.85,1.3143439428094803,302.735,23.9550678354289,12.223687829729394,300,8.75
137.25,2.48746859276655,233.20000000000002,2.6758176320519302,6.87543336526168,0.2773575452045711,56.7257679,2.6735108797052223,0.0007014,0.0007823321800872057,3129.65,96.25564918486603,458.3,81.30873261833565,518.75,108.54854904603746,114.25,4.481908075808777,137.95000000000002,1.9868316486305528,136.4,6.390618123468183,114.25,4.481908075808777,105.7,3.9127995093027703,99.89999999999999,2.930870177950569,8.2785,0.7014433334204551,61.15,11.76552166289281,5.3999999999999995,3.32264954516723,0.633939761,0.3366055495789826,10.641,0.46512256449241446,0.140648425,0.005375118662585506,4.9875,0.1925324647949014,1.8294999999999997,0.08907721369688211,4.2565,1.000596197274405,365.30500000000006,22.410543835436044,16.59,2.5445942702128366,731.205,19.512520980129654,8.35,1.3518505834595773,418.736,11.874695111875502,2.876,0.36033872953097906,56.7257679,2.6735108797052223,1853.3000000000002,165.77251732419342,116.64999999999999,1.3518505834595775,125.64999999999999,1.3518505834595775,5.3715,0.12398689446873004,6.8835,0.25006549142174744,24.842499999999998,0.8739615266131568,754.1049999999999,19.512520980129633,0.4382,0.01275774274705366,0.4382,0.01275774274705366,92.06,7.549860925871414,201.6,3.2310988842807022,242.0,2.23606797749979,202.25,2.4874685927665356,223.20000000000002,0.9797958971132642,290.46,6.470115918590651,11.28863695125724,300,8.35
137.5,2.5,233.6,2.615339366124404,6.900491859329609,0.2734804220772169,56.5833479,2.6405654258393585,0.0007814,0.0008279007428430053,3127.05,95.39281943626575,463.75,79.02966215289042,526.5,104.76091828539877,114.55,4.387197283004257,138.2,1.9131126469708992,137.29999999999998,5.823229344616267,114.55,4.387197283004257,106.10000000000001,3.819685850956856,99.95,2.9576172842340505,8.227,0.6916653815249103,61.800000000000004,11.430660523346848,5.45,3.293554311074891,0.583689761,0.3298672907213883,10.616499999999998,0.45142302776885473,0.14025074499999998,0.005165314101047002,4.974,0.1865314986805176,1.8255,0.08714786285388758,4.226999999999999,0.986843959296504,363.375,22.840465735181507,16.3995,2.6030472047198834,732.055,19.115111168915547,8.25,1.299038105676658,418.006,11.59922600866109,2.8435,0.32871378127483497,56.5833479,2.6405654258393585,1857.45,163.6123772824049,116.74999999999999,1.299038105676658,125.74999999999999,1.299038105676658,5.381,0.12988071450373223,6.908,0.24504285339507464,24.793999999999997,0.8303216244323639,754.9549999999999,19.115111168915522,0.43845,0.012916946233533693,0.43845,0.012916946233533693,91.53500000000001,7.965881934851907,201.95000000000002,3.089902911096075,242.2,2.227105745132009,202.5,2.499999999999986,223.25,0.9420721840708329,290.84999999999997,6.264622893678449,11.099898062575058,300,8.25
137.75,2.48746859276655,234.0,2.4899799195977463,6.925550353397538,0.2672078187240313,56.4409279,2.599412279645957,0.0008614,0.0008637103912770761,3124.4500000000003,94.4505690824571,469.2,76.29456074976774,534.25,100.23366450449669,114.85,4.269367634673774,138.45000000000002,1.8020821290940099,138.2,5.035871324805669,114.85,4.269367634673774,106.49999999999999,3.681032463861192,99.99999999999999,2.9832867780352594,8.1755,0.6778456682756036,62.449999999999996,11.047511031902165,5.499999999999999,3.263433774416144,0.533439761,0.31507370243860233,10.591999999999999,0.4359197173792442,0.139853065,0.004914543735004807,4.9605,0.17931745592663292,1.8215,0.0849867636752924,4.1975,0.9720024434125668,361.445,23.10176346082698,16.209,2.646539060735737,732.905,18.670604569750815,8.15,1.2359207094308275,417.276,11.269867079961495,2.811,0.2900844704564518,56.4409279,2.599412279645957,1861.6,161.3166063987214,116.85,1.2359207094308275,125.85,1.2359207094308275,5.3905,0.13485084352720972,6.9325,0.23739997893849957,24.745499999999996,0.7812520399973364,755.8050000000001,18.670604569750786,0.4387,0.0130694299799188,0.4387,0.0130694299799188,91.01,8.32819908503633,202.29999999999998,2.9,242.4,2.2,202.74999999999997,2.4874685927665356,223.3,0.8999999999999959,291.23999999999995,6.026972706093842,10.700297407268076,300,8.15
138.0,2.4494897427831783,234.4,2.2891046284519194,6.950608847465468,0.2583653213282927,56.2985079,2.5496540389257114,0.0009414000000000001,0.000890938628638359,3121.8500000000004,93.42649517133778,474.65,73.0522244698955,542.0,94.86095087020792,115.14999999999999,4.126439142893052,138.70000000000002,1.6462077633154328,139.1,3.8974350539810154,115.14999999999999,4.126439142893052,106.9,3.4914180500192185,100.05,3.007906248539007,8.124,0.6597302479043988,63.10000000000001,10.610843510296437,5.550000000000001,3.2322592717787972,0.48318976100000005,0.2909988341022502,10.5675,0.41841217716505347,0.139455385,0.004616136016115101,4.947,0.17073663930158614,1.8175,0.08257572282456872,4.168,0.9560209202731915,359.51500000000004,23.200135236674818,16.018500000000003,2.6757994599745323,733.755,18.175546071576505,8.05,1.16081867662439,416.546,10.88172614983486,2.7785,0.24110734124036962,56.2985079,2.5496540389257114,1865.75,158.87932527550586,116.94999999999999,1.16081867662439,125.95,1.16081867662439,5.3999999999999995,0.13899640283115242,6.957,0.2268722107266556,24.697,0.7256521205095453,756.655,18.175546071576473,0.43895,0.013215426591676876,0.43895,0.013215426591676876,90.48500000000001,8.643568418193956,202.65,2.6509432283623124,242.6,2.1540659228538015,203.0,2.449489742783164,223.35,0.8529361054615967,291.63,5.75318172840039,10.023593124911208,300,8.05
137.0,2.449489742783178,232.20000000000002,4.308131845707604,6.875246043946559,0.2772097863856443,57.1108179,3.0473574801148935,0.0007514,0.000888483899685301,3114.6000000000004,115.90188738756586,446.84999999999997,92.51663363957856,504.55,121.58637876012264,114.05,4.48859666265526,137.8,1.9390719429665317,135.9,6.323764701504951,114.05,4.48859666265526,106.0,4.358898943540674,100.8,5.268775948927796,8.333,0.7098809759389244,60.375,12.186955116024675,5.225,3.480211918834829,0.6881397610000001,0.34171301689424843,10.657000000000002,0.47028820950561817,0.141244345,0.005828919964665413,4.963500000000001,0.2253280941205511,1.833,0.09039358384310248,4.224,1.0056261730881908,363.535,25.521310213231615,16.5505,2.5932633398866374,726.27,29.060369921940083,8.5,1.466287829861518,414.831,21.354461337153886,2.9130000000000003,0.39422201866460993,57.1108179,3.0473574801148935,1830.631,197.87701195186872,116.7,1.3820274961085253,125.75,1.4448183276799889,5.253,0.4897662707863823,6.885000000000001,0.2513861571367844,24.809499999999996,0.8760734843607582,749.17,29.060369921940076,0.435,0.01697645428232881,0.435,0.01697645428232881,108.09,67.5680242422405,201.20000000000002,3.4,241.70000000000002,2.3473389188611007,202.0,2.449489742783164,223.35,1.1521718621802812,293.375,14.409159413373155,12.328723388581363,300,8.5
137.25,2.48746859276655,232.6,4.363484845854286,6.900304538014488,0.27334774011454543,56.9683979,3.036608403770264,0.0008314,0.0009245429357255401,3112.0000000000005,114.8461035473124,452.29999999999995,91.20696245353203,512.3,119.14449210937113,114.35,4.407663780280879,138.04999999999998,1.8834808201837363,136.79999999999998,5.8275209137333865,114.35,4.407663780280879,106.4,4.24735211631906,100.85,5.2751777221246305,8.281500000000001,0.7042178285161486,61.025000000000006,11.906379592470584,5.2749999999999995,3.454978292261762,0.637889761,0.3431093402917923,10.6325,0.4576010817294909,0.14084666499999998,0.0056779263830446965,4.95,0.2187464285422734,1.829,0.08865100112237875,4.1945,0.9909766647101232,361.605,25.767411103950675,16.36,2.6478028627524366,727.12,28.94034554043887,8.399999999999999,1.42828568570857,414.101,21.06763819226066,2.8805,0.36881533319535403,56.9683979,3.036608403770264,1834.7810000000002,196.55011335280378,116.8,1.3266499161421599,125.85,1.3883443376914821,5.2625,0.49357750151318686,6.9095,0.2462412434991345,24.760999999999996,0.8306196482145118,750.02,28.940345540438862,0.43525,0.017143147318972683,0.43525,0.017143147318972683,107.56500000000001,67.74012308078574,201.55,3.3087006513131403,241.9,2.364318083507378,202.25,2.4874685927665356,223.4,1.1135528725659958,293.765,14.238443559603,12.223687829729393,300,8.399999999999999
137.5,2.5,233.0,4.3817804600413295,6.9253630320824175,0.26708959570447266,56.825977900000005,3.0191102449702285,0.0009114,0.0009525521717995293,3109.4000000000005,113.72109522863381,457.75,89.54712446527806,520.05,116.13547046445372,114.64999999999999,4.304358256465177,138.3,1.7916472867168918,137.7,5.129327441292864,114.64999999999999,4.304358256465177,106.8,4.093897898091744,100.89999999999999,5.281098370604358,8.23,0.6947013746927522,61.675000000000004,11.582610888741796,5.324999999999999,3.4288299753706073,0.587639761,0.3370906819773708,10.607999999999999,0.44319972924179474,0.140448985,0.00549409585858083,4.9365000000000006,0.21109891046616022,1.825,0.08668909966079934,4.165,0.9752153608306221,359.675,25.8675834781682,16.1695,2.6877731954166073,727.9699999999999,28.79474083925744,8.299999999999999,1.3820274961085253,413.371,20.751191267009226,2.848,0.3384169026511531,56.825977900000005,3.0191102449702285,1838.931,195.12595229492158,116.89999999999999,1.260952021291849,125.95,1.3219304066402284,5.272,0.49717803652212955,6.934,0.23848270377534725,24.7125,0.7795182807349674,750.87,28.79474083925743,0.4355,0.017304623659588795,0.4355,0.017304623659588795,107.04,67.9077271008241,201.89999999999998,3.176476034853718,242.1,2.364318083507378,202.5,2.499999999999986,223.45000000000002,1.0712142642814202,294.155,14.054838134962642,11.893694881855518,300,8.299999999999999
137.75,2.48746859276655,233.39999999999998,4.363484845854286,6.950421526150348,0.25826122626426773,56.6835579,2.9947447022943696,0.0009914,0.000973206884480376,3106.8,112.52478615842823,463.19999999999993,87.51719830981794,527.8,112.51382137319841,114.94999999999999,4.177020469186133,138.54999999999998,1.6575584454250776,138.59999999999997,4.127953488110059,114.94999999999999,4.177020469186133,107.19999999999999,3.893584466786357,100.94999999999999,5.286539510870982,8.1785,0.6811701329330284,62.325,11.21190773240665,5.375,3.401745875282279,0.537389761,0.32324311494054897,10.583499999999999,0.42691070494893907,0.140051305,0.0052739958125196705,4.922999999999999,0.20226467808295126,1.821,0.08449260322655469,4.1355,0.9582874046965243,357.745,25.82352561134905,15.979,2.7138181589782318,728.82,28.623165443395674,8.2,1.3266499161421599,412.641,20.403742279297685,2.8155,0.3015207289723213,56.6835579,2.9947447022943696,1843.081,193.60238236912275,117.0,1.1832159566199232,126.05,1.243985530462473,5.281499999999999,0.500572422332673,6.9585,0.22784369642366678,24.663999999999998,0.7215705093752097,751.72,28.62316544339566,0.43575,0.017461028033881634,0.43575,0.017461028033881634,106.515,68.07086950377526,202.25,2.9979159427842537,242.3,2.3473389188611002,202.74999999999997,2.4874685927665356,223.49999999999997,1.0246950765959542,294.545,13.857830818710413,11.276579973185614,300,8.2
136.75,2.384848003542364,231.20000000000002,5.287721626560915,6.8750587226314375,0.2770618221182652,57.4958679,3.335953805783616,0.0008014000000000001,0.0009806954879064144,3099.55,130.95167047426312,435.40000000000003,101.21926694063734,490.34999999999997,131.8348493381018,113.85,4.48636824168502,137.65,1.8781639970992947,135.4,6.216108107168021,113.85,4.48636824168502,106.3,4.744470465710584,101.7,6.731270311018567,8.3875,0.7140719501562849,59.599999999999994,12.546513459921844,5.049999999999999,3.6224991373359914,0.742339761,0.3381671122722742,10.673,0.47485892641920535,0.141840265,0.006192775950999281,4.9395,0.25164409391042725,1.8364999999999998,0.09155735907069402,4.1915000000000004,1.0095854347206086,361.76500000000004,28.18113331645838,16.511,2.640444848884369,721.335,35.4903264989208,8.65,1.5580436450882884,410.926,27.212489853006844,2.95,0.42218479366268047,57.4958679,3.335953805783616,1807.962,223.16435444756854,116.74999999999999,1.4097872179871684,125.85,1.525614630239236,5.1345,0.6605185462952574,6.886500000000001,0.2526910168565556,24.7765,0.8769394220811374,744.2349999999999,35.4903264989208,0.4318,0.019828262657126575,0.4318,0.019828262657126575,124.12000000000002,92.52001729355655,200.8,3.5156791662493894,241.4,2.4166091947189146,201.75,2.3848480035423507,223.5,1.2845232578665007,296.28999999999996,18.87831825136975,12.68749170113598,300,8.65
137.0,2.449489742783178,231.6,5.40740233383831,6.900117216699368,0.27321486528623445,57.35344789999999,3.342584093565664,0.0008814000000000002,0.0010095244623088636,3096.9500000000003,129.7168454750577,440.84999999999997,100.64555380144719,498.09999999999997,130.43270295443546,114.15,4.4189930979805725,137.9,1.841195263952197,136.3,5.788782255362522,114.15,4.4189930979805725,106.7,4.616275555033516,101.75000000000001,6.729598799334177,8.336,0.7123931498828437,60.25,12.315132967207461,5.1,3.600694377477766,0.692089761,0.3475058694512496,10.6485,0.46314441592229116,0.141442585,0.006089908453111183,4.926,0.2444463131241703,1.8325,0.08999305528761649,4.162,0.9940301806283349,359.83500000000004,28.283675061773714,16.3205,2.691234800235758,722.185,35.510438958143,8.549999999999999,1.532155344604456,410.196,26.882162561817832,2.9175,0.40157035498154003,57.35344789999999,3.342584093565664,1812.112,222.41204328003465,116.85,1.3518505834595775,125.94999999999999,1.4654350889752845,5.144,0.6650443594227381,6.9110000000000005,0.24742473603097984,24.727999999999998,0.8296059305477508,745.0849999999999,35.510438958143,0.43205,0.020011184372745162,0.43205,0.020011184372745162,123.59500000000001,92.73657032152957,201.15000000000003,3.4680686267719674,241.60000000000002,2.4576411454889016,202.0,2.449489742783164,223.55,1.243985530462462,296.68,18.687605518096753,12.68749170113598,300,8.549999999999999
137.25,2.48746859276655,232.0,5.495452665613635,6.925175710767297,0.26697118889751437,57.2110279,3.343139563044623,0.0009614000000000001,0.0010313659098496518,3094.3500000000004,128.4175221689003,446.3,99.77128845514626,505.84999999999997,128.5489303728351,114.45,4.329838334164445,138.15,1.7684739183827394,137.2,5.173006862551025,114.45,4.329838334164445,107.1,4.448595283907045,101.8,6.727555276621665,8.2845,0.7069687051065271,60.9,12.044293254483636,5.1499999999999995,3.5780581325629686,0.6418397610000001,0.3494474749995612,10.623999999999999,0.44979328585473594,0.14104490500000003,0.005958791588105347,4.9125000000000005,0.23625992042663504,1.8285,0.08821989571519567,4.1325,0.9773375824145923,357.90500000000003,28.254317811619526,16.13,2.7278123102589,723.035,35.5101995911034,8.45,1.499166435056495,409.466,26.52764452415631,2.885,0.3770477423351054,57.2110279,3.343139563044623,1816.2620000000002,221.57946632303276,116.94999999999999,1.2835497652993435,126.05,1.3955285736952863,5.1535,0.6694047729139672,6.9355,0.23955114276496375,24.679499999999997,0.7763792565492714,745.935,35.510199591103394,0.4323,0.020189353630069493,0.4323,0.020189353630069493,123.07000000000002,92.94965357654647,201.5,3.383784863137726,241.8,2.4819347291981715,202.25,2.4874685927665356,223.60000000000002,1.1999999999999906,297.06999999999994,18.486700625043948,12.441202083092318,300,8.45
137.5,2.5,232.39999999999998,5.5533773507659285,6.950234204835227,0.25815695330442767,57.068607899999996,3.337623247256975,0.0010414,0.0010466573651391367,3091.75,127.05172175141902,451.75,98.58847549282827,513.5999999999999,126.16195940139801,114.75,4.2175229697062635,138.4,1.6552945357246849,138.1,4.288356328478313,114.75,4.2175229697062635,107.5,4.236744032862972,101.85,6.725139403759598,8.232999999999999,0.6977112583296902,61.550000000000004,11.731261654229693,5.2,3.554574517435244,0.5915897609999999,0.3441171621178882,10.599499999999999,0.43465474804722903,0.140647225,0.00579750900377697,4.898999999999999,0.2269779724995355,1.8244999999999998,0.086224996375761,4.103,0.9594482789603618,355.975,28.09264805959026,15.9395,2.750744399249047,723.885,35.489607986000635,8.35,1.4585952145814822,408.736,26.14795181271375,2.8525,0.3477912448581764,57.068607899999996,3.337623247256975,1820.412,220.66571504427236,117.04999999999998,1.2031209415515967,126.14999999999999,1.3143439428094914,5.162999999999999,0.6736029988056763,6.96,0.22880122377295106,24.631,0.7159462270310526,746.785,35.489607986000635,0.43255,0.02036289517725808,0.43255,0.02036289517725808,122.54500000000002,93.15929086784635,201.85,3.2599846625406075,242.0,2.489979919597747,202.5,2.499999999999986,223.65,1.1521718621802834,297.46,18.275267439903587,11.893694881855518,300,8.35
136.75,2.384848003542364,230.60000000000002,6.118823416311341,6.899929895384246,0.27308179731075305,57.7384979,3.58165035176079,0.0009314000000000001,0.001085587232791543,3081.9,141.4577233663825,429.4,108.06544313516694,483.9,139.3796613570287,113.94999999999999,4.421255477802649,137.75,1.7853571071357126,135.79999999999998,5.706137047074843,113.94999999999999,4.421255477802649,107.0,4.9396356140913875,102.64999999999999,7.818407766291037,8.390500000000001,0.7163412245571239,59.475,12.663406927047713,4.925,3.732542699018994,0.746289761,0.3433967955742583,10.664499999999999,0.46807558150367157,0.14203850499999998,0.00642066045126785,4.902,0.26552965936030554,1.8359999999999999,0.09118113840043893,4.1295,0.9960144326263553,358.065,30.491101570786192,16.281,2.733406116917133,717.25,40.44416521576382,8.7,1.6155494421403511,406.291,31.160197351749883,2.9545,0.4286662454637641,57.7384979,3.58165035176079,1789.443,243.46359031896336,116.89999999999999,1.374772708486752,126.05,1.5321553446044562,5.0255,0.7828567876693668,6.9125000000000005,0.24859354376169962,24.694999999999997,0.8272756493454884,740.15,40.44416521576382,0.42885,0.02205736838337702,0.42885,0.02205736838337702,139.625,109.98862157059702,200.75,3.5759614091877445,241.29999999999998,2.511971337416094,201.75,2.3848480035423507,223.7,1.3453624047073582,299.59499999999997,21.87979604566734,12.82874576032767,300,8.7
137.0,2.4494897427831783,231.00000000000003,6.260990336999411,6.924988389452176,0.26685259805850825,57.5960779,3.5974450099625144,0.0010114000000000002,0.001102304694719205,3079.3,139.9879548389789,434.84999999999997,107.83194100079994,491.65000000000003,138.41577764113455,114.25,4.345975149491761,138.0,1.7320508075688772,136.7,5.16817182376902,114.25,4.345975149491761,107.39999999999999,4.758150901348127,102.69999999999999,7.8108898340714035,8.339,0.7148839066589762,60.125,12.440734504039542,4.975,3.713068138345969,0.6960397610000001,0.3531595499079261,10.64,0.45573018333219956,0.141640825,0.0063339611448820134,4.8885000000000005,0.2567542599451855,1.832,0.08958794561770014,4.1000000000000005,0.9783762057613625,356.13500000000005,30.351528379967956,16.0905,2.76670828783954,718.0999999999999,40.547539999363714,8.6,1.5937377450509227,405.56100000000004,30.762344822851205,2.9219999999999997,0.4087370793064901,57.5960779,3.5974450099625144,1793.593,243.09054981837534,117.0,1.3038404810405297,126.15,1.4585952145814822,5.035,0.7879942893194086,6.937,0.24060548622174024,24.646499999999996,0.7718178217688416,741.0,40.547539999363714,0.4291,0.022255111772354685,0.4291,0.022255111772354685,139.1,110.24470508827169,201.1,3.5341194094144583,241.5,2.5592967784139455,202.0,2.449489742783164,223.75,1.2990381056766467,299.98499999999996,21.656021679893108,12.68749170113598,300,8.6
137.25,2.48746859276655,231.4,6.374950980203691,6.950046883520106,0.2580525022331219,57.453657899999996,3.607552500566027,0.0010914000000000002,0.0011130371242685485,3076.7,138.4537738741707,440.29999999999995,107.3215262657031,499.4,137.0074450531795,114.55,4.2482349275905085,138.25,1.6393596310755,137.59999999999997,4.386342439892262,114.55,4.2482349275905085,107.8,4.534313619501853,102.74999999999999,7.803044277716229,8.2875,0.7096962378370058,60.775000000000006,12.179362668054516,5.025,3.692813967694555,0.645789761,0.35562881094150534,10.6155,0.44168399337082637,0.141243145,0.006220687114336733,4.875,0.2469311644973147,1.8279999999999998,0.08778382538941898,4.0705,0.9595075559890084,354.205,30.087762877954223,15.9,2.78662161048105,718.95,40.63287462141954,8.5,1.5652475842498528,404.831,30.341720765309276,2.8895,0.38505161991608344,57.453657899999996,3.607552500566027,1797.7430000000002,242.6459684622846,117.1,1.2206555615733703,126.25,1.3738631664034087,5.044499999999999,0.7929847098147605,6.9615,0.22974496730070065,24.598,0.70874254846171,741.85,40.63287462141954,0.42935,0.02244832955923447,0.42935,0.02244832955923447,138.575,110.49770076793452,201.45,3.456515586540874,241.7,2.5903667693977237,202.25,2.4874685927665356,223.79999999999998,1.2489995996796701,300.375,21.422812023634997,12.223687829729394,300,8.5
136.75,2.384848003542364,230.00000000000003,6.797058187186571,6.924801068137055,0.26673382294199033,57.981127900000004,3.796065338796765,0.0010614,0.0011668057421867618,3064.2500000000005,149.16162375088305,423.40000000000003,114.18817802207022,477.45,146.2523418615921,114.05,4.352872614722368,137.85000000000002,1.6815171720800237,136.2,5.1146847410177685,114.05,4.352872614722368,107.69999999999999,5.030904491242107,103.6,8.668333173107735,8.393500000000001,0.7185908084577758,59.349999999999994,12.778008452024126,4.8,3.8353617821530217,0.750239761,0.3485032533546408,10.655999999999999,0.46103579036773307,0.14223674500000003,0.006634808896002588,4.8645000000000005,0.2736325090335574,1.8355,0.09080060572485185,4.0675,0.9783346819979347,354.365,32.215807843355414,16.051000000000002,2.804508691375372,713.1649999999998,44.4805943642843,8.75,1.6695807857064,401.656,34.0357127734972,2.9589999999999996,0.4350045976768522,57.981127900000004,3.796065338796765,1770.924,260.88465612986903,117.04999999999998,1.3219304066402287,126.25,1.5124483462254175,4.9165,0.8750329993777377,6.9385,0.24164591864958124,24.6135,0.7658085596283182,736.065,44.48059436428431,0.4259,0.02371687163181519,0.4259,0.02371687163181519,155.13000000000002,123.10251865823054,200.7,3.6345563690772495,241.2,2.6,201.75,2.3848480035423507,223.9,1.3747727084867394,302.9,24.06686518847023,12.687491701135977,300,8.75
137.0,2.449489742783178,230.4,6.959885056522126,6.949859562204986,0.2579478728339821,57.838707899999996,3.8200280290922204,0.0011414,0.0011735466075107543,3061.65,147.45762103058627,428.84999999999997,114.25378549527365,485.2,145.67758921673575,114.35000000000001,4.269367634673775,138.10000000000002,1.6093476939431082,137.1,4.426059195266145,114.35000000000001,4.269367634673775,108.1,4.794788837894741,103.65,8.656067236337758,8.342,0.7173534693580285,60.0,12.563836993530282,4.8500000000000005,3.8180492401225,0.699989761,0.3586806393984333,10.6315,0.4480320859045702,0.141839065,0.006562967652462954,4.851,0.2632090423978627,1.8315,0.08917819240150587,4.038,0.9584654401698582,352.435,31.860387238701293,15.8605,2.821489810366148,714.015,44.6524386232152,8.65,1.6515144564913744,400.92600000000004,33.57121689781293,2.9265,0.4157315840779962,57.838707899999996,3.8200280290922204,1775.074,260.83137676284275,117.14999999999999,1.2359207094308275,126.35,1.4239030865898143,4.926,0.8808087193028915,6.963,0.23067509618508894,24.564999999999998,0.6999107085907454,736.915,44.652438623215204,0.42615,0.023931725804880854,0.42615,0.023931725804880854,154.60500000000002,123.39736008116219,201.05,3.5982634700644147,241.4,2.6532998322843198,202.0,2.449489742783164,223.95,1.3219304066402175,303.29,23.809533804759813,12.328723388581363,300,8.65
137.25,2.48746859276655,233.00000000000003,2.5298221281347035,6.88424575985565,0.28686057842998935,56.5333229,2.8618745016873457,0.0006314000000000001,0.0007234221727318012,3120.15,104.3762425075745,464.29999999999995,87.06038134536283,526.8000000000001,116.1247604949091,114.55,4.779905856813493,137.95,1.9868316486305526,136.25,6.291859820434655,114.55,4.779905856813493,105.8,4.019950248448356,99.95,2.9744747435471695,8.2425,0.7389578810730687,62.199999999999996,12.69488085804668,5.8,3.6,0.659689761,0.3178523018885799,10.5975,0.5023731183094894,0.14025103,0.005744679664620127,4.9735000000000005,0.20591928030177245,1.821,0.09643132271207316,4.151000000000001,1.0864064616891784,365.40500000000003,22.30160252089523,16.95,2.632215796624585,733.07,21.128963533500638,8.25,1.4448183276799889,417.835,12.738283832604763,2.8765,0.3603369950476915,56.5333229,2.8618745016873457,1871.75,179.98011001218995,116.75,1.4448183276799889,125.75,1.4448183276799889,5.353,0.12357588761566722,6.8905,0.2575941575424413,24.755,0.9296316474819472,755.9699999999999,21.128963533500613,0.4382,0.01275774274705366,0.4382,0.01275774274705366,92.73500000000001,7.065145079897508,201.70000000000002,3.3331666624997918,242.05,2.290742237791062,202.25,2.4874685927665356,223.3,1.053565375285267,291.015,6.966798045013229,11.28863695125724,300,8.25
137.5,2.5,233.4,2.4979991993593593,6.90930425392358,0.2823325595100582,56.3909029,2.821424281075817,0.0007114,0.0007796894509995631,3117.55,103.3423436931832,469.74999999999994,84.54991129504513,534.5500000000001,112.03681314639398,114.85,4.671991010265317,138.2,1.9131126469708992,137.15,5.738248861804444,114.85,4.671991010265317,106.2,3.919183588453085,100.0,3.0,8.191,0.7271375385716237,62.85,12.329943227768732,5.8500000000000005,3.567562192870644,0.609439761,0.31484455576739595,10.572999999999999,0.48753563972288244,0.13985335,0.005520311720138639,4.96,0.19937402037376867,1.817,0.09429209935090002,4.1215,1.0708514135957425,363.475,22.742072794712456,16.7595,2.714150834054732,733.92,20.686024267606374,8.15,1.388344337691482,417.105,12.429081824495317,2.844,0.3287613115924683,56.3909029,2.821424281075817,1875.8999999999999,177.5617850214398,116.85,1.3883443376914821,125.85,1.3883443376914821,5.3625,0.13083864108129528,6.915,0.2520416632225713,24.7065,0.8839415987496002,756.8199999999999,20.68602426760635,0.43845,0.012916946233533693,0.43845,0.012916946233533693,92.21000000000001,7.555124088987551,202.05,3.1855140872392953,242.25,2.277608394786075,202.5,2.499999999999986,223.35000000000002,1.013656746635659,291.405,6.744366167402252,11.183601392405269,300,8.15
137.75,2.48746859276655,233.8,2.4,6.934362747991509,0.27546052459818654,56.248482900000006,2.7730808447429354,0.0007914,0.0008244341332089545,3114.9500000000003,102.23189326232789,475.2,81.59938725260136,542.3,107.23530202316772,115.14999999999999,4.541750763747383,138.45,1.8020821290940099,138.04999999999998,4.96462485994662,115.14999999999999,4.541750763747383,106.6,3.7735924528226414,100.04999999999998,3.0244834269673224,8.1395,0.7114033665931021,63.5,11.918473056562236,5.9,3.5341194094144583,0.5591897610000001,0.3036016761759871,10.548499999999999,0.47095939315401725,0.13945567,0.005256428422522274,4.9465,0.1916578983501591,1.813,0.09192932067626737,4.0920000000000005,1.0542419077232703,361.545,23.01287628698335,16.569,2.780663410051637,734.77,20.19765085350274,8.05,1.3219304066402287,416.375,12.067910962548565,2.8114999999999997,0.2901943314401576,56.248482900000006,2.7730808447429354,1880.05,175.011685324152,116.94999999999999,1.3219304066402284,125.95,1.3219304066402284,5.372,0.1370620297529553,6.9395,0.24391545666480433,24.657999999999998,0.8329381729756413,757.6700000000001,20.19765085350271,0.4387,0.0130694299799188,0.4387,0.0130694299799188,91.685,7.980744012935133,202.39999999999998,2.9899832775452104,242.45,2.2466641938660974,202.75,2.4874685927665356,223.40000000000003,0.9695359714832618,291.79499999999996,6.490953319813673,10.853608444531393,300,8.05
138.0,2.4494897427831783,234.2,2.2271057451320084,6.959421242059439,0.2660629076260176,56.1060629,2.716422805145803,0.0008714,0.0008594577592877966,3112.35,101.0423673515224,480.6499999999999,78.15898860655759,550.05,101.61912959674471,115.44999999999999,4.387197283004258,138.7,1.6462077633154328,138.95,3.840247387864485,115.44999999999999,4.387197283004258,106.99999999999999,3.5777087639996634,100.1,3.0479501308256336,8.088,0.6914882500809392,64.14999999999999,11.455457214795052,5.950000000000001,3.499642838919423,0.508939761,0.2831443735223586,10.524,0.4524533125085948,0.13905799,0.0049467099439829704,4.932999999999999,0.18262256158536358,1.809,0.08932524839036274,4.0625,1.0365272548273876,359.615,23.119975670402432,16.3785,2.8328400501969746,735.62,19.660457776969487,7.95,1.2439855304624727,415.645,11.649938841041175,2.779,0.2413068585846661,56.1060629,2.716422805145803,1884.1999999999998,172.32396089923188,117.05,1.243985530462473,126.05,1.243985530462473,5.381499999999999,0.14238240762116647,6.9639999999999995,0.23294634575369502,24.609499999999997,0.7755738198263267,758.52,19.660457776969455,0.43895,0.013215426591676876,0.43895,0.013215426591676876,91.16,8.35185009444015,202.75,2.7363296585024255,242.65,2.1971572542719833,202.99999999999997,2.449489742783164,223.45,0.9205976319760963,292.185,6.2027634970229295,10.236493535861491,300,7.95
137.0,2.449489742783178,232.00000000000003,4.171330722922842,6.884058438540529,0.2867234743475782,56.91837290000001,3.2368587775215327,0.0006814,0.0008412488573543503,3105.1000000000004,121.5588232091772,452.84999999999997,98.31138031784519,512.6,129.28279081146107,114.34999999999998,4.798697740012381,137.79999999999998,1.9390719429665317,135.75,6.2118837722545965,114.34999999999998,4.798697740012381,106.1,4.448595283907045,100.85,5.28464757576132,8.297,0.7495938900498054,61.425,13.14845523245982,5.625,3.7645550865938993,0.713889761,0.31890951024306086,10.6135,0.508529989282835,0.14084695,0.00620962019961769,4.9495000000000005,0.23544585364792459,1.8244999999999998,0.09795279475339129,4.118500000000001,1.0878937218313194,363.635,25.432661579158413,16.9105,2.6845958261906016,728.135,30.47305818259795,8.4,1.5620499351813308,413.92999999999995,21.684826492273352,2.9135,0.3941735024072522,56.91837290000001,3.2368587775215327,1849.081,211.90590000988647,116.8,1.469693845669907,125.85000000000001,1.5256146302392357,5.2345,0.4851646627692499,6.892,0.25883585532147607,24.721999999999998,0.9285127893572598,751.035,30.47305818259794,0.435,0.01697645428232881,0.435,0.01697645428232881,108.76500000000001,67.35512805273257,201.3,3.508560958569767,241.75,2.405722344743882,202.0,2.449489742783164,223.45000000000002,1.2031209415515867,293.93,14.527976459232038,12.223687829729394,300,8.4
137.25,2.48746859276655,232.4,4.24735211631906,6.909116932608459,0.2822098889556961,56.7759529,3.2182358052284163,0.0007614000000000001,0.000885593382992443,3102.5000000000005,120.34752801782012,458.2999999999999,96.74249324883043,520.35,126.49674897008224,114.64999999999999,4.703987670051861,138.04999999999998,1.8834808201837363,136.65,5.729528776435284,114.64999999999999,4.703987670051861,106.5,4.330127018922194,100.9,5.290557626564519,8.2455,0.741737655778645,62.075,12.83576546217638,5.675000000000001,3.735890121510535,0.663639761,0.3244185324607226,10.588999999999999,0.49467059746865916,0.14044927,0.006042007199027492,4.936,0.2283287104154883,1.8205,0.09599348936256041,4.089,1.0714658184001953,361.70500000000004,25.687126639622434,16.72,2.7622563240944893,728.985,30.306357006410387,8.3,1.5198684153570663,413.2,21.37167751955845,2.881,0.3688075378839213,56.7759529,3.2182358052284163,1853.231,210.303615420658,116.9,1.4106735979665885,125.95,1.4654350889752845,5.244,0.48937102488806994,6.9165,0.2531654597294032,24.673499999999997,0.8809499134457073,751.8849999999999,30.306357006410376,0.43524999999999997,0.017143147318972683,0.43524999999999997,0.017143147318972683,108.24000000000001,67.53301711015139,201.65000000000003,3.409912022325503,241.95000000000002,2.4181604578687494,202.25,2.4874685927665356,223.50000000000003,1.1618950038622164,294.32,14.34359090325711,12.223687829729393,300,8.3
137.5,2.5,232.8,4.28485705712571,6.934175426676388,0.27535184011900377,56.633532900000006,3.1931585832354448,0.0008414000000000001,0.0009208971929591272,3099.9000000000005,119.06715542079606,463.74999999999994,94.8350541730219,528.1,123.16123578464126,114.94999999999999,4.587755442479463,138.29999999999998,1.7916472867168918,137.54999999999998,5.044551516240071,114.94999999999999,4.587755442479463,106.89999999999999,4.170131892398609,100.94999999999999,5.295989048327045,8.194,0.730173951877222,62.725,12.481461252593785,5.7250000000000005,3.706329046374593,0.6133897610000001,0.32208906793691233,10.564499999999999,0.47916046372796683,0.14005159,0.005842603888498692,4.9225,0.2201561945528672,1.8165,0.09382297160077588,4.059500000000001,1.0539567116347806,359.775,25.79509401029584,16.5295,2.8249751768820905,729.8349999999999,30.114751783801903,8.200000000000001,1.4696938456699067,412.46999999999997,21.02854488546462,2.8485,0.338456422601197,56.633532900000006,3.1931585832354448,1857.3809999999999,208.60648565900343,117.0,1.3416407864998738,126.05000000000001,1.3955285736952863,5.2535,0.4933586423688147,6.941,0.24492651959312214,24.625,0.8278315045949867,752.735,30.114751783801893,0.4355,0.017304623659588795,0.4355,0.017304623659588795,107.715,67.70636805352949,202.0,3.271085446759225,242.15,2.414021540914662,202.5,2.499999999999986,223.55000000000004,1.1169153951844268,294.71,14.146055987447532,11.97739821168573,300,8.200000000000001
137.75,2.48746859276655,233.2,4.28485705712571,6.959233920744318,0.26596803198796565,56.491112900000005,3.1614735274118924,0.0009214000000000001,0.0009481706808375799,3097.3,117.71545140719633,469.19999999999993,92.56813706670347,535.85,119.23014509762203,115.24999999999999,4.448314287457659,138.54999999999998,1.6575584454250776,138.45,4.055551750378733,115.24999999999999,4.448314287457659,107.3,3.963584236521283,100.99999999999999,5.300943312279429,8.1425,0.7147228483825039,63.37500000000001,12.081882096759593,5.775000000000001,3.6758502417808048,0.563139761,0.31174545091303085,10.54,0.4618333032599535,0.13965391,0.005608020206623727,4.909,0.21080559764863907,1.8124999999999998,0.09142619974602467,4.03,1.0353115473131747,357.84499999999997,25.75840590952787,16.339,2.8737308503059222,730.6850000000001,29.897763712358156,8.1,1.4106735979665883,411.73999999999995,20.653934249919555,2.8160000000000003,0.30161896492097445,56.491112900000005,3.1614735274118924,1861.531,206.81217579968546,117.1,1.260952021291849,126.15,1.3143439428094916,5.262999999999999,0.4971327790439894,6.9655,0.23384770685213063,24.5765,0.7680056965934559,753.585,29.89776371235814,0.43574999999999997,0.017461028033881634,0.43574999999999997,0.017461028033881634,107.19000000000001,67.87521565343273,202.35,3.08666486681013,242.35,2.3932195887548637,202.75,2.4874685927665356,223.60000000000002,1.0677078252031258,295.1,13.9348125211644,11.429891010448932,300,8.1
137.0,2.449489742783178,231.4,5.276362383309167,6.908929611293337,0.2820870406642636,57.1610029,3.5294647494009896,0.0008114000000000001,0.0009775661819027906,3087.4500000000003,133.54553530537814,446.84999999999997,106.33591820264685,506.15,138.0120556328323,114.44999999999999,4.727314248069398,137.89999999999998,1.841195263952197,136.15,5.6769269856146645,114.44999999999999,4.727314248069398,106.8,4.686149805543993,101.8,6.734983296193095,8.3,0.7521170121729728,61.3,13.277236158176896,5.5,3.8890872965260113,0.717839761,0.32479592687034875,10.604999999999999,0.5011935753778177,0.14104519,0.006467427557066261,4.912,0.2517260415610588,1.8239999999999998,0.09753973549277238,4.0565,1.071094183533829,359.935,28.21682609720662,16.6805,2.8089828675162827,724.05,36.88265852673855,8.45,1.627114009527298,409.29499999999996,26.991055462875106,2.9179999999999997,0.4015171229225474,57.1610029,3.5294647494009896,1830.562,236.43025757292574,116.94999999999999,1.4309088021254184,126.05,1.5321553446044562,5.1255,0.6586081915676422,6.918,0.2542754412050052,24.6405,0.8767067639752754,746.9499999999999,36.88265852673855,0.43205,0.020011184372745162,0.43205,0.020011184372745162,124.27000000000001,92.46845462102199,201.25,3.5759614091877445,241.65,2.515452245621053,202.0,2.449489742783164,223.65,1.2757350822172966,297.235,18.681441994664123,12.582456142284009,300,8.45
137.25,2.48746859276655,231.8,5.3814496188294845,6.9339881053612675,0.2752429852391964,57.0185829,3.522217923255203,0.0008914000000000001,0.0010056896340322895,3084.8500000000004,132.096971956211,452.29999999999995,105.19843154724313,513.9,135.7744084870194,114.75,4.6246621498224,138.15,1.7684739183827394,137.05,5.074199444247339,114.75,4.6246621498224,107.19999999999999,4.512205669071391,101.85,6.732570088755111,8.2485,0.7444949630454188,61.949999999999996,12.973916139701227,5.55,3.862965182343739,0.6675897610000001,0.33080731187818224,10.580499999999999,0.48669780151547865,0.14064751,0.006319158119710256,4.8985,0.24300771592688145,1.82,0.09555103348473003,4.027,1.0526685138256962,358.00500000000005,28.19424542349024,16.49,2.868058576807664,724.9,36.83942181956715,8.35,1.5898113095584645,408.565,26.61328380715165,2.8854999999999995,0.37703414964695176,57.0185829,3.522217923255203,1834.712,235.32206568020777,117.05,1.3592277219068187,126.15,1.4585952145814822,5.135000000000001,0.663275960667956,6.9425,0.24592427696345892,24.592,0.821368370464799,747.8,36.83942181956714,0.43229999999999996,0.020189353630069493,0.43229999999999996,0.020189353630069493,123.745,92.68597776902394,201.6,3.484250278036869,241.85000000000002,2.535251466817444,202.25,2.4874685927665356,223.70000000000002,1.2288205727444415,297.62499999999994,18.46875401861209,12.441202083092318,300,8.35
137.5,2.5,232.2,5.455272678794342,6.959046599429198,0.2658729905164157,56.8761629,3.509180797242598,0.0009714000000000001,0.0010268337937563217,3082.25,130.58058814387383,457.74999999999994,103.76264983123744,521.65,133.0485907478918,115.05,4.4997222136482975,138.39999999999998,1.6552945357246849,137.95,4.200892762258994,115.05,4.4997222136482975,107.6,4.294182110716778,101.89999999999999,6.729784543356496,8.197,0.7331855154052074,62.6,12.62992478204047,5.6000000000000005,3.836013555763327,0.617339761,0.3291267781153167,10.556,0.4704827308201654,0.14024983,0.0061416285066014905,4.885,0.23318447632722014,1.8159999999999998,0.0933488082409197,3.9975,1.033072480516251,356.075,28.039113306237063,16.299500000000002,2.9135124420534053,725.75,36.77649385137197,8.25,1.5451537140362444,407.835,26.20974770958317,2.8529999999999998,0.34782323096653567,56.8761629,3.509180797242598,1838.8619999999999,234.1350838639951,117.14999999999999,1.2757350822173075,126.25,1.3738631664034087,5.1445,0.6677759729130721,6.967,0.23473602194805984,24.5435,0.7589286857142766,748.65,36.77649385137197,0.43255,0.02036289517725808,0.43255,0.02036289517725808,123.22000000000001,92.90002475780078,201.95,3.3537292675468007,242.05,2.5391927851189244,202.5,2.499999999999986,223.75,1.177921898938967,298.015,18.245253492346997,11.977398211685731,300,8.25
137.0,2.449489742783178,230.80000000000004,6.128621378417825,6.933800784046146,0.2751339597565109,57.403632900000005,3.784078415560411,0.0009414,0.0010815598180405925,3069.8,142.37003722693902,440.84999999999997,113.479194128263,499.70000000000005,145.93632172971883,114.54999999999998,4.65268739547371,138.0,1.7320508075688772,136.54999999999998,5.054453481831641,114.54999999999998,4.65268739547371,107.49999999999999,4.811444689487764,102.74999999999999,7.809449404407458,8.303,0.7546197718056424,61.175,13.403614251387571,5.375,4.005855089740517,0.721789761,0.33053034278212484,10.596499999999999,0.4936018132057461,0.14124343,0.006709490084432652,4.8745,0.2616959113169327,1.8235,0.09712234552357145,3.9945000000000004,1.050373624002431,356.235,30.301456648154726,16.450499999999998,2.909968169929011,719.9649999999999,41.93661019920423,8.500000000000002,1.6881943016134133,404.65999999999997,30.72191400287424,2.9224999999999994,0.40867927522691927,57.403632900000005,3.784078415560411,1812.043,257.3101556701562,117.1,1.374772708486752,126.25000000000001,1.5124483462254175,5.0165,0.7799889422293114,6.944,0.2469088900789116,24.558999999999997,0.8135164411368705,742.865,41.936610199204225,0.42910000000000004,0.022255111772354688,0.42910000000000004,0.022255111772354688,139.775,109.9240959708107,201.2,3.641428291206625,241.54999999999998,2.6167728216259047,202.0,2.449489742783164,223.85000000000002,1.3143439428094805,300.53999999999996,21.565815542195484,12.582456142284009,300,8.500000000000002
137.25,2.48746859276655,231.20000000000002,6.257795138864806,6.958859278114077,0.2657777830334629,57.2612129,3.7864571654709356,0.0010214,0.001097609967155911,3067.2,140.68634439774175,446.2999999999999,112.70452519752699,507.45000000000005,144.16916279149297,114.85,4.541750763747383,138.25,1.6393596310755,137.45,4.283398183685472,114.85,4.541750763747383,107.89999999999999,4.581484475582123,102.8,7.801281945936834,8.2515,0.7472300515905391,61.825,13.109419323524593,5.425000000000001,3.982069185737485,0.671539761,0.3370287316834708,10.572,0.4784412189600727,0.14084575,0.006578682960555257,4.861,0.2513145439484151,1.8195,0.0951038905618482,3.9650000000000003,1.0298033792914063,354.305,30.043676123270938,16.259999999999998,2.9522296658627356,720.815,41.98138009880095,8.4,1.6552945357246849,403.93,30.279014184745186,2.8899999999999997,0.3850324661635691,57.2612129,3.7864571654709356,1816.193,256.5919558579341,117.2,1.2884098726725126,126.35000000000001,1.4239030865898143,5.026,0.7852540990023548,6.9685,0.23561143860177933,24.510499999999997,0.7482878790946699,743.7149999999999,41.98138009880095,0.42935,0.02244832955923447,0.42935,0.02244832955923447,139.25,110.18104419545132,201.55,3.5563323804166562,241.75,2.6433879775772606,202.25,2.4874685927665356,223.9,1.26095202129184,300.93,21.32147039957611,12.223687829729394,300,8.4
137.0,2.449489742783178,230.20000000000002,6.823488843692792,6.9586719567989554,0.26568240936063614,57.6462629,4.007946963116677,0.0010714000000000001,0.001161941323819753,3052.15,148.5967698168436,434.84999999999997,119.89882192915825,493.25,153.1805715487444,114.64999999999999,4.574658457196552,138.1,1.6093476939431082,136.95,4.306680856529771,114.64999999999999,4.574658457196552,108.19999999999999,4.833218389437829,103.69999999999999,8.649277426467485,8.306000000000001,0.7571023708852058,61.05,13.527656855494229,5.25,4.115519408288582,0.7257397609999999,0.33612053773574885,10.588,0.4857427302595483,0.14144167,0.006937456088877255,4.837,0.2660657813398782,1.8229999999999997,0.09670056876771718,3.9325,1.0254943929637061,352.535,31.824318924369773,16.2205,2.9899238702682713,715.88,46.08311621407563,8.55,1.745709025009609,400.025,33.40940698366256,2.927,0.4156693397401353,57.6462629,4.007946963116677,1793.524,275.3758504371798,117.24999999999999,1.299038105676658,126.45,1.4654350889752845,4.9075,0.871343072503592,6.970000000000001,0.23647410006171932,24.4775,0.7360154550007759,738.78,46.08311621407564,0.42615000000000003,0.023931725804880854,0.42615000000000003,0.023931725804880854,155.28,123.02596717766538,201.14999999999998,3.7050641020095725,241.45,2.71062723368596,202.0,2.449489742783164,224.04999999999998,1.321930406640218,303.845,23.65008403790566,12.223687829729393,300,8.55
137.0,2.449489742783178,233.20000000000002,2.6758176320519302,6.844404375932725,0.26570465982887986,57.0726226,2.4804235158786176,0.0006716000000000001,0.0007968436735018983,3142.4500000000003,87.34592148463487,448.6,74.90687551887343,506.35,99.93011307909143,113.7,4.160528812542935,137.8,1.9390719429665317,136.35,6.373970505109041,113.7,4.160528812542935,105.3,3.7563279941985894,99.55000000000001,2.9576172842340505,8.364,0.6617733751066144,59.75,10.699883176932353,5.0,2.9664793948382653,0.633752584,0.33658871014639746,10.695500000000001,0.42170457668846817,0.141244975,0.004950372142261124,5.010000000000001,0.1774823934929884,1.8404999999999998,0.08065203035262038,4.3835,0.9003847788584612,367.6600000000001,22.31233739436549,16.314,2.3426446593540384,728.7750000000001,17.668159921168925,8.5,1.2449899597988732,420.197,10.929512843672399,2.8575000000000004,0.3690511482166125,57.0726226,2.4804235158786176,1832.7000000000003,148.58380631818528,116.5,1.2449899597988732,125.5,1.2449899597988732,5.3805000000000005,0.1160377093879399,6.857000000000001,0.23981451165432013,24.915499999999998,0.8044592904553963,751.6750000000001,17.668159921168904,0.43679999999999997,0.013029197979921876,0.43679999999999997,0.013029197979921876,92.36500000000001,7.738880733025931,201.3,3.083828789021855,241.75,2.165063509461097,202.0,2.449489742783164,223.1,0.8888194417315518,289.705,5.900379225100715,10.97070098145499,300,8.5
137.25,2.48746859276655,233.6,2.615339366124404,6.869462870000654,0.26460986210357834,56.9302026,2.464999848906211,0.0007516000000000001,0.0008444547590013334,3139.8500000000004,86.77851116491917,454.05,73.15290493206678,514.1,96.80025826411828,114.0,4.098780306383831,138.04999999999998,1.8834808201837363,137.25,5.812701609406765,114.0,4.098780306383831,105.7,3.702701716314724,99.60000000000001,2.989983277545211,8.3125,0.6581251780626538,60.400000000000006,10.418253212511203,5.05,2.940663190506523,0.583502584,0.32982159115196746,10.671,0.4098158122864467,0.14084729499999998,0.004771710959443686,4.9965,0.17272159679669463,1.8364999999999998,0.0790743321185832,4.353999999999999,0.889299724502375,365.73,22.9430839252268,16.1235,2.3840559452328294,729.625,17.34773400188048,8.4,1.2,419.467,10.729444114212063,2.825,0.3364595072218945,56.9302026,2.464999848906211,1836.8500000000001,146.75356895149093,116.6,1.2,125.6,1.2,5.390000000000001,0.12161414391426677,6.881500000000001,0.23732414542140468,24.866999999999997,0.7614860471472867,752.525,17.34773400188045,0.43705,0.013211642592804286,0.43705,0.013211642592804286,91.84,8.164888241733623,201.65,2.971110903349116,241.95,2.178875856950093,202.25,2.487468592766536,223.15,0.8529361054615932,290.09499999999997,5.7259475198433405,10.781962092772805,300,8.4
137.5,2.5,234.0,2.4899799195977463,6.894521364068583,0.26111670904073486,56.7877826,2.4411842985099756,0.0008315999999999999,0.0008822969114759497,3137.2500000000005,86.12891500535694,459.5,70.9383535190943,521.85,92.92162019680887,114.3,4.013726448077888,138.3,1.7916472867168918,138.15,5.032643440578719,114.3,4.013726448077888,106.1,3.6041642581880198,99.65,3.021175268004159,8.261000000000001,0.6503914206076212,61.05,10.086996579755542,5.1,2.913760456866693,0.5332525840000001,0.3149959986761984,10.6465,0.39605902337909193,0.140449615,0.004551479742817162,4.9830000000000005,0.1667363187790829,1.8325,0.07725768570181221,4.3245,0.8770830918447807,363.8,23.398290535848993,15.933,2.409747082164433,730.475,16.97877719389709,8.3,1.1445523142259597,418.737,10.474821764593413,2.7925,0.29681433590714595,56.7877826,2.4411842985099756,1841.0,144.78130922187435,116.7,1.1445523142259597,125.7,1.1445523142259597,5.399500000000001,0.12623291963667793,6.906000000000001,0.23223694796478878,24.818499999999997,0.7126448975471582,753.3750000000001,16.978777193897063,0.43729999999999997,0.013386933928274999,0.43729999999999997,0.013386933928274999,91.315,8.537521595873123,202.0,2.8106938645110393,242.15,2.17428149051589,202.49999999999997,2.499999999999986,223.20000000000002,0.8124038404635917,290.48499999999996,5.518539208884911,10.382361437465825,300,8.3
137.75,2.48746859276655,234.4,2.2891046284519194,6.9195798581365136,0.25512670598772663,56.6453626,2.408727961118823,0.0009116000000000001,0.000911587538308856,3134.65,85.39525747955797,464.95,68.21838095410943,529.6,88.19546473600556,114.6,3.903844259188619,138.55,1.6575584454250776,139.04999999999998,3.904804732633887,114.6,3.903844259188619,106.5,3.456877203488721,99.7,3.0512292604784714,8.2095,0.6384236446122586,61.70000000000001,9.70103087305674,5.15,2.885740806101615,0.48300258400000007,0.2908823669011506,10.622,0.3802315084261167,0.140051935,0.004283271116013436,4.9695,0.15938867588382788,1.8284999999999998,0.07518477239441508,4.295,0.8636868645521941,361.87000000000006,23.688079280515772,15.742500000000001,2.4202187401142066,731.325,16.55804562742838,8.200000000000001,1.0770329614269007,418.007,10.16154569935105,2.7600000000000002,0.2467387282126583,56.6453626,2.408727961118823,1845.15,142.6611369644866,116.8,1.0770329614269007,125.80000000000001,1.077032961426901,5.409,0.12999615378925633,6.9305,0.2243763579346095,24.77,0.6566277484237166,754.225,16.55804562742835,0.43755,0.013555349497523121,0.43755,0.013555349497523121,90.79,8.863515104065653,202.35,2.5937424698685874,242.35,2.1511624764298953,202.75,2.4874685927665356,223.25,0.7664854858377923,290.875,5.27426535168644,9.705657155108957,300,8.200000000000001
136.75,2.3848480035423645,232.20000000000002,4.308131845707604,6.844217054617604,0.26552852814466793,57.4576726,2.832686922581393,0.0007216000000000001,0.0009029395550090826,3127.4,110.3752123440766,437.15,85.65703415365255,492.15000000000003,112.40252443784348,113.5,4.141255848169723,137.65,1.8781639970992947,135.85,6.302975487815259,113.5,4.141255848169723,105.60000000000001,4.24735211631906,100.45000000000002,5.342986056504359,8.4185,0.6637264120102497,58.975,11.063990012649144,4.824999999999999,3.1195953263203866,0.687952584,0.3417261179547381,10.711500000000001,0.42535014987654607,0.141840895,0.0053739742753827,4.986000000000001,0.21513716554793583,1.8439999999999999,0.0816333265278342,4.351,0.9105157878916764,365.89000000000004,25.598474563926665,16.2745,2.3908648539806676,723.84,27.421641088745947,8.65,1.3518505834595773,416.29200000000003,21.115617348304077,2.8945000000000003,0.4038994305517155,57.4576726,2.832686922581393,1810.0310000000002,181.15730473541498,116.55000000000001,1.2835497652993435,125.60000000000001,1.3564659966250536,5.2620000000000005,0.48999591835034706,6.858500000000001,0.24135606476738894,24.882499999999997,0.8097337525384499,746.74,27.42164108874594,0.4336,0.01691862878604529,0.4336,0.01691862878604529,108.39500000000001,67.51703099959299,200.9,3.223352292257239,241.45000000000002,2.246664193866097,201.75,2.3848480035423507,223.25,1.0897247358851583,292.62,14.317038799975368,12.010787418779111,300,8.65
137.0,2.449489742783178,232.6,4.363484845854286,6.8692755486855335,0.26445075176012484,57.3152526,2.838576453144717,0.0008016000000000001,0.0009409802548406637,3124.8,109.57019439610391,442.59999999999997,84.86601204251322,499.9,110.62861293535231,113.8,4.093897898091736,137.89999999999998,1.841195263952197,136.75,5.812701609406765,113.8,4.093897898091736,106.0,4.171330722922842,100.50000000000001,5.352569476429054,8.367,0.6643274794858328,59.62500000000001,10.838444307187263,4.875,3.097882341213107,0.637702584,0.3430949750206429,10.687,0.414512967227806,0.14144321499999998,0.005255150956659096,4.972500000000001,0.2096872671384697,1.8399999999999999,0.0802496105909555,4.3214999999999995,0.8984891485154398,363.96000000000004,26.01911604955096,16.084,2.4283582931684524,724.69,27.36998173181707,8.549999999999999,1.3219304066402284,415.562,20.87665480866128,2.862,0.37755264533572014,57.3152526,2.838576453144717,1814.1810000000003,180.18208639873168,116.65,1.2359207094308275,125.7,1.3076696830622019,5.2715000000000005,0.4936322011376486,6.883000000000001,0.23872787855631783,24.833999999999996,0.7649666659404184,747.5899999999999,27.36998173181706,0.43385,0.01710635846695609,0.43385,0.01710635846695609,107.87000000000002,67.69162503589348,201.25,3.1603006186120965,241.65,2.286372673034735,202.0,2.449489742783164,223.3,1.0535653752852652,293.01,14.16601214174265,11.905751859927141,300,8.549999999999999
137.25,2.48746859276655,233.0,4.3817804600413295,6.894334042753463,0.26097345593836113,57.17283260000001,2.8373139492364325,0.0008816,0.0009709726257727352,3122.2000000000003,108.69704457803809,448.05,83.71348457685893,507.65,108.27246879978308,114.1,4.023679907746134,138.15,1.7684739183827394,137.64999999999998,5.121279137090655,114.1,4.023679907746134,106.39999999999999,4.054626986542658,100.55,5.361669516111563,8.3155,0.660927189635893,60.275000000000006,10.568201124127038,4.925,3.0752032453156652,0.5874525840000001,0.33704815542651406,10.6625,0.4018939536743494,0.141045535,0.005102678206322146,4.9590000000000005,0.20319694879598937,1.8359999999999999,0.07863841300534999,4.292,0.8853168924176247,362.03000000000003,26.291768673864457,15.8935,2.45051683324151,725.54,27.29176432552502,8.45,1.2835497652993435,414.832,20.609083822431312,2.8295,0.34618600491643226,57.17283260000001,2.8373139492364325,1818.3310000000001,179.10542833482185,116.75,1.1779218989389748,125.80000000000001,1.2489995996796797,5.281000000000001,0.49706035850789787,6.907500000000001,0.23351391821473944,24.7855,0.7141251640994033,748.44,27.29176432552501,0.4341,0.0172884354410687,0.4341,0.0172884354410687,107.34500000000001,67.86170845918927,201.6,3.056141357987225,241.85,2.308137777516758,202.25,2.4874685927665356,223.35000000000002,1.0136567466356572,293.4,14.002499776825571,11.575758912053265,300,8.45
137.5,2.5,233.39999999999998,4.363484845854286,6.919392536821393,0.25499849617678794,57.0304126,2.8288898352384884,0.0009616000000000001,0.0009936457316367842,3119.6,107.75410665028039,453.49999999999994,82.1842442320911,515.4,105.29501412697564,114.39999999999999,3.929376540877692,138.39999999999998,1.6552945357246849,138.54999999999998,4.128861828639946,114.39999999999999,3.929376540877692,106.8,3.8935844667863573,100.60000000000001,5.370288632839021,8.264000000000001,0.653463082354313,60.925000000000004,10.249725606083315,4.975,3.0515364982251154,0.5372025840000001,0.3231696632860448,10.638,0.3873189899811266,0.140647855,0.004913424407933331,4.9455,0.19556264980818788,1.8319999999999999,0.07678541528180985,4.2625,0.8709470420180553,360.1,26.42101436357053,15.703,2.4577552766701567,726.3900000000001,27.18675964509195,8.35,1.2359207094308275,414.10200000000003,20.31177382701964,2.797,0.3082709846871743,57.0304126,2.8288898352384884,1822.481,177.9254890649454,116.85000000000001,1.107925990308017,125.9,1.1789826122551597,5.2905,0.5002846689635811,6.932,0.22553491969094275,24.737,0.6557979871881277,749.2900000000001,27.18675964509194,0.43435,0.017465036501536444,0.43435,0.017465036501536444,106.82000000000001,68.02731510209705,201.95,2.906458325866724,242.05,2.3124662159694354,202.49999999999997,2.499999999999986,223.39999999999998,0.96953597148326,293.79,13.826058729804389,10.958644003383364,300,8.35
136.5,2.29128784747792,231.20000000000002,5.287721626560915,6.844029733302483,0.2653521473137469,57.8427226,3.0982579911304415,0.0007716,0.0009953089168695316,3112.3500000000004,127.60509394220907,425.70000000000005,93.81369836010091,477.95,121.98093088675787,113.3,4.112177038990411,137.5,1.8027756377319946,135.35,6.190920771581559,113.3,4.112177038990411,105.9,4.6679760067935225,101.35000000000001,6.835751604615253,8.473,0.6611966424597148,58.199999999999996,11.363758181165243,4.6499999999999995,3.2561480310329878,0.742152584,0.3382103481368002,10.727500000000001,0.42836754078711453,0.142436815,0.0057046273660314615,4.962000000000001,0.2447774499417786,1.8474999999999997,0.08245453292572823,4.3185,0.9193871600147568,364.12000000000006,28.398197125874038,16.235,2.437491538446851,718.9050000000001,33.808585817806694,8.8,1.4352700094407325,412.387,27.235753909154052,2.9315,0.4328195351413798,57.8427226,3.0982579911304415,1787.362,206.23051058463685,116.6,1.3190905958272918,125.7,1.452583904633395,5.1435,0.6623011022186208,6.860000000000001,0.2428785704832768,24.8495,0.8136367432706069,741.805,33.8085858178067,0.4304,0.019550959055759903,0.4304,0.019550959055759903,124.42500000000001,92.42990249372764,200.5,3.3090784215548594,241.15,2.286372673034735,201.5,2.291287847477907,223.4,1.2409673645990733,295.53499999999997,18.924752970646676,12.369555731333726,300,8.8
136.75,2.384848003542364,231.6,5.40740233383831,6.869088227370413,0.2642914128608143,57.70030259999999,3.121262773395992,0.0008516000000000001,0.0010260525522603607,3109.7500000000005,126.60071089847798,431.15,93.75994613906303,485.7,121.25926768705143,113.60000000000001,4.07921561087422,137.75,1.7853571071357124,136.25,5.769532043415653,113.60000000000001,4.07921561087422,106.30000000000001,4.57274534606947,101.40000000000002,6.836665854054885,8.4215,0.6660275895186323,58.85,11.189392298065163,4.7,3.2380549717384355,0.691902584,0.34752087963000955,10.703,0.41854629373583063,0.142039135,0.005635047149871511,4.9485,0.23864775297496502,1.8435,0.08125730736370729,4.289,0.906420983870078,362.19000000000005,28.658993352872677,16.0445,2.4712354703669983,719.755,33.890698945285855,8.7,1.4177446878757827,411.65700000000004,26.945322618220775,2.899,0.41127727873054215,57.70030259999999,3.121262773395992,1791.5120000000002,205.8319494053341,116.7,1.268857754044952,125.8,1.4,5.1530000000000005,0.666686583035837,6.884500000000001,0.2401140354081786,24.801,0.7670130376988383,742.655,33.890698945285855,0.43065,0.01975417677353324,0.43065,0.01975417677353324,123.9,92.64839448150197,200.85000000000002,3.2905166767545793,241.35000000000002,2.3510635891017495,201.75,2.3848480035423507,223.45000000000002,1.2031209415515853,295.925,18.750223332003284,12.369555731333726,300,8.7
137.0,2.449489742783178,232.0,5.495452665613635,6.894146721438342,0.26082998962927834,57.5578826,3.1376413288920775,0.0009316,0.001049822765994337,3107.1500000000005,125.5344574210603,436.6,93.38865027400279,493.45,120.03394311610363,113.9,4.023679907746134,138.0,1.7320508075688772,137.15,5.160184105242758,113.9,4.023679907746134,106.7,4.439594576084623,101.45,6.837214345038483,8.370000000000001,0.6668583057891682,59.5,10.973832511934926,4.749999999999999,3.2190837205639746,0.641652584,0.3494354861355892,10.6785,0.40701689154137094,0.141641455,0.005536103378051663,4.9350000000000005,0.23157072353818806,1.8395,0.07984203153727991,4.2595,0.8922918524787727,360.26000000000005,28.788337916593942,15.854,2.4899927710738434,720.605,33.95133981155973,8.6,1.3928388277184118,410.927,26.631724146213298,2.8665,0.3858143983834715,57.5578826,3.1376413288920775,1795.6620000000003,205.34876258697057,116.8,1.2083045973594573,125.9,1.3379088160259651,5.1625000000000005,0.6709088984355477,6.909000000000001,0.2347743597584711,24.752499999999998,0.7140789522174699,743.5050000000001,33.95133981155973,0.4309,0.019952192861938767,0.4309,0.019952192861938767,123.375,92.86340439053482,201.2,3.2341923257592455,241.55,2.3973944189473704,202.0,2.449489742783164,223.50000000000003,1.1618950038622153,296.31499999999994,18.56586316334364,12.123266113290065,300,8.6
137.25,2.48746859276655,232.39999999999998,5.5533773507659285,6.919205215506272,0.2548700841961421,57.4154626,3.1474971015325246,0.0010116,0.0010670856760354344,3104.55,124.4047426748675,442.05,92.69599505911785,501.19999999999993,118.2893063636777,114.2,3.9446165846631955,138.25,1.6393596310755,138.04999999999998,4.283398183685472,114.2,3.9446165846631955,107.10000000000001,4.264973622427225,101.5,6.837397165588672,8.3185,0.6637038119522892,60.150000000000006,10.714592852740601,4.8,3.1992186546092785,0.591402584,0.34407765280938485,10.654,0.3936292672045615,0.141243775,0.005406184058915773,4.9215,0.22345637158067322,1.8354999999999997,0.07819686694491026,4.2299999999999995,0.8769435557662763,358.33000000000004,28.788002709462155,15.6635,2.494101591756037,721.455,33.99062333938583,8.5,1.3601470508735443,410.197,26.29412959198308,2.834,0.3555896511429994,57.4154626,3.1474971015325246,1799.8120000000001,204.78035109843916,116.89999999999999,1.1357816691600546,126.0,1.2649110640673518,5.172,0.6749711104928862,6.9335,0.2266776345385667,24.704,0.6533023802191444,744.355,33.99062333938582,0.43115,0.020145160709212528,0.43115,0.020145160709212528,122.85000000000001,93.07495635239373,201.54999999999998,3.138072656902641,241.75,2.426417111710186,202.25,2.4874685927665356,223.55,1.1169153951844255,296.705,18.37137651347879,11.575758912053265,300,8.5
136.5,2.29128784747792,230.60000000000002,6.118823416311341,6.868900906055291,0.26413184499201425,58.0853526,3.3362432938602726,0.0009016000000000001,0.0011023265577858497,3094.7000000000003,139.98874061866547,419.7,100.58533690354672,471.5,129.48223816415904,113.39999999999999,4.054626986542651,137.6,1.7146428199482247,135.75,5.682209077462743,113.39999999999999,4.054626986542651,106.6,4.923413450036469,102.30000000000001,7.950471684120383,8.476,0.6632601299641038,58.075,11.477450718691847,4.525,3.3633130987167994,0.746102584,0.34344152584277804,10.719,0.4219348290909393,0.14263505499999998,0.005931328678506618,4.9245,0.26226846932103737,1.8469999999999998,0.08210359310042405,4.2565,0.913128003075144,360.42,30.97443461953745,16.005,2.5127604342634813,714.82,38.7212422321392,8.85,1.49248115565993,407.752,31.396943418109995,2.936,0.4393335862417077,58.0853526,3.3362432938602726,1768.843,226.36305222142593,116.75,1.299038105676658,125.9,1.4798648586948742,5.0345,0.7856110678955586,6.886000000000001,0.2414829186505746,24.767999999999997,0.767636632789238,737.72,38.7212422321392,0.42745,0.021618221480963692,0.42745,0.021618221480963692,139.93,109.8697961225013,200.45000000000002,3.3686050525402944,241.04999999999998,2.3764469276632285,201.5,2.291287847477907,223.6,1.319090595827279,298.84,22.03341553186887,12.510809790525418,300,8.85
136.75,2.3848480035423645,231.00000000000003,6.260990336999411,6.893959400123221,0.2606863097614775,57.9429326,3.3678938175084503,0.0009816000000000002,0.0011209227627272096,3092.1000000000004,138.7434593052948,425.15,100.85994001584574,479.25000000000006,129.19012152637677,113.7,4.013726448077888,137.85,1.6815171720800237,136.65,5.150485414016819,113.7,4.013726448077888,106.99999999999999,4.774934554525329,102.35000000000001,7.945281618671549,8.4245,0.6683073768858158,58.725,11.312023470626286,4.575,3.347667098144617,0.695852584,0.35317641323454146,10.6945,0.4114544324709605,0.142237375,0.00587786653938953,4.9110000000000005,0.2545761182829212,1.843,0.080876448982383,4.227,0.8980373043476536,358.49000000000007,30.98409107913286,15.814499999999999,2.528235501293343,715.67,38.88236232535261,8.75,1.4790199457749038,407.02200000000005,31.03651198185776,2.9034999999999997,0.4184767018604501,57.9429326,3.3678938175084503,1772.9930000000002,226.33980430096696,116.85000000000001,1.2359207094308275,126.00000000000001,1.4142135623730951,5.0440000000000005,0.7906225395218631,6.910500000000001,0.23601853740755202,24.719499999999996,0.7125059648873121,738.57,38.88236232535262,0.42769999999999997,0.021835979483412236,0.42769999999999997,0.021835979483412236,139.405,110.12760995772132,200.8,3.3555923471125038,241.25,2.446936860648431,201.75,2.3848480035423507,223.65,1.275735082217296,299.22999999999996,21.824713056532957,12.369555731333726,300,8.75
137.0,2.4494897427831783,231.4,6.374950980203691,6.9190178941911515,0.25474146974005546,57.8005126,3.3932773690630778,0.0010616000000000002,0.0011335836272635556,3089.5,137.4377222599385,430.59999999999997,100.83967473172451,487.0,128.43052596637608,114.0,3.9496835316262917,138.1,1.6093476939431082,137.54999999999998,4.375785643744447,114.0,3.9496835316262917,107.39999999999999,4.586937976471886,102.4,7.939773296511683,8.373000000000001,0.6693661180549847,59.37500000000001,11.10616382915361,4.625,3.3311972322274768,0.6456025839999999,0.3556191095219935,10.67,0.3991991983959889,0.141839695,0.005796694873156172,4.8975,0.24590394466132479,1.8389999999999997,0.07942921376924235,4.1975,0.8817021889504415,356.56,30.873328294824326,15.624,2.5293089965443127,716.5200000000001,39.02430780936416,8.65,1.4585952145814822,406.29200000000003,30.654466167265095,2.871,0.3938514948556119,57.8005126,3.3932773690630778,1777.1430000000003,226.24044203236522,116.95,1.16081867662439,126.10000000000001,1.3379088160259651,5.0535,0.7954890005524904,6.9350000000000005,0.22780474095154388,24.671,0.6491217143186627,739.4200000000001,39.02430780936416,0.42795,0.02204875279919479,0.42795,0.02204875279919479,138.88,110.38232467202347,201.15,3.305676935213119,241.45,2.4994999499899975,202.0,2.449489742783164,223.7,1.2288205727444408,299.62,21.606957212897893,11.905751859927141,300,8.65
136.5,2.29128784747792,230.00000000000003,6.797058187186572,6.8937720788081,0.2605424159816484,58.327982600000006,3.541764732199422,0.0010316000000000001,0.0011856676768808366,3077.05,149.2902876948129,413.70000000000005,106.59179142879624,465.05,136.26719157596227,113.5,3.993745109543165,137.70000000000002,1.6155494421403513,136.15,5.091905340832644,113.5,3.993745109543165,107.3,5.070502933634888,103.25,8.825389509817683,8.479000000000001,0.665303690054399,57.949999999999996,11.588679821273862,4.3999999999999995,3.462657938636157,0.7500525840000001,0.3485494495184515,10.7105,0.4152285515231343,0.14283329500000003,0.006143284805743185,4.8870000000000005,0.27357083177853575,1.8464999999999998,0.08174808866267148,4.1945,0.9025767280403367,356.72,32.93924103557944,15.775,2.5653001773671633,710.7349999999999,42.688104607724156,8.9,1.5459624833740306,403.117,34.44972236462873,2.9404999999999997,0.4457070226056575,58.327982600000006,3.541764732199422,1750.324,243.44102489925567,116.89999999999999,1.260952021291849,126.10000000000002,1.4798648586948742,4.9255,0.8786152457133897,6.912000000000001,0.2372467070372106,24.6865,0.7093960459433076,733.6350000000001,42.68810460772416,0.4245,0.023131147831441483,0.4245,0.023131147831441483,155.435,122.95790855004,200.39999999999998,3.4263683398023628,240.95,2.4591665254715873,201.5,2.291287847477907,223.8,1.3638181696985727,302.145,24.309472947803705,12.369555731333726,300,8.9
136.75,2.3848480035423645,230.4,6.959885056522126,6.918830572876031,0.25461265250169407,58.1855626,3.5812564272383014,0.0011116000000000001,0.0011942997278740375,3074.45,147.8130914364489,419.15,107.15655602901766,472.8,136.35673800733133,113.80000000000001,3.9446165846631964,137.95000000000002,1.5644487847162016,137.04999999999998,4.409931972264425,113.80000000000001,3.9446165846631964,107.7,4.86929152957594,103.30000000000001,8.815327560561775,8.4275,0.6705659922781648,58.6,11.431972708154966,4.45,3.449275286201436,0.6998025840000001,0.35869930436455494,10.686,0.40405940157358067,0.142435615,0.00610461100589342,4.8735,0.26429670826553986,1.8424999999999998,0.08049068269060711,4.165,0.8852429045183023,354.79,32.73087074918723,15.5845,2.5634244186244306,711.585,42.91529185500199,8.8,1.5362291495737217,402.38700000000006,34.02224700104331,2.908,0.4255067567031105,58.1855626,3.5812564272383014,1754.4740000000002,243.73492959360587,117.0,1.1832159566199232,126.20000000000002,1.4,4.9350000000000005,0.8842708860976936,6.9365000000000006,0.2289164694817741,24.637999999999998,0.6432231339123302,734.485,42.915291855002,0.42474999999999996,0.02336637541425713,0.42474999999999996,0.02336637541425713,154.91,123.25439505348278,200.75,3.418698582794336,241.15,2.5352514668174435,201.75,2.3848480035423507,223.85,1.3143439428094803,302.535,24.066974778729467,12.010787418779111,300,8.8
137.0,2.449489742783178,233.00000000000003,2.5298221281347035,6.853216770526695,0.27660012513681337,56.8801776,2.70715107873806,0.0006016,0.0007362634311168795,3132.9500000000003,97.47697163945955,454.6,81.8281125286414,514.4,109.03137163220501,114.00000000000001,4.5166359162544785,137.8,1.9390719429665317,136.20000000000002,6.273754856543249,114.00000000000001,4.5166359162544785,105.4,3.8781438859330635,99.60000000000001,3.006659275674582,8.328,0.7057875034314505,60.8,11.838918869558995,5.3999999999999995,3.3226495451672298,0.6595025840000001,0.317849633037409,10.652000000000001,0.46756389937633147,0.14084758,0.005393492387461023,4.996,0.1935561933909632,1.832,0.08975522268926749,4.2780000000000005,1.0082539362680416,367.76000000000005,22.192304972670154,16.674,2.47796368012124,730.6400000000001,19.670343159182554,8.4,1.3564659966250536,419.296,11.972571319478531,2.858,0.36907451822091436,56.8801776,2.70715107873806,1851.1500000000003,166.58211188479993,116.60000000000001,1.3564659966250538,125.6,1.3564659966250536,5.362,0.11702991070662239,6.864000000000001,0.24840289853381353,24.828,0.871972476629853,753.54,19.67034315918253,0.43679999999999997,0.013029197979921876,0.43679999999999997,0.013029197979921876,93.04,7.2383976127317,201.4,3.2,241.8,2.227105745132009,202.0,2.449489742783164,223.20000000000002,0.9797958971132642,290.26,6.505874268689808,11.075736540306957,300,8.4
137.25,2.48746859276655,233.4,2.4979991993593593,6.878275264594624,0.27474604895808835,56.7377576,2.6828295447710877,0.0006816000000000001,0.0007946243389174535,3130.3500000000004,96.71380459892993,460.05,79.81696248292089,522.15,105.58090499706847,114.30000000000001,4.439594576084614,138.05,1.8834808201837363,137.1,5.726255320888163,114.30000000000001,4.439594576084614,105.80000000000001,3.815756805667783,99.65,3.0376800358168077,8.2765,0.6997233381844568,61.45,11.525948984790798,5.45,3.2935543110748906,0.609252584,0.3148119858169564,10.6275,0.45453135205395917,0.1404499,0.0051996854885656306,4.982500000000001,0.1881986981889087,1.828,0.08795453370918409,4.2485,0.9952450703218781,365.83000000000004,22.834822092584837,16.483500000000003,2.5442489559789543,731.49,19.301085461703963,8.299999999999999,1.307669683062202,418.56600000000003,11.734296911191564,2.8255000000000003,0.3365334307316289,56.7377576,2.6828295447710877,1855.3000000000004,164.4868611774205,116.7,1.307669683062202,125.69999999999999,1.307669683062202,5.3715,0.12398689446873006,6.8885000000000005,0.24530134528779096,24.7795,0.827378238775954,754.39,19.301085461703934,0.43705,0.013211642592804286,0.43705,0.013211642592804286,92.515,7.7381053882717294,201.75,3.080178566252288,242.0,2.23606797749979,202.25,2.4874685927665356,223.25000000000003,0.9420721840708329,290.65,6.31391320814597,10.970700981454987,300,8.299999999999999
137.5,2.5,233.8,2.4,6.903333758662553,0.27056847074364526,56.59533760000001,2.650644234272235,0.0007616,0.000841410625081476,3127.7500000000005,95.8740840894973,465.50000000000006,77.37086014773263,529.9,101.42332078964877,114.60000000000001,4.340506882842134,138.3,1.7916472867168918,138.0,4.959838707054898,114.60000000000001,4.340506882842134,106.2,3.709447398198282,99.7,3.0675723300355937,8.225,0.6897717013621243,62.1,11.166467659918244,5.5,3.263433774416144,0.559002584,0.3035369147336376,10.603,0.43975106594526875,0.14005222,0.004966628580999388,4.969,0.18168379124181644,1.824,0.08593020423576334,4.219,0.981177353998756,363.90000000000003,23.300429180596666,16.293000000000003,2.594902888356325,732.34,18.88640781090994,8.2,1.2489995996796797,417.836,11.444613754950398,2.793,0.29695285821153505,56.59533760000001,2.650644234272235,1859.4500000000003,162.25846665120437,116.8,1.2489995996796797,125.8,1.2489995996796797,5.381,0.12988071450373223,6.913,0.23966852108693798,24.730999999999998,0.7772187594236255,755.2400000000001,18.886407810909912,0.43729999999999997,0.013386933928275,0.43729999999999997,0.013386933928275,91.99000000000001,8.173793488949912,202.1,2.9137604568666933,242.2,2.227105745132009,202.5,2.499999999999986,223.30000000000004,0.8999999999999959,291.03999999999996,6.091009768503095,10.640708033581111,300,8.2
137.75,2.48746859276655,234.2,2.227105745132009,6.928392252730483,0.2639570932047942,56.4529176,2.610304280015003,0.0008416000000000001,0.0008784735852602513,3125.15,94.95577918168014,470.95,74.44694419517836,537.65,96.46723537035774,114.9,4.217819341792621,138.55,1.6575584454250776,138.89999999999998,3.845776904605882,114.9,4.217819341792621,106.6,3.5552777669262356,99.75,3.096368841078207,8.1735,0.6757608674671829,62.75,10.755812382149477,5.550000000000001,3.2322592717787972,0.508752584,0.2830417032841902,10.5785,0.4230398917359923,0.13965454,0.0046884721368906515,4.9555,0.17388142511493263,1.82,0.08366600265340757,4.1895,0.9660045289748905,361.97,23.599599572874126,16.102500000000003,2.6308285291899964,733.19,18.423243471224065,8.1,1.1789826122551597,417.106,11.099497466101779,2.7605000000000004,0.24697115216154306,56.4529176,2.610304280015003,1863.6000000000001,159.891361555276,116.9,1.1789826122551597,125.89999999999999,1.1789826122551597,5.390499999999999,0.13485084352720972,6.9375,0.23131958412551243,24.682499999999997,0.7203323885540617,756.09,18.423243471224033,0.43755,0.01355534949752312,0.43755,0.01355534949752312,91.465,8.555248389146861,202.45,2.692118125194361,242.4,2.2,202.74999999999997,2.4874685927665356,223.35,0.8529361054615967,291.43,5.8336180882879285,10.023593124911208,300,8.1
136.75,2.384848003542364,232.00000000000003,4.171330722922842,6.853029449211573,0.27643690731934323,57.26522760000001,3.057528943583796,0.0006516,0.0008540631358394999,3117.9000000000005,117.34218124783602,443.15000000000003,92.51663363957857,500.2,121.51032877907953,113.8,4.512205669071384,137.65,1.8781639970992947,135.7,6.189507250177513,113.8,4.512205669071384,105.7,4.3485629810317805,100.50000000000001,5.361902647381804,8.3825,0.710386338551073,60.025,12.235680406091031,5.225,3.4802119188348284,0.7137025840000001,0.31893866042926744,10.668000000000001,0.4723303928395888,0.1414435,0.005825530581500713,4.972,0.22710350063352155,1.8355,0.09096565285864769,4.245500000000001,1.0139352789996017,365.99,25.500860769785803,16.6345,2.5292280937076432,725.705,29.070818271937238,8.55,1.4654350889752845,415.39099999999996,21.51094370314794,2.8950000000000005,0.40387498065614325,57.26522760000001,3.057528943583796,1828.4810000000002,198.31012999592335,116.65,1.3883443376914821,125.7,1.452583904633395,5.2435,0.48573938485570634,6.865500000000001,0.2498494546722087,24.794999999999998,0.8735416418236738,748.605,29.07081827193723,0.4336,0.01691862878604529,0.4336,0.01691862878604529,109.07000000000001,67.30091455545013,201.0,3.3466401061363023,241.5,2.313006701244076,201.75,2.3848480035423507,223.35000000000002,1.1521718621802812,293.175,14.465610080463257,12.01078741877911,300,8.55
137.0,2.449489742783178,232.4,4.24735211631906,6.878087943279503,0.2745988235604627,57.1228076,3.0540249321242685,0.0007316000000000001,0.0009004264767319983,3115.3000000000006,116.37322501331653,448.59999999999997,91.42778571090957,507.95,119.3496857976593,114.10000000000001,4.4485952839070375,137.9,1.841195263952197,136.6,5.71314274283428,114.10000000000001,4.4485952839070375,106.10000000000001,4.264973622427224,100.55000000000003,5.37098687393667,8.331000000000001,0.708335372546084,60.675000000000004,11.975260957490656,5.275,3.4549782922617616,0.6634525840000001,0.3244181966357861,10.6435,0.4602855092222654,0.14104582,0.005688386988734155,4.958500000000001,0.22109443683638882,1.8315000000000001,0.08934623663031364,4.216,1.000041999118037,364.06000000000006,25.930530268392133,16.444,2.5913016034417917,726.5550000000001,28.9674209242038,8.45,1.4309088021254184,414.661,21.245485614595868,2.8625000000000003,0.3775695300206309,57.1228076,3.0540249321242685,1832.6310000000003,197.03143875787947,116.75000000000001,1.3369741957120937,125.8,1.4,5.253,0.4897662707863823,6.890000000000001,0.24661711213944593,24.746499999999997,0.8270989964931643,749.4549999999999,28.96742092420379,0.43384999999999996,0.01710635846695609,0.43384999999999996,0.01710635846695609,108.545,67.4813194521269,201.35000000000002,3.2752862470324633,241.70000000000002,2.3473389188611002,202.0,2.449489742783164,223.40000000000003,1.1135528725659958,293.565,14.301023564766272,12.01078741877911,300,8.45
137.25,2.48746859276655,232.8,4.28485705712571,6.9031464373474325,0.270436328593982,56.98038760000001,3.0438604466073413,0.0008116000000000001,0.0009377162897166713,3112.7000000000007,115.3375372547897,454.05,89.9963749269936,515.6999999999999,116.63537199323369,114.4,4.363484845854278,138.15,1.7684739183827394,137.5,5.034878350069642,114.4,4.363484845854278,106.5,4.141255848169731,100.60000000000001,5.379591062525106,8.2795,0.7025131671363888,61.325,11.67291201885802,5.325,3.4288299753706077,0.613202584,0.32205952633079427,10.619,0.44657474178462014,0.14064814,0.00551927420467583,4.945000000000001,0.21406774628607628,1.8275000000000001,0.08751428454829531,4.1865000000000006,0.9850699213761428,362.13,26.211468863838984,16.2535,2.6382025604566453,727.405,28.838610836862447,8.35,1.3883443376914821,413.931,20.951248626275238,2.83,0.34625135378796723,56.98038760000001,3.0438604466073413,1836.7810000000004,195.65639028408964,116.85000000000001,1.2757350822173072,125.9,1.3379088160259651,5.2625,0.49357750151318686,6.9145,0.24086251264985184,24.698,0.7748586967957445,750.3050000000001,28.838610836862433,0.4341,0.0172884354410687,0.4341,0.0172884354410687,108.02000000000001,67.65716961268777,201.7,3.163858403911275,241.9,2.364318083507378,202.25,2.4874685927665356,223.45000000000005,1.0712142642814202,293.955,14.123755697405707,11.764497800735448,300,8.35
137.5,2.5,233.2,4.28485705712571,6.928204931415363,0.26383943127608744,56.837967600000006,3.0269683906517164,0.0008916000000000001,0.0009669828540362026,3110.1000000000004,114.2333029374534,459.5,88.20572543775148,523.4499999999999,113.32761137516312,114.7,4.255584566190635,138.4,1.6552945357246849,138.39999999999998,4.054626986542658,114.7,4.255584566190635,106.9,3.9736632972611057,100.65,5.387717513010496,8.228,0.692824653141038,61.97500000000001,11.325275934828255,5.375000000000001,3.4017458752822796,0.562952584,0.31168475370543164,10.5945,0.4310391513540274,0.14025046,0.005315141596834464,4.9315,0.2059192803017724,1.8235,0.08545612909557745,4.157,0.9689690397530771,360.2,26.348434488599136,16.063000000000002,2.670730424434484,728.2550000000001,28.684045652592317,8.25,1.3369741957120937,413.20099999999996,20.62700121200365,2.7975000000000003,0.3083970654853902,56.837967600000006,3.0269683906517164,1840.9310000000003,194.18293761038842,116.95,1.2031209415515964,126.0,1.2649110640673518,5.271999999999999,0.49717803652212955,6.939,0.23239836488237178,24.6495,0.7155520596015356,751.1550000000001,28.684045652592303,0.43434999999999996,0.017465036501536444,0.43434999999999996,0.017465036501536444,107.495,67.82850046256368,202.04999999999998,3.007906248539007,242.1,2.364318083507378,202.5,2.499999999999986,223.50000000000003,1.0246950765959544,294.345,13.933322468097844,11.216990599498649,300,8.25
136.75,2.384848003542364,231.4,5.276362383309167,6.877900621964382,0.2744513913336017,57.5078576,3.3406638862322926,0.0007816000000000001,0.0009925259895841518,3100.2500000000005,131.44919170538859,437.15000000000003,100.42473549878038,493.74999999999994,130.14640794121058,113.9,4.4485952839070375,137.75,1.7853571071357126,136.1,5.6559702969517085,113.9,4.4485952839070375,106.4,4.651881339845203,101.45000000000002,6.844523358130937,8.3855,0.7126883961451875,59.9,12.359813914456803,5.1,3.6006943774777667,0.717652584,0.32482682494340825,10.6595,0.46541889733873104,0.14164174,0.006080174552954879,4.9345,0.24737572637589145,1.835,0.09058145505565694,4.1834999999999996,1.0037642900601715,362.29,28.58478441408996,16.404500000000002,2.6369233492841615,721.62,35.45395041458709,8.6,1.5297058540778354,410.756,27.102574490258306,2.8995,0.4112477963466796,57.5078576,3.3406638862322926,1809.9620000000002,222.61868990720436,116.8,1.3638181696985856,125.89999999999999,1.4798648586948742,5.1345,0.6605185462952573,6.891500000000001,0.24791682072824356,24.7135,0.8255015142324086,744.52,35.453950414587084,0.43065,0.019754176773533243,0.43065,0.019754176773533243,124.57500000000002,92.37779427438176,200.95000000000002,3.412843389316304,241.4,2.4166091947189146,201.75,2.3848480035423507,223.55,1.243985530462462,296.48,18.766422141687006,12.369555731333724,300,8.6
137.0,2.4494897427831783,231.8,5.3814496188294845,6.902959116032312,0.2703039920306012,57.3654376,3.34779494222102,0.0008616000000000001,0.0010225711906757399,3097.6500000000005,130.23306031879923,442.6,99.75088972034285,501.5,128.5210099555711,114.20000000000002,4.3772137256478505,138.00000000000003,1.7320508075688774,137.0,5.059644256269407,114.20000000000002,4.3772137256478505,106.8,4.512205669071391,101.50000000000001,6.844705983459042,8.334,0.710861449229032,60.55,12.108777807854928,5.1499999999999995,3.578058132562969,0.6674025840000001,0.3308092175179156,10.635,0.4527306042228647,0.14124406,0.0059621417912022225,4.921,0.23976863848301744,1.8310000000000002,0.0889325587172662,4.154,0.9878785350436561,360.36000000000007,28.721183819613014,16.214000000000002,2.680220886419625,722.47,35.46725391117841,8.5,1.5,410.026,26.76625494909589,2.867,0.3858250899047391,57.3654376,3.34779494222102,1814.1120000000003,221.82711510543524,116.9,1.3,126.0,1.4142135623730951,5.144000000000001,0.6650443594227381,6.916,0.24204131878668989,24.665,0.7710804108522012,745.37,35.4672539111784,0.43089999999999995,0.019952192861938767,0.43089999999999995,0.019952192861938767,124.05000000000001,92.59725967867516,201.3,3.3481338085566414,241.60000000000002,2.4576411454889016,202.0,2.449489742783164,223.60000000000002,1.1999999999999906,296.86999999999995,18.57057080436679,12.228301672142033,300,8.5
137.25,2.48746859276655,232.2,5.455272678794342,6.928017610100242,0.2637215837972006,57.2230176,3.348859482979936,0.0009416000000000001,0.001045655698592993,3095.05,128.95305347295968,448.05,98.77220003624502,509.24999999999994,126.40050435025962,114.50000000000001,4.283689998120772,138.25,1.6393596310755,137.89999999999998,4.194043395102153,114.50000000000001,4.283689998120772,107.2,4.331281565541543,101.55000000000001,6.844523358130937,8.2825,0.7052792000335751,61.2,11.816725434738679,5.2,3.5545745174352446,0.617152584,0.32910011483865453,10.6105,0.4383089663696148,0.14084638,0.005814589247539334,4.9075,0.23112496619794215,1.827,0.08706893820416095,4.1245,0.9708371387622129,358.43,28.72756690010486,16.023500000000002,2.709469090061741,723.32,35.46018330465876,8.4,1.4628738838327795,409.296,26.405481703616015,2.8345000000000002,0.3556469457200498,57.2230176,3.348859482979936,1818.2620000000004,220.95477341754807,117.0,1.2247448713915892,126.1,1.3379088160259653,5.1535,0.6694047729139672,6.9405,0.23346252375916787,24.616500000000002,0.709205717687047,746.22,35.46018330465876,0.43115,0.02014516070921253,0.43115,0.02014516070921253,123.52500000000002,92.81323652906411,201.65,3.2446109165815242,241.8,2.4819347291981715,202.25,2.4874685927665356,223.65,1.1521718621802834,297.26,18.364351336216593,11.764497800735448,300,8.4
136.75,2.3848480035423645,230.80000000000004,6.128621378417825,6.90277179471719,0.2701714607678173,57.75048760000001,3.5852264261690143,0.0009116,0.0010986318036539811,3082.6000000000004,142.00544883912028,431.15000000000003,107.41940001694294,487.3,137.94277799145556,114.0,4.3817804600413215,137.85000000000002,1.6815171720800237,136.5,5.034878350069642,114.0,4.3817804600413215,107.1,4.836320915737499,102.39999999999999,7.946068210127573,8.3885,0.7149704539349859,59.775,12.481461252593785,4.975,3.713068138345969,0.721602584,0.3305629414940755,10.651,0.4582455673544483,0.14183998,0.006318357416101124,4.897,0.2607700136135286,1.8345,0.09019284894047865,4.1215,0.9896124241338122,358.59000000000003,30.927429573115194,16.174500000000002,2.721017227067848,717.535,40.44104690781385,8.65,1.5898113095584647,406.121,31.038877863092928,2.904,0.4184423496731659,57.75048760000001,3.5852264261690143,1791.4430000000002,243.1159143515702,116.95,1.3219304066402287,126.10000000000001,1.4798648586948742,5.0255,0.7828567876693667,6.9175,0.24320516030709555,24.631999999999998,0.7658629120149371,740.4350000000001,40.44104690781385,0.4277,0.021835979483412236,0.4277,0.021835979483412236,140.07999999999998,109.80478404878359,200.89999999999998,3.477067730142742,241.29999999999998,2.511971337416094,201.75,2.3848480035423507,223.75000000000003,1.2990381056766467,299.78499999999997,21.754477125410304,12.369555731333724,300,8.65
137.0,2.449489742783178,231.20000000000002,6.257795138864806,6.927830288785121,0.2636035505192757,57.6080676,3.6014795613031936,0.0009916,0.0011165732577847276,3080.0,140.55435781220018,436.59999999999997,107.0954714261999,495.05,136.77626804383866,114.30000000000001,4.302324952859783,138.10000000000002,1.6093476939431082,137.39999999999998,4.2708313008125245,114.30000000000001,4.302324952859783,107.5,4.642197755374064,102.45,7.940245588141465,8.337,0.7133659649857146,60.425000000000004,12.239561879413822,5.025,3.692813967694555,0.671352584,0.3370327958540765,10.6265,0.4448850975251927,0.1414423,0.006217549738281155,4.8835,0.2515606288750286,1.8305,0.08851412316687095,4.0920000000000005,0.9716151501494819,356.66,30.82272538241874,15.984,2.7470937370246395,718.3850000000001,40.538454274922714,8.55,1.5644487847162016,405.391,30.635399442475045,2.8715,0.39385625550446707,57.6080676,3.6014795613031936,1795.5930000000003,242.7081445089967,117.05000000000001,1.2439855304624727,126.2,1.4,5.035,0.7879942893194086,6.942,0.2345122598074566,24.583499999999997,0.7012508467018057,741.285,40.53845427492273,0.42795,0.02204875279919479,0.42795,0.02204875279919479,139.55499999999998,110.06346566867683,201.25,3.418698582794336,241.5,2.5592967784139455,202.0,2.449489742783164,223.8,1.2489995996796701,300.175,21.52595816682733,12.01078741877911,300,8.55
136.75,2.384848003542364,230.20000000000002,6.823488843692792,6.92764296747,0.2634853311926161,57.993117600000005,3.798673876397478,0.0010416000000000002,0.0011811332862975287,3064.9500000000003,149.76368051032935,425.15000000000003,113.66937802240321,480.84999999999997,145.03491820937467,114.10000000000001,4.311612227462013,137.95000000000002,1.5644487847162016,136.9,4.288356328478313,114.10000000000001,4.311612227462013,107.8,4.915282290977803,103.35000000000001,8.810646968299208,8.3915,0.7172327028238463,59.65,12.600694425308472,4.85,3.8180492401225,0.725552584,0.33615479377158314,10.6425,0.4507979037218343,0.14203822,0.006541877412914437,4.8595,0.2683183743242342,1.8339999999999999,0.08979977728257459,4.0595,0.971305693383911,354.89000000000004,32.68855916066048,15.944500000000001,2.7836495379267845,713.45,44.50392679303704,8.7,1.6462077633154328,401.486,33.901443686073314,2.9085,0.4254676838491967,57.993117600000005,3.798673876397478,1772.9240000000002,260.7023356320384,117.1,1.2609520212918492,126.3,1.452583904633395,4.9165,0.8750329993777378,6.943500000000001,0.2355477658565244,24.5505,0.6916319469197467,736.35,44.503926793037046,0.42475,0.02336637541425713,0.42475,0.02336637541425713,155.585,122.88089467040838,200.85,3.539420856580918,241.2,2.5999999999999996,201.75,2.3848480035423507,223.95,1.3219304066402178,303.09000000000003,23.92676116819826,12.01078741877911,300,8.7
137.0,2.449489742783178,232.8,2.3579652245103193,6.862029165120664,0.28681174243684865,56.687732600000004,2.9035776125414046,0.0005316,0.0006628784503964509,3123.4500000000003,105.80033081233725,460.6000000000001,87.79886104044859,522.4499999999999,116.87620587613203,114.3,4.828043081829318,137.8,1.9390719429665317,136.05,6.1682655584856265,114.3,4.828043081829318,105.5,3.9937451095431715,99.65,3.0540956108150903,8.292,0.7454770284857876,61.849999999999994,12.791696525480894,5.799999999999999,3.6,0.685252584,0.2957003443454464,10.608500000000001,0.5055815957884546,0.140450185,0.005775594371861222,4.982,0.20745119908065107,1.8235,0.09727666729488628,4.1725,1.095535827802998,367.86,22.071166711345384,17.034,2.5560563374072958,732.505,21.32426962406919,8.3,1.452583904633395,418.395,12.868841245426871,2.8585000000000003,0.3690972094177902,56.687732600000004,2.9035776125414046,1869.6000000000001,180.94542685572355,116.7,1.452583904633395,125.7,1.452583904633395,5.3435,0.11507714803556794,6.871000000000001,0.25651315755726856,24.740499999999997,0.9263934099506533,755.405,21.32426962406916,0.4368,0.013029197979921877,0.4368,0.013029197979921877,93.715,6.632290328385811,201.5,3.3090784215548594,241.85,2.2863726730347356,202.0,2.449489742783164,223.29999999999998,1.053565375285267,290.815,7.015858821270577,10.970700981454987,300,8.3
137.25,2.48746859276655,233.2,2.3579652245103193,6.887087659188595,0.2842482842810598,56.545312599999995,2.871385435889031,0.0006116000000000001,0.0007348141533748516,3120.8500000000004,104.86233832983127,466.05,85.54617174368471,530.2,113.11392487222783,114.60000000000001,4.737087712930798,138.05,1.8834808201837363,136.95000000000002,5.634491991297884,114.60000000000001,4.737087712930798,105.9,3.9230090491866063,99.70000000000002,3.083828789021855,8.2405,0.737227746357935,62.5,12.44789138770097,5.85,3.5675621928706445,0.635002584,0.29682446974266724,10.584,0.491389865585362,0.140052505,0.005566721414573843,4.968500000000001,0.2015260529063176,1.8195000000000001,0.0952614822475485,4.143,1.080699310631778,365.93000000000006,22.725604502410945,16.8435,2.6464094071023854,733.355,20.90845462964683,8.2,1.4,417.665,12.595351324992878,2.826,0.3366065953008052,56.545312599999995,2.871385435889031,1873.7500000000002,178.59014530482918,116.80000000000001,1.4000000000000001,125.8,1.4,5.353000000000001,0.12357588761566722,6.895500000000001,0.25283344319927314,24.692,0.8797363241335436,756.255,20.9084546296468,0.43705,0.013211642592804286,0.43705,0.013211642592804286,93.19000000000001,7.223565601557167,201.85000000000002,3.1823733281939126,242.05,2.290742237791062,202.25,2.4874685927665356,223.35,1.013656746635659,291.205,6.80650240578817,10.970700981454987,300,8.2
137.5,2.5,233.6,2.2891046284519194,6.912146153256524,0.27942323164670146,56.4028926,2.831674200542789,0.0006916,0.0007922725793563728,3118.2500000000005,103.85080644848166,471.50000000000006,82.87490573146977,537.9499999999999,108.67082175082695,114.9,4.624932431938864,138.3,1.7916472867168918,137.85,4.881342028581894,114.9,4.624932431938864,106.3,3.809199390948182,99.75,3.112474899497183,8.189,0.725237202575819,63.15,12.059332485672662,5.8999999999999995,3.5341194094144583,0.5847525840000001,0.2893453179680217,10.5595,0.47551524686386254,0.139654825,0.005320055028087116,4.955000000000001,0.19448650338776702,1.8155000000000001,0.09303090884216922,4.1135,1.0648393071257278,364.0,23.20172407387004,16.653,2.7204707313257384,734.2049999999999,20.448899114622286,8.1,1.3379088160259651,416.935,12.27244372568071,2.7935,0.29709047443497755,56.4028926,2.831674200542789,1877.9,176.10561461804676,116.9,1.3379088160259651,125.9,1.3379088160259651,5.362500000000001,0.13083864108129528,6.920000000000001,0.2466779276708803,24.6435,0.8276247640084239,757.105,20.448899114622254,0.4373,0.013386933928275,0.4373,0.013386933928275,92.665,7.73442143925452,202.2,3.0099833886584824,242.25,2.277608394786075,202.5,2.499999999999986,223.4,0.9695359714832618,291.59499999999997,6.567379614427671,10.724411363411324,300,8.1
137.75,2.48746859276655,233.99999999999997,2.1447610589527217,6.937204647324454,0.27221635035600134,56.2604726,2.7841221815508823,0.0007716000000000001,0.0008382361481110201,3115.65,102.76356358165087,476.95000000000005,79.74300909797672,545.6999999999999,103.45921901889652,115.2,4.489988864128723,138.55,1.6575584454250776,138.75,3.779880950506246,115.2,4.489988864128723,106.7,3.64828726939094,99.8,3.1400636936215167,8.1375,0.7093156913532926,63.800000000000004,11.621531740695803,5.95,3.4996428389194234,0.5345025840000001,0.27255556354992205,10.535,0.45778269954204265,0.139257145,0.005030038263420568,4.9415,0.18620620290419948,1.8114999999999999,0.09056903444334603,4.0840000000000005,1.0479093472242722,362.07,23.51036154549735,16.462500000000002,2.779542903068776,735.0550000000001,19.942579447002338,8.0,1.2649110640673518,416.205,11.89609494750272,2.761,0.2472023462671826,56.2604726,2.7841221815508823,1882.0500000000002,173.48628187842405,117.0,1.2649110640673518,126.0,1.2649110640673518,5.372,0.1370620297529553,6.944500000000001,0.2378544723144806,24.595,0.7689505835877878,757.955,19.942579447002302,0.43755,0.013555349497523121,0.43755,0.013555349497523121,92.14,8.179938875077243,202.54999999999998,2.7834331319433563,242.45,2.246664193866097,202.75,2.4874685927665356,223.45,0.9205976319760963,291.985,6.295099284363999,10.176904162174525,300,8.0
137.0,2.449489742783178,232.2,4.1182520563948,6.886900337873473,0.2841117933105302,56.9303626,3.243848044479834,0.0006616,0.0008522275752403228,3105.8,122.06280145892113,454.6,97.17942168998538,516.0,126.9661372177637,114.39999999999999,4.75815090134812,137.9,1.841195263952197,136.45,5.607807058021879,114.39999999999999,4.75815090134812,106.2,4.354308211415448,100.60000000000001,5.388877434122992,8.295000000000002,0.7480340901322611,61.725,12.92814275137771,5.675,3.735890121510535,0.689202584,0.30241369964407294,10.6,0.4981164522478656,0.140648425,0.0060649019710029145,4.944500000000001,0.23109467756744184,1.823,0.09685556256612213,4.1105,1.0819541348874266,364.16,25.84125383954889,16.804,2.6969545787795535,728.42,30.36693267355134,8.35,1.5256146302392357,413.76,21.5704195601291,2.863,0.37758575184982823,56.9303626,3.243848044479834,1851.0810000000001,210.9416660098237,116.85000000000001,1.4239030865898143,125.9,1.4798648586948742,5.2345,0.4851646627692499,6.897000000000001,0.2540688882960684,24.659,0.8761843413346299,751.32,30.36693267355133,0.43385,0.017106358466956087,0.43385,0.017106358466956087,109.22000000000001,67.26358301488257,201.45000000000002,3.3834154341434335,241.75,2.405722344743882,202.0,2.449489742783164,223.5,1.1618950038622164,294.12,14.413417360223779,11.90575185992714,300,8.35
137.25,2.48746859276655,232.6,4.17612260356422,6.911958831941403,0.2793011893018233,56.7879426,3.2257948220957333,0.0007416,0.0008977949877338367,3103.2000000000003,120.871615774755,460.05,95.49213318383877,523.75,123.91564671178536,114.7,4.65939910288869,138.15,1.7684739183827394,137.35,4.942418436352795,114.7,4.65939910288869,106.6,4.223742416388576,100.65,5.3969899017878475,8.243500000000001,0.7400221280475332,62.375,12.594517656504356,5.725,3.706329046374593,0.6389525840000001,0.3041662258115052,10.5755,0.4832750252185604,0.140250745,0.005879762328825464,4.931000000000001,0.2235374688950376,1.8190000000000002,0.09481033698917013,4.081,1.065213124215056,362.23,26.13053960407248,16.6135,2.7669464667752424,729.27,30.191623010364978,8.25,1.479019945774904,413.03000000000003,21.249745880833494,2.8305,0.3463159684450026,56.7879426,3.2257948220957333,1855.2310000000002,209.2923473493477,116.95000000000002,1.3592277219068187,126.00000000000001,1.4142135623730951,5.244000000000001,0.48937102488807,6.921500000000001,0.24779578285354265,24.6105,0.8219031268951343,752.1700000000001,30.191623010364964,0.4341,0.017288435441068697,0.4341,0.017288435441068697,108.69500000000001,67.44525539279987,201.8,3.2649655434629015,241.95000000000002,2.4181604578687494,202.25,2.4874685927665356,223.55,1.1169153951844268,294.50999999999993,14.222338063764346,11.764497800735448,300,8.25
137.5,2.5,232.99999999999997,4.1952353926806065,6.937017326009333,0.272108326485603,56.6455226,3.2013102661322352,0.0008216,0.0009343339017717382,3100.6,119.612070879155,465.5,93.45720945973082,531.5,120.2898582591234,115.0,4.53872228716408,138.4,1.6552945357246849,138.25,3.973348713616765,115.0,4.53872228716408,107.0,4.049691346263318,100.7,5.404627646748664,8.192,0.7282897774924482,63.025000000000006,12.217277724599699,5.775,3.6758502417808048,0.588702584,0.29753993869128825,10.551,0.46667869032129605,0.13985306499999997,0.005660730995576016,4.9175,0.21486914622625533,1.815,0.09254728521139882,4.051500000000001,1.0473742167916873,360.3,26.275273547577015,16.423000000000002,2.8223821498868644,730.12,29.991208711887555,8.15,1.4239030865898141,412.3,20.89867459912231,2.798,0.308522284446359,56.6455226,3.2013102661322352,1859.381,207.546963020421,117.05000000000001,1.2835497652993437,126.10000000000001,1.3379088160259651,5.2535,0.4933586423688147,6.946000000000001,0.23885979150958,24.561999999999998,0.7606878466230411,753.0200000000001,29.991208711887545,0.43435,0.017465036501536444,0.43435,0.017465036501536444,108.17,67.62236390425878,202.15,3.1028212968200406,242.15,2.414021540914662,202.5,2.499999999999986,223.6,1.0677078252031258,294.9,14.017810100012063,11.300693929328864,300,8.15
137.0,2.449489742783178,231.6,5.2573757712379665,6.911771510626282,0.279178967919128,57.1729926,3.53505285469675,0.0007916,0.0009896341950438052,3088.1500000000005,134.09660696676855,448.6000000000001,105.38994259415838,509.54999999999995,136.0056892192382,114.5,4.6850827100489845,138.00000000000003,1.7320508075688772,136.85,4.952524608722303,114.5,4.6850827100489845,106.89999999999999,4.581484475582123,101.55,6.851824574520279,8.298,0.7505704497247409,61.599999999999994,13.0619676925033,5.549999999999999,3.8629651823437396,0.693152584,0.30893072495110546,10.5915,0.4903904056973385,0.140846665,0.006334823067164154,4.907,0.24690281488877341,1.8225,0.09643002644404905,4.048500000000001,1.0645951108285252,360.46000000000004,28.653523343561094,16.574,2.81209957149458,724.3349999999999,36.826651694119576,8.4,1.5937377450509227,409.125,26.869917658973208,2.8674999999999997,0.3858351331851469,57.1729926,3.53505285469675,1832.5620000000001,235.72360657346138,117.0,1.378404875209022,126.10000000000001,1.4798648586948742,5.125500000000001,0.658608191567642,6.923000000000001,0.24889957814347546,24.5775,0.8148059584956403,747.2350000000001,36.82665169411957,0.4309,0.019952192861938767,0.4309,0.019952192861938767,124.72500000000001,92.32541294248296,201.39999999999998,3.455430508634199,241.65,2.515452245621053,202.0,2.449489742783164,223.7,1.2288205727444417,297.42499999999995,18.558687318881155,12.123266113290063,300,8.4
137.25,2.48746859276655,231.99999999999997,5.347896782848375,6.936830004694213,0.2720001307093428,57.03057259999999,3.528301505439075,0.0008716000000000002,0.0010189798035290004,3085.55,132.66778056483798,454.05,104.15060009428655,517.3,133.5372981604765,114.80000000000001,4.578209256903832,138.25000000000003,1.6393596310755,137.75,4.0972551787751765,114.80000000000001,4.578209256903832,107.3,4.3943145085439665,101.60000000000001,6.851277253184255,8.2465,0.7427938812348953,62.25,12.738229861326886,5.6,3.836013555763327,0.642902584,0.31128478120655945,10.567,0.47486945574547135,0.140448985,0.006170593535817689,4.8934999999999995,0.23772410479377115,1.8185,0.09435438516571447,4.019,1.0458293359817366,358.53000000000003,28.66665484495881,16.3835,2.86403609439546,725.1850000000001,36.77676270418592,8.299999999999999,1.5524174696260022,408.39500000000004,26.485733423864254,2.835,0.3557035282366483,57.03057259999999,3.528301505439075,1836.7120000000002,234.57669661754557,117.10000000000001,1.3,126.2,1.4,5.135,0.663275960667956,6.947500000000001,0.2398515165680635,24.529,0.7508854772866493,748.085,36.77676270418591,0.43115,0.020145160709212528,0.43115,0.020145160709212528,124.2,92.54585349976519,201.75,3.344772040064913,241.85000000000002,2.535251466817444,202.25,2.4874685927665356,223.74999999999997,1.177921898938967,297.815,18.340536388012218,11.764497800735448,300,8.299999999999999
137.0,2.449489742783178,231.0,6.131883886702357,6.936642683379091,0.2718917628219977,57.4156226,3.7885232745125963,0.0009216000000000001,0.0010948332475769998,3070.5,142.97352027560908,442.6,112.6864676880059,503.09999999999997,144.1925448835688,114.6,4.608687448721158,138.1,1.6093476939431082,137.25,4.157823950096974,114.6,4.608687448721158,107.6,4.694677837722201,102.5,7.940403012442127,8.301,0.7530863164339129,61.475,13.193251115627262,5.425,3.9820691857374855,0.6971025839999999,0.3152635959085914,10.583,0.48239092031256164,0.141044905,0.006587741075017678,4.8694999999999995,0.2563293779495434,1.8219999999999998,0.09599999999999999,3.9865000000000004,1.0432702190707832,356.76000000000005,30.771714284387865,16.344,2.90455573194938,720.25,41.91514642703756,8.450000000000001,1.6575584454250776,404.49,30.589794049649964,2.872,0.39386038135359597,57.4156226,3.7885232745125963,1814.0430000000001,256.8052651543578,117.15,1.3143439428094916,126.30000000000001,1.452583904633395,5.0165,0.7799889422293114,6.949000000000001,0.2408298154299007,24.496,0.739482251308305,743.1500000000001,41.91514642703757,0.42795000000000005,0.02204875279919479,0.42795000000000005,0.02204875279919479,140.23,109.73952842982331,201.35,3.525265947414464,241.54999999999998,2.6167728216259047,202.0,2.449489742783164,223.89999999999998,1.26095202129184,300.73,21.430284645799745,11.90575185992714,300,8.450000000000001
137.75,2.48746859276655,233.0,4.732863826479693,6.933083433557544,0.26050015975566776,56.8400338,2.7798106800076803,0.0011208000000000001,0.0009379821746707131,3114.2000000000003,104.6854693832912,451.95000000000005,85.73475083068709,509.55,112.9661343058175,114.5,4.018706259482016,138.25,2.0463381929681126,136.65,6.762211176826704,114.5,4.018706259482016,106.80000000000001,4.190465367951393,101.65,4.860812689252694,8.2205,0.6500113460548208,60.375,10.914296816561293,4.824999999999999,3.1195953263203866,0.585701292,0.4047875619530287,10.667500000000002,0.41904504531136055,0.14104427500000002,0.005403221090042033,4.952,0.2077402223932572,1.8339999999999999,0.0796492310069595,4.265000000000001,0.880065338483456,356.07000000000005,24.190227365611932,15.938500000000001,2.5887685779149896,726.1000000000001,27.4611725896765,8.450000000000001,1.3592277219068187,414.052,20.477105654852693,2.9665000000000004,0.35847280231560114,56.8400338,2.7798106800076803,1818.6310000000003,179.98182091255774,116.75,1.2599603168354152,125.8,1.3266499161421599,5.3,0.5033090501868608,6.9365000000000006,0.24054677299851698,24.9405,0.8128436196464851,749.0,27.461172589676494,0.4392,0.01644870815596168,0.4392,0.01644870815596168,104.47500000000002,68.45313634158774,201.70000000000002,3.3926390907374753,242.25,2.299456457513384,202.75,2.4874685927665356,223.25,1.0897247358851583,293.41999999999996,14.101971493376386,12.01078741877911,1100,8.450000000000001
137.5,2.5,232.0,5.779273310719955,6.932896112242424,0.26038431057192607,57.2250838,3.1269919147328733,0.0011708,0.0010075865024899847,3099.15,121.0871586915805,440.50000000000006,95.67261886245197,495.35,124.50111445284335,114.3,4.038564101261726,138.1,2.0223748416156684,136.15,6.7177004994268685,114.3,4.038564101261726,107.1,4.537620521815371,102.55000000000001,6.296626080687974,8.275,0.6638862854435238,59.599999999999994,11.314371392171992,4.6499999999999995,3.2561480310329873,0.639901292,0.41538718114438367,10.6835,0.42377204957382486,0.14164019500000002,0.005814414467637737,4.928,0.23485314560380055,1.8375,0.08092434738692675,4.2325,0.8860918406124728,354.3,26.487355473886034,15.899,2.6268439237990515,721.1650000000001,34.168644617543734,8.6,1.4628738838327795,410.147,26.414663560227307,3.0035000000000003,0.3838915862584123,57.2250838,3.1269919147328733,1795.9620000000002,206.1465912791187,116.8,1.2884098726725126,125.89999999999999,1.4106735979665883,5.1815,0.6788760932600292,6.938000000000001,0.2415905627295902,24.9075,0.8190718832923027,744.0649999999999,34.168644617543734,0.436,0.02005991026899174,0.436,0.02005991026899174,120.50500000000001,93.78829604486906,201.3,3.5651086939951773,241.95,2.43874967965144,202.49999999999997,2.499999999999986,223.39999999999998,1.2409673645990733,296.335,18.637872062013955,12.68749170113598,1100,8.6
137.75,2.48746859276655,232.4,5.834380858325929,6.957954606310353,0.250568279638418,57.0826638,3.1217349214814445,0.0012508,0.001006728642683817,3096.5500000000006,119.74197259106766,445.95,94.7726094396477,503.1,122.7,114.6,3.929376540877692,138.35,1.9306734576307822,137.05,6.216711349258545,114.6,3.929376540877692,107.50000000000001,4.330127018922194,102.60000000000001,6.288083968904996,8.223500000000001,0.6532708090830326,60.25,11.057237448838656,4.7,3.2380549717384355,0.589651292,0.4106760007659043,10.659,0.41122864686205923,0.141242515,0.00569076435237614,4.9145,0.226439285460805,1.8335,0.07920069444139993,4.202999999999999,0.8697189201115497,352.37000000000006,26.04909019524483,15.7085,2.633995586556667,722.0150000000001,34.19376076128509,8.5,1.4317821063276355,409.41700000000003,26.052411999659466,2.971,0.3658811282370273,57.0826638,3.1217349214814445,1800.1120000000003,205.57432961340285,116.9,1.2206555615733703,126.0,1.3416407864998738,5.191,0.6826265450449462,6.9625,0.23067021914412802,24.859,0.7764077536964707,744.915,34.1937607612851,0.43625,0.020188796398002536,0.43625,0.020188796398002536,119.98000000000002,93.9817354596094,201.65,3.4680686267719674,242.15,2.43464576478797,202.75,2.487468592766536,223.45000000000002,1.2031209415515853,296.72499999999997,18.44372183156101,12.369555731333724,1100,8.5
137.25,2.48746859276655,231.0,6.511528238439882,6.932708790927303,0.26026827500245947,57.6101338,3.3959214431321523,0.0012208,0.0010703506715091088,3084.1000000000004,133.83627124214124,429.05,103.41106082039772,481.15000000000003,133.5530886950953,114.1,4.048456495999424,137.95000000000002,1.9868316486305528,135.65,6.635322147416808,114.1,4.048456495999424,107.4,4.841487374764082,103.45,7.3517004835616095,8.3295,0.6730785615364673,58.824999999999996,11.649329379839854,4.475,3.3781466812440217,0.694101292,0.4187657700986042,10.6995,0.4278489803657364,0.142236115,0.0061408298919832524,4.904,0.2569124364447932,1.841,0.08203048213926332,4.2,0.8908928106119164,352.53000000000003,28.49082483888454,15.8595,2.6637895468673944,716.2300000000001,39.14291889984701,8.75,1.5451537140362444,406.24199999999996,30.751569000621753,3.0405,0.40435720594543634,57.6101338,3.3959214431321523,1773.2930000000001,227.0938378974648,116.85000000000001,1.3143439428094914,126.0,1.4832396974191326,5.063000000000001,0.8002130966186444,6.939500000000001,0.2426205885740121,24.874499999999998,0.8239324911666002,739.13,39.14291889984701,0.43279999999999996,0.022666274506411503,0.43279999999999996,0.022666274506411503,136.535,111.3226628993396,200.9,3.686461718233352,241.65,2.5352514668174435,202.25,2.4874685927665356,223.54999999999998,1.3592277219068045,299.25,21.88333841076357,13.087092356442959,1100,8.75
137.5,2.5,231.39999999999998,6.6211781428987395,6.957767284995232,0.250466437914988,57.4677138,3.4072144891563196,0.0013008,0.0010657966785461476,3081.5000000000005,132.32508265631276,434.5,103.18551254900078,488.9,132.7075355810664,114.39999999999999,3.9547439866570295,138.2,1.9131126469708992,136.55,6.200604809210146,114.39999999999999,3.9547439866570295,107.8,4.621688003316537,103.50000000000001,7.338255923582932,8.278,0.6668328126299724,59.475,11.443857522706232,4.525,3.3633130987167994,0.643851292,0.4206187555878566,10.674999999999999,0.4163712285929471,0.141838435,0.0060630970639001846,4.8905,0.2479410212127068,1.837,0.08050465825031493,4.1705,0.8735128791265759,350.6,27.961938416354474,15.669,2.6680234256842645,717.08,39.27180413477334,8.65,1.5256146302392357,405.512,30.347181351815863,3.008,0.39039211057602075,57.4677138,3.4072144891563196,1777.443,226.989320918408,116.95,1.2439855304624727,126.1,1.4106735979665885,5.0725,0.8047973347371373,6.964,0.23159015523117568,24.825999999999997,0.7794831621016579,739.98,39.27180413477334,0.43305,0.022815510075385126,0.43305,0.022815510075385126,136.01,111.56114422145373,201.25000000000003,3.6314597615834874,241.85,2.5548972582082436,202.49999999999997,2.499999999999986,223.6,1.319090595827279,299.64,21.665811778006386,12.82874576032767,1100,8.65
137.75,2.48746859276655,231.8,6.705221845696084,6.9828257790631625,0.23763720630613439,57.3252938,3.412531580734274,0.0013808000000000002,0.0010551751323832456,3078.9000000000005,130.74474176807266,439.95,102.67057757702545,496.65000000000003,131.40025684906405,114.7,3.8353617821530133,138.45000000000002,1.8020821290940099,137.45,5.58994633247941,114.7,3.8353617821530133,108.2,4.354308211415448,103.55,7.324445371494008,8.226500000000001,0.6565003808072011,60.125,11.196958292322071,4.575,3.347667098144617,0.593601292,0.416443729570127,10.650500000000001,0.40308156742773565,0.14144075500000003,0.005957868871121203,4.877000000000001,0.23786761023729128,1.8330000000000002,0.07874642849044011,4.141,0.8547625401244489,348.67,27.286683565431694,15.4785,2.6586355052921413,717.9300000000001,39.381926057520346,8.55,1.499166435056495,404.782,29.919525998919173,2.9755,0.3730881263187024,57.3252938,3.412531580734274,1781.593,226.80883450827045,117.05000000000001,1.16081867662439,126.20000000000002,1.3266499161421599,5.082000000000001,0.809244091730054,6.9885,0.2172619386823197,24.7775,0.7291219033879038,740.83,39.38192605752035,0.4333,0.022961053982777015,0.4333,0.022961053982777015,135.485,111.79665144806438,201.6,3.5411862419251547,242.05,2.558808316384797,202.75,2.4874685927665356,223.65,1.275735082217296,300.03,21.438985517043484,12.369555731333724,1100,8.55
137.0,2.449489742783178,230.0,7.0285133563222315,6.932521469612182,0.26015205279786724,57.9951838,3.6041586335849263,0.0012708,0.0011274176510947486,3069.05,143.9068796131721,417.6,109.41773165259825,466.95000000000005,140.60244485783312,113.9,4.0484564959994245,137.8,1.9390719429665317,135.15,6.513639535620619,113.9,4.0484564959994245,107.7,5.109794516416487,104.35000000000001,8.17480886626715,8.384,0.6777787249538009,58.05,11.924659324274216,4.3,3.487119154832539,0.748301292,0.41509968700720196,10.7155,0.43129427308973195,0.14283203500000002,0.006395461408708136,4.88,0.275136329843952,1.8444999999999998,0.08297439364044788,4.1675,0.8944879820321792,350.76000000000005,30.259021795160532,15.819999999999999,2.6996518294031913,711.2950000000001,42.98989968585645,8.9,1.6093476939431082,402.337,34.104039218250975,3.0775,0.4205933309029044,57.9951838,3.6041586335849263,1750.6240000000003,244.17010096242336,116.9,1.3379088160259651,126.10000000000001,1.5459624833740306,4.9445,0.8897891604194782,6.941000000000001,0.2436370251008661,24.841499999999996,0.8274495452896203,734.195,42.98989968585646,0.4296,0.024589428622885896,0.4296,0.024589428622885896,152.56500000000003,124.399776024718,200.50000000000003,3.7616485747608057,241.35,2.5937424698685874,202.0,2.449489742783164,223.70000000000002,1.4525839046333793,302.165,24.359726496822585,13.275831245125143,1100,8.9
137.25,2.48746859276655,230.4,7.1860976892886725,6.957579963680112,0.2503644146122577,57.8527638,3.629940113174977,0.0013508,0.0011195278290422263,3066.4500000000003,142.22766960053872,423.05,109.77453028822305,474.7,140.58452973211527,114.2,3.9698866482558333,138.04999999999998,1.8834808201837363,136.05,6.14389941323912,114.2,3.9698866482558333,108.10000000000001,4.877499359302879,104.4,8.157205403813245,8.332500000000001,0.6757431094728232,58.7,11.766902736064406,4.3500000000000005,3.4752697737010285,0.698051292,0.4234503719439588,10.690999999999999,0.4208432012044394,0.142434355,0.006358242823726935,4.8665,0.2655611982199205,1.8404999999999998,0.08163792011069365,4.138,0.8760856122548756,348.83000000000004,29.6465697847154,15.6295,2.701045121800078,712.1450000000001,43.20448443159576,8.8,1.6,401.60699999999997,33.65526126774238,3.045,0.4101280287910106,57.8527638,3.629940113174977,1754.7740000000001,244.45803628434885,117.0,1.2649110640673518,126.2,1.4696938456699067,4.954,0.8951726090536953,6.9655000000000005,0.23249677417117004,24.793,0.7811536340567069,735.045,43.204484431595766,0.42985,0.024759392157320828,0.42985,0.024759392157320828,152.04,124.68074991753939,200.85000000000002,3.7453304260105007,241.54999999999998,2.6358110706194404,202.25,2.487468592766536,223.75,1.409787217987154,302.555,24.117410205077995,13.087092356442959,1100,8.8
137.5,2.5,230.8,7.318469785412795,6.982638457748041,0.23754943355737076,57.7103438,3.6499868604734407,0.0014308,0.0011058094591745904,3063.8500000000004,140.4802833140651,428.5,109.86013835782295,482.45000000000005,140.13867239274103,114.5,3.866522985836233,138.3,1.7916472867168918,136.95000000000002,5.607807058021879,114.5,3.866522985836233,108.49999999999999,4.598912915026768,104.45,8.13925672282181,8.281,0.6697529395232245,59.349999999999994,11.570544498855703,4.3999999999999995,3.462657938636157,0.647801292,0.4257494096830635,10.6665,0.4086596995055914,0.14203667500000003,0.0062957349226182525,4.853,0.25491371089056764,1.8365,0.08007964785137356,4.1085,0.8562725909428609,346.90000000000003,28.892559595854433,15.438999999999998,2.688975455447669,712.995,43.40136489789233,8.700000000000001,1.5842979517754858,400.877,33.18436274813787,3.0124999999999997,0.39673511314225773,57.7103438,3.6499868604734407,1758.924,244.67525376302365,117.10000000000001,1.1789826122551597,126.30000000000001,1.3820274961085253,4.9635,0.9004236502891292,6.99,0.21805962487356534,24.7445,0.7287144502478318,735.8950000000001,43.401364897892336,0.4301,0.024925689559167668,0.4301,0.024925689559167668,151.51500000000001,124.95888633866741,201.2,3.6959437225152656,241.75,2.662235902394827,202.49999999999997,2.499999999999986,223.8,1.3638181696985727,302.945,23.86626227543811,12.68749170113598,1100,8.700000000000001
137.75,2.48746859276655,231.2,7.426977851050857,7.007696951815972,0.22118153271196037,57.567923799999996,3.6643929954660655,0.0015108000000000003,0.0010860416934906322,3061.2500000000005,138.6621433557119,433.95,109.6751909047803,490.2,139.26076260023856,114.8,3.736308338453873,138.55,1.6575584454250776,137.85,4.85051543652837,114.8,3.736308338453873,108.9,4.264973622427225,104.5,8.120960534321048,8.229500000000002,0.6597005002271864,60.00000000000001,11.333578428722326,4.450000000000001,3.449275286201436,0.597551292,0.42209569672229197,10.642000000000001,0.39458332453361505,0.14163899500000002,0.006207173741847014,4.8395,0.24305297776410786,1.8324999999999998,0.07828633341778116,4.079000000000001,0.8349485014059251,344.97,27.985551629367613,15.2485,2.663259797691543,713.8450000000001,43.580781027879716,8.600000000000001,1.5620499351813308,400.147,32.690387746247374,2.98,0.3801052485825472,57.567923799999996,3.6643929954660655,1763.074,244.82194163105564,117.2,1.0770329614269007,126.40000000000002,1.2806248474865698,4.973,0.9055445875273066,7.0145,0.199611497664839,24.696,0.6686882681788276,736.745,43.580781027879716,0.43035,0.02508839373096652,0.43035,0.02508839373096652,150.99,125.23420419358283,201.55,3.6121323342314025,241.95,2.67348087705897,202.75,2.4874685927665356,223.85,1.3143439428094803,303.33500000000004,23.606000826061162,12.010787418779111,1100,8.600000000000001
138.0,2.449489742783178,233.8,2.9933259094191533,6.942083149466636,0.26881781725007997,56.2625388,2.513669139091651,0.0010008,0.0008380946008655586,3119.7500000000005,91.78583768752127,469.40000000000003,78.69332881509081,531.8,106.02150725206656,115.0,4.289522117905436,138.4,2.0591260281974,137.0,6.6932802122726045,115.0,4.289522117905436,106.60000000000001,3.8781438859330635,100.80000000000001,2.4819347291981715,8.13,0.6665433219228888,62.2,11.478675881825394,5.4,3.32264954516723,0.557251292,0.37720885637359713,10.608000000000002,0.4561315599692706,0.14005096,0.005274691420206495,4.962000000000001,0.18712562625145698,1.8219999999999998,0.08657944328765345,4.192,0.9744208536356354,357.94000000000005,21.42686164607408,16.338,2.7192381285941103,732.9000000000001,18.930293183149587,8.200000000000001,1.3266499161421599,417.056,11.412403077354039,2.93,0.3268638860443289,56.2625388,2.513669139091651,1859.7500000000002,163.14974716498952,116.80000000000001,1.32664991614216,125.8,1.3266499161421599,5.4,0.13899640283115242,6.942,0.24587801853764818,24.886,0.878466846272527,755.8,18.930293183149573,0.4424,0.010873821775254559,0.4424,0.010873821775254559,89.12000000000002,7.7002337626853885,202.20000000000002,3.249615361854384,242.6,2.154065922853802,203.0,2.449489742783164,223.20000000000002,0.9797958971132642,291.06,6.323796328156066,11.075736540306957,1100,8.200000000000001
137.75,2.48746859276655,232.8,4.64327470649756,6.941895828151514,0.2687118280009755,56.6475888,2.968836886466106,0.0010508,0.0009218582103555839,3104.7000000000003,110.88168243673074,457.95000000000005,91.62449181305182,517.6,120.87861680214579,114.8,4.331281565541536,138.25,2.0463381929681126,136.5,6.674578638386096,114.8,4.331281565541536,106.9,4.264973622427225,101.7,4.86929152957594,8.1845,0.6872952422358239,61.425,11.978392003937758,5.225,3.480211918834829,0.611451292,0.39250992506416577,10.624,0.46254080901040534,0.14064688,0.005798177263726941,4.938000000000001,0.21793577035447842,1.8255,0.08823123029857399,4.1595,0.9774429650879892,356.17,24.12764182426456,16.2985,2.7612321072303936,727.965,28.962946586975573,8.35,1.4585952145814822,413.151,20.787659295841852,2.9670000000000005,0.35834480601789115,56.6475888,2.968836886466106,1837.0810000000001,196.4307879610526,116.85000000000001,1.3518505834595775,125.89999999999999,1.4106735979665883,5.281499999999999,0.5005724223326731,6.9435,0.24686585426097324,24.852999999999998,0.88219669008674,750.865,28.962946586975566,0.4392,0.01644870815596168,0.4392,0.01644870815596168,105.15,68.27874852397342,201.8,3.4871191548325386,242.3,2.3473389188611002,202.74999999999997,2.4874685927665356,223.35,1.1521718621802812,293.97499999999997,14.22159889042017,12.328723388581363,1100,8.35
138.0,2.449489742783178,233.2,4.64327470649756,6.966954322219444,0.2583398564316451,56.5051688,2.935412963764002,0.0011308,0.0009312865080092162,3102.1000000000004,109.54290255420476,463.40000000000003,89.62945944275242,525.35,117.56499266363265,115.1,4.194043395102146,138.5,1.9364916731037085,137.4,6.118823416311342,115.1,4.194043395102146,107.30000000000001,4.063249930782009,101.75000000000001,4.866980583482946,8.133000000000001,0.6701275997897713,62.075,11.63429735738261,5.275,3.4549782922617616,0.561201292,0.38381386585150495,10.5995,0.44783339536037314,0.14024920000000002,0.005604123470802551,4.924500000000001,0.2094868730970987,1.8215,0.08609732864613164,4.13,0.9603853393300006,354.24,23.797823429885355,16.108,2.795395499745966,728.815,28.792521164357943,8.25,1.4097872179871684,412.421,20.43297185922792,2.9345000000000003,0.33546199486678074,56.5051688,2.935412963764002,1841.2310000000002,194.9568020331684,116.95,1.2835497652993435,126.0,1.3416407864998738,5.291,0.5037648260845531,6.968,0.23561833544951474,24.8045,0.8395920140163314,751.7149999999999,28.792521164357936,0.43945,0.01655740015823741,0.43945,0.01655740015823741,104.62500000000001,68.42650710799143,202.15,3.335790760824186,242.5,2.313006701244076,203.0,2.449489742783164,223.40000000000003,1.1135528725659958,294.365,14.031937678025804,12.01078741877911,1100,8.25
137.5,2.5,231.8,5.670978751503131,6.9417085068363935,0.2686056662946708,57.03263880000001,3.3185727912857,0.0011008,0.0009961137284467071,3089.65,125.34691858996774,446.50000000000006,101.66243160578051,503.4,132.58748055529225,114.6,4.363484845854279,138.10000000000002,2.0223748416156684,136.0,6.618156843109719,114.6,4.363484845854279,107.2,4.6,102.60000000000001,6.296030495478878,8.238999999999999,0.7032275591869248,60.65,12.409774373452565,5.05,3.6224991373359914,0.6656512920000001,0.399957849305495,10.64,0.4683161325429654,0.1412428,0.006221342965309022,4.914,0.24253659517689272,1.8289999999999997,0.08971621926942752,4.127,0.9793778637482063,354.40000000000003,26.43690602169627,16.259,2.8020401496052836,723.0300000000001,35.64603905064348,8.5,1.5652475842498528,409.246,26.52381126459771,3.0040000000000004,0.38372385904449574,57.03263880000001,3.3185727912857,1814.4120000000003,222.54101149226406,116.9,1.374772708486752,126.0,1.4832396974191326,5.163,0.6736029988056763,6.945,0.24784067462787474,24.82,0.8846807333722146,745.93,35.64603905064348,0.436,0.02005991026899174,0.436,0.02005991026899174,121.18000000000002,93.54549481402084,201.4,3.6660605559646724,242.0,2.4899799195977463,202.5,2.499999999999986,223.5,1.2845232578665007,296.89,18.64196609802733,12.945838297251267,1100,8.5
137.75,2.48746859276655,232.2,5.74108003776293,6.966767000904323,0.2582476076544151,56.8902188,3.305338079902533,0.0011807999999999999,0.0010008569128501835,3087.05,123.84865764310892,451.95000000000005,100.49103193817844,511.15,130.42019590538882,114.89999999999999,4.241462012089692,138.35,1.9306734576307822,136.9,6.131068422387732,114.89999999999999,4.241462012089692,107.60000000000001,4.386342439892262,102.65,6.28708994686731,8.1875,0.6905351185855791,61.3,12.119612205017122,5.1000000000000005,3.600694377477766,0.615401292,0.39832452041906363,10.615499999999999,0.4546589381063571,0.14084512000000002,0.006080001605065582,4.9005,0.23359098869605383,1.825,0.08777812939451375,4.097499999999999,0.9613577637903593,352.47,26.00521293894746,16.0685,2.8330571384989747,723.88,35.62564525731429,8.399999999999999,1.5297058540778357,408.516,26.137919274494674,2.9715000000000003,0.365749572795376,56.8902188,3.305338079902533,1818.5620000000001,221.66586272134916,117.0,1.3038404810405297,126.1,1.4106735979665885,5.1725,0.6776420515286813,6.9695,0.23648414323163416,24.7715,0.8402992026653362,746.78,35.62564525731429,0.43625,0.020188796398002536,0.43625,0.020188796398002536,120.65500000000002,93.74321562118509,201.75,3.561951712193752,242.2,2.4819347291981715,202.74999999999997,2.4874685927665356,223.55,1.243985530462462,297.28,18.43612215190603,12.68749170113598,1100,8.399999999999999
138.0,2.449489742783178,232.60000000000002,5.782732917920384,6.991825494972253,0.24490568287189343,56.747798800000005,3.2858830412913,0.0012608000000000003,0.0009991929543386503,3084.4500000000007,122.27677620873067,457.40000000000003,99.00626242819189,518.9,127.74697648085453,115.2,4.093897898091737,138.60000000000002,1.8,137.8,5.455272678794342,115.2,4.093897898091737,108.0,4.123105625617661,102.7,6.277738446287803,8.136000000000001,0.6736794489963308,61.95,11.786538932188705,5.1499999999999995,3.578058132562969,0.565151292,0.3902671404475107,10.591000000000001,0.43921407081285574,0.14044744000000003,0.005908589677613436,4.8870000000000005,0.22347483079756414,1.821,0.08560957890329797,4.0680000000000005,0.9420700610888768,350.54,25.42011801703525,15.878,2.8510377058187077,724.73,35.58494204013827,8.3,1.4866068747318506,407.786,25.72553758427606,2.939,0.3437862708137136,56.747798800000005,3.2858830412913,1822.7120000000002,220.70922634996484,117.10000000000001,1.2206555615733703,126.20000000000002,1.3266499161421599,5.182,0.6815247611055668,6.994000000000001,0.22186482371029448,24.723000000000003,0.7904688482160442,747.63,35.58494204013827,0.43650000000000005,0.020313788420676243,0.43650000000000005,0.020313788420676243,120.13000000000002,93.93758619423858,202.1,3.4190641994557516,242.4,2.4576411454889016,203.0,2.449489742783164,223.60000000000002,1.1999999999999906,297.66999999999996,18.219607569868245,12.228301672142035,1100,8.3
137.25,2.48746859276655,230.8,6.384355879804947,6.941521185521274,0.2684993319266029,57.41768880000001,3.5937906559344497,0.0011508,0.001062855850997679,3074.6000000000004,136.6599703644048,435.05000000000007,109.60496111034391,489.20000000000005,141.92941907863923,114.4,4.386342439892254,137.95000000000002,1.9868316486305528,135.5,6.523036102920173,114.4,4.386342439892254,107.50000000000001,4.893873721296862,103.50000000000001,7.345066371381542,8.2935,0.7146626826692436,59.875,12.77974471576017,4.875,3.751249791736082,0.7198512920000001,0.3999915513711222,10.656,0.4734807282244974,0.14183872,0.006563620625051395,4.890000000000001,0.2626785107312738,1.8324999999999998,0.09104257245926216,4.0945,0.9802319878477749,352.63,28.45015114195354,16.2195,2.841713347612669,718.095,40.665949822916964,8.65,1.6515144564913744,405.341,30.731096612389226,3.041,0.40415219905377237,57.41768880000001,3.5937906559344497,1791.7430000000002,243.79536913362406,116.95,1.3955285736952863,126.1,1.5459624833740306,5.0445,0.7929847098147605,6.9465,0.24880263262272784,24.787,0.8859294554308483,740.995,40.665949822916964,0.4328,0.022666274506411507,0.4328,0.022666274506411507,137.21,111.02076337334381,201.00000000000003,3.794733192202055,241.7,2.5903667693977237,202.25,2.4874685927665356,223.65,1.3883443376914681,299.805,21.81278237639573,13.275831245125143,1100,8.65
137.5,2.5,231.2,6.508456038109191,6.966579679589203,0.2581551899900218,57.2752688,3.596851869631798,0.0012308,0.0010635480995234772,3072.0000000000005,134.99750923628184,440.5,109.09285036151545,496.95,140.69131991704393,114.7,4.279018579066927,138.2,1.9131126469708992,136.4,6.102458520956943,114.7,4.279018579066927,107.9,4.6679760067935225,103.55000000000001,7.331268648740134,8.242,0.7061628707316747,60.525000000000006,12.538415968534462,4.925000000000001,3.7325426990189947,0.6696012920000001,0.40513761058963293,10.631499999999999,0.4608283302923121,0.14144104,0.006466559971607785,4.8765,0.2531654597294029,1.8285,0.08929025702729274,4.0649999999999995,0.9612309816063984,350.7,27.927405894568874,16.029,2.869680992723756,718.945,40.75114078157813,8.55,1.627114009527298,404.611,30.30473987679156,3.0085,0.3902214115089022,57.2752688,3.596851869631798,1795.893,243.3836223146496,117.05,1.3219304066402287,126.19999999999999,1.469693845669907,5.054,0.797830809131861,6.971,0.2373373127007215,24.7385,0.8397099201510004,741.845,40.75114078157814,0.43305,0.022815510075385122,0.43305,0.022815510075385122,136.685,111.26307687188954,201.35000000000002,3.7319565913874184,241.89999999999998,2.6057628441590768,202.5,2.499999999999986,223.70000000000002,1.3453624047073582,300.195,21.58451933678395,13.087092356442959,1100,8.55
137.75,2.48746859276655,231.6,6.606057825965498,6.991638173657132,0.24482740194396435,57.132848800000005,3.594271630339833,0.0013108,0.001058209128669754,3069.4000000000005,133.26360155721443,445.95000000000005,108.30442050073488,504.70000000000005,139.01082691646718,115.0,4.147288270665538,138.45000000000002,1.8020821290940099,137.3,5.505451843400322,115.0,4.147288270665538,108.3,4.3943145085439665,103.6,7.3171032519706865,8.1905,0.6937468918849294,61.175,12.257931106022745,4.9750000000000005,3.713068138345969,0.619351292,0.4040168323972122,10.607,0.44647620317324893,0.14104336,0.006343136547355737,4.863,0.24253041046433726,1.8245,0.08731981447529535,4.0355,0.9409222869079041,348.77,27.258376694146705,15.8385,2.884826294597302,719.795,40.81845752842702,8.450000000000001,1.5960889699512368,403.881,29.854453922321213,2.976,0.37295308015888545,57.132848800000005,3.594271630339833,1800.0430000000001,242.90028450168603,117.15,1.2359207094308275,126.3,1.3820274961085255,5.0635,0.8025352017201488,6.9955,0.2226089620837401,24.689999999999998,0.7878134296900502,742.695,40.81845752842702,0.4333,0.022961053982777015,0.4333,0.022961053982777015,136.16,111.50239190259552,201.7,3.6345563690772495,242.1,2.6057628441590763,202.74999999999997,2.4874685927665356,223.75,1.2990381056766467,300.585,21.346692366734484,12.68749170113598,1100,8.450000000000001
138.0,2.4494897427831783,232.0,6.6783231428256,7.016696667725062,0.22799332252628313,56.9904288,3.5860377606012133,0.0013908000000000002,0.0010467466551176555,3066.8,131.4554202001576,451.4,107.23357683113997,512.45,136.87164607762998,115.3,3.9887341350358194,138.70000000000002,1.6462077633154328,138.2,4.66476151587624,115.3,3.9887341350358194,108.7,4.063249930782009,103.65,7.302568041449528,8.139000000000001,0.677199379798889,61.82500000000001,11.93552994215171,5.025,3.692813967694555,0.569101292,0.3965760875371548,10.582500000000001,0.43025428527790427,0.14064568,0.006191774049947241,4.8495,0.23061819095639421,1.8205,0.08511609718496262,4.006,0.919219233915392,346.84000000000003,26.431957929748606,15.648000000000001,2.8873510351185216,720.6450000000001,40.86798838944731,8.350000000000001,1.5580436450882884,403.151,29.379138499962863,2.9435000000000002,0.3518561495838889,56.9904288,3.5860377606012133,1804.1930000000002,242.34492734736583,117.25,1.1346805717910218,126.4,1.2806248474865698,5.0729999999999995,0.8071003655060502,7.0200000000000005,0.20391174561559722,24.6415,0.7290286345542264,743.5450000000001,40.86798838944731,0.43355000000000005,0.02310297599877557,0.43355000000000005,0.02310297599877557,135.635,111.73872773125707,202.05,3.4996428389194234,242.29999999999998,2.5903667693977237,203.0,2.449489742783164,223.8,1.2489995996796701,300.975,21.098978055820623,12.010787418779111,1100,8.350000000000001
137.0,2.449489742783178,229.8,6.881860213634101,6.941333864206153,0.26839282469155157,57.8027388,3.8106705684566546,0.0012008000000000001,0.0011234244789926913,3059.55,145.55768615913072,423.6,115.88373483798318,475.00000000000006,149.34925510359938,114.2,4.399999999999992,137.8,1.9390719429665317,135.00000000000003,6.3874877690685254,114.2,4.399999999999992,107.80000000000001,5.15363949069005,104.4,8.16333265278342,8.348,0.721814380571626,59.099999999999994,13.093509842666329,4.7,3.8678159211627436,0.774051292,0.3926129405858613,10.672000000000002,0.47805439021098883,0.14243464000000003,0.006837169138934629,4.8660000000000005,0.27932776446318386,1.8359999999999999,0.09221713506718802,4.062,0.980008163231307,350.86000000000007,30.226584325722285,16.18,2.8802985956320573,713.1600000000001,44.58800735623875,8.8,1.7204650534085255,401.436,33.982200988164394,3.0780000000000003,0.4203522332520669,57.8027388,3.8106705684566546,1769.0740000000003,261.38112996924633,117.00000000000001,1.4142135623730951,126.2,1.6,4.926,0.8808087193028915,6.948,0.24975187686982472,24.753999999999998,0.8859480797428252,736.06,44.58800735623875,0.4296,0.024589428622885896,0.4296,0.024589428622885896,153.24,124.04248626982611,200.60000000000002,3.8781438859330635,241.4,2.6532998322843198,202.0,2.449489742783164,223.8,1.4696938456698914,302.72,24.22968427363428,13.380866803977112,1100,8.8
137.25,2.48746859276655,230.2,7.054076835419359,6.966392358274082,0.25806260325701896,57.6603188,3.827910646383189,0.0012808000000000001,0.001120515310024812,3056.9500000000003,143.72598929908258,429.05,115.9389817964605,482.75,148.91402721033367,114.5,4.306971093471598,138.05,1.8834808201837363,135.9,6.032412452742269,114.5,4.306971093471598,108.20000000000002,4.915282290977803,104.45000000000002,8.14539747342019,8.296500000000002,0.7173233231953356,59.75,12.897189616346656,4.750000000000001,3.851947559352282,0.723801292,0.4046421424684743,10.6475,0.46636761251184705,0.14203696000000002,0.00677909543541025,4.8525,0.2692002043089862,1.8319999999999999,0.09064215354899728,4.0325,0.9600045572808497,348.93,29.61997805535987,15.9895,2.905306309152272,714.01,44.759534179881726,8.7,1.705872210923198,400.706,33.51217157989021,3.0455,0.40992041910595284,57.6603188,3.827910646383189,1773.2240000000004,261.3573289655372,117.10000000000001,1.3379088160259651,126.3,1.5198684153570663,4.9355,0.8864450067545081,6.9725,0.23817797967066573,24.7055,0.8378214308550477,736.91,44.75953417988173,0.42985,0.024759392157320828,0.42985,0.024759392157320828,152.715,124.32711801936051,200.95000000000002,3.8532453853861943,241.6,2.6907248094147422,202.25,2.4874685927665356,223.85000000000002,1.4239030865898001,303.11,23.977028589881613,13.275831245125142,1100,8.7
137.5,2.5,230.6,7.2,6.991450852342012,0.24474895261014765,57.517898800000005,3.8397946220189647,0.0013608000000000001,0.0011118572570253792,3054.3500000000004,141.8229882635393,434.50000000000006,115.73785033427914,490.5,148.07244848384187,114.8,4.1904653679513855,138.3,1.7916472867168918,136.8,5.509990925582365,114.8,4.1904653679513855,108.60000000000001,4.6303347611160905,104.5,8.127115109311545,8.245000000000001,0.709073338943159,60.4,12.664517361510466,4.8,3.8353617821530217,0.6735512920000001,0.4102139451645654,10.623,0.4530573915079637,0.14163928000000003,0.0066969462627081075,4.839,0.2579709285946769,1.8279999999999998,0.08885943956609224,4.003,0.9386484965097426,347.0,28.871958714295783,15.799,2.917688982739593,714.86,44.914322882572776,8.6,1.6852299546352718,399.976,33.019320162595726,3.013,0.3965614706448422,57.517898800000005,3.8397946220189647,1777.3740000000003,261.2676151075751,117.2,1.2489995996796797,126.4,1.42828568570857,4.945,0.891944505000171,6.997,0.22334054714717624,24.657,0.7837608053481621,737.7600000000001,44.914322882572776,0.4301,0.024925689559167668,0.4301,0.024925689559167668,152.19,124.6088877247526,201.29999999999998,3.7960505792204615,241.79999999999998,2.7129319932501073,202.5,2.499999999999986,223.90000000000003,1.3747727084867394,303.5,23.715269342767336,12.945838297251266,1100,8.6
137.75,2.48746859276655,230.99999999999997,7.321202087089251,7.016509346409942,0.22792967371062964,57.375478799999996,3.846372141262174,0.0014408000000000001,0.0010973142485177162,3051.75,139.8457721920831,439.95,115.27899852097953,498.25,146.81753131012658,115.1,4.048456495999425,138.55,1.6575584454250776,137.7,4.765501022977542,115.1,4.048456495999425,109.0,4.2895221179054435,104.55,8.108483212044039,8.1935,0.6969309506687158,61.05,12.393445848512027,4.8500000000000005,3.8180492401225,0.623301292,0.40959195933694437,10.5985,0.43797574133734885,0.1412416,0.006589821302888272,4.8255,0.2454887981151073,1.8239999999999998,0.08685620300243385,3.9734999999999996,0.915845374503797,345.07,27.971183385763286,15.6085,2.9176073673474296,715.71,45.05254598799052,8.5,1.6583123951776997,399.246,32.50260857223618,2.9805,0.37996677486327674,57.375478799999996,3.846372141262174,1781.5240000000001,261.1119204555779,117.30000000000001,1.1445523142259597,126.5,1.3228756555322954,4.9544999999999995,0.8973097291348177,7.0215,0.20453056006377146,24.6085,0.7224352912199125,738.61,45.05254598799052,0.43035,0.02508839373096652,0.43035,0.02508839373096652,151.665,124.8878147578858,201.65,3.7050641020095725,242.0,2.720294101747089,202.74999999999997,2.4874685927665356,223.95,1.3219304066402175,303.89000000000004,23.444101603601712,12.328723388581363,1100,8.5
138.0,2.449489742783178,233.6,2.90516780926679,6.9508955440606055,0.27649613749625096,56.0700938,2.6800943140174676,0.0009308,0.0008097002902308978,3110.25,99.32668322258625,475.40000000000003,83.83221337886768,539.85,112.83894496139176,115.3,4.550824101193094,138.4,2.0591260281974,136.85,6.6126772187972405,115.3,4.550824101193094,106.7,3.9635842365212826,100.85000000000001,2.515452245621053,8.094,0.6983007947868882,63.24999999999999,12.340482162379233,5.799999999999999,3.6,0.5830012920000001,0.366009244813129,10.5645,0.4911463631138892,0.139653565,0.005608649943014364,4.948,0.19908792027644456,1.8135,0.09344918405208255,4.0865,1.055922700769332,358.04,21.34742138994779,16.698,2.833601242235752,734.7650000000001,20.43840196786431,8.1,1.4106735979665885,416.155,12.18487074203087,2.9305000000000003,0.3267793598133151,56.0700938,2.6800943140174676,1878.2,176.89586626035106,116.9,1.4106735979665885,125.89999999999999,1.4106735979665883,5.3815,0.14238240762116647,6.949,0.2519106984627689,24.798499999999997,0.9379353655769674,757.665,20.43840196786429,0.4424,0.010873821775254559,0.4424,0.010873821775254559,89.795,7.495230149902,202.3,3.3331666624997918,242.65,2.1971572542719833,202.99999999999997,2.449489742783164,223.29999999999998,1.053565375285267,291.61499999999995,6.782202813245868,11.28863695125724,1100,8.1
138.25,2.384848003542364,234.0,2.792848008753788,6.975954038128535,0.2655795743433611,55.9276738,2.6117175700333224,0.0010108,0.000832037595304443,3107.6500000000005,97.97729328778173,480.85,80.47376901823351,547.6,107.69233956043485,115.6,4.386342439892255,138.65,1.9306734576307822,137.75,5.998958242895178,115.6,4.386342439892255,107.10000000000001,3.7669616403674726,100.9,2.5278449319529077,8.0425,0.6745359515993197,63.900000000000006,11.90756062340226,5.8500000000000005,3.567562192870644,0.532751292,0.35263661839729155,10.54,0.4742573141238839,0.139255885,0.005334252661739508,4.934500000000001,0.19051181065750214,1.8094999999999999,0.0909106704408234,4.0569999999999995,1.0380804400430634,356.11,21.14530444330373,16.5075,2.893326588893829,735.615,19.9079199064091,8.0,1.3416407864998738,415.425,11.75740086073448,2.898,0.2975499957990254,55.9276738,2.6117175700333224,1882.3500000000001,174.28126692217955,117.0,1.3416407864998738,126.0,1.3416407864998738,5.391,0.14689792374298555,6.9735000000000005,0.24033882333073048,24.75,0.8950307257295692,758.515,19.90791990640908,0.44265000000000004,0.01096483014004322,0.44265000000000004,0.01096483014004322,89.27000000000001,7.762415861057688,202.65,3.118894034750139,242.85,2.1277922830953213,203.25,2.3848480035423507,223.35000000000002,1.013656746635659,292.005,6.517704734030235,10.970700981454987,1100,8.0
137.75,2.48746859276655,232.6,4.5431266766402185,6.950708222745485,0.27639906509531387,56.4551438,3.1347356099276955,0.0009808,0.0009000191997952043,3095.2000000000003,115.97390870363904,463.95000000000005,96.78660806123955,525.65,127.79799489819862,115.1,4.6032597145935545,138.25,2.0463381929681126,136.35,6.582362797658604,115.1,4.6032597145935545,107.0,4.33589667773576,101.75,4.877243073704652,8.1485,0.7208625042267075,62.475,12.869999028748992,5.624999999999999,3.7645550865938993,0.6372012920000001,0.37808595218002616,10.5805,0.49850250751626146,0.140249485,0.006142237006439515,4.924,0.22681269805722948,1.8169999999999997,0.09529428104561155,4.054,1.0554686163027303,356.27,24.064477970652106,16.6585,2.878868310638748,729.83,30.27593268588104,8.25,1.5451537140362444,412.25,21.055120517346847,2.9675000000000002,0.35821606608302764,56.4551438,3.1347356099276955,1855.5310000000002,209.990114193502,116.95,1.4309088021254184,126.0,1.4832396974191326,5.263,0.4971327790439894,6.9505,0.25283344319927314,24.7655,0.9383574745266323,752.73,30.27593268588103,0.4392,0.01644870815596168,0.4392,0.01644870815596168,105.82500000000002,68.09722369524324,201.9,3.576310948449533,242.35,2.3932195887548637,202.75,2.4874685927665356,223.45,1.2031209415515867,294.53,14.31873248580335,12.482034425844683,1100,8.25
138.0,2.449489742783178,232.99999999999997,4.560701700396552,6.975766716813414,0.2654961909778485,56.3127238,3.0942540489980392,0.0010608,0.0009158092377782612,3092.6000000000004,114.47902646336577,469.40000000000003,94.554957564371,533.4,124.16698433963836,115.39999999999999,4.4542114902640115,138.5,1.9364916731037085,137.25,6.040488390850528,115.39999999999999,4.4542114902640115,107.4,4.127953488110059,101.80000000000001,4.874423042781577,8.097000000000001,0.7018767698107694,63.125,12.495874319150301,5.675,3.735890121510535,0.5869512920000001,0.37253980268137393,10.556,0.4826841617455459,0.139851805,0.005932819199206651,4.9105,0.21784111182235535,1.813,0.09295697929687691,4.0245,1.0366941448662668,354.34,23.741912307141572,16.468,2.935110900800854,730.6800000000001,30.06024949996257,8.149999999999999,1.49248115565993,411.52,20.673224228455513,2.935,0.3353729267546801,56.3127238,3.0942540489980392,1859.681,208.244599591442,117.05,1.3592277219068187,126.1,1.4106735979665885,5.2725,0.5006982624295794,6.975,0.24115347810056578,24.717,0.8936839486082311,753.5799999999999,30.06024949996256,0.43945,0.01655740015823741,0.43945,0.01655740015823741,105.30000000000001,68.25056776320619,202.25,3.418698582794336,242.55,2.3553131426627756,202.99999999999997,2.449489742783164,223.5,1.1618950038622164,294.91999999999996,14.115048706965208,12.223687829729393,1100,8.149999999999999
138.25,2.3848480035423645,233.4,4.5431266766402185,7.000825210881343,0.25164291250107546,56.1703038,3.0465852987455913,0.0011408000000000002,0.00092443418370374,3090.0000000000005,112.90450611025231,474.85,91.94687324754442,541.15,119.9267588989213,115.7,4.2790185790669275,138.75,1.7853571071357126,138.15,5.294100490168278,115.7,4.2790185790669275,107.8,3.867815921162743,101.85,4.871088174114692,8.0455,0.6784649954124382,63.775000000000006,12.075258796398527,5.725,3.706329046374593,0.536701292,0.35996207706906713,10.5315,0.4650405896263253,0.139454125,0.005687997283128312,4.897000000000001,0.20760780332155127,1.809,0.09038252043398659,3.995,1.0167177582790614,352.41,23.25527682054119,16.2775,2.978135112784509,731.53,29.81878770171584,8.05,1.4309088021254186,410.79,20.257850330180645,2.9025,0.3074390183434758,56.1703038,3.0465852987455913,1863.8310000000001,206.4009046952072,117.15,1.2757350822173075,126.2,1.3266499161421599,5.282,0.5040595202949747,6.9995,0.22624046941252587,24.6685,0.8438736576052126,754.4300000000001,29.818787701715834,0.43970000000000004,0.01666163257307039,0.43970000000000004,0.01666163257307039,104.77500000000002,68.39953855838502,202.6,3.215587038162705,242.75,2.299456457513384,203.25,2.3848480035423507,223.55,1.1169153951844266,295.30999999999995,13.89744221070914,11.764497800735448,1100,8.05
137.5,2.5,231.60000000000002,5.5533773507659285,6.950520901430364,0.276301831594058,56.84019380000001,3.489083282363544,0.0010308000000000001,0.0009795175138811966,3080.15,128.7676201535153,452.50000000000006,106.98247520038036,511.45,139.74529509074713,114.9,4.64650406219557,138.10000000000002,2.0223748416156684,135.85,6.513639535620619,114.9,4.64650406219557,107.3,4.659399102888698,102.65,6.295037728242779,8.203,0.7387293144312062,61.699999999999996,13.333604163916073,5.449999999999999,3.9143965052099667,0.691401292,0.38217787374869966,10.5965,0.5052452374837395,0.140845405,0.006579282286881683,4.9,0.2491987158875421,1.8204999999999998,0.09697809030910023,4.0215,1.0540126896769317,354.5,26.385981126348145,16.619,2.922900785178997,724.8950000000001,36.97062989725763,8.4,1.6552945357246849,408.345,26.602012611830716,3.0045,0.38355540668852534,56.84019380000001,3.489083282363544,1832.862,236.37212504015784,117.0,1.449137674618944,126.1,1.5459624833740306,5.1445,0.6677759729130721,6.952,0.25374396544548616,24.7325,0.9376186591573353,747.795,36.97062989725763,0.436,0.02005991026899174,0.436,0.02005991026899174,121.85500000000002,93.29717827994585,201.5,3.7616485747608057,242.05,2.5391927851189244,202.5,2.499999999999986,223.6,1.3190905958272798,297.445,18.62953233444147,13.02954162708148,1100,8.4
137.75,2.48746859276655,232.0,5.639148871948674,6.975579395498293,0.2654126492097566,56.6977738,3.468604988876762,0.0011108,0.000990013414050537,3077.55,127.11545932733753,457.95000000000005,105.56063423454788,519.1999999999999,137.2368755109209,115.2,4.512205669071385,138.35,1.9306734576307822,136.75,6.040488390850528,115.2,4.512205669071385,107.7,4.439594576084623,102.7,6.285698051927088,8.1515,0.7241013395927395,62.35,13.011629413720636,5.5,3.8890872965260113,0.641151292,0.38385406670905164,10.572,0.49044469616869174,0.140447725,0.006421229987227919,4.8865,0.23971389196289797,1.8164999999999998,0.09483011125164834,3.992,1.0342852604576747,352.57,25.960876333436826,16.4285,2.975784392391357,725.745,36.90804079059196,8.299999999999999,1.6155494421403511,407.615,26.192172017608627,2.972,0.36561728624341605,56.6977738,3.468604988876762,1837.0120000000002,235.22308431784498,117.1,1.374772708486752,126.19999999999999,1.469693845669907,5.154,0.672111597876424,6.976500000000001,0.2419560910578613,24.684,0.891113909665874,748.645,36.908040790591954,0.43625,0.020188796398002536,0.43625,0.020188796398002536,121.33000000000001,93.4992144352026,201.85,3.650684867254362,242.25,2.5273503912200224,202.75,2.487468592766536,223.65,1.2757350822172966,297.835,18.411797169206494,12.840802738399296,1100,8.299999999999999
138.0,2.449489742783178,232.4,5.6956123463592565,7.000637889566223,0.25157342929837906,56.555353800000006,3.4421173823175706,0.0011908,0.0009939811668235974,3074.9500000000003,125.38763894419577,463.40000000000003,103.83371321492841,526.9499999999999,134.23504572204683,115.5,4.353159771935777,138.60000000000002,1.8,137.65,5.378429138698399,115.5,4.353159771935777,108.1,4.170131892398609,102.75,6.275946143809713,8.1,0.705421859598921,62.99999999999999,12.648122390299678,5.55,3.862965182343739,0.5909012920000001,0.3789166621766283,10.5475,0.47391850565260724,0.140050045,0.00623386997959334,4.873,0.2290436639595165,1.8125,0.09245945057158841,3.9625,1.0133157207899224,350.64,25.382363956101496,16.238,3.0157347363453564,726.595,36.82573115363767,8.2,1.5684387141358123,406.885,25.755132983543305,2.9395,0.3436928134250119,56.555353800000006,3.4421173823175706,1841.162,233.9948125407912,117.2,1.2884098726725126,126.3,1.3820274961085255,5.1635,0.676285997193495,7.001,0.2269339110842627,24.6355,0.8392465370795399,749.495,36.82573115363767,0.4365,0.02031378842067624,0.4365,0.02031378842067624,120.805,93.69787337501316,202.2,3.5014282800023193,242.45000000000002,2.499499949989997,202.99999999999997,2.449489742783164,223.7,1.2288205727444417,298.22499999999997,18.183093108709535,12.441202083092318,1100,8.2
138.25,2.3848480035423645,232.79999999999998,5.723635208501674,7.025696383634153,0.23426192615840677,56.4129338,3.4094804099224216,0.0012708,0.000991499147755559,3072.3500000000004,123.5809855924446,468.85,101.78618521194318,534.6999999999999,130.70581471380683,115.8,4.1665333311999255,138.85000000000002,1.6209565077447328,138.54999999999998,4.443815927780988,115.8,4.1665333311999255,108.5,3.8405728739343044,102.8,6.265780079128216,8.0485,0.6823582270332789,63.650000000000006,12.239383154391401,5.6,3.8360135557633264,0.5406512920000001,0.36709890250595556,10.523,0.4554788688841671,0.139652365,0.0060144639438004,4.8595,0.21701324844349917,1.8084999999999998,0.08984848357095405,3.933,0.9910252267223071,348.71000000000004,24.63964082530426,16.047500000000003,3.0432612030517525,727.445,36.72356838598341,8.1,1.5132745950421556,406.15500000000003,25.28948546333041,2.907,0.3169558328852776,56.4129338,3.4094804099224216,1845.3120000000001,232.68605500974917,117.3,1.1874342087037917,126.4,1.2806248474865698,5.173,0.6803021387589487,7.0255,0.2079777632344382,24.587000000000003,0.7809487819313119,750.345,36.723568385983405,0.43675,0.02043495779295862,0.43675,0.02043495779295862,120.28000000000002,93.89317653589104,202.54999999999998,3.3087006513131403,242.65,2.4550967394381833,203.25,2.3848480035423507,223.75,1.1779218989389673,298.615,17.943000724516516,11.764497800735448,1100,8.1
137.25,2.48746859276655,230.60000000000002,6.248199740725323,6.9503335801152435,0.27620443682234475,57.2252438,3.7715129528332207,0.0010808,0.0010506543484895495,3065.1000000000004,138.77769093049503,441.05,115.15488482908573,497.25000000000006,149.4051120276679,114.7,4.680811895387373,137.95000000000002,1.9868316486305528,135.35000000000002,6.405271266699015,114.7,4.680811895387373,107.6,4.94368283772331,103.55000000000001,7.338085581403368,8.2575,0.7522358340307911,60.925,13.737972011909182,5.2749999999999995,4.051157242072937,0.745601292,0.3785440359195704,10.6125,0.5113988169716474,0.141441325,0.006938054056064646,4.876,0.26758923745173296,1.8239999999999998,0.09850888284819802,3.989,1.0515507595927076,352.73,28.40906721453558,16.5795,2.965753656324139,719.96,42.0513305378082,8.55,1.7457090250096092,404.44,30.68416529742989,3.0415,0.4039464692258122,57.2252438,3.7715129528332207,1810.1930000000002,258.10840321655553,117.05000000000001,1.4654350889752845,126.2,1.6,5.026,0.7852540990023548,6.9535,0.2546423963129472,24.6995,0.9357161695728033,742.86,42.0513305378082,0.4328,0.022666274506411507,0.4328,0.022666274506411507,137.885,110.71392538881457,201.10000000000002,3.8974350539810154,241.75,2.6433879775772606,202.25,2.4874685927665356,223.75,1.4097872179871547,300.36,21.72782547794418,13.275831245125143,1100,8.55
137.5,2.5,231.0,6.3874877690685254,6.975392074183173,0.2653289488894611,57.0828238,3.7671615326371075,0.0011607999999999998,0.0010566676677177173,3062.5000000000005,136.96067866362228,446.5,114.38203530275197,505.0,147.8079835462212,115.0,4.560701700396545,138.2,1.9131126469708992,136.25,5.998958242895178,115.0,4.560701700396545,108.0,4.711687595755898,103.60000000000001,7.323933369440222,8.206000000000001,0.7416697378213566,61.575,13.463167346505056,5.325,4.028880117352712,0.695351292,0.38733280841709894,10.588,0.4975700955644344,0.141043645,0.006823181380739859,4.8625,0.2575242707008408,1.8199999999999998,0.09654014708917737,3.9595,1.0308466180766176,350.8,27.892472102701838,16.389,3.015392014315883,720.8100000000001,42.09607938989093,8.45,1.7168284713389397,403.71,30.235401436064986,3.009,0.3900499967952827,57.0828238,3.7671615326371075,1814.343,257.42225702335844,117.15,1.3883443376914821,126.3,1.5198684153570663,5.0355,0.7903700082872578,6.978,0.242746781647049,24.651,0.8873099796576163,743.71,42.09607938989093,0.43305000000000005,0.022815510075385126,0.43305000000000005,0.022815510075385126,137.35999999999999,110.96010273967845,201.45000000000002,3.8272052466519217,241.95,2.654712790491657,202.5,2.499999999999986,223.8,1.363818169698573,300.75,21.488589995623265,13.170795686273172,1100,8.45
137.75,2.48746859276655,231.4,6.499230723708768,7.000450568251102,0.25150378738165946,56.940403800000006,3.757410698842058,0.0012408,0.0010566070982157938,3059.9000000000005,135.0691952297044,451.95000000000005,113.3421699986373,512.75,145.7819861985698,115.3,4.417012565071548,138.45000000000002,1.8020821290940099,137.15,5.41548705104167,115.3,4.417012565071548,108.39999999999999,4.431703961232068,103.64999999999999,7.309411741036347,8.1545,0.7273133781252754,62.225,13.150546566588021,5.375,4.005855089740517,0.6451012920000001,0.3894967224795057,10.5635,0.4821024268762815,0.140645965,0.006682717670175442,4.849,0.24631077930127196,1.8159999999999998,0.09436100889668358,3.9299999999999997,1.0088557875137556,348.87,27.229673152647283,16.1985,3.052360193358575,721.66,42.12363232201136,8.35,1.6815171720800235,402.97999999999996,29.761975740867747,2.9764999999999997,0.37281731451208117,56.940403800000006,3.757410698842058,1818.4930000000002,256.6671853022899,117.25,1.299038105676658,126.4,1.42828568570857,5.045,0.7953395501293771,7.0024999999999995,0.22761535536953575,24.6025,0.8332879154289947,744.5600000000001,42.12363232201136,0.4333,0.02296105398277701,0.4333,0.02296105398277701,136.835,111.20325658450834,201.79999999999998,3.722902093797257,242.14999999999998,2.6509432283623124,202.75,2.4874685927665356,223.85000000000002,1.3143439428094805,301.14,21.239500935756475,12.840802738399296,1100,8.35
138.0,2.449489742783178,231.79999999999998,6.584831053261731,7.025509062319032,0.23420717915116684,56.7979838,3.742218245074005,0.0013208,0.0010504715893349995,3057.3,133.10006574002884,457.4,112.02785367934173,520.5,143.3089320314683,115.6,4.247352116319053,138.7,1.6462077633154328,138.04999999999998,4.58775544247947,115.6,4.247352116319053,108.79999999999998,4.093897898091744,103.7,7.294518489934753,8.103,0.7089365274832437,62.875,12.797338590503886,5.425000000000001,3.982069185737485,0.594851292,0.385147457694163,10.539,0.4648322277983749,0.140248285,0.006515007904774567,4.8355,0.23378355374148946,1.8119999999999998,0.09195651146058119,3.9004999999999996,0.9854921359402113,346.94,26.409664897533254,16.008,3.077114882483265,722.5100000000001,42.13402306924892,8.25,1.6393596310755003,402.25,29.262691263791858,2.944,0.3517584398418892,56.7979838,3.742218245074005,1822.643,255.84257779150056,117.35000000000001,1.1947803145348521,126.5,1.3228756555322951,5.054499999999999,0.8001654516410965,7.026999999999999,0.2085449591814677,24.554,0.7724726532376402,745.4100000000001,42.13402306924892,0.43355000000000005,0.02310297599877557,0.43355000000000005,0.02310297599877557,136.30999999999997,111.44340671390121,202.15,3.581549943809244,242.35,2.6320144376503714,202.99999999999997,2.449489742783164,223.89999999999998,1.26095202129184,301.53000000000003,20.980207339299586,12.223687829729394,1100,8.25
137.0,2.449489742783178,229.60000000000002,6.726068688320094,6.950146258800122,0.27610688060951305,57.61029380000001,3.9972979311665977,0.0011308,0.0011150311923888048,3050.05,146.57554366264517,429.6000000000001,121.71211936368539,483.05,157.19970578852877,114.5,4.706378650300031,137.8,1.9390719429665317,134.85,6.255197838597913,114.5,4.706378650300031,107.9,5.195190083144215,104.45,8.151533598041537,8.312000000000001,0.761614075500184,60.14999999999999,14.088204285855598,5.1,4.176122603564219,0.7998012919999999,0.36695499325867886,10.6285,0.5169842840938208,0.142037245,0.007230213791201136,4.852,0.28276492003075615,1.8274999999999997,0.09989369349463459,3.9565,1.048075736767148,350.96000000000004,30.1937808165854,16.54,3.0074773482106227,715.0250000000001,46.05532406790772,8.700000000000001,1.8193405398660252,400.53499999999997,33.835940580985785,3.0785,0.42011040215638557,57.61029380000001,3.9972979311665977,1787.5240000000001,276.29756966719776,117.1,1.4798648586948744,126.3,1.6462077633154328,4.907500000000001,0.871343072503592,6.955000000000001,0.25552886334032815,24.6665,0.9326428844954532,737.925,46.05532406790772,0.42960000000000004,0.024589428622885896,0.42960000000000004,0.024589428622885896,153.91500000000002,123.68048057393698,200.7,3.9887341350358265,241.45,2.71062723368596,202.0,2.449489742783164,223.89999999999998,1.4798648586948588,303.275,24.08615525566503,13.275831245125142,1100,8.700000000000001
137.25,2.48746859276655,230.0,6.913754406977442,6.975204752868052,0.2652450898668645,57.4678738,4.006902101636721,0.0012108,0.001117124236600388,3047.4500000000003,144.58599517242325,435.05,121.49587441555371,490.8,156.38785119055763,114.80000000000001,4.5999999999999925,138.05,1.8834808201837363,135.75,5.915023245939106,114.80000000000001,4.5999999999999925,108.30000000000001,4.950757517794625,104.50000000000001,8.133265027035577,8.2605,0.7549071134914546,60.8,13.856767299770896,5.15,4.156621224023185,0.749551292,0.3831894889261409,10.604,0.5040872940275328,0.14163956500000002,0.007153263064313733,4.838500000000001,0.27207122229298697,1.8235,0.09809561661970427,3.927,1.026367867774513,349.03000000000003,29.59302451592267,16.3495,3.0539752372931903,715.875,46.1870964123098,8.6,1.8,399.805,33.344131042808726,3.046,0.40971209403677605,57.4678738,4.006902101636721,1791.6740000000002,275.99777228086464,117.2,1.4,126.39999999999999,1.5620499351813308,4.917000000000001,0.8772405599378086,6.979500000000001,0.2435256659984735,24.618,0.8822561986180654,738.775,46.1870964123098,0.42985,0.024759392157320828,0.42985,0.024759392157320828,153.39000000000001,123.96880212376016,201.05,3.955692101263697,241.65,2.7436289836637897,202.25,2.487468592766536,223.95,1.4309088021254044,303.66499999999996,23.822893925801715,13.275831245125142,1100,8.6
137.5,2.5,230.4,7.0738956735309575,7.000263246935981,0.2514339866190353,57.325453800000005,4.01143007428682,0.0012908000000000002,0.0011134803815065625,3044.8500000000004,142.52126157173885,440.50000000000006,121.03408610800513,498.55,155.1852038694411,115.10000000000001,4.471017781221625,138.3,1.7916472867168918,136.65,5.40624638728203,115.10000000000001,4.471017781221625,108.7,4.659399102888697,104.55,8.114647250497091,8.209000000000001,0.7445864624071539,61.449999999999996,13.590345838130832,5.2,4.136423575989287,0.699301292,0.3923802706170088,10.5795,0.48962715406725593,0.14124188500000004,0.007053088309618355,4.825,0.2602402735934619,1.8195,0.09609760662992602,3.8975,1.0033238510072409,347.1,28.850996516585006,16.159,3.0880461460282613,716.725,46.30289272820868,8.5,1.7748239349298849,399.075,32.82872941494996,3.0135,0.3963871213851429,57.325453800000005,4.01143007428682,1795.824,275.63517301679775,117.3,1.307669683062202,126.5,1.466287829861518,4.926500000000001,0.8829964609215599,7.0040000000000004,0.22828490970714654,24.569499999999998,0.8259689764149737,739.625,46.30289272820868,0.43010000000000004,0.024925689559167668,0.43010000000000004,0.024925689559167668,152.865,124.25423644689143,201.39999999999998,3.891015291668744,241.85,2.7617928959282954,202.5,2.499999999999986,224.0,1.37840487520901,304.05499999999995,23.55023301370923,13.029541627081478,1100,8.5
137.75,2.48746859276655,230.79999999999998,7.2083285163760396,7.0253217410039115,0.2341522694869655,57.183033800000004,4.010899040973826,0.0013708000000000001,0.0011040428252563394,3042.25,140.37802534584964,445.95000000000005,120.32392737938702,506.29999999999995,153.58258364801654,115.4,4.317406628984574,138.55,1.6575584454250776,137.54999999999998,4.674130935264865,115.4,4.317406628984574,109.10000000000001,4.31161222746202,104.6,8.095677859203638,8.1575,0.7304989733052333,62.1,13.286835590162166,5.25,4.115519408288582,0.649051292,0.39501929587740026,10.555,0.4734606636247623,0.140844205,0.006928682282690923,4.8115,0.24710878171364106,1.8154999999999997,0.09388690004468142,3.868,0.9788493244621463,345.17,27.956450060764155,15.9685,3.1100985113015307,717.575,46.402832618278815,8.4,1.7435595774162693,398.34499999999997,32.28860596247538,2.9810000000000003,0.3798275924679512,57.183033800000004,4.010899040973826,1799.9740000000002,275.20952364335074,117.39999999999999,1.2000000000000002,126.6,1.3564659966250536,4.936,0.8886135267932849,7.0285,0.2090998565279279,24.521,0.7624755733792392,740.475,46.402832618278815,0.43035,0.02508839373096652,0.43035,0.02508839373096652,152.34,124.53680339562277,201.74999999999997,3.7930858150060356,242.04999999999998,2.7654113618049667,202.75,2.4874685927665356,224.04999999999998,1.321930406640218,304.445,23.26784207871457,12.482034425844681,1100,8.4
137.75,2.48746859276655,233.8,2.9933259094191533,6.91105416013768,0.2647091387347969,56.6093935,2.3758618049176916,0.0009710000000000001,0.0008620690227586188,3132.55,83.91805526821983,459.7,73.53849332152515,519.4,98.8303597079359,114.45,4.055551750378724,138.25,2.0463381929681126,136.95000000000002,6.681878478392136,114.45,4.055551750378724,106.2,3.8157568056677826,100.45,2.6358110706194404,8.2155,0.6446663865907697,60.8,10.524257693538296,5.0,2.9664793948382653,0.557064115,0.37715577217139296,10.662500000000001,0.41611146343257616,0.14064751,0.00491421293595424,4.984500000000001,0.17491355007545864,1.833,0.07893668348746354,4.319,0.8805560743075934,360.2950000000001,22.122555797194874,16.062,2.503632560900261,730.47,17.263229709414166,8.35,1.2359207094308275,418.517,10.658225508967238,2.9115,0.3394005745428255,56.6093935,2.3758618049176916,1839.1500000000003,146.56124999466945,116.65,1.2359207094308275,125.65,1.2359207094308275,5.409,0.12999615378925636,6.915500000000001,0.24193955856783744,24.959,0.8054185247435024,753.37,17.263229709414148,0.441,0.011704699910719636,0.441,0.011704699910719636,89.42500000000001,7.998554556918392,201.9,3.1606961258558215,242.35,2.1511624764298953,202.75,2.4874685927665356,223.10000000000002,0.8888194417315518,290.305,5.817944224552184,10.970700981454987,1100,8.35
137.5,2.5,232.8,4.64327470649756,6.9108668388225585,0.26457953621561603,56.9944435,2.8058985065780178,0.001021,0.0009452846132250328,3117.5,106.29029824024391,448.25,85.95456648718555,505.2,113.0767880689932,114.25,4.072775466435626,138.1,2.0223748416156684,136.45000000000002,6.659391864126934,114.25,4.072775466435626,106.5,4.236744032862973,101.35000000000001,5.012733785071775,8.27,0.6590675230960784,60.02499999999999,10.968676994059036,4.824999999999999,3.1195953263203866,0.611264115,0.3924847594699693,10.6785,0.4210614563219961,0.14124343,0.005406938748598879,4.9605,0.21013031670846535,1.8364999999999998,0.08026674280173575,4.2865,0.8885565541933726,358.52500000000003,24.91539433763793,16.022499999999997,2.544900538331508,725.5350000000001,27.468732679175424,8.5,1.3601470508735443,414.61199999999997,20.661365298546954,2.9485,0.3716621449650207,56.9944435,2.8058985065780178,1816.4810000000002,180.31486810299367,116.7,1.268857754044952,125.75,1.3369741957120937,5.2905,0.5002846689635811,6.917,0.24310697233933884,24.926,0.8124555372449619,748.435,27.46873267917542,0.43779999999999997,0.01674395413276088,0.43779999999999997,0.01674395413276088,105.45500000000001,68.2414278499505,201.5,3.3689761055846037,242.05,2.3124662159694354,202.49999999999997,2.499999999999986,223.25,1.0897247358851583,293.21999999999997,14.160282483058033,12.223687829729394,1100,8.5
137.75,2.48746859276655,233.2,4.64327470649756,6.935925332890489,0.25708139836953314,56.852023499999994,2.788282864301388,0.001101,0.0009569759662603864,3114.9000000000005,105.2097310138183,453.7,84.45300468307803,512.95,110.40130207565488,114.55,3.968311983702886,138.35,1.9306734576307822,137.35,6.10962355632489,114.55,3.968311983702886,106.9,4.07308237088326,101.4,5.01398045468867,8.2185,0.6479758868970356,60.675000000000004,10.677400198550208,4.875,3.0978823412131065,0.561014115,0.38376362187380353,10.654,0.40813478165919675,0.14084575,0.005243739022253111,4.947,0.20285709255532564,1.8325,0.07847770384000795,4.257,0.8740543461364402,356.595,24.78024364287003,15.832,2.561483164106295,726.385,27.364562393723748,8.4,1.3190905958272918,413.882,20.356930908169833,2.916,0.3479281535029898,56.852023499999994,2.788282864301388,1820.6310000000003,179.18574680760744,116.8,1.2083045973594573,125.85,1.2757350822173072,5.3,0.5033090501868608,6.9415000000000004,0.23446268359805156,24.8775,0.7705898714621154,749.285,27.36456239372374,0.43805,0.016871499636961742,0.43805,0.016871499636961742,104.93000000000002,68.39160840337067,201.85000000000002,3.2446109165815242,242.25,2.299456457513384,202.75,2.4874685927665356,223.3,1.053565375285265,293.61,13.990850581719474,11.905751859927141,1100,8.4
137.25,2.48746859276655,231.8,5.670978751503131,6.910679517507438,0.26444973749253897,57.3794935,3.131275544784705,0.001071,0.001019295344833871,3102.4500000000003,122.88209796386128,436.8,95.4267258161989,491.0,124.10479442793498,114.05,4.080134801694661,137.95000000000002,1.9868316486305528,135.95,6.599052962357553,114.05,4.080134801694661,106.8,4.6,102.25,6.456585785072479,8.3245,0.6687336913899283,59.24999999999999,11.342949351910198,4.6499999999999995,3.2561480310329873,0.665464115,0.39995851828683393,10.6945,0.4253525008742751,0.14183935,0.005797434190182759,4.9365,0.23782924546825593,1.8399999999999999,0.08142481194328913,4.2540000000000004,0.8953066513770577,356.75500000000005,27.310812419259893,15.983,2.584906381283469,720.6,34.09303447920118,8.65,1.4585952145814822,410.707,26.639973930167432,2.9855,0.39791299300223915,57.3794935,3.131275544784705,1793.8120000000001,206.2012031875663,116.75,1.299038105676658,125.85,1.4239030865898141,5.172,0.6749711104928862,6.918500000000001,0.24425959551264317,24.893,0.8181020718712303,743.5,34.09303447920118,0.4346,0.020080836635957184,0.4346,0.020080836635957184,121.48500000000001,93.46596318981578,201.1,3.5199431813596083,241.75,2.426417111710186,202.25,2.4874685927665356,223.4,1.2409673645990733,296.135,18.713211242328246,12.840802738399296,1100,8.65
137.5,2.5,232.2,5.74108003776293,6.935738011575367,0.25696607955830353,57.2370735,3.1330526777420697,0.001151,0.0010262567904769254,3099.8500000000004,121.6273406763463,442.25,94.73746618946487,498.75,122.57319241987622,114.35,3.9909272105614675,138.2,1.9131126469708992,136.85,6.117801892837001,114.35,3.9909272105614675,107.2,4.422668877499197,102.30000000000001,6.450581369148055,8.273000000000001,0.662058154545354,59.9,11.106979787502992,4.7,3.2380549717384355,0.615214115,0.3983015784649863,10.669999999999998,0.4135093711150936,0.14144167,0.005687356716709444,4.923,0.23002391180049073,1.8359999999999999,0.07983733462484828,4.2245,0.8798265454053998,354.82500000000005,27.06163104840505,15.7925,2.5983396140612567,721.45,34.13227944336563,8.549999999999999,1.4309088021254184,409.977,26.29637866703323,2.953,0.379026384305895,57.2370735,3.1330526777420697,1797.9620000000002,205.6724801620285,116.85,1.2359207094308275,125.94999999999999,1.3592277219068187,5.1815,0.6788760932600292,6.9430000000000005,0.23550159235130458,24.8445,0.7744770816492891,744.3499999999999,34.13227944336563,0.43485,0.020226900405153535,0.43485,0.020226900405153535,120.96000000000001,93.66556144069173,201.45000000000002,3.4420197558991434,241.95,2.4387496796514396,202.49999999999997,2.499999999999986,223.45,1.2031209415515853,296.525,18.524062054527896,12.582456142284009,1100,8.549999999999999
137.75,2.48746859276655,232.60000000000002,5.782732917920384,6.960796505643297,0.2467257833655637,57.0946535,3.1283517565719414,0.001231,0.0010269581296235987,3097.2500000000005,120.30332497483184,447.7,93.726783792041,506.5,120.52489369420742,114.65,3.8765319552403974,138.45000000000002,1.8020821290940099,137.75,5.448623679425842,114.65,3.8765319552403974,107.6,4.2,102.35,6.44418342383269,8.2215,0.6512547504625205,60.55,10.82693400737254,4.749999999999999,3.2190837205639746,0.564964115,0.3902196220914572,10.6455,0.3998183962751091,0.14104399,0.005546666646906052,4.9095,0.2211215728959975,1.832,0.07801281945936833,4.195,0.8630614114881977,352.89500000000004,26.670835663698284,15.602,2.597771352525083,722.3,34.15032942740085,8.450000000000001,1.3955285736952863,409.247,25.92768888659381,2.9204999999999997,0.3561948202879992,57.0946535,3.1283517565719414,1802.1120000000003,205.05842337246233,116.95,1.16081867662439,126.05000000000001,1.2835497652993435,5.191000000000001,0.6826265450449462,6.9675,0.22373812817667002,24.796000000000003,0.7250062068699824,745.2,34.15032942740085,0.43510000000000004,0.020368848764719134,0.43510000000000004,0.020368848764719134,120.43500000000002,93.86179880547783,201.79999999999998,3.3256578296631782,242.15,2.43464576478797,202.75,2.4874685927665356,223.50000000000003,1.1618950038622153,296.91499999999996,18.324663025551114,12.123266113290065,1100,8.450000000000001
137.0,2.449489742783178,230.8,6.384355879804947,6.910492196192318,0.26431974227651794,57.7645435,3.382333460869397,0.001121,0.0010859848065235536,3087.4,135.82852240969126,425.35,102.77221171114302,476.8,132.71910186555664,113.85000000000001,4.0776831657204475,137.8,1.9390719429665317,135.45000000000002,6.49980768946282,113.85000000000001,4.0776831657204475,107.10000000000001,4.9183330509431755,103.15,7.525124583686305,8.379,0.6738686815693395,58.474999999999994,11.653835205630806,4.475,3.3781466812440217,0.719664115,0.4000175824688206,10.710500000000001,0.42900437060710733,0.14243527,0.006105346710474357,4.9125000000000005,0.26042033330752024,1.8435,0.0824181412068969,4.2215,0.9008344742515131,354.985,29.406092480980877,15.943499999999998,2.623707824815865,715.6650000000001,39.005515956079854,8.8,1.5362291495737217,406.80199999999996,31.01590488765402,3.0225,0.4192836152295962,57.7645435,3.382333460869397,1771.143,226.92874126253818,116.8,1.3266499161421599,125.95,1.499166435056495,5.0535,0.7954890005524904,6.92,0.2453976365004359,24.86,0.8223867703216046,738.5649999999999,39.00551595607986,0.4314,0.02248644035858055,0.4314,0.02248644035858055,137.51500000000001,110.90968521729742,200.70000000000002,3.6207733980463344,241.45,2.4994999499899975,202.0,2.449489742783164,223.54999999999998,1.3592277219068045,299.05,21.974087011750914,13.170795686273172,1100,8.8
137.25,2.48746859276655,231.2,6.508456038109191,6.935550690260247,0.256850572358607,57.6221235,3.400145559627816,0.001201,0.0010888539847013464,3084.8,134.40359928216208,430.79999999999995,102.74171499444614,484.54999999999995,132.12360689899438,114.15,4.003436024217189,138.04999999999998,1.8834808201837363,136.35,6.085022596506935,114.15,4.003436024217189,107.5,4.727578661429125,103.2,7.513986957667679,8.3275,0.6714378228845914,59.125,11.468298696842526,4.525,3.3633130987167994,0.669414115,0.40514009594422973,10.685999999999998,0.4182032998435094,0.14203759,0.006040282495041109,4.899,0.2520297601474872,1.8395,0.08102314484145871,4.191999999999999,0.8843675706401722,353.055,29.05748569646039,15.753,2.6340882673137584,716.515,39.147123457541554,8.7,1.5198684153570663,406.07199999999995,30.62835901578797,2.9899999999999998,0.4043884271341108,57.6221235,3.400145559627816,1775.2930000000001,226.86348143982983,116.89999999999999,1.260952021291849,126.05,1.4309088021254184,5.063,0.8002130966186444,6.944500000000001,0.23652642558496512,24.8115,0.7769444960870754,739.415,39.147123457541554,0.43165,0.022652317762207032,0.43165,0.022652317762207032,136.99,111.15368145050347,201.05,3.5843409436045564,241.64999999999998,2.535251466817444,202.25,2.4874685927665356,223.6,1.319090595827279,299.44,21.761052364258497,12.982056797590989,1100,8.7
137.5,2.5,231.6,6.606057825965498,6.9606091843281765,0.24662451345082909,57.4797035,3.4119251310655616,0.001281,0.0010858374648169034,3082.2000000000003,132.91255584029673,436.25,102.42161637076423,492.3,131.06795947141316,114.45,3.904804732633879,138.3,1.7916472867168918,137.25,5.494315243958978,114.45,3.904804732633879,107.89999999999999,4.493328387732194,103.25,7.502499583472164,8.276,0.6650218041538186,59.77499999999999,11.242191734710808,4.575,3.3476670981446164,0.619164115,0.4039960437915199,10.661499999999998,0.40563869391368496,0.14163991,0.005947980163038546,4.8855,0.24259997938994124,1.8355000000000001,0.07940245588141463,4.1625,0.8665845313643673,351.125,28.574584423924698,15.562499999999998,2.630668878821506,717.365,39.269826521134526,8.6,1.4966629547095764,405.342,30.218216294149467,2.9574999999999996,0.38619781200830233,57.4797035,3.4119251310655616,1779.443,226.72225257129043,117.0,1.1832159566199232,126.15,1.3518505834595773,5.0725,0.8047973347371373,6.969,0.22465306585933795,24.762999999999998,0.725438488088411,740.2650000000001,39.269826521134526,0.4319,0.022814249932881864,0.4319,0.022814249932881864,136.465,111.3946689702878,201.4,3.512833614050059,241.85,2.5548972582082436,202.49999999999997,2.499999999999986,223.65,1.275735082217296,299.83,21.53885094428206,12.582456142284009,1100,8.6
137.75,2.48746859276655,232.0,6.6783231428256,6.985667678396107,0.23327929290630883,57.3372835,3.41773455091772,0.0013610000000000002,0.0010768857878159595,3079.6000000000004,131.35314042686608,441.69999999999993,101.80918426153899,500.04999999999995,129.54091052636616,114.75,3.779880950506238,138.55,1.6575584454250776,138.15,4.661276649159541,114.75,3.779880950506238,108.3,4.208325082500163,103.3,7.490660852021001,8.2245,0.6545034377297035,60.425000000000004,10.973006652690957,4.625,3.3311972322274768,0.568914115,0.3965311897653193,10.637,0.391140639668138,0.14124223,0.005827145498020454,4.872,0.23200431030478702,1.8315,0.07754192414429757,4.133,0.8474025017664274,349.19500000000005,27.950428887585968,15.372,2.6133954924580394,718.215,39.37380188653364,8.5,1.466287829861518,404.61199999999997,29.784543239740984,2.925,0.3642183411087366,57.3372835,3.41773455091772,1783.593,226.50491255378992,117.1,1.0908712114635715,126.25000000000001,1.2599603168354152,5.082,0.8092440917300538,6.9935,0.2092671737277493,24.7145,0.6664643651389021,741.115,39.37380188653364,0.43215000000000003,0.022972320300744548,0.43215000000000003,0.022972320300744548,135.94,111.63266726187277,201.75,3.404041715373065,242.04999999999998,2.558808316384797,202.75,2.4874685927665356,223.7,1.2288205727444408,300.22,21.30719596755988,11.905751859927141,1100,8.5
136.75,2.384848003542364,229.8,6.881860213634101,6.910304874877197,0.26418955027749824,58.1495935,3.574765130559874,0.0011710000000000002,0.0011466311525508105,3072.3500000000004,146.10188226029123,413.9,108.4241209325674,462.6,139.3680020664715,113.65,4.0654028090707,137.65,1.8781639970992947,134.95000000000002,6.359834903517544,113.65,4.0654028090707,107.4,5.2,104.05000000000001,8.363462201743964,8.4335,0.6745759779298399,57.699999999999996,11.906300852909773,4.3,3.487119154832539,0.773864115,0.39266529795514105,10.726500000000001,0.4320332741815152,0.14303119,0.006342714909871014,4.8885000000000005,0.2791464669308926,1.847,0.0832526275861609,4.189,0.9051624163651516,353.2150000000001,31.261642231335195,15.904,2.6613575483200296,710.73,42.79973247579942,8.95,1.5960889699512368,402.897,34.40619785736286,3.0595,0.43649140885016285,58.1495935,3.574765130559874,1748.4740000000002,243.81674246039793,116.85000000000001,1.3518505834595773,126.05000000000001,1.5644487847162014,4.9350000000000005,0.8842708860976936,6.921500000000001,0.24652129725441588,24.826999999999998,0.825330842753377,733.63,42.79973247579943,0.4282,0.02423963696097778,0.4282,0.02423963696097778,153.54500000000002,123.90362575405129,200.3,3.675595189897821,241.15,2.5352514668174435,201.75,2.3848480035423507,223.7,1.4525839046333793,301.965,24.465123645712488,13.275831245125143,1100,8.95
137.0,2.449489742783178,230.2,7.054076835419359,6.935363368945127,0.25673487651617066,58.0071735,3.6068592385629294,0.0012510000000000002,0.0011458634299077704,3069.7500000000005,144.50757765598314,419.34999999999997,108.96938790320885,470.34999999999997,139.59164552364874,113.95,4.005933099790851,137.9,1.841195263952197,135.85,6.010615609070339,113.95,4.005933099790851,107.80000000000001,4.995998398718719,104.10000000000001,8.34805366537614,8.382000000000001,0.6763105795416777,58.35,11.767646323713166,4.35,3.475269773701029,0.723614115,0.4046697014550258,10.701999999999998,0.422239268661739,0.14263351,0.0063177335749380935,4.875,0.2701388531848018,1.843,0.08204267182387467,4.1594999999999995,0.8876963163154391,351.285,30.823323555385787,15.7135,2.668773641581466,711.58,43.02642908724823,8.85,1.5898113095584647,402.167,33.97344802930666,3.0269999999999997,0.42504235083106723,58.0071735,3.6068592385629294,1752.624,244.14164373166662,116.95,1.2835497652993435,126.15,1.49248115565993,4.944500000000001,0.8897891604194782,6.946000000000001,0.23753736548172805,24.7785,0.7780056233729931,734.48,43.02642908724823,0.42845,0.02442636894833123,0.42845,0.02442636894833123,153.02,124.18986512594334,200.65000000000003,3.6779749863205975,241.35,2.5937424698685874,202.0,2.449489742783164,223.75,1.409787217987154,302.35499999999996,24.227081437928103,13.170795686273172,1100,8.85
137.25,2.48746859276655,230.6,7.2,6.960421863013056,0.24652305959851925,57.864753500000006,3.633091587360103,0.0013310000000000002,0.0011394924308656025,3067.1500000000005,142.8481711468509,424.8,109.24037715057561,478.09999999999997,139.3846835201056,114.25,3.9226904032819028,138.15,1.7684739183827394,136.75,5.494315243958978,114.25,3.9226904032819028,108.2,4.749736834815167,104.14999999999999,8.332316604642433,8.3305,0.6741177567754761,59.0,11.59094474147815,4.3999999999999995,3.462657938636157,0.673364115,0.41021820209883386,10.677499999999998,0.4107538800790569,0.14223583,0.006267470291521139,4.8615,0.2601206450860829,1.839,0.08061637550770934,4.13,0.8688785876058864,349.355,30.255817209257465,15.523,2.662574130423414,712.43,43.23522984789141,8.75,1.5771810295587503,401.43699999999995,33.51921972540531,2.9945,0.4107124906793072,57.864753500000006,3.633091587360103,1756.7740000000001,244.39565361110664,117.05,1.2031209415515964,126.25000000000001,1.4097872179871684,4.954000000000001,0.8951726090536952,6.9705,0.2255543171832453,24.73,0.7243686906541444,735.33,43.23522984789142,0.4287,0.024609144641779,0.4287,0.024609144641779,152.495,124.47323196173545,201.0,3.6469165057620936,241.54999999999998,2.6358110706194404,202.25,2.4874685927665356,223.8,1.3638181696985727,302.74499999999995,23.980335172803574,12.840802738399296,1100,8.75
137.5,2.5,230.99999999999997,7.321202087089251,6.985480357080986,0.23319216272840693,57.7223335,3.6535884394231863,0.0014110000000000001,0.0011274231681139074,3064.55,141.12136620653868,430.24999999999994,109.23912989400822,485.84999999999997,138.74518910578485,114.55,3.814118508908702,138.4,1.6552945357246849,137.64999999999998,4.75683718451662,114.55,3.814118508908702,108.6,4.454211490264017,104.2,8.316249154516717,8.279,0.6679588310667057,59.65,11.374423062291994,4.45,3.449275286201436,0.6231141149999999,0.40957325888136265,10.652999999999999,0.39743049706835554,0.14183815,0.006191309346293404,4.847999999999999,0.2489698776960777,1.835,0.0789620161849987,4.1005,0.8486193198366391,347.425,29.55168142424387,15.3325,2.6426631926902826,713.2800000000001,43.426392896486355,8.649999999999999,1.5580436450882884,400.707,33.042627180658634,2.962,0.39318697842120864,57.7223335,3.6535884394231863,1760.924,244.57899297364037,117.15,1.107925990308017,126.35000000000001,1.3143439428094914,4.9635,0.9004236502891292,6.995,0.21005951537600007,24.6815,0.6628896967067747,736.1800000000001,43.426392896486355,0.42895,0.024788051557151483,0.42895,0.024788051557151483,151.97,124.75374583554596,201.35,3.5815499438092444,241.75,2.662235902394827,202.49999999999997,2.499999999999986,223.84999999999997,1.3143439428094803,303.135,23.72461327398194,12.223687829729394,1100,8.649999999999999
137.75,2.48746859276655,233.60000000000002,2.90516780926679,6.91986655473165,0.2735048495083844,56.416948500000004,2.5773228770871435,0.000901,0.0008319873797119761,3123.05,93.41621914849691,465.70000000000005,79.74653597492495,527.45,107.0474077219995,114.75,4.368924352744041,138.25,2.0463381929681126,136.8,6.6000000000000005,114.75,4.368924352744041,106.3,3.9127995093027708,100.5,2.6739483914241875,8.179499999999999,0.6819785553813256,61.849999999999994,11.58565923890393,5.4,3.32264954516723,0.582814115,0.36596770630712716,10.619,0.45941158017620787,0.140250115,0.0053158447455954735,4.9705,0.18932709790201707,1.8244999999999998,0.08749142815156237,4.2135,0.9836934227695132,360.39500000000004,22.034937599185536,16.422,2.664945778060034,732.335,19.143021574453698,8.25,1.3369741957120937,417.616,11.59562952150507,2.9120000000000004,0.3393464306575215,56.416948500000004,2.5773228770871435,1857.6000000000001,164.05684228339882,116.75,1.3369741957120937,125.75,1.3369741957120937,5.390499999999999,0.13485084352720972,6.9225,0.248814690080791,24.871499999999997,0.8772073586102659,755.235,19.14302157445368,0.441,0.011704699910719636,0.441,0.011704699910719636,90.10000000000001,7.774959806970064,202.0,3.255764119219941,242.4,2.2,202.74999999999997,2.4874685927665356,223.2,0.9797958971132643,290.85999999999996,6.379216252800977,11.28863695125724,1100,8.25
138.0,2.449489742783178,234.0,2.792848008753788,6.944925048799579,0.2654098311154395,56.274528499999995,2.525777986897651,0.000981,0.000856529625874085,3120.4500000000003,92.34126921371613,471.15,76.8988133848631,535.2,102.54930521461372,115.05,4.236448984704046,138.5,1.9364916731037085,137.70000000000002,5.992495306631454,115.05,4.236448984704046,106.70000000000002,3.7563279941985894,100.55000000000001,2.692118125194361,8.128,0.6642860829492063,62.50000000000001,11.20490963818986,5.45,3.293554311074891,0.532564115,0.35256682787409205,10.5945,0.4443250499352926,0.139852435,0.0050724722417451445,4.957000000000001,0.18196428220944888,1.8205,0.08529214500761487,4.184,0.9683924824160915,358.46500000000003,22.046321121674712,16.2315,2.709026162664362,733.1850000000001,18.686446291363158,8.15,1.2757350822173072,416.88599999999997,11.24086669256423,2.8795,0.30936184315458176,56.274528499999995,2.525777986897651,1861.7500000000002,161.763531118729,116.85000000000001,1.2757350822173072,125.85,1.2757350822173075,5.4,0.13899640283115242,6.947,0.23981451165432013,24.823,0.8354226475263881,756.0849999999999,18.686446291363136,0.44125000000000003,0.011818946653572823,0.44125000000000003,0.011818946653572823,89.57500000000002,8.052755739496881,202.35000000000002,3.070423423568808,242.6,2.1540659228538015,203.0,2.449489742783164,223.25000000000003,0.9420721840708329,291.25,6.14536410638134,10.970700981454987,1100,8.15
137.5,2.5,232.60000000000002,4.5431266766402185,6.919679233416529,0.2733854550952663,56.8019985,3.003188675459261,0.000951,0.0009217391171041838,3108.0,112.67665019869911,454.25000000000006,92.071643300204,513.25,121.27113217909694,114.55,4.398579316097407,138.1,2.0223748416156684,136.3,6.565820588471786,114.55,4.398579316097407,106.60000000000001,4.317406628984581,101.4,5.023942674832188,8.234,0.6984225082283644,61.075,12.058477308516196,5.225,3.480211918834829,0.637014115,0.37807257503513747,10.635,0.4653976794097713,0.140846035,0.005815267359913474,4.9465,0.22075495464428413,1.8279999999999998,0.08902808545621993,4.181,0.987395057714996,358.625,24.84475548279758,16.3825,2.709006967506728,727.4000000000001,29.006464796662144,8.4,1.4628738838327793,413.71099999999996,20.993238411450488,2.9490000000000003,0.37156291526469654,56.8019985,3.003188675459261,1834.9310000000003,196.93751612884734,116.8,1.3638181696985856,125.85,1.4239030865898141,5.271999999999999,0.49717803652212955,6.924,0.24990798306576775,24.8385,0.8803991992272594,750.3,29.006464796662133,0.43779999999999997,0.01674395413276088,0.43779999999999997,0.01674395413276088,106.13000000000001,68.0567785014836,201.6,3.4698703145794942,242.1,2.364318083507378,202.5,2.499999999999986,223.35,1.1521718621802812,293.775,14.287192691358237,12.482034425844683,1100,8.4
137.75,2.48746859276655,233.0,4.560701700396551,6.944737727484458,0.2653044869313285,56.659578499999995,2.9775461522446216,0.001031,0.0009397036766981387,3105.4,111.43647293413409,459.7,90.31007695711482,521.0,118.25396399275586,114.85,4.28106295211831,138.35,1.9306734576307822,137.20000000000002,6.029925372672534,114.85,4.28106295211831,107.0,4.147288270665544,101.45,5.0246890451051796,8.182500000000001,0.6852654595118595,61.725,11.73613543718715,5.275,3.4549782922617616,0.586764115,0.3725009772486505,10.610499999999998,0.4513809366820892,0.140448355,0.005635873905835281,4.933,0.21295774228705547,1.8239999999999998,0.08702873088813831,4.1514999999999995,0.9711656655792565,356.695,24.71702803736728,16.192,2.749646522737059,728.25,28.852946123403065,8.299999999999999,1.4177446878757824,412.981,20.66187839960346,2.9165,0.3478688689722034,56.659578499999995,2.9775461522446216,1839.0810000000001,195.51299306951444,116.9,1.3,125.94999999999999,1.3592277219068187,5.281499999999999,0.5005724223326731,6.9485,0.24079607554941598,24.79,0.8368631907307188,751.15,28.852946123403058,0.43805,0.016871499636961742,0.43805,0.016871499636961742,105.605,68.21256097669988,201.95000000000002,3.3387872049593095,242.3,2.3473389188611007,202.74999999999997,2.4874685927665356,223.4,1.1135528725659958,294.16499999999996,14.103945370001975,12.223687829729393,1100,8.299999999999999
138.0,2.449489742783178,233.4,4.5431266766402185,6.969796221552388,0.2545142005158851,56.5171585,2.944801019472581,0.0011110000000000002,0.0009506224276756782,3102.8000000000006,110.12096757657008,465.15000000000003,88.17725046745335,528.75,114.63501864613623,115.15,4.138538389335049,138.6,1.8,138.1,5.290557626564519,115.15,4.138538389335049,107.4,3.9293765408777,101.5,5.024937810560445,8.131,0.6678914582475207,62.37500000000001,11.367579997519261,5.325,3.4288299753706073,0.536514115,0.3598957614486446,10.586,0.43553874684119687,0.140050675,0.005421486524273119,4.919500000000001,0.20397242460685694,1.82,0.08479386770280031,4.122,0.9537483944940617,354.76500000000004,24.43667888646083,16.0015,2.776654956958102,729.1,28.673419747215366,8.200000000000001,1.3638181696985856,412.251,20.298881225328653,2.884,0.31914573473571606,56.5171585,2.944801019472581,1843.2310000000002,193.9892539781521,117.0,1.224744871391589,126.05000000000001,1.2835497652993437,5.291,0.503764826084553,6.973,0.2287159810769681,24.741500000000002,0.7879547893121785,752.0,28.673419747215355,0.4383,0.016994410845922264,0.4383,0.016994410845922264,105.08000000000001,68.36395687787534,202.29999999999998,3.163858403911275,242.5,2.313006701244076,203.0,2.449489742783164,223.45000000000002,1.0712142642814204,294.55499999999995,13.907353270842018,11.764497800735448,1100,8.200000000000001
137.25,2.48746859276655,231.60000000000002,5.5533773507659285,6.9194919121014085,0.27326588010971586,57.1870485,3.3315408181585817,0.0010010000000000002,0.0010010009990005005,3092.9500000000003,127.32815870811923,442.80000000000007,101.64969257208799,499.05,132.47998905495123,114.35000000000001,4.418993097980572,137.95000000000002,1.9868316486305528,135.8,6.493073232299171,114.35000000000001,4.418993097980572,106.9,4.6679760067935225,102.3,6.458327956987009,8.2885,0.7103187664703784,60.3,12.465351980590038,5.05,3.6224991373359914,0.691214115,0.3821911850470909,10.651000000000002,0.47076427222124695,0.141441955,0.006218216969716885,4.9225,0.2459039446613249,1.8315,0.09040326321543929,4.1485,0.9900165402658686,356.855,27.252880123025534,16.343,2.7517959590056815,722.465,35.603177877824336,8.55,1.5644487847162016,409.806,26.767058934444037,2.986,0.397773805070168,57.1870485,3.3315408181585817,1812.2620000000002,222.76973738818302,116.85000000000001,1.3883443376914821,125.95,1.499166435056495,5.1535,0.6694047729139672,6.9255,0.25098754949200186,24.805500000000002,0.882346162228861,745.3649999999999,35.603177877824336,0.4346,0.020080836635957184,0.4346,0.020080836635957184,122.16000000000003,93.2152262240456,201.20000000000002,3.627671429443411,241.8,2.4819347291981715,202.25,2.4874685927665356,223.5,1.2845232578665007,296.69,18.723218206280677,13.02954162708148,1100,8.55
137.5,2.5,232.0,5.639148871948674,6.944550406169338,0.26519896858870834,57.0446285,3.3249783057031745,0.001081,0.0010136286302191745,3090.3500000000004,125.92164230186962,448.25,100.67863477421612,506.79999999999995,130.56936853642205,114.65,4.3159587579123055,138.2,1.9131126469708992,136.7,6.025777958073132,114.65,4.3159587579123055,107.30000000000001,4.484417464955732,102.35000000000001,6.4519376934375305,8.237,0.7013993156540715,60.95,12.195183475454561,5.1000000000000005,3.600694377477766,0.640964115,0.3838428167690515,10.626499999999998,0.45776931963599343,0.141044275,0.006089822117999429,4.909,0.2375689373634523,1.8275,0.0885931712944062,4.119,0.9728458254009215,354.925,27.01031053135081,16.1525,2.7891161234340887,723.315,35.59625366523843,8.45,1.5321553446044562,409.07599999999996,26.40021409004102,2.9535,0.37892314524188153,57.0446285,3.3249783057031745,1816.4120000000003,221.93569743509045,116.95,1.3219304066402284,126.05,1.4309088021254184,5.163,0.6736029988056763,6.95,0.24176434807473177,24.757,0.8370011947422772,746.2149999999999,35.59625366523842,0.43485,0.020226900405153535,0.43485,0.020226900405153535,121.63500000000002,93.4191536838137,201.55,3.5422450508117023,242.0,2.4899799195977463,202.5,2.499999999999986,223.55,1.2439855304624619,297.08,18.522489033604533,12.840802738399296,1100,8.45
137.75,2.48746859276655,232.4,5.6956123463592565,6.969608900237267,0.25442265700795375,56.9022085,3.312284759940901,0.0011610000000000001,0.001019844596004705,3087.7500000000005,124.44492757842724,453.70000000000005,99.39974849062749,514.55,128.16258229296102,114.95,4.188973621306291,138.45000000000002,1.8020821290940099,137.6,5.370288632839021,114.95,4.188973621306291,107.69999999999999,4.255584566190643,102.39999999999999,6.445153217728808,8.185500000000001,0.6885236016288765,61.599999999999994,11.883391771712317,5.1499999999999995,3.578058132562969,0.590714115,0.378880441620704,10.601999999999999,0.4430417587541836,0.140646595,0.005932060840085429,4.8955,0.22813318478467773,1.8235,0.0865606723633776,4.0895,0.9544552111021241,352.995,26.626011248401444,15.962,2.8130723417644274,724.165,35.569021282571164,8.35,1.49248115565993,408.346,26.00771739311238,2.921,0.35613059402415853,56.9022085,3.312284759940901,1820.5620000000001,221.02060242429894,117.05000000000001,1.243985530462473,126.15,1.3518505834595775,5.1725,0.6776420515286813,6.9745,0.22957515109436397,24.7085,0.7860679041914888,747.065,35.56902128257116,0.4351,0.020368848764719134,0.4351,0.020368848764719134,121.11000000000001,93.61969290699473,201.89999999999998,3.419064199455752,242.20000000000002,2.4819347291981715,202.74999999999997,2.4874685927665356,223.6,1.1999999999999906,297.46999999999997,18.311256101098042,12.441202083092318,1100,8.35
138.0,2.449489742783178,232.8,5.7236352085016735,6.994667394305197,0.2405731232028094,56.7597885,3.293389290028853,0.0012410000000000001,0.0010197661496637355,3085.15,122.89548405047275,459.15,97.80095858425928,522.3,125.23102650701223,115.25,4.035777496344409,138.70000000000002,1.6462077633154328,138.5,4.444097208657794,115.25,4.035777496344409,108.10000000000001,3.9736632972611057,102.45,6.437973283573022,8.134,0.6714640720098134,62.25000000000001,11.526599672062876,5.200000000000001,3.5545745174352446,0.540464115,0.3670358907521166,10.5775,0.4264020989629392,0.140248915,0.005742513337143855,4.882,0.21745344329304125,1.8195,0.08428967908350346,4.0600000000000005,0.9347726996441436,351.06500000000005,26.093720988007828,15.771500000000001,2.82400473618583,725.0150000000001,35.52143402229139,8.25,1.4448183276799889,407.616,25.58838846039352,2.8885,0.3285768555452438,56.7597885,3.293389290028853,1824.7120000000002,220.02344101481555,117.15,1.1521718621802912,126.25000000000001,1.2599603168354152,5.1819999999999995,0.6815247611055668,6.9990000000000006,0.2139135339336902,24.660000000000004,0.7283749034666143,747.915,35.52143402229139,0.43535,0.02050676717573982,0.43535,0.02050676717573982,120.58500000000002,93.81686562127302,202.25,3.253843880704789,242.4,2.4576411454889016,203.0,2.449489742783164,223.65,1.1521718621802834,297.86,18.089151444995984,11.764497800735448,1100,8.25
137.0,2.449489742783178,230.60000000000002,6.248199740725323,6.919304590786288,0.2731461243145857,57.572098499999996,3.5892421513053074,0.001051,0.0010721021406563836,3077.9,138.83762998553382,431.35,109.2058949874044,484.8500000000001,141.39281275934783,114.15,4.430293444005705,137.8,1.9390719429665317,135.3,6.380438856379708,114.15,4.430293444005705,107.2,4.975942121849891,103.2,7.520638270785266,8.343,0.7178934461325023,59.525,12.812567072995169,4.875,3.751249791736082,0.745414115,0.3785842731304348,10.667000000000002,0.47553233328555095,0.142037875,0.006542542992206858,4.8985,0.26655721712232805,1.835,0.09162423260251625,4.1160000000000005,0.9915664375118796,355.08500000000004,29.358325480176834,16.3035,2.7933712159324617,717.5300000000001,40.55969797717927,8.700000000000001,1.6462077633154328,405.90099999999995,31.01188125541565,3.023,0.4191073848072831,57.572098499999996,3.5892421513053074,1789.5930000000003,243.80434657938324,116.9,1.4106735979665885,126.05,1.5644487847162014,5.035,0.7879942893194086,6.9270000000000005,0.2520535657355398,24.7725,0.8830564817722586,740.43,40.559697977179276,0.4314,0.02248644035858055,0.4314,0.02248644035858055,138.19,110.60067766519333,200.8,3.736308338453881,241.5,2.5592967784139455,202.0,2.449489742783164,223.65,1.3883443376914681,299.605,21.90889031877243,13.275831245125143,1100,8.700000000000001
137.25,2.48746859276655,231.0,6.3874877690685254,6.944363084854217,0.26509327587961135,57.429678499999994,3.5984237345047,0.0011309999999999998,0.0010802050731226918,3075.3,137.2640794235695,436.8,108.87727035520317,492.6,140.39031305613648,114.45,4.341370751271992,138.04999999999998,1.8834808201837363,136.20000000000002,5.979966555090422,114.45,4.341370751271992,107.60000000000001,4.7791212581394085,103.25,7.50916107165108,8.291500000000001,0.7130166547844446,60.175000000000004,12.589951350184004,4.925000000000001,3.7325426990189947,0.695164115,0.38734785131610017,10.642499999999998,0.4635177990109984,0.141640195,0.006457441512121892,4.885000000000001,0.2576334605597648,1.831,0.0899944442729661,4.0865,0.973438621588439,353.15500000000003,29.015796990604965,16.113,2.827483156448505,718.38,40.656925609298106,8.6,1.624807680927192,405.17099999999994,30.60279952880129,2.9905,0.4042459028858549,57.429678499999994,3.5984237345047,1793.7430000000002,243.42927106451273,117.0,1.3416407864998738,126.14999999999999,1.4924811556599298,5.0445,0.7929847098147605,6.9515,0.2427194882987356,24.724,0.8358373047429741,741.28,40.656925609298106,0.43165000000000003,0.02265231776220703,0.43165000000000003,0.02265231776220703,137.665,110.84855107307447,201.15000000000003,3.6915443922564446,241.7,2.5903667693977237,202.25,2.487468592766536,223.70000000000002,1.3453624047073585,299.995,21.68523633719495,13.170795686273172,1100,8.6
137.5,2.5,231.4,6.499230723708768,6.969421578922146,0.2543309425830514,57.2872585,3.6019551097406466,0.001211,0.0010823506825424004,3072.7000000000003,135.62244467638828,442.25000000000006,108.27366946769654,500.35,138.9490104318847,114.75,4.229361653961498,138.3,1.7916472867168918,137.1,5.402777063696039,114.75,4.229361653961498,108.0,4.538722287164087,103.3,7.4973328590906245,8.24,0.7043507648891992,60.825,12.32910682085284,4.9750000000000005,3.713068138345969,0.6449141150000001,0.38948753378856643,10.617999999999999,0.44985108647195715,0.141242515,0.006346332342012595,4.8715,0.24765449723354493,1.827,0.08815327560561774,4.057,0.9540550298593894,351.225,28.53895364234646,15.9225,2.8484765665176184,719.23,40.73618907065314,8.5,1.5968719422671314,404.441,30.17051704893372,2.9579999999999997,0.3860906629277637,57.2872585,3.6019551097406466,1797.8930000000003,242.98274755834007,117.1,1.2609520212918492,126.25,1.4097872179871684,5.054,0.797830809131861,6.976,0.23042135317717422,24.6755,0.782786529010304,742.1300000000001,40.73618907065314,0.4319,0.022814249932881864,0.4319,0.022814249932881864,137.14,111.09339044245611,201.5,3.6124783736376886,241.89999999999998,2.6057628441590768,202.5,2.499999999999986,223.75000000000003,1.299038105676647,300.385,21.452162478407633,12.840802738399296,1100,8.5
137.75,2.48746859276655,231.79999999999998,6.584831053261731,6.9944800729900765,0.2404956455819484,57.14483849999999,3.5998529052347057,0.001291,0.0010785745222282974,3070.1,133.9102217905713,447.7,107.39045581428547,508.1,137.05506192767928,115.05,4.092370950928073,138.54999999999998,1.6575584454250776,138.0,4.58257569495584,115.05,4.092370950928073,108.39999999999999,4.24735211631906,103.35,7.485151969065157,8.1885,0.691753388137709,61.475,12.027546507912577,5.025,3.692813967694555,0.5946641149999999,0.38511374298277085,10.593499999999999,0.43437627697654047,0.140844835,0.006207819161611835,4.858,0.23648678610019608,1.823,0.08608716512930369,4.0275,0.9333374255862669,349.295,27.920914651923567,15.732,2.856640684440379,720.08,40.79759306625821,8.4,1.5620499351813308,403.71099999999996,29.714021252600602,2.9255,0.36414935122831127,57.14483849999999,3.5998529052347057,1802.0430000000001,242.46438132435043,117.2,1.1661903789690602,126.35,1.3143439428094916,5.0634999999999994,0.8025352017201487,7.0005,0.2146502969949029,24.627,0.7226209241365763,742.98,40.79759306625821,0.43215000000000003,0.022972320300744548,0.43215000000000003,0.022972320300744548,136.61499999999998,111.33521578997365,201.85,3.4967842369811724,242.1,2.6057628441590768,202.74999999999997,2.4874685927665356,223.79999999999998,1.2489995996796701,300.77500000000003,21.20935819396712,12.223687829729394,1100,8.4
136.75,2.384848003542364,229.60000000000002,6.726068688320094,6.919117269471166,0.27302618747195373,57.9571485,3.790729113687333,0.001101,0.0011365751185029524,3062.8500000000004,147.9402244151333,419.90000000000003,115.13900294860991,470.65000000000003,148.4238104213741,113.95,4.432550056118931,137.65,1.8781639970992947,134.8,6.2257529665093525,113.95,4.432550056118931,107.5,5.2488093888042835,104.10000000000001,8.35404093837228,8.3975,0.721282711563226,58.74999999999999,13.104865508657461,4.7,3.867815921162743,0.7996141149999999,0.36702414334168765,10.683,0.47971970983064716,0.142633795,0.0067995054257258365,4.8745,0.2836983433155716,1.8384999999999998,0.09269708733288226,4.0835,0.9920497719368722,353.31500000000005,31.222384197879578,16.264,2.833786159892803,712.595,44.428408422989904,8.850000000000001,1.7109938632268675,401.996,34.30014670522563,3.06,0.43627972678088084,57.9571485,3.790729113687333,1766.9240000000002,261.2029781683203,116.95,1.4309088021254186,126.15,1.620956507744733,4.9165,0.8750329993777377,6.9285000000000005,0.253106203005774,24.7395,0.8825331438535322,735.495,44.42840842298991,0.4282,0.02423963696097778,0.4282,0.02423963696097778,154.22,123.53954670468886,200.4,3.8000000000000003,241.2,2.6,201.75,2.3848480035423507,223.79999999999998,1.4696938456698916,302.52,24.34020542230489,13.275831245125142,1100,8.850000000000001
137.0,2.449489742783178,230.0,6.913754406977442,6.944175763539096,0.26498740859539444,57.814728499999994,3.8138299657557826,0.001181,0.0011407203864225448,3060.2500000000005,146.19709299435473,425.34999999999997,115.36952587230304,478.40000000000003,148.21349466226076,114.25000000000001,4.357464859296049,137.9,1.841195263952197,135.70000000000002,5.8915193286621745,114.25000000000001,4.357464859296049,107.9,5.038849074937649,104.15000000000002,8.338315177540364,8.346,0.7203360326958522,59.4,12.926329718833571,4.750000000000001,3.851947559352282,0.749364115,0.3832311676432381,10.6585,0.4686499226501593,0.142236115,0.006752845847735242,4.861000000000001,0.27415141801566506,1.8345,0.09124006795262704,4.053999999999999,0.972946041669321,351.38500000000005,30.789775494472188,16.0735,2.8647919208905908,713.445,44.611315548860475,8.75,1.699264546796643,401.26599999999996,33.846614660849035,3.0275,0.4248632132816397,57.814728499999994,3.8138299657557826,1771.0740000000003,261.2133210691982,117.05000000000001,1.3592277219068187,126.25,1.5451537140362444,4.926,0.8808087193028915,6.953,0.24366165065516582,24.691,0.8333660660238088,736.3449999999999,44.611315548860475,0.42845,0.02442636894833123,0.42845,0.02442636894833123,153.695,123.82948952087301,200.75000000000003,3.7930858150060356,241.4,2.6532998322843198,202.0,2.449489742783164,223.85,1.4239030865898001,302.90999999999997,24.091946787256532,13.275831245125142,1100,8.75
137.25,2.48746859276655,230.4,7.0738956735309575,6.969234257607026,0.2542390570562078,57.6723085,3.831501518887439,0.0012610000000000002,0.001139246680925602,3057.6500000000005,144.386114290814,430.8,115.34235995504862,486.15000000000003,147.59650232983165,114.55000000000001,4.2599882628946215,138.15,1.7684739183827394,136.6,5.388877434122992,114.55000000000001,4.2599882628946215,108.3,4.7864391775097275,104.2,8.322259308625274,8.294500000000001,0.7156917981924901,60.05,12.712100534530082,4.8,3.8353617821530217,0.699114115,0.3923970042070909,10.634,0.45599780701227094,0.141838435,0.006682236248986942,4.847500000000001,0.2635692508620835,1.8305,0.08958096896104663,4.0245,0.9525464555600426,349.45500000000004,30.22802466255445,15.883,2.8829049585444193,714.295,44.77734332226512,8.65,1.6815171720800237,400.53599999999994,33.37095719334405,2.9949999999999997,0.4105666815512433,57.6723085,3.831501518887439,1775.2240000000002,261.15772514708425,117.15,1.2757350822173075,126.35000000000001,1.4585952145814822,4.9355,0.8864450067545081,6.9775,0.2312547296813625,24.6425,0.7780930214312421,737.195,44.77734332226512,0.4287,0.024609144641779,0.4287,0.024609144641779,153.17000000000002,124.11653435380799,201.1,3.753664875824692,241.6,2.6907248094147422,202.25,2.4874685927665356,223.9,1.3747727084867394,303.29999999999995,23.83472257023354,13.029541627081478,1100,8.65
137.5,2.5,230.79999999999998,7.2083285163760396,6.994292751674956,0.2404179970419268,57.5298885,3.8438186557090273,0.0013410000000000002,0.001132132059434764,3055.05,142.50470167682187,436.25,115.05732267005,493.9,146.56769766902937,114.85000000000001,4.138538389335049,138.4,1.6552945357246849,137.5,4.663689526544408,114.85000000000001,4.138538389335049,108.7,4.484417464955732,104.25,8.305871417256592,8.243,0.7072771733910264,60.7,12.460337074092338,4.8500000000000005,3.8180492401225004,0.648864115,0.39501210736912823,10.609499999999999,0.44162738819054265,0.141440755,0.006586906464075157,4.834,0.25182136525719956,1.8264999999999998,0.08770832343626231,3.9949999999999997,0.9307658137254505,347.52500000000003,29.52976252867605,15.6925,2.888367834954544,715.1450000000001,44.92667887792287,8.55,1.6575584454250778,399.806,32.87221385912425,2.9625000000000004,0.3930760104610812,57.5298885,3.8438186557090273,1779.3740000000003,261.0361482706945,117.25,1.1779218989389748,126.45,1.3592277219068185,4.944999999999999,0.891944505000171,7.002,0.21537409314957084,24.594,0.7152999370893302,738.0450000000001,44.92667887792287,0.42895,0.024788051557151483,0.42895,0.024788051557151483,152.64499999999998,124.4007012641006,201.45,3.680692869555948,241.79999999999998,2.7129319932501077,202.5,2.499999999999986,223.95,1.3219304066402178,303.69,23.568239221460736,12.482034425844681,1100,8.55
137.75,2.48746859276655,233.4,2.8,6.9286789493256205,0.2817508840847359,56.224503500000004,2.7507084457275277,0.000831,0.0007946338779588999,3113.55,101.1456375727594,471.70000000000005,85.0829595159924,535.5,114.11069187416226,115.05,4.641928478552845,138.25,2.0463381929681126,136.65,6.513639535620619,115.05,4.641928478552845,106.4,4.004996878900157,100.55,2.71062723368596,8.1435,0.7155436744182704,62.9,12.469562943423478,5.8,3.6,0.608564115,0.3525508795013844,10.5755,0.4951613373436988,0.13985271999999999,0.005661367005114579,4.9565,0.20174922552515523,1.8159999999999998,0.09451983918733675,4.1080000000000005,1.0666142695463998,360.495,21.946513960080324,16.782,2.7706490214388393,734.2,20.686589859133374,8.15,1.4239030865898141,416.715,12.397414044872418,2.9125,0.3392915413033459,56.224503500000004,2.7507084457275277,1876.0500000000002,177.9558653149707,116.85,1.4239030865898141,125.85,1.4239030865898141,5.372,0.1370620297529553,6.9295,0.25531304314507725,24.784,0.9354004490056649,757.1,20.686589859133353,0.441,0.011704699910719636,0.441,0.011704699910719636,90.775,7.484108163301755,202.1,3.345145736735546,242.45,2.2466641938660974,202.75,2.4874685927665356,223.3,1.053565375285267,291.41499999999996,6.8501295608185515,11.441947988520557,1100,8.15
138.0,2.449489742783178,233.79999999999998,2.7129319932501073,6.95373744339355,0.27309226601157693,56.082083499999996,2.6923116732534425,0.000911,0.0008270931023772354,3110.9500000000003,99.9067565282749,477.15,82.02211592003708,543.25,109.33292047686278,115.35,4.497499305169478,138.5,1.9364916731037085,137.55,5.920092904676412,115.35,4.497499305169478,106.8,3.8418745424597094,100.60000000000001,2.727636339397171,8.092,0.6960431021136548,63.55,12.060161690458383,5.8500000000000005,3.567562192870644,0.5583141149999999,0.3424193389613087,10.550999999999998,0.4789770349400901,0.13945504,0.005404329150172112,4.943,0.1938839859297305,1.812,0.09211948762341225,4.0785,1.049558359501748,358.565,21.9667310949991,16.5915,2.837347837329783,735.05,20.18644347080485,8.049999999999999,1.3592277219068185,415.985,12.01161417129271,2.88,0.30935416596516047,56.082083499999996,2.6923116732534425,1880.2,175.40794594316415,116.95,1.3592277219068187,125.94999999999999,1.3592277219068187,5.3815,0.14238240762116647,6.954,0.24585361498257466,24.7355,0.8915855259031515,757.9499999999999,20.18644347080483,0.44125,0.011818946653572823,0.44125,0.011818946653572823,90.25,7.817768223732395,202.45000000000002,3.1539657575820317,242.65,2.1971572542719833,202.99999999999997,2.449489742783164,223.35,1.013656746635659,291.805,6.6001874973367345,11.183601392405269,1100,8.049999999999999
138.25,2.384848003542364,234.20000000000002,2.5612496949731396,6.978795937461479,0.26176201897571116,55.9396635,2.6249038888455996,0.0009910000000000001,0.000850836647071575,3108.3500000000004,98.58377148395167,482.6,78.46489660988536,551.0,103.75933692926145,115.64999999999999,4.3275281628199656,138.75,1.7853571071357126,138.45,5.103675146401855,115.64999999999999,4.3275281628199656,107.2,3.627671429443411,100.64999999999999,2.7436289836637897,8.0405,0.6720451993727801,64.2,11.6,5.8999999999999995,3.5341194094144583,0.508064115,0.3242834558718648,10.5265,0.4609259701947811,0.13905736,0.0051035450419683786,4.929500000000001,0.18470178667246273,1.808,0.08947625383307015,4.049,1.0313772345752064,356.63500000000005,21.816857587654564,16.401000000000003,2.889984256012478,735.9,19.636827646032845,7.95,1.2835497652993435,415.255,11.56702533065437,2.8474999999999997,0.27233940221715996,55.9396635,2.6249038888455996,1884.3500000000001,172.72278367372382,117.05,1.2835497652993435,126.05000000000001,1.2835497652993437,5.391,0.14689792374298555,6.9785,0.23345824037716045,24.687,0.8427164410405196,758.8000000000001,19.63682764603282,0.4415,0.011926860441876574,0.4415,0.011926860441876574,89.72500000000001,8.103818544365366,202.79999999999998,2.9086079144497976,242.85,2.1277922830953213,203.25,2.3848480035423507,223.40000000000003,0.9695359714832618,292.195,6.316365648060611,10.724411363411324,1100,7.95
137.5,2.5,232.4,4.431703961232068,6.9284916280105,0.28164084670775585,56.609553500000004,3.1766567103712595,0.0008810000000000001,0.0008921003306803558,3098.5,117.95731219386104,460.25,97.4381213899365,521.3,128.44224382966843,114.85,4.682680856090871,138.1,2.0223748416156684,136.15,6.46741834119303,114.85,4.682680856090871,106.7,4.3943145085439665,101.45,5.0346300757851115,8.198,0.7339114387989873,62.125,12.972928543702073,5.625,3.7645550865938993,0.662764115,0.3612579861694405,10.591500000000002,0.5021083050498172,0.14044863999999999,0.00617121031333401,4.9325,0.23004075725836048,1.8195,0.0962535713623136,4.0755,1.0668199238859388,358.725,24.773511559728476,16.7425,2.8181055249936966,729.265,30.352302630937242,8.3,1.5524174696260025,412.81,21.28183497727581,2.9495,0.37146298604302425,56.609553500000004,3.1766567103712595,1853.3810000000003,210.65259043980447,116.9,1.445683229480096,125.95,1.4991664350564948,5.2535,0.49335864236881477,6.931,0.2563376679304079,24.750999999999998,0.9353122473270621,752.165,30.352302630937235,0.43779999999999997,0.01674395413276088,0.43779999999999997,0.01674395413276088,106.805,67.8649134310212,201.70000000000002,3.5651086939951777,242.15,2.414021540914662,202.5,2.499999999999986,223.45000000000002,1.2031209415515867,294.33,14.391598243419672,12.565737755674894,1100,8.3
137.75,2.48746859276655,232.79999999999998,4.467661580737735,6.953550122078429,0.2729959332795943,56.467133499999996,3.1437192447937763,0.000961,0.0009167785992266617,3095.9,116.56151809237902,465.7,95.43327511932092,529.05,125.09975019959073,115.14999999999999,4.552746423863286,138.35,1.9306734576307822,137.04999999999998,5.945376354781924,115.14999999999999,4.552746423863286,107.10000000000001,4.217819341792628,101.5,5.034878350069642,8.1465,0.7188273436646659,62.775000000000006,12.619899959983837,5.675000000000001,3.735890121510535,0.612514115,0.359045002233285,10.566999999999998,0.48696098406340554,0.14005095999999997,0.00597607771530793,4.9190000000000005,0.22171828972820426,1.8155,0.09404653103650341,4.045999999999999,1.048853659954524,356.795,24.65324471545278,16.552,2.8810963191118755,730.115,30.153097270429782,8.2,1.503329637837291,412.08,20.923627792522023,2.9170000000000003,0.3478088555514365,56.467133499999996,3.1437192447937763,1857.5310000000002,208.95531593859968,117.0,1.378404875209022,126.05,1.4309088021254184,5.263,0.4971327790439894,6.9555,0.24676861631901262,24.702499999999997,0.8896958750044868,753.015,30.15309727042977,0.43805,0.016871499636961742,0.43805,0.016871499636961742,106.28000000000002,68.02634489666485,202.05,3.427462618322773,242.35,2.3932195887548637,202.75,2.4874685927665356,223.5,1.1618950038622164,294.71999999999997,14.194456664487028,12.37699886699271,1100,8.2
138.0,2.449489742783178,233.2,4.467661580737736,6.978608616146358,0.2616794535117858,56.3247135,3.1039050584427925,0.001041,0.0009339823338800366,3093.3,115.0900842818355,471.15,93.06679053239131,536.8,121.17078855895922,115.44999999999999,4.398579316097408,138.6,1.8,137.95,5.219913792391595,115.44999999999999,4.398579316097408,107.49999999999999,3.993745109543172,101.55,5.0346300757851115,8.095,0.6996391927272225,63.425,12.222187815608136,5.7250000000000005,3.706329046374593,0.5622641150000001,0.34967008691936985,10.542499999999999,0.47005185884112854,0.13965328,0.005746901271346154,4.9055,0.21221392508504225,1.8115,0.09161195336854247,4.0165,1.0297294547598412,354.865,24.380079470748253,16.3615,2.9303809905880835,730.9649999999999,29.92843589297643,8.1,1.445683229480096,411.35,20.533243776860978,2.8845,0.3191312425946417,56.3247135,3.1039050584427925,1861.681,207.16102253802478,117.10000000000001,1.3,126.15,1.3518505834595775,5.2725,0.5006982624295794,6.9799999999999995,0.23426480742954126,24.653999999999996,0.8388110633509787,753.865,29.92843589297642,0.43829999999999997,0.01699441084592226,0.43829999999999997,0.01699441084592226,105.75500000000001,68.18335189032584,202.39999999999998,3.2465366161495854,242.55,2.3553131426627756,202.99999999999997,2.449489742783164,223.55,1.1169153951844268,295.10999999999996,13.983665470827031,11.97739821168573,1100,8.1
138.25,2.3848480035423645,233.6,4.431703961232068,7.0036671102142884,0.2473249622325901,56.18229349999999,3.056945472324744,0.001121,0.00094412022539505,3090.7000000000003,113.54007001935484,476.59999999999997,90.31024305138371,544.55,116.59608698408366,115.75,4.217522969706265,138.85,1.620956507744733,138.85,4.1865857210858595,115.75,4.217522969706265,107.9,3.713488925525428,101.6,5.033885179461287,8.0435,0.6759975961495719,64.075,11.775265389790583,5.775,3.6758502417808048,0.512014115,0.3325280450483834,10.518,0.45118288974649756,0.13925559999999998,0.005479410992159654,4.892,0.20136037346012226,1.8074999999999999,0.08893115314668983,3.987,1.0093814937871608,352.935,23.94878441591557,16.171000000000003,2.9666427152591193,731.815,29.67774039579159,8.0,1.378404875209022,410.62,20.108809014956606,2.8520000000000003,0.2839119581842231,56.18229349999999,3.056945472324744,1865.8310000000001,205.2671660519529,117.2,1.2083045973594573,126.25000000000001,1.2599603168354152,5.281999999999999,0.5040595202949747,7.0045,0.21832258243250977,24.6055,0.7816295478038171,754.715,29.67774039579158,0.43855,0.017112787616282748,0.43855,0.017112787616282748,105.23000000000002,68.33596490867748,202.75,3.014548058996572,242.75,2.299456457513384,203.25,2.3848480035423507,223.6,1.0677078252031258,295.5,13.758597312226279,11.300693929328864,1100,8.0
137.25,2.48746859276655,231.4,5.4258639865002145,6.928304306695379,0.28153064168477776,56.9946035,3.509896259534853,0.0009310000000000001,0.0009773653359926371,3083.4500000000003,130.93666407847726,448.8,107.17770290503525,507.1,139.89385261690379,114.65,4.714604967544994,137.95000000000002,1.9868316486305528,135.65,6.381810088054956,114.65,4.714604967544994,107.0,4.732863826479693,102.35000000000001,6.459682654743962,8.2525,0.7478694739057076,61.349999999999994,13.412773762350575,5.449999999999999,3.9143965052099667,0.716964115,0.3617281610618665,10.607500000000002,0.5084572253395563,0.14104456,0.00658835000613963,4.9085,0.252948117209834,1.823,0.0978314877736202,4.043,1.0660351776559722,356.95500000000004,27.194456696172484,16.703,2.864231310491525,724.33,36.957828669985474,8.45,1.6575584454250776,408.90500000000003,26.863340726722736,2.9865,0.397633939698311,56.9946035,3.509896259534853,1830.7120000000002,236.75508568138514,116.95,1.4654350889752845,126.05,1.5644487847162014,5.135,0.6632759606679561,6.9325,0.2573494705648335,24.718,0.9340588846534245,747.2299999999999,36.95782866998547,0.4346,0.020080836635957184,0.4346,0.020080836635957184,122.83500000000001,92.95891175675412,201.3,3.7296112397943033,241.85000000000002,2.535251466817444,202.25,2.4874685927665356,223.6,1.3190905958272798,297.245,18.71676988692227,13.02954162708148,1100,8.45
137.5,2.5,231.79999999999998,5.528109984434102,6.953362800763308,0.2728994379629708,56.852183499999995,3.4958364133976225,0.001011,0.0009959332306937049,3080.8500000000004,129.37855309130646,454.25,105.94898536559943,514.85,137.63330810526935,114.95,4.598641103630499,138.2,1.9131126469708992,136.55,5.928532702111037,114.95,4.598641103630499,107.4,4.5431266766402185,102.4,6.452906321960671,8.201,0.7368914438368788,62.0,13.110110602126895,5.5,3.8890872965260113,0.666714115,0.3670154541197137,10.582999999999998,0.4942984928158292,0.14064688,0.006442825068446299,4.8950000000000005,0.2440799049491783,1.819,0.0958070978581441,4.0135,1.0471402723608716,355.02500000000003,26.95852138007573,16.512500000000003,2.9236567428479012,725.18,36.90823214406239,8.35,1.620956507744733,408.175,26.472995202658886,2.954,0.37881921809749836,56.852183499999995,3.4958364133976225,1834.8620000000003,235.64577971183786,117.05,1.3955285736952863,126.14999999999999,1.4924811556599298,5.1445,0.667775972913072,6.957,0.2476711529427682,24.6695,0.8865747289428001,748.0799999999999,36.90823214406238,0.43485,0.020226900405153535,0.43485,0.020226900405153535,122.31000000000002,93.16720399368009,201.65,3.6369630187836663,242.05,2.5391927851189244,202.5,2.499999999999986,223.65,1.2757350822172966,297.635,18.50427720825648,12.92450606822951,1100,8.35
137.75,2.48746859276655,232.2,5.6,6.978421294831238,0.2615967278535093,56.7097635,3.475889208961752,0.0010910000000000002,0.0010078308389804313,3078.2500000000005,127.74854206604473,459.70000000000005,104.42178891400013,522.5999999999999,134.89047408916613,115.25,4.45954033505696,138.45000000000002,1.8020821290940099,137.45,5.286539510870981,115.25,4.45954033505696,107.8,4.308131845707604,102.44999999999999,6.445735024029455,8.1495,0.722083617041683,62.65,12.767243241984543,5.55,3.862965182343739,0.616464115,0.3653810334708134,10.558499999999999,0.47846917351068735,0.14024920000000002,0.006268758661569295,4.8815,0.23409987184960165,1.815,0.0935681569766125,3.984,1.027051118494109,353.095,26.58073503498352,16.322000000000003,2.9697030154545754,726.03,36.83896171175295,8.25,1.5771810295587503,407.445,26.05636342623429,2.9215,0.3560656540583492,56.7097635,3.475889208961752,1839.0120000000002,234.4577816921418,117.14999999999999,1.3143439428094914,126.25,1.4097872179871684,5.154,0.672111597876424,6.9815,0.23505903513798412,24.621,0.8335820295567794,748.9300000000001,36.83896171175295,0.4351,0.020368848764719134,0.4351,0.020368848764719134,121.78500000000001,93.37207974014501,201.99999999999997,3.5071355833500366,242.25,2.5273503912200224,202.75,2.4874685927665356,223.70000000000002,1.2288205727444415,298.025,18.280997647830937,12.594513120355634,1100,8.25
138.0,2.4494897427831783,232.59999999999997,5.642694391866354,7.003479788899168,0.24725641863643444,56.56734349999999,3.449952527777267,0.001171,0.0010132931461329442,3075.65,126.04384157903155,465.15,102.58278364326053,530.35,131.6352061570156,115.55,4.295055296500843,138.7,1.6462077633154328,138.35,4.373499742768942,115.55,4.295055296500843,108.19999999999999,4.019950248448356,102.5,6.438167441127948,8.097999999999999,0.7032040955512132,63.3,12.380831959121325,5.6,3.8360135557633264,0.566214115,0.35672977262586264,10.533999999999999,0.46079713540776296,0.13985151999999998,0.006063693320625645,4.867999999999999,0.22285869962826196,1.811,0.09109884741312593,3.9545,1.0056961519266145,351.165,26.05492803674576,16.131500000000003,3.002985639326302,726.88,36.74990612232908,8.15,1.5256146302392357,406.71500000000003,25.61216263809052,2.8890000000000002,0.3285559313115501,56.56734349999999,3.449952527777267,1843.162,233.18988892316924,117.25,1.2196310917650468,126.35,1.3143439428094916,5.163499999999999,0.676285997193495,7.005999999999999,0.21900684920796434,24.572499999999998,0.7739500952903873,749.78,36.74990612232907,0.43535,0.02050676717573982,0.43535,0.02050676717573982,121.26,93.57356143697857,202.35,3.335790760824186,242.45000000000002,2.4994999499899975,202.99999999999997,2.449489742783164,223.74999999999997,1.1779218989389673,298.415,18.046530830051527,11.977398211685731,1100,8.15
137.0,2.449489742783178,230.40000000000003,6.102458520956943,6.9281169853802576,0.2814202688188498,57.3796535,3.775058760449531,0.000981,0.001053395936958179,3068.4,141.14491666369003,437.35,114.96837608664393,492.90000000000003,149.13044625427767,114.44999999999999,4.737879272417136,137.8,1.9390719429665317,135.15,6.255197838597913,114.44999999999999,4.737879272417136,107.3,5.030904491242106,103.25,7.515816655560459,8.307,0.7576615339318737,60.574999999999996,13.795175787209093,5.2749999999999995,4.051157242072937,0.7711641149999999,0.3539942265619591,10.6235,0.5142302499853547,0.14164047999999999,0.006929547862782975,4.8845,0.2718358879912656,1.8264999999999998,0.09926101953939422,4.0105,1.0642578399993115,355.185,29.310139457191266,16.6635,2.909089677201443,719.395,41.97369980118503,8.600000000000001,1.7435595774162693,405.0,30.98166554593217,3.0235,0.41893048349338347,57.3796535,3.775058760449531,1808.0430000000001,258.2705175024823,117.0,1.4832396974191326,126.15,1.620956507744733,5.0165,0.7799889422293114,6.934,0.258348601699332,24.685,0.9316356583987108,742.295,41.97369980118503,0.4314,0.02248644035858055,0.4314,0.02248644035858055,138.865,110.2866731522898,200.9,3.845776904605882,241.54999999999998,2.6167728216259047,202.0,2.449489742783164,223.75,1.4097872179871547,300.16,21.82939302866665,13.170795686273172,1100,8.600000000000001
137.25,2.48746859276655,230.8,6.257795138864806,6.953175479448188,0.27280277988917884,57.237233499999995,3.7765389927004267,0.0010609999999999999,0.0010669034632992808,3065.8,139.42032671027565,442.79999999999995,114.3707130344128,500.65000000000003,147.75867994808291,114.75,4.635461142108726,138.04999999999998,1.8834808201837363,136.05,5.8691992639541555,114.75,4.635461142108726,107.7,4.828043081829324,103.30000000000001,7.503998933901843,8.2555,0.7505762786019818,61.225,13.538348311370926,5.325,4.028880117352712,0.720914115,0.3668952077865009,10.599,0.5010179637498045,0.1412428,0.006826144121903675,4.871,0.26237187349256763,1.8225,0.0974102150700839,3.981,1.0444132323941515,353.25500000000005,28.973703163385935,16.473,2.965080268727981,720.245,42.029959255274086,8.5,1.7175564037317668,404.27000000000004,30.55065793072222,2.9909999999999997,0.40410270971623047,57.237233499999995,3.7765389927004267,1812.1930000000002,257.6194398934211,117.10000000000001,1.4106735979665885,126.25,1.5451537140362444,5.026,0.7852540990023548,6.9585,0.24856136063354672,24.636499999999998,0.8822090171835694,743.145,42.029959255274086,0.43165,0.02265231776220703,0.43165,0.02265231776220703,138.34,110.53845665649578,201.25000000000003,3.793085815006035,241.75,2.6433879775772606,202.25,2.4874685927665356,223.8,1.363818169698573,300.55,21.59489523012326,13.170795686273172,1100,8.5
137.5,2.5,231.20000000000002,6.384355879804947,6.978233973516117,0.26151384184885684,57.0948135,3.7726460169391394,0.001141,0.0010743011682019152,3063.2000000000003,137.6250249772911,448.25,113.50853492138818,508.40000000000003,145.96314603351078,115.05,4.510820324508607,138.3,1.7916472867168918,136.95,5.305421755148219,115.05,4.510820324508607,108.1,4.581484475582123,103.35,7.491828882188915,8.204,0.7398472815385617,61.875,13.24469233315746,5.375,4.005855089740517,0.670664115,0.37264211994110336,10.5745,0.4862147159434814,0.14084512000000002,0.006697578278646699,4.857500000000001,0.25183079636930805,1.8185,0.09535591224460076,3.9515,1.0233341340930635,351.32500000000005,28.50292748122551,16.2825,3.0079924783815533,721.0949999999999,42.068972830341366,8.4,1.6852299546352716,403.54,30.09578043513742,2.9584999999999995,0.38598283640597286,57.0948135,3.7726460169391394,1816.3430000000003,256.89968160937843,117.2,1.3266499161421599,126.35000000000001,1.4585952145814822,5.0355,0.7903700082872578,6.983,0.23584104816592055,24.588,0.8270042321536205,743.9950000000001,42.068972830341366,0.4319,0.022814249932881864,0.4319,0.022814249932881864,137.815,110.78718010221219,201.6,3.7067505985701277,241.95,2.654712790491657,202.5,2.499999999999986,223.85000000000002,1.3143439428094805,300.94,21.35070022270933,12.92450606822951,1100,8.4
137.75,2.48746859276655,231.6,6.483826030978931,7.003292467584047,0.24718771407966283,56.9523935,3.7633631584085467,0.001221,0.0010757151109843162,3060.6,135.7562061196467,453.7,112.37575361260097,516.15,143.72796352832665,115.35,4.3620522692879256,138.54999999999998,1.6575584454250776,137.85,4.497499305169485,115.35,4.3620522692879256,108.5,4.283689998120779,103.39999999999999,7.4793047805260615,8.1525,0.7253128635285602,62.525000000000006,12.911695279861588,5.425000000000001,3.982069185737485,0.620414115,0.37156706071946105,10.549999999999999,0.46967009698297835,0.14044743999999998,0.0065423670991010645,4.843999999999999,0.24007082288358136,1.8144999999999998,0.09308463890460122,3.9219999999999997,1.0009425557942873,349.395,27.891010648594293,16.092000000000002,3.038380489668797,721.945,42.09078848156685,8.3,1.6462077633154328,402.81,29.615933211702117,2.926,0.36407966161267513,56.9523935,3.7633631584085467,1820.4930000000002,256.11066360267006,117.3,1.2288205727444508,126.45,1.3592277219068185,5.044999999999999,0.7953395501293771,7.007499999999999,0.219678742713081,24.5395,0.7647710441694294,744.845,42.09078848156684,0.43215,0.022972320300744548,0.43215,0.022972320300744548,137.29,111.0328640538467,201.95,3.5843409436045564,242.14999999999998,2.6509432283623124,202.75,2.4874685927665356,223.9,1.26095202129184,301.33000000000004,21.096471268911305,12.376998866992711,1100,8.3
137.0,2.449489742783178,229.8,6.764613810115105,6.952988158133066,0.27270595888515525,57.6222835,4.000886688290079,0.001111,0.0011312307456924958,3050.75,147.25569598490918,431.35,121.13598763373335,486.45,155.9456555983526,114.55,4.6634214907082905,137.9,1.841195263952197,135.55,5.766064515768099,114.55,4.6634214907082905,108.0,5.079370039680118,104.2,8.328265125462805,8.31,0.760118411828052,60.449999999999996,13.910337882308971,5.1499999999999995,4.156621224023185,0.7751141149999999,0.35867612609525557,10.614999999999998,0.5071439637814891,0.14183872,0.007139485344939095,4.847,0.27740043258798264,1.8259999999999998,0.09886354231970447,3.9485,1.0406645713196927,351.485,30.755865700708217,16.433500000000002,3.00541390660255,715.31,46.06635323096457,8.65,1.7965244223221681,400.365,33.69522035838318,3.028,0.4246834114961403,57.6222835,4.000886688290079,1789.5240000000001,276.00516481399404,117.14999999999999,1.4239030865898141,126.35,1.5898113095584645,4.9075,0.871343072503592,6.960000000000001,0.24943937139112596,24.6035,0.8765801446530712,738.2099999999999,46.06635323096458,0.42845,0.02442636894833123,0.42845,0.02442636894833123,154.37,123.46437178392802,200.85,3.902242944769072,241.45,2.71062723368596,202.0,2.449489742783164,223.95,1.4309088021254044,303.465,23.9431884885869,13.17079568627317,1100,8.65
137.25,2.48746859276655,230.20000000000002,6.939740629158989,6.978046652200996,0.2614307953453163,57.4798635,4.010908019423626,0.0011910000000000002,0.0011346907067566914,3048.15,145.28798986839897,436.8,120.83981132060741,494.20000000000005,154.9572844367118,114.85000000000001,4.552746423863286,138.15,1.7684739183827394,136.45000000000002,5.2770730523652984,114.85000000000001,4.552746423863286,108.39999999999999,4.8207883172775805,104.25,8.311889075294498,8.2585,0.7532614088083897,61.099999999999994,13.661625086350453,5.199999999999999,4.136423575989287,0.724864115,0.37194854414044926,10.5905,0.49332012932780306,0.14144104000000002,0.007050356951772024,4.833500000000001,0.26623814527599143,1.822,0.09698453484963467,3.919,1.018567130826437,349.55500000000006,30.199875413650304,16.243000000000002,3.0452883278927794,716.16,46.19285009609172,8.55,1.7741194999210173,399.63500000000005,33.19758839132747,2.9955,0.41042021149061364,57.4798635,4.010908019423626,1793.6740000000002,275.6749431921589,117.25,1.3369741957120937,126.45,1.4991664350564948,4.917000000000001,0.8772405599378086,6.984500000000001,0.23661096762407285,24.555,0.8190451757992347,739.06,46.19285009609172,0.42869999999999997,0.024609144641779,0.42869999999999997,0.024609144641779,153.84500000000003,123.75512706550788,201.2,3.8548670534792766,241.65,2.7436289836637897,202.25,2.4874685927665356,224.0,1.3784048752090097,303.85499999999996,23.675208024429274,13.029541627081478,1100,8.55
137.5,2.5,230.6,7.08801805866774,7.003105146268926,0.2471188484280233,57.3374435,4.015856705015351,0.001271,0.0011325029801285294,3045.5499999999997,143.24608197085183,442.25,120.29624890244915,501.95,153.5719619592066,115.15,4.4189930979805725,138.4,1.6552945357246849,137.35,4.563715591489022,115.15,4.4189930979805725,108.8,4.512205669071391,104.3,8.295179322956196,8.207,0.7427792404207322,61.75,13.376752221671746,5.25,4.115519408288582,0.6746141149999999,0.3781438225671546,10.565999999999999,0.4778430704739792,0.14104335999999998,0.006937327766467438,4.82,0.25387004549572184,1.8179999999999998,0.09489994731294639,3.8895,0.9951053964279362,347.62500000000006,29.507488456322406,16.052500000000002,3.0728600277266125,717.01,46.303400523071744,8.450000000000001,1.745709025009609,398.90500000000003,32.67607802353276,2.963,0.3929643749756459,57.3374435,4.015856705015351,1797.8240000000003,275.28176947266235,117.35,1.2359207094308275,126.55,1.3955285736952863,4.9265,0.8829964609215599,7.009,0.22033837613997256,24.506500000000003,0.7540376316869069,739.91,46.303400523071744,0.42895,0.024788051557151483,0.42895,0.024788051557151483,153.32,124.04297884201266,201.54999999999998,3.7745860700214533,241.85,2.7617928959282954,202.5,2.499999999999986,224.04999999999998,1.321930406640218,304.245,23.397659605182742,12.565737755674894,1100,8.450000000000001
137.5,2.5,233.6,2.90516780926679,6.888837565402694,0.2668971618457367,56.7638032,2.4210874679904815,0.0008711999999999999,0.000852651957131396,3135.85,85.20393183415892,456.0,74.18220810949214,515.05,99.38887010123416,114.19999999999999,4.106093033529554,138.1,2.0223748416156684,136.75,6.586918854821274,114.19999999999999,4.106093033529554,105.89999999999999,3.819685850956856,100.15,2.7798381247835278,8.265,0.6541750530247998,60.449999999999996,10.594692067257075,5.0,2.966479394838265,0.582626938,0.36592606734183836,10.6735,0.4182735349027,0.140846665,0.004934340151456423,4.993,0.17618456232031218,1.8355,0.07959114272329552,4.3405000000000005,0.8877357433380725,362.75,22.456012557887487,16.145999999999997,2.4540220047913177,729.9050000000001,17.417590964309614,8.4,1.2409673645990857,419.077,10.778549577749315,2.8935,0.35048930083527524,56.7638032,2.4210874679904815,1837.0000000000002,147.26991376380988,116.6,1.2409673645990857,125.6,1.2409673645990857,5.3995,0.12623291963667793,6.896,0.24280444806469267,24.944499999999998,0.8053600126651432,752.805,17.417590964309593,0.4396,0.012322337440599502,0.4396,0.012322337440599502,90.405,8.033397475539223,201.70000000000002,3.1480152477394387,242.15,2.17428149051589,202.49999999999997,2.499999999999986,223.1,0.8888194417315518,290.10499999999996,5.852390537207861,11.099898062575058,1100,8.4
137.75,2.48746859276655,234.0,2.792848008753788,6.913896059470624,0.2615848815193616,56.6213832,2.386927700360562,0.0009512000000000001,0.00087933120040176,3133.2500000000005,84.41913290244102,461.45,71.85156574494393,522.8,95.53826458545288,114.5,4.006245124802017,138.35,1.9306734576307822,137.65,5.9856077385675714,114.5,4.006245124802017,106.30000000000001,3.7027017163147233,100.2,2.8035691537752374,8.213500000000002,0.6425984360391797,61.1,10.265963179361204,5.05,2.940663190506523,0.532376938,0.35249692414156414,10.649,0.40495555311663545,0.140448985,0.0047216473843643796,4.979500000000001,0.1700433768189751,1.8315,0.07773512719485316,4.311,0.8750422846925743,360.82000000000005,22.66858178184071,15.9555,2.4807165799421744,730.755,17.036181350290914,8.299999999999999,1.1874342087037917,418.347,10.498030815348177,2.8609999999999998,0.31967014249066183,56.6213832,2.386927700360562,1841.1500000000003,145.30037852669207,116.7,1.1874342087037917,125.7,1.1874342087037917,5.409000000000001,0.12999615378925636,6.9205000000000005,0.2363360954234457,24.896,0.7642800533835746,753.655,17.036181350290892,0.43985,0.012459032867763061,0.43985,0.012459032867763061,89.88000000000001,8.321814705940042,202.05,2.991237202229205,242.35,2.1511624764298953,202.75,2.4874685927665356,223.15,0.8529361054615932,290.495,5.648935740473608,10.781962092772803,1100,8.299999999999999
137.25,2.48746859276655,232.6,4.5431266766402185,6.888650244087573,0.266753021673936,57.1488532,2.8233137854019272,0.0009212,0.0009420166452881816,3120.8,107.77025331695198,444.55,86.01480977134112,500.84999999999997,113.02003141036548,114.0,4.110960958218885,137.95000000000002,1.9868316486305528,136.25,6.5488548617296445,114.0,4.110960958218885,106.2,4.261455150532504,101.05,5.142713291638958,8.3195,0.6643227754638552,59.675,11.011669946016362,4.824999999999999,3.1195953263203866,0.636826938,0.3780591047456252,10.6895,0.42278215430644683,0.14144258499999998,0.005403318395789295,4.969,0.21215324649884562,1.8389999999999997,0.08080222769206304,4.308,0.8964518949726193,360.98,25.38370737303754,16.1065,2.4974392385001076,724.97,27.464670032607344,8.549999999999999,1.3592277219068185,415.17199999999997,20.828945628619806,2.9305000000000003,0.3835554066885253,57.1488532,2.8233137854019272,1814.3310000000001,180.62171092922358,116.64999999999999,1.2757350822173072,125.7,1.3453624047073711,5.281,0.4970603585078979,6.8975,0.24408758673885908,24.911499999999997,0.8118083209723831,747.87,27.46467003260734,0.43639999999999995,0.01691862878604529,0.43639999999999995,0.01691862878604529,106.43500000000002,68.01494155698438,201.3,3.3331666624997918,241.85,2.308137777516758,202.25,2.4874685927665356,223.25,1.0897247358851583,293.02,14.215540791682889,12.293295537162498,1100,8.549999999999999
137.5,2.5,232.99999999999997,4.560701700396552,6.913708738155503,0.2614557664127757,57.0064332,2.813634249849927,0.0010012,0.0009620828238774456,3118.2000000000003,106.78505279298221,450.0,84.75258108164022,508.59999999999997,110.648271563545,114.3,4.026164427839471,138.2,1.9131126469708992,137.15,6.018928476066151,114.3,4.026164427839471,106.6,4.127953488110059,101.10000000000001,5.146843692983108,8.268,0.6572107728879676,60.324999999999996,10.742759189333064,4.875,3.0978823412131065,0.586576938,0.372462053704889,10.665,0.4105666815512435,0.141044905,0.005255098658395959,4.9555,0.20551094861344965,1.835,0.07915175298121956,4.278499999999999,0.8827982498849893,359.05,25.43801289409219,15.916,2.5206911750549685,725.82,27.378031339013404,8.45,1.3219304066402287,414.442,20.546902345609183,2.898,0.3589791080271943,57.0064332,2.813634249849927,1818.4810000000002,179.54422201507907,116.75,1.2196310917650468,125.8,1.2884098726725126,5.2905,0.5002846689635811,6.922,0.23749947368362742,24.862999999999996,0.7689934980219271,748.7199999999999,27.378031339013397,0.43665,0.017065388949566905,0.43665,0.017065388949566905,105.91000000000001,68.17316847558135,201.65,3.2291639784935047,242.05,2.3124662159694354,202.49999999999997,2.499999999999986,223.29999999999998,1.053565375285265,293.40999999999997,14.052327209398454,12.03494894104721,1100,8.45
137.75,2.48746859276655,233.4,4.5431266766402185,6.938767232223433,0.25358470923717696,56.864013199999995,2.796677982931993,0.0010812000000000003,0.000975198113205722,3115.6000000000004,105.72675867537035,455.45,83.11466477102582,516.3499999999999,107.66813595488685,114.6,3.91663120551322,138.45000000000002,1.8020821290940099,138.04999999999998,5.286539510870982,114.6,3.91663120551322,107.0,3.9496835316262997,101.14999999999999,5.150485414016819,8.216500000000002,0.6459278210450451,60.975,10.426498693233505,4.925,3.0752032453156652,0.536326938,0.359829336240201,10.6405,0.39646532004703783,0.14064722500000001,0.005071486504751344,4.942000000000001,0.1977270846394088,1.831,0.07725930364687479,4.2490000000000006,0.8679279924048999,357.12,25.345662350785002,15.7255,2.529423798021992,726.67,27.26463093460097,8.35,1.2757350822173072,413.712,20.23461430321814,2.8655,0.3294005919848962,56.864013199999995,2.796677982931993,1822.6310000000003,178.36369546238944,116.85,1.1521718621802912,125.9,1.2206555615733703,5.300000000000001,0.5033090501868608,6.9465,0.2281068828422326,24.8145,0.7203920807449231,749.57,27.264630934600962,0.4369,0.01720726590716841,0.4369,0.01720726590716841,105.38500000000002,68.32699521419042,202.0,3.082207001484488,242.25,2.299456457513384,202.75,2.4874685927665356,223.35000000000002,1.0136567466356572,293.79999999999995,13.876238683447331,11.575758912053264,1100,8.35
137.0,2.449489742783178,231.60000000000002,5.5533773507659285,6.888462922772453,0.26660867196040555,57.5339032,3.127940205473973,0.0009712,0.0010211637283021758,3105.75,124.56379891445187,433.1,95.03625623939529,486.65,123.55414804853781,113.8,4.106093033529554,137.8,1.9390719429665317,135.75,6.472055314967572,113.8,4.106093033529554,106.5,4.642197755374064,101.95,6.599052962357554,8.374,0.669898499774406,58.9,11.360677796680973,4.6499999999999995,3.2561480310329873,0.6910269379999999,0.38220440421568097,10.7055,0.4266435866153389,0.142038505,0.005773538373430546,4.945,0.24046829312822085,1.8424999999999998,0.0818458917722814,4.2755,0.9039163401554373,359.21000000000004,27.894926061920298,16.066999999999997,2.539500147666859,720.0350000000001,34.00787078015912,8.7,1.452583904633395,411.267,26.851718213179588,2.9675,0.41066866206225194,57.5339032,3.127940205473973,1791.6620000000003,206.2333879273674,116.7,1.307669683062202,125.8,1.4352700094407322,5.1625000000000005,0.6709088984355477,6.899000000000001,0.2453548450713783,24.8785,0.8168737662576756,742.935,34.00787078015912,0.4332,0.020003999600079984,0.4332,0.020003999600079984,122.465,93.13220321134898,200.9,3.462657938636157,241.55,2.3973944189473704,202.0,2.449489742783164,223.4,1.2409673645990733,295.935,18.786119210736427,12.840802738399296,1100,8.7
137.25,2.48746859276655,232.0,5.639148871948674,6.913521416840382,0.26132645323988,57.391483199999996,3.136737880682503,0.0010512,0.0010358491009794814,3103.15,123.39570494956459,438.55,94.55764115078168,494.3999999999999,122.29161868255731,114.1,4.036087214122105,138.04999999999998,1.8834808201837363,136.65,6.010615609070339,114.1,4.036087214122105,106.9,4.493328387732195,102.0,6.595452979136459,8.3225,0.6670672754677746,59.550000000000004,11.145514792955954,4.7,3.2380549717384355,0.6407769379999999,0.38383147522169625,10.681,0.4154864618733084,0.141640825,0.005676964726319429,4.9315,0.23324397098317445,1.8384999999999998,0.08039123086506388,4.2459999999999996,0.889299724502375,357.28000000000003,27.82183674741839,15.8765,2.559432114747332,720.885,34.061316401454604,8.6,1.42828568570857,410.537,26.5262830226928,2.935,0.3909028012178987,57.391483199999996,3.136737880682503,1795.8120000000001,205.74811832918425,116.8,1.2489995996796797,125.89999999999999,1.374772708486752,5.172000000000001,0.6749711104928862,6.923500000000001,0.23864775297496527,24.83,0.7722693830523126,743.785,34.0613164014546,0.43345,0.02016798205076552,0.43345,0.02016798205076552,121.94000000000001,93.33802762004349,201.25,3.404041715373065,241.75,2.426417111710186,202.25,2.487468592766536,223.45,1.2031209415515853,296.325,18.60190514436627,12.652063849717113,1100,8.6
137.5,2.5,232.4,5.6956123463592565,6.938579910908311,0.25346989981351703,57.2490632,3.139055944451542,0.0011312000000000002,0.0010442180615178038,3100.55,122.1611231120605,444.0,93.76033276391462,502.15,120.518577406141,114.39999999999999,3.9420806688853967,138.3,1.7916472867168918,137.55,5.361669516111563,114.39999999999999,3.9420806688853967,107.29999999999998,4.302324952859791,102.05,6.59147176281595,8.271,0.660218903091997,60.199999999999996,10.887378013093876,4.749999999999999,3.2190837205639746,0.590526938,0.3788441251225412,10.6565,0.4025329179085857,0.14124314500000001,0.005550298450847038,4.918,0.22497999911103192,1.8345,0.07870673414645026,4.2165,0.8734430433634468,355.35,27.613991019046853,15.685999999999998,2.565101167595539,721.735,34.09349314752011,8.5,1.396424004376894,409.807,26.176455279506435,2.9025,0.36721757855527565,57.2490632,3.139055944451542,1799.9620000000002,205.17777924521945,116.9,1.1789826122551597,126.0,1.3038404810405297,5.181500000000001,0.6788760932600293,6.948,0.22914187744713976,24.781499999999998,0.721673575794486,744.635,34.0934931475201,0.4337,0.020327567488511757,0.4337,0.020327567488511757,121.415,93.54045261276,201.6,3.3075670817082456,241.95000000000002,2.4387496796514396,202.49999999999997,2.499999999999986,223.5,1.1618950038622153,296.715,18.40758743018759,12.252463194410133,1100,8.5
137.75,2.48746859276655,232.79999999999998,5.723635208501674,6.963638404976242,0.24278922712943538,57.10664319999999,3.1349087705840124,0.0012112000000000002,0.001046422171018944,3097.9500000000003,120.85801586986275,449.45,92.63610257345674,509.8999999999999,118.21205522280712,114.7,3.8223029707232707,138.55,1.6575584454250776,138.45,4.443815927780988,114.7,3.8223029707232707,107.7,4.063249930782009,102.1,6.587108622149781,8.2195,0.6492262702633033,60.85000000000001,10.583123357497067,4.800000000000001,3.199218654609278,0.540276938,0.36697277270781775,10.632,0.38760288956611266,0.140845465,0.00539141897076039,4.9045,0.2155568370523188,1.8304999999999998,0.07677727528377129,4.187,0.8562774083204578,353.42,27.268307611584557,15.4955,2.556602188452478,722.585,34.104461218438864,8.4,1.3564659966250536,409.077,25.801242818903127,2.87,0.33879197156957547,57.10664319999999,3.1349087705840124,1804.1120000000003,204.52165898994664,117.0,1.0954451150103321,126.10000000000001,1.2206555615733703,5.191,0.6826265450449461,6.9725,0.21646881992564196,24.733,0.6637175604125596,745.485,34.10446121843886,0.43395,0.02048285868720478,0.43395,0.02048285868720478,120.89000000000001,93.73950021202376,201.95,3.1697791721190924,242.15,2.43464576478797,202.75,2.4874685927665356,223.54999999999998,1.1169153951844255,297.105,18.20284249780787,11.575758912053264,1100,8.4
136.75,2.384848003542364,230.60000000000002,6.248199740725323,6.888275601457333,0.26646411236460477,57.9189532,3.3616055869480825,0.0010212,0.0010923165109069809,3090.7000000000003,137.7129169685981,421.65,101.99523273173115,472.45000000000005,131.73628012054994,113.60000000000001,4.091454509095749,137.65,1.8781639970992947,135.25,6.355116049294458,113.60000000000001,4.091454509095749,106.8,4.975942121849892,102.85000000000001,7.682935636851321,8.4285,0.6710162069577753,58.12499999999999,11.64782705057042,4.475,3.3781466812440217,0.745226938,0.3786244135322809,10.7215,0.4298752726082303,0.142634425,0.006063117986636501,4.921,0.263607663014564,1.8459999999999999,0.08272847151978573,4.243,0.9101598760657382,357.44000000000005,30.094109058086442,16.0275,2.580271061342199,715.1,38.85941327400608,8.85,1.5256146302392357,407.36199999999997,31.2679790840406,3.0044999999999997,0.43294889998705394,57.9189532,3.3616055869480825,1768.9930000000002,226.7431388399658,116.75,1.3369741957120937,125.9,1.5132745950421556,5.0440000000000005,0.7906225395218631,6.9005,0.2466064678794943,24.845499999999998,0.8205819581248418,738.0,38.85941327400609,0.43,0.022217110523198108,0.43,0.022217110523198108,138.495,110.48647190946049,200.50000000000003,3.54259791678367,241.25,2.446936860648431,201.75,2.3848480035423507,223.54999999999998,1.3592277219068045,298.85,22.062649432921702,13.087092356442959,1100,8.85
137.0,2.449489742783178,231.0,6.3874877690685254,6.913334095525262,0.2611969417064991,57.776533199999996,3.3860278154924486,0.0011011999999999999,0.001102435195374313,3088.1000000000004,136.3706255027086,427.09999999999997,102.1620771127917,480.2,131.39315050640957,113.9,4.036087214122105,137.9,1.841195263952197,136.15,5.960494945891658,113.9,4.036087214122105,107.2,4.812483766206386,102.9,7.673982017179869,8.377,0.6723771263212334,58.775,11.482023994052616,4.525,3.3633130987167994,0.6949769379999999,0.38736280318541644,10.697,0.41973920474504195,0.142236745,0.006010786454822285,4.9075,0.25577089357469884,1.8419999999999999,0.08146164741766519,4.2135,0.8945740606568022,355.51000000000005,29.912387066230608,15.837,2.596994609158825,715.95,39.0138629207619,8.75,1.5124483462254175,406.63199999999995,30.896830517061137,2.972,0.41714026417980804,57.776533199999996,3.3860278154924486,1773.1430000000003,226.71718419872812,116.85,1.2757350822173072,126.0,1.449137674618944,5.0535000000000005,0.7954890005524904,6.925,0.23978115021827726,24.796999999999997,0.7741259587431489,738.8499999999999,39.0138629207619,0.43025,0.022400613830875264,0.43025,0.022400613830875264,137.97,110.736046976583,200.85000000000002,3.525265947414464,241.45,2.4994999499899975,202.0,2.449489742783164,223.6,1.319090595827279,299.24,21.854047680006563,12.982056797590989,1100,8.75
137.25,2.48746859276655,231.4,6.499230723708768,6.9383925895931915,0.2533548998647844,57.6341132,3.404322208542629,0.0011812,0.0011066938872154304,3085.5000000000005,134.9649121068139,432.55,102.03797087359195,487.95,130.5899977027337,114.2,3.9572717874818673,138.15,1.7684739183827394,137.04999999999998,5.389573266966504,114.2,3.9572717874818673,107.6,4.608687448721165,102.94999999999999,7.66469177462473,8.3255,0.6697870930377801,59.425,11.276385724158251,4.575,3.3476670981446164,0.644726938,0.38947825492659227,10.6725,0.4078832553562357,0.14183906500000001,0.005931391837189231,4.894,0.24694938752707993,1.8379999999999999,0.07997499609252881,4.184,0.8777209123633777,353.58,29.603996351844124,15.6465,2.599688971781047,716.8,39.149252866434125,8.65,1.49248115565993,405.902,30.503703971813003,2.9395,0.3980637511756126,57.6341132,3.404322208542629,1777.2930000000001,226.61524046497846,116.94999999999999,1.2031209415515964,126.10000000000001,1.374772708486752,5.063000000000001,0.8002130966186444,6.9495,0.23016244263563077,24.7485,0.7214449043412806,739.7,39.14925286643412,0.4305,0.022579858281220458,0.4305,0.022579858281220458,137.445,110.9825773488794,201.2,3.472751070837068,241.64999999999998,2.535251466817444,202.25,2.4874685927665356,223.65,1.275735082217296,299.63,21.63640681813873,12.652063849717113,1100,8.65
137.5,2.5,231.79999999999998,6.584831053261731,6.963451083661122,0.242688508100933,57.49169319999999,3.4165872034918943,0.0012612,0.0011051603322595324,3082.9,133.49377326302528,437.99999999999994,101.62184804460112,495.7,129.3182508387737,114.5,3.853569773599531,138.4,1.6552945357246849,137.95,4.576843890717707,114.5,3.853569773599531,107.99999999999999,4.358898943540674,103.0,7.655063683601855,8.274000000000001,0.6631998190590825,60.074999999999996,11.028684191688507,4.625,3.3311972322274768,0.5944769379999999,0.38507993433787696,10.648,0.3941522548457641,0.14144138499999998,0.005823827408352264,4.8805,0.23703322551912404,1.8339999999999999,0.0782559901860554,4.1545,0.8595258867538547,351.65,29.16491899525867,15.456,2.5883979601290057,717.6500000000001,39.26578026730146,8.55,1.4654350889752845,405.17199999999997,30.087737967484365,2.907,0.37522126805393113,57.49169319999999,3.4165872034918943,1781.443,226.4372050061562,117.05,1.116915395184434,126.2,1.2884098726725126,5.0725,0.8047973347371372,6.973999999999999,0.2173798518722469,24.7,0.6610521915855054,740.5500000000001,39.26578026730146,0.43075,0.022754944517620786,0.43075,0.022754944517620786,136.92,111.22608327186569,201.55,3.3834154341434335,241.85,2.554897258208243,202.49999999999997,2.499999999999986,223.69999999999996,1.2288205727444408,300.02000000000004,21.40945118399816,12.03494894104721,1100,8.55
136.5,2.29128784747792,229.60000000000002,6.726068688320094,6.888088280142211,0.2663193425447579,58.304003200000004,3.5383961494412355,0.0010712,0.0011569508891910668,3075.65,148.1909241485456,410.20000000000005,107.29380224411845,458.25,137.98546119066313,113.39999999999999,4.0669398815325435,137.5,1.8027756377319946,134.75,6.195764682426214,113.39999999999999,4.0669398815325435,107.1,5.271622141238881,103.75,8.537417642355328,8.483,0.6676982851558029,57.349999999999994,11.877604977435476,4.3,3.4871191548325386,0.7994269379999999,0.3670931849591649,10.7375,0.4324913293928565,0.143230345,0.0062832167555699585,4.897,0.28284448023604764,1.8494999999999997,0.08345507773646849,4.210500000000001,0.9152074901354338,355.67,32.04556287538105,15.988,2.619812207010266,710.1650000000001,42.601223867396115,9.0,1.5811388300841898,403.457,34.69668876132131,3.0415,0.45111279077410343,58.304003200000004,3.5383961494412355,1746.324,243.4438838911342,116.8,1.3638181696985856,126.00000000000001,1.5811388300841898,4.9255,0.8786152457133897,6.902000000000001,0.24784269204477274,24.812499999999996,0.8229512439993025,733.0649999999999,42.60122386739612,0.4268,0.023802520874898946,0.4268,0.023802520874898946,154.525,123.39769801337462,200.1,3.576310948449533,240.95,2.4591665254715878,201.5,2.291287847477907,223.7,1.4525839046333795,301.765,24.56844063020688,13.087092356442959,1100,9.0
136.75,2.384848003542364,230.0,6.913754406977442,6.913146774210142,0.2610672315174219,58.161583199999995,3.5769703937086983,0.0011512,0.0011630749588913004,3073.05,146.67784427104183,415.65,108.03160417211252,466.0,138.4550468563714,113.7,4.026164427839471,137.75,1.7853571071357124,135.65,5.867495206644826,113.7,4.026164427839471,107.5,5.094114250780011,103.80000000000001,8.524083528450435,8.431500000000002,0.6732479112481522,58.0,11.757976016304847,4.3500000000000005,3.4752697737010285,0.749176938,0.3832727504173283,10.713,0.42334501296224125,0.142832665,0.0062706409412655,4.883500000000001,0.2743770216326431,1.8455,0.08236959390454707,4.181,0.8986428656591005,353.74000000000007,31.76761558568726,15.7975,2.6334290858118807,711.015,42.84018294778864,8.9,1.5779733838059498,402.727,34.27953516312613,3.009,0.4387128901685019,58.161583199999995,3.5769703937086983,1750.4740000000002,243.80588160255695,116.9,1.3,126.10000000000001,1.5132745950421556,4.9350000000000005,0.8842708860976936,6.926500000000001,0.24089987546696667,24.764,0.7745734309928268,733.915,42.84018294778865,0.42705,0.024007238491754943,0.42705,0.024007238491754943,154.0,123.68926792571779,200.45000000000002,3.5982634700644143,241.15,2.5352514668174435,201.75,2.3848480035423503,223.75,1.409787217987154,302.155,24.334614749364746,13.087092356442959,1100,8.9
137.0,2.449489742783178,230.4,7.0738956735309575,6.938205268278071,0.25323970913141824,58.0191632,3.609517997150944,0.0012312000000000002,0.0011636800934964901,3070.4500000000003,145.10241210951662,421.1,108.49096736595172,473.75,138.4900267167279,114.0,3.962322551231782,138.0,1.7320508075688772,136.55,5.37098687393667,114.0,3.962322551231782,107.89999999999999,4.87749935930288,103.85,8.510434771502569,8.38,0.6748333127521194,58.65,11.600754285821244,4.3999999999999995,3.462657938636157,0.6989269379999999,0.392413647802244,10.6885,0.41254424005190066,0.14243498500000001,0.006232717229770261,4.87,0.2649528259898352,1.8415,0.08107249841962438,4.1515,0.8807796262402986,351.81000000000006,31.36869299158,15.607,2.63323014565761,711.865,43.06104126702001,8.8,1.5684387141358123,401.99699999999996,33.84149894729843,2.9764999999999997,0.4234651697601587,58.0191632,3.609517997150944,1754.6240000000003,244.0967967917646,117.0,1.224744871391589,126.20000000000002,1.4352700094407325,4.944500000000001,0.8897891604194783,6.9510000000000005,0.2311687695169917,24.7155,0.7197046269130132,734.7650000000001,43.061041267020016,0.4273,0.024207643421035437,0.4273,0.024207643421035437,153.47500000000002,123.97792898334767,200.79999999999998,3.5860842154082215,241.35,2.5937424698685874,202.0,2.449489742783164,223.8,1.3638181696985727,302.54499999999996,24.092207765167565,12.840802738399296,1100,8.8
137.25,2.48746859276655,230.79999999999998,7.2083285163760396,6.963263762346001,0.24258760260956144,57.8767432,3.6362007966068877,0.0013112000000000002,0.001158774939321696,3067.85,143.46257351657957,426.55,108.67542270449194,481.49999999999994,138.09073104303562,114.3,3.874274125562095,138.25,1.6393596310755,137.45,4.652687395473717,114.3,3.874274125562095,108.3,4.616275555033516,103.89999999999999,8.496469855181033,8.3285,0.6724825276540647,59.300000000000004,11.404385121522335,4.45,3.449275286201436,0.6486769379999999,0.3950048300343474,10.664,0.3999549974684654,0.142037305,0.006168978161209119,4.8565,0.25446561653787314,1.8374999999999997,0.07955344115750115,4.122,0.8615369986251317,349.88,30.844101543082758,15.4165,2.619212238441169,712.715,43.26407603312476,8.7,1.5524174696260025,401.267,33.38175805735822,2.944,0.40504814528645855,57.8767432,3.6362007966068877,1758.7740000000001,244.31688337894298,117.1,1.1357816691600546,126.30000000000001,1.3453624047073711,4.954,0.8951726090536953,6.9755,0.2182767738445848,24.666999999999998,0.6567198794006465,735.615,43.264076033124766,0.42755,0.024403841910650054,0.42755,0.024403841910650054,152.95,124.26370145782718,201.14999999999998,3.539420856580918,241.54999999999998,2.6358110706194404,202.25,2.4874685927665356,223.85,1.3143439428094803,302.935,23.84095792957993,12.293295537162498,1100,8.7
137.5,2.5,233.4,2.8,6.897649959996665,0.2763324671023537,56.5713582,2.6303933496311083,0.0008012,0.0008136850496352996,3126.35,94.90395144565899,462.00000000000006,80.61637550770935,523.0999999999999,107.88832188888657,114.5,4.432832051860292,138.10000000000002,2.0223748416156684,136.6,6.499230723708768,114.5,4.432832051860292,106.0,3.9242833740697165,100.2,2.821347195933177,8.229,0.693548123780895,61.5,11.681181447096865,5.3999999999999995,3.3226495451672298,0.608376938,0.3525213283664743,10.63,0.4624067473556157,0.14044927,0.005349272446987535,4.979,0.19112561314486332,1.8269999999999997,0.08832326986700617,4.235,0.9924137242098178,362.85,22.35872312991063,16.506,2.6068187508915917,731.77,19.336910301286498,8.3,1.3453624047073711,418.176,11.749344832798121,2.894,0.35046255149445005,56.5713582,2.6303933496311083,1855.4500000000003,164.9309249352589,116.7,1.3453624047073711,125.7,1.3453624047073711,5.381,0.12988071450373223,6.9030000000000005,0.2502019184578729,24.857,0.8757060008929936,754.67,19.336910301286476,0.4396,0.012322337440599502,0.4396,0.012322337440599502,91.08000000000001,7.725645604090313,201.8,3.249615361854384,242.2,2.227105745132009,202.5,2.499999999999986,223.2,0.9797958971132643,290.65999999999997,6.427939016512225,11.358244658690344,1100,8.3
137.75,2.48746859276655,233.79999999999998,2.7129319932501073,6.922708454064594,0.27038960212579916,56.4289382,2.5884189110481253,0.0008812000000000001,0.0008482283654771279,3123.75,93.93742598134143,467.45,78.05925633773357,530.85,103.75224093965393,114.8,4.319722213291028,138.35,1.9306734576307822,137.5,5.91185250154298,114.8,4.319722213291028,106.4,3.8,100.25,2.843853020111975,8.1775,0.6799181936086133,62.15,11.32375821006436,5.45,3.293554311074891,0.558126938,0.34236144164064913,10.6055,0.44802315788360786,0.14005159,0.005122976177662746,4.9655,0.18445798979713496,1.823,0.08626123115281858,4.2055,0.97789812864122,360.92,22.580757294652464,16.3155,2.657892915450131,732.62,18.91043627206945,8.2,1.2884098726725126,417.44599999999997,11.435172233071082,2.8615,0.3196916483113064,56.4289382,2.5884189110481253,1859.6000000000001,162.70478634631496,116.8,1.2884098726725126,125.8,1.2884098726725126,5.3905,0.13485084352720972,6.9275,0.24322571821252792,24.8085,0.8330022508973187,755.52,18.910436272069425,0.43985,0.012459032867763061,0.43985,0.012459032867763061,90.555,8.069168172742463,202.15,3.08666486681013,242.4,2.2,202.74999999999997,2.4874685927665356,223.25,0.9420721840708329,291.05,6.208502234838941,11.099898062575058,1100,8.2
138.0,2.449489742783178,234.20000000000002,2.5612496949731396,6.947766948132523,0.2619266791503256,56.286518199999996,2.5377724152412804,0.0009612,0.000874127770980879,3121.1500000000005,92.88810472821588,472.90000000000003,75.02059717171012,538.5999999999999,98.83845405508931,115.1,4.182104733265289,138.60000000000002,1.8,138.4,5.10294032886923,115.1,4.182104733265289,106.8,3.627671429443411,100.3,2.8653097563788807,8.126000000000001,0.662015105567841,62.800000000000004,10.916043239196151,5.5,3.263433774416144,0.507876938,0.32419330883172714,10.581,0.4317742465687366,0.13965391,0.004853736226547545,4.952000000000001,0.17651062290978392,1.819,0.08395832299420947,4.176,0.9622598401679248,358.99,22.63667157512342,16.125000000000004,2.694569538905982,733.4699999999999,18.434969487362867,8.1,1.2206555615733703,416.716,11.064060014298542,2.8289999999999997,0.28190246540248637,56.286518199999996,2.5377724152412804,1863.7500000000002,160.3403879251887,116.9,1.2206555615733703,125.9,1.2206555615733703,5.4,0.13899640283115242,6.952,0.23348661631879467,24.76,0.7849968152801639,756.37,18.434969487362842,0.44010000000000005,0.012589281155014382,0.44010000000000005,0.012589281155014382,90.03000000000002,8.36576954021565,202.5,2.8722813232690143,242.6,2.154065922853802,203.0,2.449489742783164,223.3,0.8999999999999959,291.44,5.955535240429706,10.640708033581113,1100,8.1
137.25,2.48746859276655,232.4,4.431703961232068,6.897462638681544,0.27619922781287565,56.9564082,3.029291546131465,0.0008512000000000001,0.0009107487908309295,3111.3,114.34827283348008,450.55000000000007,92.36854172281816,508.9,121.50674878376097,114.3,4.45084261685357,137.95000000000002,1.9868316486305528,136.1,6.449030934954491,114.3,4.45084261685357,106.3,4.3485629810317805,101.10000000000001,5.156549233741495,8.2835,0.7059127070679488,60.725,12.12793778842883,5.225,3.480211918834829,0.6625769380000001,0.3612572308951941,10.646,0.467978631990821,0.14104519,0.005825502890300547,4.955,0.223215142855497,1.8304999999999998,0.08974825903603924,4.202500000000001,0.9967842043291016,361.08000000000004,25.304675457314215,16.4665,2.653096822582998,726.835,29.03892689132985,8.450000000000001,1.4654350889752845,414.27099999999996,21.182023959008266,2.9310000000000005,0.38348272451311294,56.9564082,3.029291546131465,1832.7810000000004,197.41953059158052,116.75,1.3738631664034087,125.8,1.4352700094407325,5.2625,0.49357750151318686,6.9045000000000005,0.2514055488647776,24.823999999999998,0.8783586966609938,749.735,29.03892689132984,0.4364,0.016918628786045286,0.4364,0.016918628786045286,107.11000000000001,67.81992258916254,201.4,3.4409301068170506,241.9,2.364318083507378,202.25,2.4874685927665356,223.35,1.1521718621802814,293.575,14.349699474205032,12.482034425844683,1100,8.450000000000001
137.5,2.5,232.79999999999998,4.467661580737735,6.922521132749473,0.2702708012113607,56.8139882,3.011183853362587,0.0009312000000000001,0.0009374813918153256,3108.7000000000003,113.20224158557993,456.0,90.83501527494779,516.65,118.77974364343441,114.6,4.352011029397781,138.2,1.9131126469708992,137.0,5.93295878967653,114.6,4.352011029397781,106.7,4.208325082500163,101.15,5.160184105242758,8.232000000000001,0.6965672975384358,61.37500000000001,11.826744057431869,5.275,3.4549782922617616,0.612326938,0.3590180450103638,10.6215,0.4546347435029578,0.14064750999999998,0.00566044380423479,4.9415000000000004,0.21603876966877944,1.8264999999999998,0.08787917842128475,4.173,0.981356713942489,359.15,25.366759745777554,16.276,2.700511803343951,727.685,28.902201905737215,8.35,1.4239030865898141,413.541,20.873257987195007,2.8985000000000003,0.3589467230662512,56.8139882,3.011183853362587,1836.9310000000003,196.044028878719,116.85,1.3143439428094916,125.89999999999999,1.374772708486752,5.272,0.49717803652212955,6.929,0.2443133234189246,24.775499999999997,0.8338733417012439,750.5849999999999,28.902201905737208,0.43665,0.017065388949566905,0.43665,0.017065388949566905,106.58500000000001,67.9838162726983,201.75,3.329789783154486,242.1,2.364318083507378,202.5,2.499999999999986,223.4,1.1135528725659958,293.965,14.172765255940712,12.293295537162498,1100,8.35
137.75,2.48746859276655,233.2,4.467661580737736,6.947579626817403,0.26182196676468533,56.671568199999996,2.986181878794318,0.0010112,0.0009568068561627263,3106.1000000000004,111.98413950198484,461.45000000000005,88.94182087184858,524.4,115.46964969202946,114.89999999999999,4.2296571965113126,138.45000000000002,1.8020821290940099,137.9,5.214403129793476,114.89999999999999,4.2296571965113126,107.1,4.023679907746142,101.19999999999999,5.163332257370234,8.1805,0.6832237920330348,62.025,11.4809352842005,5.325,3.4288299753706073,0.562076938,0.3496155051082026,10.597,0.439523605736939,0.14024983,0.005461544235113365,4.928,0.20774022239325712,1.8225,0.08578315685494443,4.1435,0.9647811928100589,357.21999999999997,25.28178395604235,16.0855,2.7338662641029092,728.535,28.739698589233676,8.25,1.3738631664034087,412.811,20.533919718358696,2.866,0.3294146323404594,56.671568199999996,2.986181878794318,1841.0810000000001,194.57031237832766,116.95,1.2439855304624727,126.0,1.3038404810405297,5.2815,0.500572422332673,6.9535,0.23446268359805156,24.726999999999997,0.7838820064269875,751.4350000000001,28.739698589233665,0.4369,0.01720726590716841,0.4369,0.01720726590716841,106.06,68.14327112782303,202.1,3.176476034853718,242.3,2.3473389188611002,202.74999999999997,2.4874685927665356,223.45,1.0712142642814204,294.35499999999996,13.982720586495326,11.893694881855518,1100,8.25
138.0,2.4494897427831783,233.6,4.431703961232068,6.972638120885333,0.2505979296078085,56.529148199999995,2.954110579333069,0.0010912,0.0009691683857823676,3103.5,110.69158730454632,466.9,86.66539101625285,532.15,111.52456007534842,115.2,4.081666326391703,138.70000000000002,1.6462077633154328,138.79999999999998,4.190465367951393,115.2,4.081666326391703,107.5,3.7881393849751626,101.25,5.165994579942956,8.129000000000001,0.6656417955627484,62.67500000000001,11.086337312205506,5.375,3.401745875282279,0.511826938,0.3324423576818448,10.5725,0.4224556189707981,0.13985214999999998,0.005224940960288453,4.9145,0.19817858108282016,1.8184999999999998,0.08344309438174019,4.114000000000001,0.9469973600807976,355.29,25.04825143597853,15.895000000000001,2.7536711858898473,729.385,28.550976778387113,8.15,1.3143439428094916,412.081,20.162465598234757,2.8335000000000004,0.29338157747206967,56.529148199999995,2.954110579333069,1845.2310000000002,192.99613120215653,117.05,1.16081867662439,126.10000000000001,1.2206555615733703,5.2909999999999995,0.5037648260845531,6.978,0.22148589119851408,24.6785,0.7272501289102669,752.285,28.550976778387103,0.43715000000000004,0.017344379493080757,0.43715000000000004,0.017344379493080757,105.53500000000001,68.29831824430232,202.45,2.9744747435471695,242.5,2.313006701244076,203.0,2.449489742783164,223.5,1.0246950765959544,294.745,13.77902300600446,11.21699059949865,1100,8.15
137.0,2.449489742783178,231.4,5.4258639865002145,6.897275317366423,0.27606579711263396,57.3414582,3.3373220348272596,0.0009012000000000001,0.0009959133295623672,3096.25,129.19477543616074,439.1,101.50216746454235,494.7,132.2293840263956,114.10000000000001,4.459820624195544,137.8,1.9390719429665317,135.60000000000002,6.359245238233858,114.10000000000001,4.459820624195544,106.60000000000001,4.715930449020639,102.0,6.603029607687671,8.338,0.7139159614408407,59.949999999999996,12.510895251739582,5.05,3.6224991373359914,0.716776938,0.36175545164498024,10.662,0.47294397131161353,0.14164111000000001,0.006208704441741453,4.931,0.2489357346786514,1.8339999999999999,0.09101648202386203,4.17,1.000079996800256,359.31000000000006,27.829389141696954,16.427,2.698003150479999,721.9,35.55128689653864,8.6,1.562049935181331,410.366,26.996502069712665,2.968,0.41055572094418563,57.3414582,3.3373220348272596,1810.1120000000003,222.97749885582627,116.80000000000001,1.4,125.9,1.5132745950421556,5.144,0.6650443594227381,6.906000000000001,0.2525945367580227,24.791,0.8797664462799202,744.8,35.55128689653864,0.4332,0.020003999600079984,0.4332,0.020003999600079984,123.14000000000001,92.87344292099868,201.0,3.5777087639996634,241.60000000000002,2.4576411454889016,202.0,2.449489742783164,223.5,1.2845232578665007,296.49,18.801991915751913,12.945838297251267,1100,8.6
137.25,2.48746859276655,231.79999999999998,5.528109984434102,6.922333811434353,0.27015181816631095,57.1990382,3.3373667663940627,0.0009812,0.0010164897244930714,3093.65,127.87591641900362,444.55,100.73007247093591,502.44999999999993,130.57353292302386,114.4,4.374928570845464,138.05,1.8834808201837363,136.5,5.911852501542981,114.4,4.374928570845464,107.00000000000001,4.560701700396551,102.05000000000001,6.599052962357553,8.2865,0.7086485377110432,60.6,12.260301790739085,5.1000000000000005,3.600694377477766,0.666526938,0.367016725182741,10.6375,0.4605960811817663,0.14124343,0.006093120868003526,4.9174999999999995,0.2411819852310697,1.8299999999999998,0.08933084573650918,4.140499999999999,0.9837300188568,357.38000000000005,27.763079800339163,16.236500000000003,2.741899478463789,722.75,35.55786129676531,8.5,1.5329709716755893,409.63599999999997,26.648162863507128,2.9354999999999998,0.3908257284263666,57.1990382,3.3373667663940627,1814.2620000000004,222.1844006585521,116.9,1.3379088160259651,126.0,1.449137674618944,5.1535,0.6694047729139672,6.9305,0.24538693934274508,24.7425,0.8334379101048857,745.6499999999999,35.5578612967653,0.43345,0.02016798205076552,0.43345,0.02016798205076552,122.61500000000002,93.08364665718679,201.35000000000002,3.5110539728121526,241.8,2.4819347291981715,202.25,2.487468592766536,223.55,1.243985530462462,296.88,18.60630538285342,12.840802738399296,1100,8.5
137.5,2.5,232.2,5.6,6.947392305502282,0.2617170784106153,57.0566182,3.331328352162177,0.0010612000000000002,0.0010304656035016403,3091.05,126.48988101820636,450.00000000000006,99.65440281292143,510.19999999999993,128.42959160567318,114.7,4.2673176586703665,138.3,1.7916472867168918,137.4,5.276362383309167,114.7,4.2673176586703665,107.4,4.363484845854286,102.1,6.594694837519019,8.235,0.6995605763620472,61.25,11.969231387186062,5.1499999999999995,3.5780581325629686,0.616276938,0.36535656738707134,10.613,0.44656578462752855,0.14084575000000002,0.005948775858485512,4.904,0.23238760724272695,1.8259999999999998,0.08742997197757757,4.111,0.9662033947363258,355.45,27.561794208650504,16.046000000000003,2.772043289705267,723.5999999999999,35.54411343668597,8.4,1.4966629547095764,408.906,26.27493566119621,2.903,0.36717979247229826,57.0566182,3.331328352162177,1818.4120000000003,221.31065450176595,117.0,1.2649110640673518,126.10000000000001,1.374772708486752,5.163,0.6736029988056763,6.955,0.23542514733987116,24.694,0.781373150293763,746.5,35.54411343668597,0.4337,0.020327567488511757,0.4337,0.020327567488511757,122.09000000000002,93.29042233798708,201.7,3.407345007480164,242.0,2.4899799195977463,202.5,2.499999999999986,223.60000000000002,1.1999999999999906,297.27,18.40027445447486,12.51080979052542,1100,8.4
137.75,2.48746859276655,232.59999999999997,5.642694391866354,6.972450799570212,0.2505070800498618,56.914198199999994,3.3191735919664644,0.0011412,0.001038107585946659,3088.45,125.03443525685235,455.45,98.26518966551686,517.9499999999999,125.77260234248156,115.0,4.135214625627059,138.55,1.6575584454250776,138.29999999999998,4.371498598878879,115.0,4.135214625627059,107.8,4.1182520563948,102.14999999999999,6.5899544763222755,8.1835,0.686500364165963,61.9,11.634646535241197,5.2,3.554574517435244,0.5660269379999999,0.35667834403263626,10.5885,0.43068869267720533,0.14044806999999998,0.0057735126008436185,4.890499999999999,0.22242920221949256,1.8219999999999998,0.0852994724485445,4.0815,0.9474348262545557,353.52,27.222538456213087,15.855500000000001,2.7888805549897615,724.45,35.5100197127515,8.3,1.452583904633395,408.176,25.875743544872297,2.8705000000000003,0.3387989816985878,56.914198199999994,3.3191735919664644,1822.5620000000001,220.35530103902653,117.10000000000001,1.1789826122551594,126.2,1.2884098726725126,5.172499999999999,0.6776420515286813,6.9795,0.2223392677868667,24.6455,0.7223328526378955,747.35,35.51001971275149,0.43395,0.02048285868720478,0.43395,0.02048285868720478,121.56500000000001,93.49379270839322,202.04999999999998,3.2630507198019463,242.20000000000002,2.4819347291981715,202.74999999999997,2.4874685927665356,223.64999999999998,1.1521718621802834,297.66,18.183547508668383,11.893694881855518,1100,8.3
136.75,2.384848003542364,230.40000000000003,6.102458520956943,6.897087996051302,0.27593217472395093,57.7265082,3.578030526955236,0.0009512,0.001072018358051764,3081.2000000000003,140.90439134391804,427.65000000000003,108.67947138259368,480.5,140.71975696397433,113.89999999999999,4.459820624195545,137.65,1.8781639970992947,135.1,6.228161847608009,113.89999999999999,4.459820624195545,106.89999999999999,5.038849074937649,102.89999999999999,7.68049477572897,8.3925,0.717703803807671,59.175,12.83576546217638,4.875,3.7512497917360825,0.7709769379999999,0.35405076855680406,10.678,0.47732169445773187,0.14223703,0.006515312461586173,4.907,0.27011293934204617,1.8374999999999997,0.09213441268060484,4.1375,1.002311703014586,357.54,30.039264305238905,16.3875,2.741605141153627,716.965,40.44527506396761,8.75,1.6393596310755003,406.46099999999996,31.280122426231014,3.005,0.4327990295737735,57.7265082,3.578030526955236,1787.4430000000002,243.7943637802154,116.85,1.4239030865898143,126.0,1.5811388300841898,5.0255,0.7828567876693667,6.907500000000001,0.25376908795202,24.758,0.8799352248887412,739.865,40.44527506396761,0.43000000000000005,0.022217110523198108,0.43000000000000005,0.022217110523198108,139.17,110.17027321378485,200.6,3.666060555964672,241.29999999999998,2.511971337416094,201.75,2.3848480035423507,223.64999999999998,1.3883443376914681,299.40500000000003,22.002760622249205,13.087092356442959,1100,8.75
137.0,2.449489742783178,230.8,6.257795138864806,6.922146490119232,0.2700326527498962,57.58408819999999,3.593365923909164,0.0010312000000000001,0.0010874885562616279,3078.6000000000004,139.4157361993258,433.09999999999997,108.53520166287065,488.25,139.95351906972544,114.2,4.3886216514983305,137.9,1.841195263952197,136.0,5.848076606885378,114.2,4.3886216514983305,107.3,4.86929152957594,102.95,7.671212420471747,8.341000000000001,0.7163930485424882,59.825,12.631582442433727,4.925000000000001,3.7325426990189947,0.720726938,0.36692412905758004,10.6535,0.46593213025074826,0.14183935,0.0064421563525344575,4.8935,0.2617494030556706,1.8335,0.09062422413460984,4.108,0.9850258879846764,355.61,29.863671910868568,16.197,2.782110889235007,717.8149999999999,40.55462088344557,8.65,1.6209565077447328,405.731,30.88783286344318,2.9724999999999997,0.4170236803827812,57.58408819999999,3.593365923909164,1791.5930000000003,243.45592498643367,116.95,1.3592277219068187,126.1,1.5132745950421556,5.035,0.7879942893194086,6.932,0.24644674881198994,24.7095,0.8316939040296011,740.7149999999999,40.55462088344558,0.43025,0.022400613830875264,0.43025,0.022400613830875264,138.64499999999998,110.4237722367788,200.95000000000002,3.6397115270306792,241.5,2.5592967784139455,202.0,2.449489742783164,223.7,1.3453624047073582,299.795,21.78365155340124,13.087092356442959,1100,8.65
137.25,2.48746859276655,231.20000000000002,6.384355879804947,6.947204984187161,0.261612013876462,57.441668199999995,3.6030109577407003,0.0011112000000000001,0.0010969226773113955,3076.0000000000005,137.86198714656626,438.55,108.11636092654986,496.0,138.75085585321628,114.5,4.295346318982898,138.15,1.7684739183827394,136.9,5.290557626564519,114.5,4.295346318982898,107.69999999999999,4.659399102888697,102.99999999999999,7.661592523751182,8.2895,0.7113611951744345,60.475,12.389990920093526,4.9750000000000005,3.7130681383459696,0.670476938,0.37264535587293135,10.629,0.452933769992921,0.14144167,0.00634327689007031,4.88,0.25238858928247904,1.8295,0.08890866099542832,4.0785,0.9665312979929829,353.68,29.561302407032073,16.0065,2.8091462671067875,718.665,40.64590108485725,8.55,1.5960889699512368,405.001,30.473013946769367,2.94,0.39798241167167175,57.441668199999995,3.6030109577407003,1795.7430000000004,243.0461643618348,117.05,1.2835497652993435,126.2,1.4352700094407325,5.0445,0.7929847098147605,6.9565,0.23637417371616562,24.661,0.7774567512087084,741.565,40.64590108485726,0.43050000000000005,0.022579858281220458,0.43050000000000005,0.022579858281220458,138.12,110.6742002455857,201.29999999999998,3.579106033634656,241.7,2.5903667693977237,202.25,2.4874685927665356,223.75,1.2990381056766467,300.185,21.555260958754367,12.840802738399296,1100,8.55
137.5,2.5,231.6,6.483826030978931,6.972263478255091,0.2504160574083566,57.299248199999994,3.607011276290603,0.0011912000000000001,0.0011004759697512709,3073.4,136.24091712844566,444.0,107.4197374787334,503.74999999999994,137.10028264011714,114.8,4.178516483155229,138.4,1.6552945357246849,137.79999999999998,4.48998886412873,114.8,4.178516483155229,108.1,4.403407771260799,103.04999999999998,7.651633812461231,8.238,0.7025282912452706,61.12500000000001,12.108752000103065,5.025,3.692813967694555,0.620226938,0.37154499192246376,10.6045,0.43818346614175235,0.14104398999999998,0.006217446917577991,4.866499999999999,0.24191475771436494,1.8254999999999997,0.08697557128297577,4.049,0.9467570966198248,351.75,29.128207977834823,15.816,2.8230982979698034,719.515,40.71923716132217,8.45,1.5644487847162016,404.27099999999996,30.03473221122506,2.9075,0.375178290949783,57.299248199999994,3.607011276290603,1799.8930000000003,242.56472045827277,117.14999999999999,1.1947803145348521,126.3,1.345362404707371,5.053999999999999,0.797830809131861,6.981,0.22317930011540052,24.6125,0.715862242334375,742.4150000000001,40.71923716132217,0.43075,0.022754944517620786,0.43075,0.022754944517620786,137.59499999999997,110.92157804052374,201.64999999999998,3.4824560298731697,241.89999999999998,2.6057628441590768,202.5,2.499999999999986,223.79999999999998,1.2489995996796701,300.57500000000005,21.3172905173242,12.293295537162498,1100,8.45
136.75,2.384848003542364,229.8,6.764613810115105,6.92195916880411,0.26991330472056824,57.969138199999996,3.793417112286963,0.0010812,0.001151959790964945,3063.55,148.55382862787482,421.65000000000003,114.67792943718509,474.04999999999995,147.38129969572122,114.0,4.3931765272977525,137.75,1.7853571071357126,135.5,5.740209055426466,114.0,4.3931765272977525,107.60000000000001,5.141984052872976,103.85000000000001,8.516307885463045,8.395500000000002,0.7199407961770189,59.05,12.945945311177551,4.75,3.851947559352282,0.774926938,0.3587339911486834,10.6695,0.47066415839747167,0.14243527,0.006720594745712622,4.8695,0.2787557174301541,1.8369999999999997,0.09176600677810928,4.0755,0.9852485726962512,353.84000000000003,31.727328913729885,16.157500000000002,2.821196333118275,712.88,44.45542261636931,8.799999999999999,1.6911534525287764,401.82599999999996,34.168608458642275,3.0095,0.4385598590842532,57.969138199999996,3.793417112286963,1768.9240000000002,261.05152710528245,117.0,1.378404875209022,126.2,1.5684387141358123,4.9165,0.8750329993777378,6.9335,0.24749292919192675,24.6765,0.8286330611314029,735.78,44.45542261636932,0.42705000000000004,0.024007238491754946,0.42705000000000004,0.024007238491754946,154.675,123.32206564520398,200.55,3.7212229172679243,241.2,2.6,201.75,2.3848480035423503,223.85,1.4239030865898001,302.71,24.204666905371788,13.087092356442959,1100,8.799999999999999
137.0,2.449489742783178,230.20000000000002,6.939740629158989,6.947017662872041,0.2615067729498759,57.826718199999995,3.8169490864143794,0.0011612000000000003,0.0011574192671629413,3060.9500000000003,146.830378328192,427.1,114.82634715081727,481.8,146.99033981864252,114.30000000000001,4.313930922024591,138.00000000000003,1.7320508075688772,136.4,5.2573757712379665,114.30000000000001,4.313930922024591,108.0,4.919349550499538,103.9,8.50235261559999,8.344000000000001,0.7188490801273937,59.699999999999996,12.749901960407382,4.8,3.8353617821530217,0.7246769380000001,0.3719790601290127,10.645,0.45865564424740296,0.14203759000000002,0.0066615424565861685,4.856000000000001,0.2687824399026095,1.833,0.09022749026765622,4.046,0.9657660172112084,351.91,31.334053360521363,15.967,2.845217214906447,713.7299999999999,44.6327917567342,8.7,1.676305461424021,401.096,33.70962568762816,2.977,0.42334501296224103,57.826718199999995,3.8169490864143794,1773.0740000000003,261.03008084127015,117.10000000000001,1.3,126.30000000000001,1.4866068747318506,4.926000000000001,0.8808087193028915,6.958,0.23730992393913922,24.628,0.7721113909275005,736.63,44.63279175673421,0.4273,0.024207643421035437,0.4273,0.024207643421035437,154.15000000000003,123.61445101605233,200.9,3.7,241.4,2.6532998322843198,202.0,2.449489742783164,223.9,1.3747727084867394,303.09999999999997,23.95191015347211,12.945838297251267,1100,8.7
137.25,2.48746859276655,230.6,7.08801805866774,6.972076156939971,0.250324861494484,57.68429819999999,3.8350515454120773,0.0012412,0.0011573363210406905,3058.35,145.0398565912143,432.55,114.71594265837683,489.54999999999995,146.18805525760305,114.60000000000001,4.2118879377305305,138.25,1.6393596310755,137.3,4.550824101193101,114.60000000000001,4.2118879377305305,108.4,4.651881339845203,103.95,8.488079877098235,8.2925,0.7140509435607517,60.35,12.517088319573366,4.8500000000000005,3.8180492401225004,0.674426938,0.37814896660372305,10.6205,0.4449772466093072,0.14163991,0.006577963461505398,4.842499999999999,0.2577183540223705,1.8289999999999997,0.08848163651289458,4.0165,0.944961771713544,349.98,30.8151358913116,15.7765,2.8563600525844075,714.58,44.793332093069395,8.6,1.6552945357246849,400.366,33.22827296144054,2.9445000000000006,0.40496265259897735,57.68429819999999,3.8350515454120773,1777.2240000000004,260.9426400648235,117.2,1.2083045973594573,126.4,1.3928388277184118,4.9355,0.8864450067545081,6.9825,0.22400613830875266,24.579500000000003,0.7077956979241958,737.48,44.7933320930694,0.42755000000000004,0.024403841910650054,0.42755000000000004,0.024403841910650054,153.625,123.90392195164769,201.25,3.6452023263462343,241.6,2.690724809414742,202.25,2.4874685927665356,223.95,1.3219304066402178,303.49,23.690037990682924,12.482034425844683,1100,8.6
137.5,2.5,233.2,2.6758176320519302,6.9064623545906345,0.28518389356953133,56.3789132,2.8110858513849344,0.0007312,0.0007663885176592875,3116.85,102.82660161650777,468.0,86.15683373940804,531.15,115.2042859445776,114.8,4.718050444834172,138.1,2.0223748416156684,136.45000000000002,6.406832290609767,114.8,4.718050444834172,106.10000000000001,4.023679907746142,100.25,2.8613807855648994,8.193,0.7290274343260339,62.55,12.587593097967538,5.8,3.6,0.634126938,0.3366222840904381,10.586500000000001,0.49890154339308296,0.140051875,0.00570665165590778,4.965,0.2040220576310315,1.8184999999999998,0.0955130881083844,4.1295,1.0767705187271799,362.95000000000005,22.26055929216516,16.866,2.70362423424558,733.635,20.916578950679288,8.2,1.4352700094407325,417.275,12.581473482863599,2.8945000000000003,0.3504350867136452,56.3789132,2.8110858513849344,1873.9,178.98376323007628,116.8,1.4352700094407322,125.8,1.4352700094407322,5.3625,0.13083864108129525,6.91,0.2571964229922339,24.7695,0.9326332344496411,756.535,20.916578950679266,0.4396,0.0123223374405995,0.4396,0.0123223374405995,91.75500000000001,7.343328604931143,201.9,3.345145736735546,242.25,2.277608394786075,202.5,2.499999999999986,223.29999999999998,1.053565375285267,291.21500000000003,6.9116043723581395,11.441947988520559,1100,8.2
137.75,2.48746859276655,233.59999999999997,2.615339366124404,6.931520848658564,0.27863794974668793,56.2364932,2.761943322254199,0.0008112000000000001,0.0008099131805323333,3114.25,101.69262510133171,473.45,83.3777398350423,538.9,110.77856290817282,115.1,4.592385001282007,138.35,1.9306734576307822,137.35,5.833309523760933,115.1,4.592385001282007,106.5,3.892300091205713,100.3,2.882707061079915,8.1415,0.7134793269604942,63.2,12.200819644597654,5.8500000000000005,3.567562192870644,0.583876938,0.3299128777651209,10.562,0.48340045510942603,0.13965419499999998,0.005466257425284234,4.9515,0.19683178097045187,1.8144999999999998,0.09324564332986288,4.1,1.0604763080804775,361.02000000000004,22.492145295635996,16.6755,2.777703142886222,734.485,20.44556859077291,8.1,1.3747727084867518,416.54499999999996,12.234953003587705,2.862,0.3197123707334454,56.2364932,2.761943322254199,1878.0500000000002,176.50124645452226,116.89999999999999,1.374772708486752,125.89999999999999,1.374772708486752,5.372,0.1370620297529553,6.9345,0.24972935350094522,24.721,0.8878901959138864,757.385,20.445568590772886,0.43984999999999996,0.012459032867763063,0.43984999999999996,0.012459032867763063,91.23,7.7497806420569075,202.25,3.176082492631449,242.45,2.246664193866097,202.75,2.4874685927665356,223.35,1.013656746635659,291.605,6.675662888432889,11.253209099838374,1100,8.1
138.0,2.449489742783178,233.99999999999997,2.4899799195977463,6.956579342726493,0.26961547558827725,56.0940732,2.7044206873252103,0.0008912,0.0008436630607061091,3111.65,100.47860468776425,478.9,80.13295202349656,546.65,105.60126656437413,115.39999999999999,4.442971978304605,138.6,1.8,138.25,5.0386009963084,115.39999999999999,4.442971978304605,106.89999999999999,3.7134889255254286,100.35,2.903015673398957,8.09,0.6937722969389881,63.849999999999994,11.76552166289281,5.8999999999999995,3.5341194094144583,0.5336269379999999,0.3151512758728158,10.5375,0.46609950654339916,0.139256515,0.005184377358205613,4.938,0.18840382161729075,1.8105,0.09074552330556038,4.0705,1.043093835663887,359.09000000000003,22.556837100976733,16.485,2.837094464412491,735.3349999999999,19.927224468048728,7.999999999999999,1.3038404810405297,415.815,11.833379694744854,2.8295,0.28198359881383184,56.0940732,2.7044206873252103,1882.2,173.88429342525447,117.0,1.3038404810405297,126.0,1.3038404810405297,5.3815,0.14238240762116644,6.959,0.2395391408517615,24.6725,0.8379670339577802,758.235,19.9272244680487,0.4401,0.012589281155014382,0.4401,0.012589281155014382,90.705,8.102004381632979,202.6,2.9563490998188966,242.65,2.1971572542719833,202.99999999999997,2.449489742783164,223.4,0.9695359714832618,291.995,6.407376608253969,10.853608444531394,1100,7.999999999999999
138.25,2.384848003542364,234.39999999999998,2.2891046284519194,6.981637836794424,0.25785663858904834,55.951653199999996,2.637969802693079,0.0009712000000000001,0.0008687780844381378,3109.05,99.1816011163361,484.34999999999997,76.36312919203874,554.4,99.55521081289517,115.7,4.267317658670367,138.85,1.6209565077447328,139.15,3.889408695418881,115.7,4.267317658670367,107.3,3.479942528261063,100.39999999999999,2.922327839240492,8.0385,0.6695392072164256,64.5,11.276080879454527,5.950000000000001,3.4996428389194234,0.483376938,0.29111513435969566,10.513,0.44678965968339074,0.13885883499999999,0.004853789053953108,4.9245,0.17856301408746414,1.8064999999999998,0.08799289744064576,4.041,1.0245677137212552,357.16,22.45607712847461,16.294500000000003,2.8827061504773597,736.1850000000001,19.357744574200783,7.8999999999999995,1.2206555615733703,415.085,11.370922346054423,2.797,0.23388244910638345,55.951653199999996,2.637969802693079,1886.3500000000001,171.12673666028928,117.1,1.2206555615733703,126.10000000000001,1.2206555615733703,5.391,0.14689792374298555,6.9835,0.22625814902451585,24.624000000000002,0.781872112304819,759.085,19.35774457420076,0.44035,0.01271328045785195,0.44035,0.01271328045785195,90.18,8.40681866106317,202.95,2.67348087705897,242.85,2.1277922830953213,203.25,2.3848480035423507,223.45,0.9205976319760963,292.38500000000005,6.102481052817789,10.176904162174525,1100,7.8999999999999995
137.25,2.48746859276655,232.2,4.308131845707603,6.906275033275515,0.2850605825429439,56.7639632,3.2106142178774078,0.0007812,0.00087277222687251,3101.8,119.8170584683166,456.54999999999995,97.94563543109004,516.9499999999999,128.93660263866116,114.60000000000001,4.74763098818768,137.95,1.9868316486305526,135.95000000000002,6.3440917395636705,114.60000000000001,4.74763098818768,106.4,4.431703961232067,101.15,5.169864601708636,8.2475,0.743443844550481,61.775,13.065675451349614,5.625,3.7645550865938993,0.688326938,0.3416998127992809,10.602500000000001,0.5054490577694257,0.140647795,0.006193647761333789,4.941000000000001,0.23291414727319576,1.8219999999999998,0.09713907555664714,4.097,1.0776228468253632,361.18000000000006,25.224999504459863,16.8265,2.7534419823195835,728.7,30.41798809914949,8.35,1.5580436450882884,413.37,21.49157276701731,2.9315,0.3834093765154943,56.7639632,3.2106142178774078,1851.2310000000002,211.2911135353307,116.85000000000001,1.4585952145814822,125.9,1.5132745950421556,5.244,0.48937102488806994,6.9115,0.2583268278750778,24.7365,0.9320315177074213,751.5999999999999,30.41798809914948,0.43639999999999995,0.01691862878604529,0.43639999999999995,0.01691862878604529,107.78500000000001,67.617603292338,201.5,3.5425979167836705,241.95000000000002,2.4181604578687494,202.25,2.4874685927665356,223.45,1.2031209415515867,294.13,14.46133119736908,12.482034425844683,1100,8.35
137.5,2.5,232.59999999999997,4.363484845854286,6.931333527343444,0.2785285938416559,56.6215432,3.1849409020458386,0.0008612,0.0009068292893373042,3099.2000000000003,118.5156002389559,461.99999999999994,96.1613227862429,524.6999999999999,125.8753748753107,114.9,4.635730794599696,138.2,1.9131126469708992,136.85,5.841874699101308,114.9,4.635730794599696,106.80000000000001,4.28485705712571,101.2,5.173006862551025,8.196000000000002,0.732047812646141,62.425000000000004,12.733101546755998,5.675000000000001,3.735890121510535,0.638076938,0.3431236028548075,10.578,0.4909541730141422,0.14025011499999998,0.006012432173444873,4.9275,0.22520823697191875,1.8179999999999998,0.09505787710652916,4.0675,1.060437999130548,359.25000000000006,25.294910555287608,16.636,2.8235516641280003,729.55,30.235103770286617,8.249999999999998,1.5124483462254175,412.64,21.156252031019108,2.899,0.3589136386374862,56.6215432,3.1849409020458386,1855.381,209.6415747388862,116.95,1.3955285736952863,126.0,1.449137674618944,5.2535,0.4933586423688147,6.936,0.2507468843276025,24.688,0.8854524267288443,752.4499999999999,30.235103770286603,0.43665,0.017065388949566905,0.43665,0.017065388949566905,107.26,67.78721413364028,201.85000000000002,3.424543765233553,242.15,2.414021540914662,202.5,2.499999999999986,223.5,1.1618950038622164,294.52,14.27062016872428,12.376998866992711,1100,8.249999999999998
137.75,2.48746859276655,232.99999999999997,4.381780460041329,6.956392021411373,0.2695198753435314,56.479123200000004,3.1526316832469603,0.0009412,0.0009328168952157759,3096.6000000000004,117.14199716583289,467.45,94.02790809116195,532.4499999999999,122.24748463669917,115.2,4.501110973970753,138.45,1.8020821290940099,137.75,5.136876482844414,115.2,4.501110973970753,107.2,4.093897898091744,101.24999999999999,5.175664208582314,8.1445,0.7167808242412737,63.075,12.35746232039572,5.7250000000000005,3.706329046374593,0.587826938,0.3371330992428119,10.5535,0.47475546337035474,0.139852435,0.005798371316522859,4.914000000000001,0.21638853943774358,1.8139999999999998,0.09275774900244184,4.038,1.0421353079135165,357.32,25.2173472038595,16.4455,2.8793861759062467,730.4,30.027054467596386,8.149999999999999,1.4585952145814822,411.90999999999997,20.78991341973314,2.8665,0.3294279132071234,56.479123200000004,3.1526316832469603,1859.5310000000002,207.89612805196737,117.05,1.3219304066402287,126.10000000000001,1.374772708486752,5.263,0.49713277904398934,6.9605,0.24044697960257277,24.639499999999998,0.8334655061848687,753.3000000000001,30.027054467596372,0.43689999999999996,0.01720726590716841,0.43689999999999996,0.01720726590716841,106.73500000000001,67.95234561808739,202.2,3.2649655434629015,242.35,2.3932195887548637,202.75,2.4874685927665356,223.55,1.1169153951844268,294.90999999999997,14.066516981826032,12.047005919118835,1100,8.149999999999999
138.0,2.449489742783178,233.39999999999995,4.363484845854286,6.981450515479303,0.25777488739803645,56.336703199999995,3.1134799819656083,0.0010212,0.0009513965314210473,3094.0,115.69367960264726,472.8999999999999,91.5209812010339,540.1999999999999,118.0006779641541,115.5,4.341658669218475,138.7,1.6462077633154328,138.64999999999998,4.126439142893059,115.5,4.341658669218475,107.6,3.8522720568516444,101.3,5.1778373863998475,8.093,0.6973887007974818,63.725,11.93469207813926,5.775,3.6758502417808048,0.537576938,0.32331644154614786,10.529,0.45667165447397784,0.13945475499999999,0.005547664413379295,4.900499999999999,0.20631226332915817,1.8099999999999998,0.09022194854911969,4.008500000000001,1.0226547560149515,355.39,24.990936357007524,16.255,2.9217640219565983,731.25,29.79331300812315,8.049999999999999,1.3955285736952863,411.18,20.390885218646098,2.834,0.29345186998893025,56.336703199999995,3.1134799819656083,1863.681,206.05233621339994,117.15,1.2359207094308275,126.2,1.2884098726725126,5.272499999999999,0.5006982624295794,6.984999999999999,0.22705726150026567,24.590999999999998,0.774983225624916,754.15,29.793313008123135,0.43715,0.017344379493080753,0.43715,0.017344379493080753,106.21000000000001,68.11303032460089,202.54999999999998,3.0573681492420897,242.55,2.3553131426627756,202.99999999999997,2.449489742783164,223.59999999999997,1.0677078252031258,295.3,13.848429513847414,11.429891010448934,1100,8.049999999999999
137.0,2.449489742783178,231.2,5.287721626560915,6.906087711960393,0.2849370950041731,57.1490132,3.523826988263834,0.0008312,0.0009649411173745267,3086.75,132.9884957430529,445.1,107.24499988344445,502.74999999999994,139.90706736973655,114.39999999999999,4.768647607026539,137.8,1.9390719429665317,135.45000000000002,6.240793218814416,114.39999999999999,4.768647607026539,106.7,4.786439177509728,102.05,6.606625462367305,8.302,0.7536550935275366,60.99999999999999,13.482395929507486,5.449999999999999,3.9143965052099667,0.7425269379999999,0.3381237672626159,10.618500000000001,0.5114125047356588,0.141243715,0.006591390655110276,4.917,0.2563610734881564,1.8254999999999997,0.09861414705811739,4.064500000000001,1.0774946635598712,359.41,27.763337335414132,16.787,2.801817445873303,723.765,36.93638145514528,8.5,1.6583123951777001,409.465,27.110586032028156,2.9685,0.4104421396494274,57.1490132,3.523826988263834,1828.5620000000001,237.11793415091995,116.89999999999999,1.4798648586948742,126.0,1.5811388300841898,5.1255,0.6586081915676422,6.913,0.2594436354971925,24.7035,0.930259506804418,746.665,36.93638145514527,0.4332,0.020003999600079984,0.4332,0.020003999600079984,123.81500000000001,92.60903992051747,201.1,3.6864617182333523,241.65,2.515452245621053,202.0,2.449489742783164,223.6,1.3190905958272798,297.045,18.80147534104705,12.840802738399296,1100,8.5
137.25,2.48746859276655,231.59999999999997,5.40740233383831,6.931146206028323,0.2784190689540359,57.00659319999999,3.5160829311471824,0.0009112000000000001,0.0009918262751107173,3084.15,131.51996046228115,450.54999999999995,106.20709722047768,510.49999999999994,137.89144280918958,114.7,4.6701177715342395,138.04999999999998,1.8834808201837363,136.35000000000002,5.807538204781781,114.7,4.6701177715342395,107.10000000000001,4.624932431938871,102.10000000000001,6.602272336097625,8.2505,0.7461868063695577,61.65,13.198579469018625,5.5,3.8890872965260113,0.6922769379999999,0.3474907578006408,10.594,0.4978795034945707,0.140846035,0.006458209484700467,4.9035,0.24807811269839972,1.8215,0.09670961689511545,4.035,1.0594031338447136,357.4800000000001,27.70383727933732,16.5965,2.868123559053898,724.615,36.899773373287815,8.399999999999999,1.624807680927192,408.735,26.73914499381011,2.936,0.3907480006346802,57.00659319999999,3.5160829311471824,1832.7120000000002,236.0481361841267,117.0,1.4142135623730951,126.1,1.5132745950421556,5.135000000000001,0.663275960667956,6.9375,0.25175136543820387,24.655,0.8817737805128928,747.5149999999999,36.89977337328781,0.43344999999999995,0.02016798205076552,0.43344999999999995,0.02016798205076552,123.29,92.82366023810954,201.45000000000002,3.6121323342314025,241.85000000000002,2.535251466817444,202.25,2.4874685927665356,223.65,1.2757350822172968,297.435,18.594146256281846,12.840802738399296,1100,8.399999999999999
137.5,2.5,231.99999999999997,5.495452665613635,6.956204700096253,0.26942411093876195,56.864173199999996,3.5025354818177883,0.0009912,0.0010116952900947993,3081.55,129.98284502194895,456.0,104.87611739571598,518.2499999999999,135.403055726228,115.0,4.549725266430923,138.3,1.7916472867168918,137.25,5.185315805233082,115.0,4.549725266430923,107.5,4.421538193886829,102.14999999999999,6.597537419370958,8.199,0.7350435361255819,62.3,12.875752405199473,5.55,3.862965182343739,0.642026938,0.34945936319672943,10.5695,0.4827263717676923,0.140448355,0.006297158880278872,4.89,0.23874672772626623,1.8175,0.0945978329561518,4.0055000000000005,1.040160925049581,355.55000000000007,27.509134846446923,16.406,2.9205314584849105,725.4649999999999,36.843524193540446,8.299999999999999,1.5842979517754858,408.005,26.34224885995879,2.9034999999999997,0.3671413215643263,56.864173199999996,3.5025354818177883,1836.862,234.9001606981145,117.1,1.3379088160259651,126.2,1.4352700094407325,5.144500000000001,0.6677759729130721,6.962,0.2413420808727729,24.6065,0.8276247640084239,748.365,36.84352419354044,0.4337,0.020327567488511757,0.4337,0.020327567488511757,122.76500000000001,93.03482291593832,201.79999999999998,3.5014282800023193,242.05,2.5391927851189244,202.5,2.499999999999986,223.70000000000002,1.2288205727444415,297.825,18.37620404218456,12.594513120355634,1100,8.299999999999999
137.75,2.48746859276655,232.39999999999995,5.5533773507659285,6.981263194164183,0.25769297410513053,56.721753199999995,3.483116924721386,0.0010712,0.0010249562722379917,3078.95,128.37468597819432,461.45,103.24072597575048,525.9999999999999,132.41525591864405,115.3,4.405678154382131,138.54999999999998,1.6575584454250776,138.15,4.292726406376255,115.3,4.405678154382131,107.9,4.170131892398609,102.19999999999999,6.592419889539804,8.147499999999999,0.7200546854232669,62.95,12.51089525173958,5.6000000000000005,3.836013555763327,0.5917769379999999,0.3441565650904594,10.545,0.46579501929496864,0.14005067499999999,0.006106034016763668,4.876499999999999,0.2282383622443867,1.8134999999999997,0.09226456524581904,3.976,1.0197028979070326,353.62,27.17632425476264,16.215500000000002,2.9597795103689735,726.315,36.7675437716473,8.2,1.5362291495737217,407.275,25.918728267413126,2.871,0.3388052537963366,56.721753199999995,3.483116924721386,1841.0120000000002,233.67285549673932,117.19999999999999,1.2489995996796797,126.3,1.3453624047073711,5.154,0.672111597876424,6.9864999999999995,0.22784369642366678,24.558,0.7666133314781315,749.215,36.7675437716473,0.43394999999999995,0.02048285868720478,0.43394999999999995,0.02048285868720478,122.24000000000001,93.24255144514227,202.14999999999998,3.3507461855533016,242.25,2.5273503912200224,202.75,2.4874685927665356,223.75,1.177921898938967,298.21500000000003,18.147266323058144,12.047005919118835,1100,8.2
137.0,2.449489742783178,230.6,6.118823416311343,6.930958884713202,0.2783093748843256,57.3916432,3.779590295638479,0.0009612,0.0010677543537724395,3069.1,141.76052870951068,439.09999999999997,114.23961659599527,496.29999999999995,147.5811979894458,114.5,4.695742752749552,137.89999999999998,1.841195263952197,135.85,5.729528776435284,114.5,4.695742752749552,107.39999999999999,4.923413450036469,103.0,7.6681158050723255,8.305000000000001,0.7561448273975031,60.875,13.604112429703013,5.325,4.028880117352712,0.7464769379999999,0.34335195743968555,10.61,0.5042023403357032,0.14144195499999998,0.006823295212979949,4.8795,0.2668609188322635,1.8249999999999997,0.09820896089461491,4.0025,1.057368786185785,355.71000000000004,29.814541753983075,16.557,2.9114774599848783,719.68,41.95612708532569,8.549999999999999,1.7168284713389395,404.83,30.85253150067269,2.973,0.41690646432983025,57.3916432,3.779590295638479,1810.0430000000001,257.7985419101513,117.05,1.4309088021254184,126.2,1.5684387141358123,5.0165,0.7799889422293113,6.939,0.2527429524239995,24.622,0.8768386396595438,742.5799999999999,41.95612708532569,0.43025,0.022400613830875264,0.43025,0.022400613830875264,139.32,110.10647392410675,201.05,3.747999466382032,241.54999999999998,2.6167728216259047,202.0,2.449489742783164,223.79999999999998,1.3638181696985732,300.35,21.698836374331233,12.982056797590989,1100,8.549999999999999
137.25,2.48746859276655,231.0,6.260990336999411,6.956017378781132,0.26932818219885885,57.249223199999996,3.7815203381143627,0.0010412000000000002,0.0010825467010711362,3066.5,140.05651537861422,444.54999999999995,113.55416108624112,504.05,146.0145455083157,114.80000000000001,4.5891175622335,138.15,1.7684739183827394,136.75,5.185315805233082,114.80000000000001,4.5891175622335,107.79999999999998,4.707440918375927,103.05,7.6581655766900205,8.2535,0.7489077045938303,61.525,13.328986270530855,5.375,4.005855089740517,0.696226938,0.35314258656619657,10.5855,0.49004566113781706,0.141044275,0.006706494517247821,4.8660000000000005,0.2569513572643661,1.821,0.09627564593395362,3.9730000000000003,1.037164885637766,353.78000000000003,29.518207940184993,16.3665,2.9605781107749887,720.53,42.00664352218587,8.45,1.6874537030686203,404.1,30.41561441102251,2.9404999999999997,0.3979004272427965,57.249223199999996,3.7815203381143627,1814.1930000000002,257.11398991692386,117.15,1.3518505834595775,126.30000000000001,1.4866068747318506,5.026000000000001,0.7852540990023548,6.9635,0.24222458587022097,24.5735,0.8204162053494551,743.43,42.00664352218587,0.4305,0.022579858281220458,0.4305,0.022579858281220458,138.79500000000002,110.36083306590251,201.4,3.6796738985948196,241.75,2.6433879775772606,202.25,2.4874685927665356,223.85,1.3143439428094805,300.74,21.45945945265165,12.840802738399296,1100,8.45
137.5,2.5,231.39999999999998,6.374950980203691,6.981075872849062,0.25761089855569846,57.106803199999995,3.7780844907784368,0.0011212000000000001,0.0010912906853813057,3063.8999999999996,138.2826362924861,449.99999999999994,112.60106571431727,511.79999999999995,144.0144437200658,115.10000000000001,4.459820624195545,138.39999999999998,1.6552945357246849,137.64999999999998,4.396305266925854,115.10000000000001,4.459820624195545,108.19999999999999,4.445222154178573,103.1,7.647875521999557,8.202,0.7380149049985372,62.175000000000004,13.015639630844118,5.425000000000001,3.982069185737485,0.6459769379999999,0.35563841358276194,10.561,0.4742035427957073,0.14064659499999999,0.006563572281271463,4.852499999999999,0.24590394466132479,1.8169999999999997,0.09413288479590966,3.9435000000000002,1.0157030816139134,351.85,29.091106888532106,16.176000000000002,2.9967922850941804,721.38,42.0399167458738,8.35,1.6515144564913744,403.37,29.954543895709715,2.9080000000000004,0.375134642495198,57.106803199999995,3.7780844907784368,1818.343,256.36043846701466,117.25,1.2599603168354152,126.4,1.3928388277184118,5.0355,0.7903700082872578,6.9879999999999995,0.2286175846255052,24.525,0.7567132878442134,744.28,42.039916745873796,0.43075,0.022754944517620786,0.43075,0.022754944517620786,138.26999999999998,110.61211552085965,201.75,3.575961409187745,241.95,2.654712790491657,202.5,2.499999999999986,223.89999999999998,1.26095202129184,301.13000000000005,21.210212163012425,12.376998866992711,1100,8.35
137.0,2.449489742783178,230.0,6.797058187186572,6.95583005746601,0.2692320889481618,57.6342732,4.004436330965016,0.0010912,0.0011468597821878664,3051.4500000000003,147.92940884083868,433.1,120.53169707591444,489.84999999999997,154.60668646601283,114.6,4.619523784980432,138.0,1.7320508075688772,136.25,5.136876482844414,114.6,4.619523784980432,108.1,4.958830507286975,103.94999999999999,8.493968448257858,8.308000000000002,0.7586145266207336,60.74999999999999,13.723611040830326,5.199999999999999,4.136423575989287,0.7504269379999999,0.3484569505225339,10.6015,0.49674213632427067,0.14164019500000002,0.007041994473405607,4.8420000000000005,0.271838187162878,1.8244999999999998,0.09779953987621823,3.9405,1.0331383014872695,352.01000000000005,31.29905589630461,16.327,2.9995701358694715,715.5949999999999,46.07561692479006,8.6,1.772004514666935,400.195,33.55304866923422,2.9774999999999996,0.4232242313478755,57.6342732,4.004436330965016,1791.5240000000001,275.6979416027621,117.19999999999999,1.3638181696985856,126.4,1.5297058540778354,4.907500000000001,0.871343072503592,6.965000000000001,0.24309463177947813,24.5405,0.8118033936859338,738.495,46.07561692479006,0.4273,0.024207643421035437,0.4273,0.024207643421035437,154.82500000000002,123.24620430260723,200.99999999999997,3.8078865529319543,241.45,2.71062723368596,202.0,2.449489742783164,224.0,1.37840487520901,303.655,23.797846015973803,12.840802738399296,1100,8.6
137.25,2.48746859276655,230.39999999999998,6.959885056522126,6.980888551533941,0.25752866059460466,57.491853199999994,4.014874135342298,0.0011712,0.00115164897429729,3048.85,145.98325246410974,438.54999999999995,120.15468155673335,497.59999999999997,153.4380656812383,114.9,4.504442251822076,138.25,1.6393596310755,137.15,4.44156503948777,114.9,4.504442251822076,108.5,4.685082710048992,104.0,8.47938677028003,8.2565,0.7516067788411703,61.4,13.456968455042167,5.25,4.115519408288582,0.7001769379999999,0.358661875777819,10.577,0.481934642871832,0.14124251499999999,0.0069402499577662985,4.8285,0.26017830424537686,1.8204999999999998,0.09583710137519812,3.911,1.0106428647153258,350.08000000000004,30.78581816356356,16.1365,3.0328390577147344,716.445,46.19684485979535,8.5,1.746424919657298,399.46500000000003,33.049521554782004,2.945,0.40487652438737415,57.491853199999994,4.014874135342298,1795.6740000000002,275.33720835368405,117.3,1.268857754044952,126.5,1.4317821063276353,4.917,0.8772405599378086,6.9895000000000005,0.22937905309770557,24.492,0.7452221145403559,739.3449999999999,46.196844859795355,0.42755,0.024403841910650054,0.42755,0.024403841910650054,154.3,123.53940666847967,201.35,3.7453304260105007,241.65,2.7436289836637897,202.25,2.4874685927665356,224.04999999999998,1.321930406640218,304.045,23.52506057377962,12.482034425844683,1100,8.5
137.25,2.48746859276655,233.4,2.8,6.866620970667709,0.26722669722477893,56.9182129,2.4557941746706278,0.0007714,0.0008312326028254667,3139.15,86.344658201883,452.3,74.63718912177762,510.7,99.75474926037356,113.94999999999999,4.140953996363631,137.95,1.9868316486305526,136.54999999999998,6.484404367403378,113.94999999999999,4.140953996363631,105.6,3.8,99.85,2.8857408061016145,8.314499999999999,0.6598444892548544,60.099999999999994,10.653168542738824,4.999999999999999,2.966479394838265,0.608189761,0.3524916753610912,10.6845,0.4201365849339952,0.14104582,0.004946373545598835,5.0015,0.17703883754701952,1.8379999999999999,0.08016233529532432,4.362,0.8943410982393686,365.20500000000004,22.51851404955488,16.23,2.400449957820408,729.34,17.552418636757725,8.45,1.2439855304624727,419.637,10.868729962603723,2.8755,0.360339770216944,56.9182129,2.4557941746706278,1834.8500000000001,147.94394208618343,116.55,1.2439855304624727,125.55,1.2439855304624727,5.39,0.12161414391426678,6.8765,0.2421007021881598,24.929999999999996,0.8050403716584651,752.24,17.552418636757704,0.4382,0.01275774274705366,0.4382,0.01275774274705366,91.385,7.948161737156584,201.5,3.122498999199199,241.95,2.178875856950093,202.25,2.4874685927665356,223.1,0.8888194417315518,289.905,5.879836307245306,11.099898062575058,1100,8.45
137.5,2.5,233.79999999999998,2.7129319932501073,6.891679464735638,0.2640380498386647,56.7757929,2.431186213843397,0.0008514,0.0008678269643195008,3136.55,85.67053168972397,457.74999999999994,72.5995006869882,518.45,96.26966032972175,114.24999999999999,4.060480267160515,138.2,1.9131126469708992,137.45,5.903177110675234,114.24999999999999,4.060480267160515,106.0,3.714835124201342,99.9,2.913760456866693,8.263,0.6522890463590506,60.75,10.348309040611417,5.05,2.940663190506523,0.557939761,0.3423034321758532,10.659999999999998,0.4075414089390183,0.14064814,0.004750921222815633,4.9879999999999995,0.17159836829061037,1.8339999999999999,0.07844743462982075,4.3325,0.8824617555452474,363.27500000000003,22.93800067573459,16.0395,2.4343160743831107,730.19,17.20194465750893,8.35,1.1947803145348521,418.907,10.629130303086885,2.843,0.3286654834326234,56.7757929,2.431186213843397,1839.0,146.04460791141864,116.64999999999999,1.194780314534852,125.64999999999999,1.194780314534852,5.3995,0.12623291963667793,6.901,0.23763206854294736,24.881499999999996,0.7630221163242908,753.0899999999999,17.201944657508903,0.43844999999999995,0.012916946233533694,0.43844999999999995,0.012916946233533694,90.86,8.301770895417432,201.85000000000002,2.987892233665732,242.15,2.17428149051589,202.49999999999997,2.499999999999986,223.15,0.8529361054615934,290.295,5.691087330203263,10.84155146645977,1100,8.35
137.75,2.48746859276655,234.20000000000002,2.5612496949731396,6.9167379588035685,0.25839160119021237,56.6333729,2.3978825808655,0.0009314000000000001,0.0008958234424260173,3133.9500000000003,84.91148332233985,463.2,70.08038241904792,526.1999999999999,92.00304342792145,114.55,3.955692101263688,138.45,1.8020821290940099,138.35,5.101715397785338,114.55,3.955692101263688,106.39999999999999,3.5832945734337835,99.94999999999999,2.9406631905065224,8.211500000000001,0.6405175641619827,61.4,9.991996797437437,5.1,2.913760456866693,0.507689761,0.3241030286187849,10.6355,0.393020037657115,0.14025046000000002,0.004512160780978442,4.974500000000001,0.16487798518904806,1.83,0.07648529270389176,4.303,0.8694199215568966,361.345,23.18987871895842,15.849,2.452967386656414,731.04,16.801232097676646,8.25,1.1346805717910218,418.177,10.33255684717001,2.8104999999999998,0.28997370570450015,56.6333729,2.3978825808655,1843.15,144.00069444276994,116.75,1.1346805717910218,125.75000000000001,1.1346805717910218,5.409000000000001,0.12999615378925636,6.9255,0.23048806910553965,24.833,0.7152698791365394,753.94,16.80123209767662,0.4387,0.0130694299799188,0.4387,0.0130694299799188,90.33500000000001,8.608964804202648,202.2,2.803569153775237,242.35,2.1511624764298953,202.75,2.4874685927665356,223.20000000000002,0.8124038404635918,290.685,5.468114391634478,10.382361437465825,1100,8.25
137.0,2.449489742783178,232.4,4.431703961232068,6.866433649352588,0.2670671525984487,57.3032629,2.8322165032984663,0.0008214,0.0009280666139884573,3124.1,109.13041510046592,440.85,85.91581635531377,496.5,112.7956116167646,113.75,4.133702940463905,137.79999999999998,1.9390719429665317,136.04999999999998,6.430202174115523,113.75,4.133702940463905,105.89999999999999,4.264973622427224,100.75,5.252380412727167,8.369,0.6658671038578191,59.324999999999996,11.043408667617078,4.824999999999999,3.1195953263203866,0.662389761,0.36125637863776044,10.7005,0.4242107377235991,0.14164174,0.005392345251687805,4.9775,0.21381943316733387,1.8415,0.08125730736370729,4.3295,0.9037669777105158,363.43500000000006,25.609261508290324,16.190499999999997,2.446175535402151,724.4050000000001,27.448979489226918,8.6,1.3564659966250536,415.73199999999997,20.98024632839186,2.9125,0.39426989486898445,57.3032629,2.8322165032984663,1812.181,180.90248273310127,116.6,1.2806248474865698,125.65,1.3518505834595773,5.2715,0.49363220113764866,6.878,0.24350770008359088,24.897,0.8109013503503367,747.305,27.44897948922691,0.43499999999999994,0.01697645428232881,0.43499999999999994,0.01697645428232881,107.41500000000002,67.77352930901563,201.1,3.2848135411313684,241.65,2.286372673034735,202.0,2.449489742783164,223.25,1.0897247358851583,292.82,14.267781887875921,12.223687829729394,1100,8.6
137.25,2.48746859276655,232.79999999999998,4.467661580737735,6.891492143420518,0.26389436528677934,57.1608429,2.830347918824149,0.0009014,0.0009568090927661588,3121.5,108.23690451966927,446.29999999999995,84.88998763105106,504.24999999999994,110.723924695614,114.05,4.067861846228302,138.04999999999998,1.8834808201837363,136.95,5.920092904676412,114.05,4.067861846228302,106.3,4.160528812542944,100.8,5.259277516921883,8.3175,0.6626301758899905,59.975,10.796382496003002,4.875,3.097882341213107,0.612139761,0.35899098816957636,10.675999999999998,0.41269116782407655,0.14124405999999998,0.005258897171213753,4.964,0.2077835412153714,1.8375,0.0797417707352928,4.3,0.8909377082602352,361.505,25.847059310490245,16.0,2.4763804231175786,725.255,27.37983701558503,8.5,1.3228756555322951,415.002,20.720003764478424,2.88,0.368822450509727,57.1608429,2.830347918824149,1816.3310000000001,179.87628653883203,116.69999999999999,1.2288205727444508,125.75,1.299038105676658,5.281,0.4970603585078979,6.9025,0.2389115945281853,24.848499999999998,0.7671197755240049,748.155,27.37983701558502,0.43524999999999997,0.017143147318972683,0.43524999999999997,0.017143147318972683,106.89000000000001,67.93989181622239,201.45000000000002,3.201171660501823,241.85,2.308137777516758,202.25,2.4874685927665356,223.3,1.053565375285265,293.21,14.11070161260595,12.03494894104721,1100,8.5
137.5,2.5,233.2,4.467661580737736,6.916550637488447,0.25826295091103607,57.0184229,2.82129783057872,0.0009814000000000001,0.0009781920261380177,3118.9,107.27295791577671,451.75,83.49663166858889,512.0,108.05831758823567,114.35,3.9783790669065127,138.29999999999998,1.7916472867168918,137.85,5.208406666150408,114.35,3.9783790669065127,106.69999999999999,4.013726448077896,100.85,5.265690837867335,8.266,0.655342658461968,60.62499999999999,10.503422061404558,4.925,3.0752032453156652,0.561889761,0.34956081454801097,10.651499999999999,0.3993403936493279,0.14084638,0.005091003126752134,4.9505,0.20066078341320195,1.8335000000000001,0.07799198676787249,4.2705,0.8769291590544815,359.575,25.939484863813323,15.809499999999998,2.4916991692417443,726.105,27.28405166026483,8.4,1.2806248474865698,414.272,20.430383647890707,2.8474999999999997,0.3383766392645923,57.0184229,2.82129783057872,1820.481,178.74787735522904,116.8,1.1661903789690602,125.85000000000001,1.2359207094308275,5.2905,0.5002846689635811,6.927,0.23164844053004116,24.799999999999997,0.7174120155113098,749.005,27.284051660264822,0.43549999999999994,0.017304623659588795,0.43549999999999994,0.017304623659588795,106.36500000000001,68.10180082053631,201.79999999999998,3.0757112998459397,242.05,2.3124662159694354,202.49999999999997,2.499999999999986,223.35,1.0136567466356572,293.59999999999997,13.940946883192696,11.63534828574023,1100,8.4
137.75,2.48746859276655,233.6,4.431703961232068,6.941609131556378,0.25000682259997503,56.876002899999996,2.804996727852671,0.0010614,0.0009926911100639514,3116.3,106.23665798583839,457.19999999999993,81.71695050599968,519.75,104.75346056336278,114.64999999999999,3.863612299390292,138.54999999999998,1.6575584454250776,138.74999999999997,4.193745342769397,114.64999999999999,3.863612299390292,107.1,3.8196858509568554,100.89999999999999,5.271622141238881,8.214500000000001,0.6438670281975928,61.275000000000006,10.16055485689635,4.975,3.0515364982251154,0.511639761,0.3323565428090275,10.627,0.38396744653681264,0.14044869999999998,0.004885112839126646,4.937,0.19233044480788766,1.8295,0.07599177587081381,4.2410000000000005,0.8616838167216557,357.64500000000004,25.888095237000357,15.619,2.492406267043958,726.955,27.161341553759826,8.3,1.2288205727444508,413.54200000000003,20.11011675749298,2.815,0.3014216316059616,56.876002899999996,2.804996727852671,1824.631,177.51530598514597,116.89999999999999,1.0908712114635712,125.95000000000002,1.16081867662439,5.3,0.5033090501868608,6.9515,0.22145597756664867,24.7515,0.6604413297182421,749.855,27.16134155375981,0.43574999999999997,0.01746102803388163,0.43574999999999997,0.01746102803388163,105.84000000000002,68.25928801269465,202.15,2.903015673398957,242.25,2.299456457513384,202.75,2.4874685927665356,223.4,0.96953597148326,293.99,13.758048553483162,10.958644003383364,1100,8.3
136.75,2.384848003542364,231.4,5.4258639865002145,6.866246328037469,0.2669073811378628,57.6883129,3.116961438607509,0.0008714,0.0010132460905426677,3109.05,126.13679082646743,429.4,94.49941798762573,482.3,122.84710008787346,113.55,4.11673414249693,137.65,1.8781639970992947,135.55,6.336205489092032,113.55,4.11673414249693,106.2,4.664761515876241,101.65,6.725139403759598,8.423499999999999,0.6673999925082408,58.55,11.367607487945737,4.6499999999999995,3.2561480310329873,0.7165897609999999,0.36178264332893156,10.716500000000002,0.42764792762271187,0.14223766000000002,0.005742640688864317,4.9535,0.24278128016797326,1.845,0.08218880702382775,4.297,0.9119380461412935,361.6650000000001,28.25454432476306,16.151,2.490435504083573,719.47,33.91308154680137,8.75,1.444818327679989,411.827,27.05021498990351,2.9495,0.4222733119674982,57.6883129,3.116961438607509,1789.5120000000002,206.2431559979628,116.65,1.3143439428094916,125.75,1.4448183276799889,5.1530000000000005,0.6666865830358369,6.8795,0.2448974275079264,24.863999999999997,0.8153857982574872,742.3699999999999,33.91308154680138,0.43179999999999996,0.019828262657126575,0.43179999999999996,0.019828262657126575,123.44500000000001,92.78689279742049,200.70000000000002,3.3926390907374744,241.35000000000002,2.3510635891017495,201.75,2.3848480035423507,223.4,1.2409673645990733,295.735,18.856624167649954,12.68749170113598,1100,8.75
137.0,2.449489742783178,231.79999999999998,5.528109984434102,6.891304822105398,0.26375046941961805,57.5458929,3.1328174654457914,0.0009514000000000001,0.0010357816565280543,3106.4500000000003,125.05202917186111,434.84999999999997,94.23230603142429,490.04999999999995,121.85420591838428,113.85,4.0654028090707,137.89999999999998,1.841195263952197,136.45,5.894701010229442,113.85,4.0654028090707,106.60000000000001,4.5431266766402185,101.7,6.723838189605696,8.372,0.6683831236648632,59.2,11.172958426486693,4.7,3.2380549717384355,0.6663397609999999,0.36701790078219476,10.692,0.41716423624275384,0.14183998,0.005659549907598662,4.94,0.23611437906235175,1.841,0.08086408349817611,4.267499999999999,0.8981585327769258,359.73500000000007,28.350013668427046,15.9605,2.517122315264,720.32,33.98081223278808,8.649999999999999,1.4239030865898141,411.097,26.74248774889876,2.917,0.4016229575111463,57.5458929,3.1328174654457914,1793.662,205.8012689368071,116.75,1.2599603168354152,125.85,1.3883443376914821,5.1625000000000005,0.6709088984355477,6.904,0.24017493624439673,24.8155,0.7697822744127066,743.2199999999999,33.98081223278809,0.43205,0.020011184372745162,0.43205,0.020011184372745162,122.92,92.99901397326748,201.05,3.3537292675468007,241.55,2.3973944189473704,202.0,2.449489742783164,223.45000000000002,1.2031209415515853,296.125,18.677282323721514,12.582456142284009,1100,8.649999999999999
137.25,2.48746859276655,232.2,5.6,6.916363316173327,0.25813410058022257,57.403472900000004,3.142144971359245,0.0010314,0.0010517697656806835,3103.8500000000004,123.90322836794851,440.3,93.64779762493083,497.79999999999995,120.35514114486344,114.14999999999999,3.9909272105614675,138.15,1.7684739183827394,137.35,5.265690837867335,114.14999999999999,3.9909272105614675,107.0,4.381780460041329,101.74999999999999,6.722164829874377,8.3205,0.665390674716741,59.85,10.936292790520927,4.749999999999999,3.2190837205639746,0.616089761,0.36533200376516284,10.667499999999999,0.40493054960079283,0.14144230000000002,0.005546781901877883,4.9265,0.22845732643099873,1.837,0.0793158243984137,4.2379999999999995,0.8831794834573548,357.805,28.31390956756061,15.77,2.529221224013431,721.17,34.02718178162864,8.549999999999999,1.3955285736952863,410.367,26.411008519176246,2.8844999999999996,0.37706067151056744,57.403472900000004,3.142144971359245,1797.8120000000001,205.27454833953482,116.85,1.1947803145348521,125.95,1.3219304066402284,5.172000000000001,0.6749711104928862,6.9285,0.23279336330746206,24.767,0.7180327290590587,744.07,34.02718178162864,0.43229999999999996,0.020189353630069493,0.43229999999999996,0.020189353630069493,122.39500000000001,93.20769536363402,201.39999999999998,3.277193921634788,241.75,2.426417111710186,202.25,2.4874685927665356,223.50000000000003,1.1618950038622153,296.515,18.487976498254216,12.252463194410133,1100,8.549999999999999
137.5,2.5,232.59999999999997,5.642694391866354,6.941421810241257,0.24989249967885618,57.261052899999996,3.14500204411288,0.0011114,0.0010615063070938391,3101.25,122.68858952649182,445.74999999999994,92.73989163245771,505.54999999999995,118.3306701578251,114.44999999999999,3.8919789310837665,138.39999999999998,1.6552945357246849,138.24999999999997,4.368924352744048,114.44999999999999,3.8919789310837665,107.39999999999999,4.17612260356422,101.8,6.7201190465645775,8.269,0.6583684378826188,60.5,10.654811119865053,4.8,3.1992186546092785,0.5658397609999999,0.3566268097823955,10.642999999999999,0.3907825482285514,0.14104461999999998,0.005402478598995097,4.912999999999999,0.21970662256745904,1.833,0.07753063910480809,4.2085,0.8669387233247804,355.875,28.14572569680875,15.5795,2.526941778118364,722.0200000000001,34.052277456875046,8.45,1.3592277219068187,409.637,26.054870773043575,2.852,0.34775853691893754,57.261052899999996,3.14500204411288,1801.962,204.66233922243737,116.95,1.1169153951844337,126.05,1.243985530462473,5.1815,0.6788760932600292,6.952999999999999,0.22248820193439472,24.7185,0.6586901775493541,744.92,34.052277456875046,0.43255,0.020362895177258075,0.43255,0.020362895177258075,121.87,93.41296002161585,201.75,3.1603006186120965,241.95000000000002,2.4387496796514396,202.49999999999997,2.499999999999986,223.54999999999998,1.1169153951844255,296.90500000000003,18.288397278055836,11.63534828574023,1100,8.45
136.5,2.29128784747792,230.40000000000003,6.102458520956943,6.866059006722347,0.266747382435426,58.0733629,3.3336046395720347,0.0009214000000000001,0.0010895079806958734,3094.0,139.49382602825114,417.95,101.07693851715138,468.1,130.60126339358285,113.35,4.089926649709007,137.5,1.8027756377319946,135.04999999999998,6.200604809210146,113.35,4.089926649709007,106.49999999999999,5.014977567247933,102.55,7.826078200478194,8.478,0.6644742282436542,57.77499999999999,11.631288621644636,4.475,3.3781466812440217,0.7707897609999999,0.3541072025837217,10.7325,0.4304634130794396,0.14283358,0.006014001625922632,4.9295,0.2664859283339365,1.8484999999999998,0.08296234085414898,4.2645,0.9188877787847655,359.89500000000004,30.570222030597034,16.1115,2.5333066829738558,714.5350000000001,38.70451233383519,8.9,1.5132745950421556,407.92199999999997,31.50808588283332,2.9865,0.4454691347332608,58.0733629,3.3336046395720347,1766.843,226.5369802283945,116.69999999999999,1.3453624047073711,125.85000000000001,1.5256146302392357,5.0345,0.7856110678955586,6.881,0.246270176838366,24.830999999999996,0.8185163407043256,737.435,38.70451233383519,0.4286,0.02185497654997598,0.4286,0.02185497654997598,139.475,110.05290489123854,200.3,3.451086785347479,241.04999999999998,2.376446927663229,201.5,2.291287847477907,223.54999999999998,1.3592277219068045,298.65000000000003,22.14905189844478,12.82874576032767,1100,8.9
136.75,2.384848003542364,230.8,6.257795138864806,6.891117500790277,0.2636063618911263,57.93094289999999,3.3647725327296927,0.0010014000000000002,0.00110688917241068,3091.4,138.2309209258189,423.3999999999999,101.44427041484403,475.85,130.51370617678435,113.65,4.053085244600703,137.74999999999997,1.7853571071357126,135.95,5.826448317800476,113.65,4.053085244600703,106.89999999999999,4.87749935930288,102.60000000000001,7.819207120929845,8.4265,0.6696661481663828,58.425,11.485071832600788,4.525,3.3633130987167994,0.720539761,0.36695295257317245,10.708,0.420982184896226,0.1424359,0.005974509985178705,4.916,0.259179474495956,1.8445,0.08182145195485105,4.234999999999999,0.9041543009907104,357.96500000000003,30.54685376597728,15.921,2.5566049753530558,715.385,38.87193428426222,8.8,1.5033296378372907,407.192,31.152924357112937,2.9539999999999997,0.4287586733816589,57.93094289999999,3.3647725327296927,1770.9930000000002,226.55038956267546,116.8,1.2884098726725126,125.95,1.4654350889752845,5.0440000000000005,0.7906225395218631,6.9055,0.24142234776424495,24.7825,0.7710244808045977,738.285,38.87193428426222,0.42884999999999995,0.02205736838337702,0.42884999999999995,0.02205736838337702,138.95,110.30812526736187,200.65000000000003,3.453621287865825,241.25,2.446936860648431,201.75,2.3848480035423507,223.6,1.319090595827279,299.04,21.944826269533333,12.82874576032767,1100,8.8
137.0,2.449489742783178,231.20000000000002,6.384355879804947,6.916175994858206,0.25800504989804857,57.7885229,3.389675734970558,0.0010814000000000002,0.0011182931815941649,3088.8,136.90700310794915,428.84999999999997,101.51811414718064,483.6,129.96476445560157,113.95,3.9934321078490784,138.0,1.7320508075688772,136.85,5.27517772212463,113.95,3.9934321078490784,107.29999999999998,4.702127178203499,102.64999999999999,7.8120099846326365,8.375,0.6708762926203309,59.074999999999996,11.299640481006465,4.575,3.3476670981446164,0.6702897609999999,0.37264849775984465,10.683499999999999,0.4098203874870065,0.14203822000000002,0.005908047461268405,4.902500000000001,0.25093574874855895,1.8405,0.08046583125774566,4.2055,0.888197472412526,356.035,30.401188710311974,15.7305,2.565586628823903,716.235,39.020126537467824,8.700000000000001,1.4866068747318506,406.462,30.776356444517603,2.9214999999999995,0.40879426365838356,57.7885229,3.389675734970558,1775.143,226.4877692304819,116.89999999999999,1.2206555615733703,126.05000000000001,1.3955285736952863,5.0535000000000005,0.7954890005524904,6.93,0.23392306427541518,24.733999999999998,0.7171359703710305,739.135,39.020126537467824,0.4291,0.022255111772354685,0.4291,0.022255111772354685,138.425,110.56026354436752,201.0,3.420526275297414,241.45,2.4994999499899975,202.0,2.449489742783164,223.65,1.275735082217296,299.43,21.731684242138257,12.582456142284009,1100,8.700000000000001
137.25,2.48746859276655,231.6,6.483826030978931,6.941234488926137,0.24977798395056494,57.646102899999995,3.408451564374092,0.0011614000000000001,0.0011239019708141808,3086.2,135.52028445955978,434.29999999999995,101.29911154595582,491.34999999999997,128.94854593984377,114.25,3.9099232729044617,138.24999999999997,1.6393596310755,137.74999999999997,4.481908075808784,114.25,3.9099232729044617,107.69999999999999,4.484417464955732,102.69999999999999,7.804485889538144,8.3235,0.668126297940741,59.725,11.073024654537711,4.625,3.3311972322274768,0.6200397609999999,0.371522827512885,10.658999999999999,0.39683623826460224,0.14164053999999998,0.005813689128376235,4.888999999999999,0.24165885044831256,1.8364999999999998,0.07888440910598239,4.176,0.8709500559733606,354.105,30.131453250714614,15.54,2.5604023121376844,717.085,39.14930746513915,8.6,1.4628738838327793,405.73199999999997,30.37758607921308,2.889,0.3850701234840221,57.646102899999995,3.408451564374092,1779.2930000000001,226.3490561301284,116.99999999999999,1.140175425099138,126.15,1.3143439428094916,5.063,0.8002130966186444,6.9544999999999995,0.22350559277118773,24.685499999999998,0.6552745607758625,739.985,39.14930746513916,0.42934999999999995,0.02244832955923447,0.42934999999999995,0.02244832955923447,137.89999999999998,110.809340761508,201.35,3.350746185553301,241.64999999999998,2.535251466817444,202.25,2.4874685927665356,223.7,1.2288205727444408,299.82000000000005,21.50936075293732,12.03494894104721,1100,8.6
136.5,2.29128784747792,229.8,6.764613810115105,6.890930179475156,0.26346204235398274,58.3159929,3.5401011450553486,0.0010513999999999999,0.0011715646119612865,3076.35,148.74326875526165,411.95,106.95769023310105,461.65,137.1711613277368,113.44999999999999,4.03081877538546,137.6,1.7146428199482247,135.45,5.713799086422273,113.44999999999999,4.03081877538546,107.2,5.173006862551025,103.5,8.686195945291587,8.481000000000002,0.6665050637467055,57.65,11.737866075228496,4.35,3.475269773701029,0.774739761,0.35879174922198104,10.723999999999998,0.4241627046311359,0.14303182,0.006216815316269261,4.892,0.2782912143780322,1.8479999999999999,0.08261961026293937,4.2025,0.908949256009377,356.19500000000005,32.49971499875038,15.8815,2.5948858838106923,710.45,42.64563869846482,8.95,1.5644487847162014,403.287,34.57384402984431,2.9909999999999997,0.4512527008229425,58.3159929,3.5401011450553486,1748.324,243.4506697546754,116.85,1.3143439428094916,126.05000000000001,1.5321553446044562,4.9255,0.8786152457133897,6.907000000000001,0.24265407476488016,24.749499999999998,0.7708532610036747,733.3499999999999,42.64563869846483,0.42565,0.02349739347246839,0.42565,0.02349739347246839,154.98,123.17883990361332,200.25,3.5053530492662217,240.95,2.4591665254715878,201.5,2.291287847477907,223.75,1.409787217987154,301.955,24.44003835921704,12.82874576032767,1100,8.95
136.75,2.384848003542364,230.20000000000002,6.939740629158989,6.915988673543086,0.25787579856372406,58.173572899999996,3.5791341341808067,0.0011314,0.0011789570136353574,3073.75,147.24822579576298,417.4,107.60920035015593,469.40000000000003,137.45195524255013,113.75,3.985912693474349,137.85,1.6815171720800237,136.35,5.237127075028828,113.75,3.985912693474349,107.6,4.983974317750845,103.55,8.674531687647466,8.4295,0.671911266463065,58.3,11.6,4.3999999999999995,3.462657938636157,0.7244897610000001,0.3720094794360339,10.6995,0.4140347207662664,0.14263414000000002,0.006191366476748091,4.878500000000001,0.26943041773341014,1.844,0.08144937077718893,4.173,0.8920039237581862,354.26500000000004,32.257112006501764,15.690999999999999,2.600843901505817,711.3,42.878701006443755,8.85,1.5580436450882884,402.557,34.15155649454356,2.9584999999999995,0.4351008503783922,58.173572899999996,3.5791341341808067,1752.4740000000002,243.7786124827197,116.95,1.2439855304624727,126.15000000000002,1.4585952145814822,4.9350000000000005,0.8842708860976936,6.931500000000001,0.23503776292332268,24.700999999999997,0.7147160275242185,734.2,42.878701006443755,0.42589999999999995,0.023716871631815187,0.42589999999999995,0.023716871631815187,154.455,123.47286128943477,200.6,3.5128336140500593,241.15,2.5352514668174435,201.75,2.3848480035423507,223.8,1.3638181696985727,302.34499999999997,24.2019105650773,12.68749170113598,1100,8.85
137.0,2.449489742783178,230.6,7.08801805866774,6.941047167611016,0.24966327514979056,58.031152899999995,3.612135001753699,0.0012114,0.0011808961173617263,3071.1499999999996,145.69145479402695,422.84999999999997,107.98207027094823,477.15,137.29540232651638,114.05,3.9175885439897766,138.1,1.6093476939431082,137.25,4.537345038676252,114.05,3.9175885439897766,108.0,4.7539457296018846,103.6,8.662563131083086,8.378,0.6733468645505077,58.95,11.423550236244422,4.45,3.449275286201436,0.6742397609999999,0.3781540179222865,10.675,0.40216290231695934,0.14223645999999998,0.00614010962910273,4.865,0.259566947048348,1.8399999999999999,0.08006247560499237,4.1434999999999995,0.8737349426456517,352.33500000000004,31.896101250779854,15.5005,2.5928294872590447,712.1500000000001,43.093740844814114,8.75,1.5451537140362444,401.827,33.70817602600295,2.926,0.4157932178379056,58.031152899999995,3.612135001753699,1756.624,244.03555110680085,117.05,1.16081867662439,126.25000000000001,1.3738631664034087,4.9445,0.8897891604194782,6.956,0.2245083517377472,24.652499999999996,0.6501682474559948,735.0500000000001,43.09374084481412,0.42615,0.023931725804880854,0.42615,0.023931725804880854,153.92999999999998,123.76395719271423,200.95,3.485326383568689,241.35,2.5937424698685874,202.0,2.449489742783164,223.85,1.3143439428094803,302.735,23.9550678354289,12.223687829729394,1100,8.75
137.25,2.48746859276655,233.20000000000002,2.6758176320519302,6.87543336526168,0.2773575452045711,56.7257679,2.6735108797052223,0.0007014,0.0007823321800872057,3129.65,96.25564918486603,458.3,81.30873261833565,518.75,108.54854904603746,114.25,4.481908075808777,137.95000000000002,1.9868316486305528,136.4,6.390618123468183,114.25,4.481908075808777,105.7,3.9127995093027703,99.89999999999999,2.930870177950569,8.2785,0.7014433334204551,61.15,11.76552166289281,5.3999999999999995,3.32264954516723,0.633939761,0.3366055495789826,10.641,0.46512256449241446,0.140648425,0.005375118662585506,4.9875,0.1925324647949014,1.8294999999999997,0.08907721369688211,4.2565,1.000596197274405,365.30500000000006,22.410543835436044,16.59,2.5445942702128366,731.205,19.512520980129654,8.35,1.3518505834595773,418.736,11.874695111875502,2.876,0.36033872953097906,56.7257679,2.6735108797052223,1853.3000000000002,165.77251732419342,116.64999999999999,1.3518505834595775,125.64999999999999,1.3518505834595775,5.3715,0.12398689446873004,6.8835,0.25006549142174744,24.842499999999998,0.8739615266131568,754.1049999999999,19.512520980129633,0.4382,0.01275774274705366,0.4382,0.01275774274705366,92.06,7.549860925871414,201.6,3.2310988842807022,242.0,2.23606797749979,202.25,2.4874685927665356,223.20000000000002,0.9797958971132642,290.46,6.470115918590651,11.28863695125724,1100,8.35
137.5,2.5,233.6,2.615339366124404,6.900491859329609,0.2734804220772169,56.5833479,2.6405654258393585,0.0007814,0.0008279007428430053,3127.05,95.39281943626575,463.75,79.02966215289042,526.5,104.76091828539877,114.55,4.387197283004257,138.2,1.9131126469708992,137.29999999999998,5.823229344616267,114.55,4.387197283004257,106.10000000000001,3.819685850956856,99.95,2.9576172842340505,8.227,0.6916653815249103,61.800000000000004,11.430660523346848,5.45,3.293554311074891,0.583689761,0.3298672907213883,10.616499999999998,0.45142302776885473,0.14025074499999998,0.005165314101047002,4.974,0.1865314986805176,1.8255,0.08714786285388758,4.226999999999999,0.986843959296504,363.375,22.840465735181507,16.3995,2.6030472047198834,732.055,19.115111168915547,8.25,1.299038105676658,418.006,11.59922600866109,2.8435,0.32871378127483497,56.5833479,2.6405654258393585,1857.45,163.6123772824049,116.74999999999999,1.299038105676658,125.74999999999999,1.299038105676658,5.381,0.12988071450373223,6.908,0.24504285339507464,24.793999999999997,0.8303216244323639,754.9549999999999,19.115111168915522,0.43845,0.012916946233533693,0.43845,0.012916946233533693,91.53500000000001,7.965881934851907,201.95000000000002,3.089902911096075,242.2,2.227105745132009,202.5,2.499999999999986,223.25,0.9420721840708329,290.84999999999997,6.264622893678449,11.099898062575058,1100,8.25
137.75,2.48746859276655,234.0,2.4899799195977463,6.925550353397538,0.2672078187240313,56.4409279,2.599412279645957,0.0008614,0.0008637103912770761,3124.4500000000003,94.4505690824571,469.2,76.29456074976774,534.25,100.23366450449669,114.85,4.269367634673774,138.45000000000002,1.8020821290940099,138.2,5.035871324805669,114.85,4.269367634673774,106.49999999999999,3.681032463861192,99.99999999999999,2.9832867780352594,8.1755,0.6778456682756036,62.449999999999996,11.047511031902165,5.499999999999999,3.263433774416144,0.533439761,0.31507370243860233,10.591999999999999,0.4359197173792442,0.139853065,0.004914543735004807,4.9605,0.17931745592663292,1.8215,0.0849867636752924,4.1975,0.9720024434125668,361.445,23.10176346082698,16.209,2.646539060735737,732.905,18.670604569750815,8.15,1.2359207094308275,417.276,11.269867079961495,2.811,0.2900844704564518,56.4409279,2.599412279645957,1861.6,161.3166063987214,116.85,1.2359207094308275,125.85,1.2359207094308275,5.3905,0.13485084352720972,6.9325,0.23739997893849957,24.745499999999996,0.7812520399973364,755.8050000000001,18.670604569750786,0.4387,0.0130694299799188,0.4387,0.0130694299799188,91.01,8.32819908503633,202.29999999999998,2.9,242.4,2.2,202.74999999999997,2.4874685927665356,223.3,0.8999999999999959,291.23999999999995,6.026972706093842,10.700297407268076,1100,8.15
138.0,2.4494897427831783,234.4,2.2891046284519194,6.950608847465468,0.2583653213282927,56.2985079,2.5496540389257114,0.0009414000000000001,0.000890938628638359,3121.8500000000004,93.42649517133778,474.65,73.0522244698955,542.0,94.86095087020792,115.14999999999999,4.126439142893052,138.70000000000002,1.6462077633154328,139.1,3.8974350539810154,115.14999999999999,4.126439142893052,106.9,3.4914180500192185,100.05,3.007906248539007,8.124,0.6597302479043988,63.10000000000001,10.610843510296437,5.550000000000001,3.2322592717787972,0.48318976100000005,0.2909988341022502,10.5675,0.41841217716505347,0.139455385,0.004616136016115101,4.947,0.17073663930158614,1.8175,0.08257572282456872,4.168,0.9560209202731915,359.51500000000004,23.200135236674818,16.018500000000003,2.6757994599745323,733.755,18.175546071576505,8.05,1.16081867662439,416.546,10.88172614983486,2.7785,0.24110734124036962,56.2985079,2.5496540389257114,1865.75,158.87932527550586,116.94999999999999,1.16081867662439,125.95,1.16081867662439,5.3999999999999995,0.13899640283115242,6.957,0.2268722107266556,24.697,0.7256521205095453,756.655,18.175546071576473,0.43895,0.013215426591676876,0.43895,0.013215426591676876,90.48500000000001,8.643568418193956,202.65,2.6509432283623124,242.6,2.1540659228538015,203.0,2.449489742783164,223.35,0.8529361054615967,291.63,5.75318172840039,10.023593124911208,1100,8.05
137.0,2.449489742783178,232.20000000000002,4.308131845707604,6.875246043946559,0.2772097863856443,57.1108179,3.0473574801148935,0.0007514,0.000888483899685301,3114.6000000000004,115.90188738756586,446.84999999999997,92.51663363957856,504.55,121.58637876012264,114.05,4.48859666265526,137.8,1.9390719429665317,135.9,6.323764701504951,114.05,4.48859666265526,106.0,4.358898943540674,100.8,5.268775948927796,8.333,0.7098809759389244,60.375,12.186955116024675,5.225,3.480211918834829,0.6881397610000001,0.34171301689424843,10.657000000000002,0.47028820950561817,0.141244345,0.005828919964665413,4.963500000000001,0.2253280941205511,1.833,0.09039358384310248,4.224,1.0056261730881908,363.535,25.521310213231615,16.5505,2.5932633398866374,726.27,29.060369921940083,8.5,1.466287829861518,414.831,21.354461337153886,2.9130000000000003,0.39422201866460993,57.1108179,3.0473574801148935,1830.631,197.87701195186872,116.7,1.3820274961085253,125.75,1.4448183276799889,5.253,0.4897662707863823,6.885000000000001,0.2513861571367844,24.809499999999996,0.8760734843607582,749.17,29.060369921940076,0.435,0.01697645428232881,0.435,0.01697645428232881,108.09,67.5680242422405,201.20000000000002,3.4,241.70000000000002,2.3473389188611007,202.0,2.449489742783164,223.35,1.1521718621802812,293.375,14.409159413373155,12.328723388581363,1100,8.5
137.25,2.48746859276655,232.6,4.363484845854286,6.900304538014488,0.27334774011454543,56.9683979,3.036608403770264,0.0008314,0.0009245429357255401,3112.0000000000005,114.8461035473124,452.29999999999995,91.20696245353203,512.3,119.14449210937113,114.35,4.407663780280879,138.04999999999998,1.8834808201837363,136.79999999999998,5.8275209137333865,114.35,4.407663780280879,106.4,4.24735211631906,100.85,5.2751777221246305,8.281500000000001,0.7042178285161486,61.025000000000006,11.906379592470584,5.2749999999999995,3.454978292261762,0.637889761,0.3431093402917923,10.6325,0.4576010817294909,0.14084666499999998,0.0056779263830446965,4.95,0.2187464285422734,1.829,0.08865100112237875,4.1945,0.9909766647101232,361.605,25.767411103950675,16.36,2.6478028627524366,727.12,28.94034554043887,8.399999999999999,1.42828568570857,414.101,21.06763819226066,2.8805,0.36881533319535403,56.9683979,3.036608403770264,1834.7810000000002,196.55011335280378,116.8,1.3266499161421599,125.85,1.3883443376914821,5.2625,0.49357750151318686,6.9095,0.2462412434991345,24.760999999999996,0.8306196482145118,750.02,28.940345540438862,0.43525,0.017143147318972683,0.43525,0.017143147318972683,107.56500000000001,67.74012308078574,201.55,3.3087006513131403,241.9,2.364318083507378,202.25,2.4874685927665356,223.4,1.1135528725659958,293.765,14.238443559603,12.223687829729393,1100,8.399999999999999
137.5,2.5,233.0,4.3817804600413295,6.9253630320824175,0.26708959570447266,56.825977900000005,3.0191102449702285,0.0009114,0.0009525521717995293,3109.4000000000005,113.72109522863381,457.75,89.54712446527806,520.05,116.13547046445372,114.64999999999999,4.304358256465177,138.3,1.7916472867168918,137.7,5.129327441292864,114.64999999999999,4.304358256465177,106.8,4.093897898091744,100.89999999999999,5.281098370604358,8.23,0.6947013746927522,61.675000000000004,11.582610888741796,5.324999999999999,3.4288299753706073,0.587639761,0.3370906819773708,10.607999999999999,0.44319972924179474,0.140448985,0.00549409585858083,4.9365000000000006,0.21109891046616022,1.825,0.08668909966079934,4.165,0.9752153608306221,359.675,25.8675834781682,16.1695,2.6877731954166073,727.9699999999999,28.79474083925744,8.299999999999999,1.3820274961085253,413.371,20.751191267009226,2.848,0.3384169026511531,56.825977900000005,3.0191102449702285,1838.931,195.12595229492158,116.89999999999999,1.260952021291849,125.95,1.3219304066402284,5.272,0.49717803652212955,6.934,0.23848270377534725,24.7125,0.7795182807349674,750.87,28.79474083925743,0.4355,0.017304623659588795,0.4355,0.017304623659588795,107.04,67.9077271008241,201.89999999999998,3.176476034853718,242.1,2.364318083507378,202.5,2.499999999999986,223.45000000000002,1.0712142642814202,294.155,14.054838134962642,11.893694881855518,1100,8.299999999999999
137.75,2.48746859276655,233.39999999999998,4.363484845854286,6.950421526150348,0.25826122626426773,56.6835579,2.9947447022943696,0.0009914,0.000973206884480376,3106.8,112.52478615842823,463.19999999999993,87.51719830981794,527.8,112.51382137319841,114.94999999999999,4.177020469186133,138.54999999999998,1.6575584454250776,138.59999999999997,4.127953488110059,114.94999999999999,4.177020469186133,107.19999999999999,3.893584466786357,100.94999999999999,5.286539510870982,8.1785,0.6811701329330284,62.325,11.21190773240665,5.375,3.401745875282279,0.537389761,0.32324311494054897,10.583499999999999,0.42691070494893907,0.140051305,0.0052739958125196705,4.922999999999999,0.20226467808295126,1.821,0.08449260322655469,4.1355,0.9582874046965243,357.745,25.82352561134905,15.979,2.7138181589782318,728.82,28.623165443395674,8.2,1.3266499161421599,412.641,20.403742279297685,2.8155,0.3015207289723213,56.6835579,2.9947447022943696,1843.081,193.60238236912275,117.0,1.1832159566199232,126.05,1.243985530462473,5.281499999999999,0.500572422332673,6.9585,0.22784369642366678,24.663999999999998,0.7215705093752097,751.72,28.62316544339566,0.43575,0.017461028033881634,0.43575,0.017461028033881634,106.515,68.07086950377526,202.25,2.9979159427842537,242.3,2.3473389188611002,202.74999999999997,2.4874685927665356,223.49999999999997,1.0246950765959542,294.545,13.857830818710413,11.276579973185614,1100,8.2
136.75,2.384848003542364,231.20000000000002,5.287721626560915,6.8750587226314375,0.2770618221182652,57.4958679,3.335953805783616,0.0008014000000000001,0.0009806954879064144,3099.55,130.95167047426312,435.40000000000003,101.21926694063734,490.34999999999997,131.8348493381018,113.85,4.48636824168502,137.65,1.8781639970992947,135.4,6.216108107168021,113.85,4.48636824168502,106.3,4.744470465710584,101.7,6.731270311018567,8.3875,0.7140719501562849,59.599999999999994,12.546513459921844,5.049999999999999,3.6224991373359914,0.742339761,0.3381671122722742,10.673,0.47485892641920535,0.141840265,0.006192775950999281,4.9395,0.25164409391042725,1.8364999999999998,0.09155735907069402,4.1915000000000004,1.0095854347206086,361.76500000000004,28.18113331645838,16.511,2.640444848884369,721.335,35.4903264989208,8.65,1.5580436450882884,410.926,27.212489853006844,2.95,0.42218479366268047,57.4958679,3.335953805783616,1807.962,223.16435444756854,116.74999999999999,1.4097872179871684,125.85,1.525614630239236,5.1345,0.6605185462952574,6.886500000000001,0.2526910168565556,24.7765,0.8769394220811374,744.2349999999999,35.4903264989208,0.4318,0.019828262657126575,0.4318,0.019828262657126575,124.12000000000002,92.52001729355655,200.8,3.5156791662493894,241.4,2.4166091947189146,201.75,2.3848480035423507,223.5,1.2845232578665007,296.28999999999996,18.87831825136975,12.68749170113598,1100,8.65
137.0,2.449489742783178,231.6,5.40740233383831,6.900117216699368,0.27321486528623445,57.35344789999999,3.342584093565664,0.0008814000000000002,0.0010095244623088636,3096.9500000000003,129.7168454750577,440.84999999999997,100.64555380144719,498.09999999999997,130.43270295443546,114.15,4.4189930979805725,137.9,1.841195263952197,136.3,5.788782255362522,114.15,4.4189930979805725,106.7,4.616275555033516,101.75000000000001,6.729598799334177,8.336,0.7123931498828437,60.25,12.315132967207461,5.1,3.600694377477766,0.692089761,0.3475058694512496,10.6485,0.46314441592229116,0.141442585,0.006089908453111183,4.926,0.2444463131241703,1.8325,0.08999305528761649,4.162,0.9940301806283349,359.83500000000004,28.283675061773714,16.3205,2.691234800235758,722.185,35.510438958143,8.549999999999999,1.532155344604456,410.196,26.882162561817832,2.9175,0.40157035498154003,57.35344789999999,3.342584093565664,1812.112,222.41204328003465,116.85,1.3518505834595775,125.94999999999999,1.4654350889752845,5.144,0.6650443594227381,6.9110000000000005,0.24742473603097984,24.727999999999998,0.8296059305477508,745.0849999999999,35.510438958143,0.43205,0.020011184372745162,0.43205,0.020011184372745162,123.59500000000001,92.73657032152957,201.15000000000003,3.4680686267719674,241.60000000000002,2.4576411454889016,202.0,2.449489742783164,223.55,1.243985530462462,296.68,18.687605518096753,12.68749170113598,1100,8.549999999999999
137.25,2.48746859276655,232.0,5.495452665613635,6.925175710767297,0.26697118889751437,57.2110279,3.343139563044623,0.0009614000000000001,0.0010313659098496518,3094.3500000000004,128.4175221689003,446.3,99.77128845514626,505.84999999999997,128.5489303728351,114.45,4.329838334164445,138.15,1.7684739183827394,137.2,5.173006862551025,114.45,4.329838334164445,107.1,4.448595283907045,101.8,6.727555276621665,8.2845,0.7069687051065271,60.9,12.044293254483636,5.1499999999999995,3.5780581325629686,0.6418397610000001,0.3494474749995612,10.623999999999999,0.44979328585473594,0.14104490500000003,0.005958791588105347,4.9125000000000005,0.23625992042663504,1.8285,0.08821989571519567,4.1325,0.9773375824145923,357.90500000000003,28.254317811619526,16.13,2.7278123102589,723.035,35.5101995911034,8.45,1.499166435056495,409.466,26.52764452415631,2.885,0.3770477423351054,57.2110279,3.343139563044623,1816.2620000000002,221.57946632303276,116.94999999999999,1.2835497652993435,126.05,1.3955285736952863,5.1535,0.6694047729139672,6.9355,0.23955114276496375,24.679499999999997,0.7763792565492714,745.935,35.510199591103394,0.4323,0.020189353630069493,0.4323,0.020189353630069493,123.07000000000002,92.94965357654647,201.5,3.383784863137726,241.8,2.4819347291981715,202.25,2.4874685927665356,223.60000000000002,1.1999999999999906,297.06999999999994,18.486700625043948,12.441202083092318,1100,8.45
137.5,2.5,232.39999999999998,5.5533773507659285,6.950234204835227,0.25815695330442767,57.068607899999996,3.337623247256975,0.0010414,0.0010466573651391367,3091.75,127.05172175141902,451.75,98.58847549282827,513.5999999999999,126.16195940139801,114.75,4.2175229697062635,138.4,1.6552945357246849,138.1,4.288356328478313,114.75,4.2175229697062635,107.5,4.236744032862972,101.85,6.725139403759598,8.232999999999999,0.6977112583296902,61.550000000000004,11.731261654229693,5.2,3.554574517435244,0.5915897609999999,0.3441171621178882,10.599499999999999,0.43465474804722903,0.140647225,0.00579750900377697,4.898999999999999,0.2269779724995355,1.8244999999999998,0.086224996375761,4.103,0.9594482789603618,355.975,28.09264805959026,15.9395,2.750744399249047,723.885,35.489607986000635,8.35,1.4585952145814822,408.736,26.14795181271375,2.8525,0.3477912448581764,57.068607899999996,3.337623247256975,1820.412,220.66571504427236,117.04999999999998,1.2031209415515967,126.14999999999999,1.3143439428094914,5.162999999999999,0.6736029988056763,6.96,0.22880122377295106,24.631,0.7159462270310526,746.785,35.489607986000635,0.43255,0.02036289517725808,0.43255,0.02036289517725808,122.54500000000002,93.15929086784635,201.85,3.2599846625406075,242.0,2.489979919597747,202.5,2.499999999999986,223.65,1.1521718621802834,297.46,18.275267439903587,11.893694881855518,1100,8.35
136.75,2.384848003542364,230.60000000000002,6.118823416311341,6.899929895384246,0.27308179731075305,57.7384979,3.58165035176079,0.0009314000000000001,0.001085587232791543,3081.9,141.4577233663825,429.4,108.06544313516694,483.9,139.3796613570287,113.94999999999999,4.421255477802649,137.75,1.7853571071357126,135.79999999999998,5.706137047074843,113.94999999999999,4.421255477802649,107.0,4.9396356140913875,102.64999999999999,7.818407766291037,8.390500000000001,0.7163412245571239,59.475,12.663406927047713,4.925,3.732542699018994,0.746289761,0.3433967955742583,10.664499999999999,0.46807558150367157,0.14203850499999998,0.00642066045126785,4.902,0.26552965936030554,1.8359999999999999,0.09118113840043893,4.1295,0.9960144326263553,358.065,30.491101570786192,16.281,2.733406116917133,717.25,40.44416521576382,8.7,1.6155494421403511,406.291,31.160197351749883,2.9545,0.4286662454637641,57.7384979,3.58165035176079,1789.443,243.46359031896336,116.89999999999999,1.374772708486752,126.05,1.5321553446044562,5.0255,0.7828567876693668,6.9125000000000005,0.24859354376169962,24.694999999999997,0.8272756493454884,740.15,40.44416521576382,0.42885,0.02205736838337702,0.42885,0.02205736838337702,139.625,109.98862157059702,200.75,3.5759614091877445,241.29999999999998,2.511971337416094,201.75,2.3848480035423507,223.7,1.3453624047073582,299.59499999999997,21.87979604566734,12.82874576032767,1100,8.7
137.0,2.4494897427831783,231.00000000000003,6.260990336999411,6.924988389452176,0.26685259805850825,57.5960779,3.5974450099625144,0.0010114000000000002,0.001102304694719205,3079.3,139.9879548389789,434.84999999999997,107.83194100079994,491.65000000000003,138.41577764113455,114.25,4.345975149491761,138.0,1.7320508075688772,136.7,5.16817182376902,114.25,4.345975149491761,107.39999999999999,4.758150901348127,102.69999999999999,7.8108898340714035,8.339,0.7148839066589762,60.125,12.440734504039542,4.975,3.713068138345969,0.6960397610000001,0.3531595499079261,10.64,0.45573018333219956,0.141640825,0.0063339611448820134,4.8885000000000005,0.2567542599451855,1.832,0.08958794561770014,4.1000000000000005,0.9783762057613625,356.13500000000005,30.351528379967956,16.0905,2.76670828783954,718.0999999999999,40.547539999363714,8.6,1.5937377450509227,405.56100000000004,30.762344822851205,2.9219999999999997,0.4087370793064901,57.5960779,3.5974450099625144,1793.593,243.09054981837534,117.0,1.3038404810405297,126.15,1.4585952145814822,5.035,0.7879942893194086,6.937,0.24060548622174024,24.646499999999996,0.7718178217688416,741.0,40.547539999363714,0.4291,0.022255111772354685,0.4291,0.022255111772354685,139.1,110.24470508827169,201.1,3.5341194094144583,241.5,2.5592967784139455,202.0,2.449489742783164,223.75,1.2990381056766467,299.98499999999996,21.656021679893108,12.68749170113598,1100,8.6
137.25,2.48746859276655,231.4,6.374950980203691,6.950046883520106,0.2580525022331219,57.453657899999996,3.607552500566027,0.0010914000000000002,0.0011130371242685485,3076.7,138.4537738741707,440.29999999999995,107.3215262657031,499.4,137.0074450531795,114.55,4.2482349275905085,138.25,1.6393596310755,137.59999999999997,4.386342439892262,114.55,4.2482349275905085,107.8,4.534313619501853,102.74999999999999,7.803044277716229,8.2875,0.7096962378370058,60.775000000000006,12.179362668054516,5.025,3.692813967694555,0.645789761,0.35562881094150534,10.6155,0.44168399337082637,0.141243145,0.006220687114336733,4.875,0.2469311644973147,1.8279999999999998,0.08778382538941898,4.0705,0.9595075559890084,354.205,30.087762877954223,15.9,2.78662161048105,718.95,40.63287462141954,8.5,1.5652475842498528,404.831,30.341720765309276,2.8895,0.38505161991608344,57.453657899999996,3.607552500566027,1797.7430000000002,242.6459684622846,117.1,1.2206555615733703,126.25,1.3738631664034087,5.044499999999999,0.7929847098147605,6.9615,0.22974496730070065,24.598,0.70874254846171,741.85,40.63287462141954,0.42935,0.02244832955923447,0.42935,0.02244832955923447,138.575,110.49770076793452,201.45,3.456515586540874,241.7,2.5903667693977237,202.25,2.4874685927665356,223.79999999999998,1.2489995996796701,300.375,21.422812023634997,12.223687829729394,1100,8.5
136.75,2.384848003542364,230.00000000000003,6.797058187186571,6.924801068137055,0.26673382294199033,57.981127900000004,3.796065338796765,0.0010614,0.0011668057421867618,3064.2500000000005,149.16162375088305,423.40000000000003,114.18817802207022,477.45,146.2523418615921,114.05,4.352872614722368,137.85000000000002,1.6815171720800237,136.2,5.1146847410177685,114.05,4.352872614722368,107.69999999999999,5.030904491242107,103.6,8.668333173107735,8.393500000000001,0.7185908084577758,59.349999999999994,12.778008452024126,4.8,3.8353617821530217,0.750239761,0.3485032533546408,10.655999999999999,0.46103579036773307,0.14223674500000003,0.006634808896002588,4.8645000000000005,0.2736325090335574,1.8355,0.09080060572485185,4.0675,0.9783346819979347,354.365,32.215807843355414,16.051000000000002,2.804508691375372,713.1649999999998,44.4805943642843,8.75,1.6695807857064,401.656,34.0357127734972,2.9589999999999996,0.4350045976768522,57.981127900000004,3.796065338796765,1770.924,260.88465612986903,117.04999999999998,1.3219304066402287,126.25,1.5124483462254175,4.9165,0.8750329993777377,6.9385,0.24164591864958124,24.6135,0.7658085596283182,736.065,44.48059436428431,0.4259,0.02371687163181519,0.4259,0.02371687163181519,155.13000000000002,123.10251865823054,200.7,3.6345563690772495,241.2,2.6,201.75,2.3848480035423507,223.9,1.3747727084867394,302.9,24.06686518847023,12.687491701135977,1100,8.75
137.0,2.449489742783178,230.4,6.959885056522126,6.949859562204986,0.2579478728339821,57.8387079,3.8200280290922204,0.0011414000000000003,0.0011735466075107543,3061.6500000000005,147.45762103058627,428.85,114.25378549527363,485.20000000000005,145.67758921673575,114.35000000000002,4.269367634673774,138.1,1.6093476939431082,137.10000000000002,4.426059195266146,114.35000000000002,4.269367634673774,108.1,4.794788837894741,103.64999999999999,8.656067236337758,8.342,0.7173534693580285,60.0,12.563836993530282,4.85,3.8180492401225,0.699989761,0.3586806393984333,10.631499999999999,0.4480320859045702,0.14183906500000001,0.006562967652462954,4.851,0.2632090423978627,1.8314999999999997,0.08917819240150587,4.038,0.9584654401698582,352.43500000000006,31.860387238701293,15.8605,2.821489810366148,714.015,44.6524386232152,8.65,1.6515144564913744,400.926,33.57121689781293,2.9265,0.4157315840779962,57.8387079,3.8200280290922204,1775.074,260.83137676284275,117.14999999999999,1.2359207094308275,126.35,1.4239030865898143,4.926,0.8808087193028915,6.962999999999999,0.23067509618508894,24.564999999999998,0.6999107085907454,736.915,44.652438623215204,0.42615000000000003,0.023931725804880854,0.42615000000000003,0.023931725804880854,154.60500000000002,123.39736008116219,201.05,3.5982634700644147,241.39999999999998,2.65329983228432,202.0,2.449489742783164,223.95,1.3219304066402175,303.28999999999996,23.80953380475981,12.328723388581363,1100,8.65
137.25,2.48746859276655,233.0,2.5298221281347035,6.884245759855649,0.28686057842998935,56.5333229,2.8618745016873457,0.0006314000000000001,0.0007234221727318012,3120.15,104.3762425075745,464.29999999999995,87.06038134536283,526.8,116.1247604949091,114.55000000000001,4.779905856813493,137.95,1.9868316486305526,136.25,6.291859820434655,114.55000000000001,4.779905856813493,105.80000000000001,4.019950248448356,99.94999999999999,2.9744747435471695,8.2425,0.7389578810730687,62.2,12.694880858046679,5.8,3.6,0.659689761,0.3178523018885799,10.5975,0.5023731183094894,0.14025103,0.005744679664620127,4.9735,0.20591928030177245,1.8209999999999997,0.09643132271207316,4.151,1.0864064616891784,365.405,22.30160252089523,16.95,2.632215796624585,733.0699999999999,21.12896353350064,8.25,1.4448183276799889,417.83500000000004,12.738283832604763,2.8765,0.3603369950476915,56.5333229,2.8618745016873457,1871.75,179.98011001218995,116.75,1.4448183276799889,125.75,1.4448183276799889,5.353,0.12357588761566722,6.890499999999999,0.25759415754244136,24.755000000000003,0.9296316474819472,755.97,21.128963533500613,0.43820000000000003,0.012757742747053661,0.43820000000000003,0.012757742747053661,92.73500000000001,7.065145079897508,201.7,3.3331666624997918,242.05,2.290742237791062,202.25,2.4874685927665356,223.3,1.053565375285267,291.015,6.966798045013229,11.28863695125724,1100,8.25
137.5,2.5,233.39999999999998,2.4979991993593593,6.90930425392358,0.2823325595100582,56.3909029,2.821424281075817,0.0007113999999999999,0.0007796894509995631,3117.55,103.3423436931832,469.75,84.54991129504513,534.55,112.036813146394,114.85,4.671991010265317,138.2,1.9131126469708992,137.14999999999998,5.738248861804443,114.85,4.671991010265317,106.19999999999999,3.919183588453085,100.0,3.0,8.190999999999999,0.7271375385716237,62.85,12.329943227768732,5.85,3.5675621928706445,0.609439761,0.31484455576739595,10.573,0.48753563972288244,0.13985335,0.005520311720138639,4.959999999999999,0.19937402037376867,1.817,0.09429209935090002,4.1215,1.0708514135957425,363.475,22.742072794712456,16.7595,2.714150834054732,733.92,20.686024267606374,8.149999999999999,1.3883443376914821,417.105,12.429081824495317,2.844,0.3287613115924683,56.3909029,2.821424281075817,1875.9,177.5617850214398,116.85,1.3883443376914821,125.85,1.3883443376914821,5.3625,0.13083864108129528,6.914999999999999,0.2520416632225713,24.7065,0.8839415987496002,756.8199999999999,20.68602426760635,0.43845,0.012916946233533693,0.43845,0.012916946233533693,92.21000000000001,7.555124088987551,202.05,3.1855140872392953,242.25,2.277608394786075,202.5,2.499999999999986,223.35,1.013656746635659,291.405,6.744366167402252,11.183601392405269,1100,8.149999999999999
137.75,2.48746859276655,233.8,2.4,6.934362747991509,0.27546052459818654,56.2484829,2.7730808447429354,0.0007914,0.0008244341332089545,3114.95,102.23189326232787,475.20000000000005,81.59938725260135,542.3,107.23530202316772,115.15,4.541750763747383,138.45,1.8020821290940099,138.04999999999998,4.96462485994662,115.15,4.541750763747383,106.6,3.7735924528226414,100.05,3.024483426967323,8.1395,0.7114033665931021,63.5,11.918473056562236,5.9,3.5341194094144583,0.5591897610000001,0.3036016761759871,10.5485,0.4709593931540172,0.13945567,0.005256428422522274,4.9464999999999995,0.1916578983501591,1.8129999999999997,0.09192932067626737,4.092,1.05424190772327,361.545,23.01287628698335,16.569000000000003,2.780663410051637,734.77,20.19765085350274,8.05,1.3219304066402287,416.375,12.067910962548565,2.8114999999999997,0.2901943314401576,56.2484829,2.7730808447429354,1880.05,175.011685324152,116.94999999999999,1.3219304066402284,125.94999999999999,1.3219304066402284,5.372,0.1370620297529553,6.9395,0.24391545666480433,24.657999999999998,0.8329381729756413,757.67,20.19765085350271,0.4387,0.0130694299799188,0.4387,0.0130694299799188,91.685,7.980744012935133,202.4,2.9899832775452104,242.45,2.2466641938660974,202.75,2.4874685927665356,223.39999999999998,0.9695359714832618,291.79499999999996,6.490953319813673,10.853608444531393,1100,8.05
138.0,2.4494897427831783,234.2,2.2271057451320084,6.959421242059438,0.2660629076260176,56.1060629,2.716422805145803,0.0008713999999999999,0.0008594577592877965,3112.3500000000004,101.0423673515224,480.65,78.1589886065576,550.05,101.61912959674471,115.44999999999999,4.387197283004258,138.7,1.6462077633154328,138.95,3.840247387864485,115.44999999999999,4.387197283004258,106.99999999999999,3.5777087639996634,100.1,3.0479501308256336,8.088,0.6914882500809392,64.14999999999999,11.455457214795052,5.95,3.4996428389194234,0.5089397609999999,0.2831443735223586,10.524000000000001,0.4524533125085948,0.13905799,0.0049467099439829704,4.933,0.18262256158536358,1.8089999999999997,0.08932524839036274,4.0625,1.0365272548273876,359.615,23.119975670402432,16.3785,2.8328400501969746,735.62,19.660457776969487,7.949999999999999,1.2439855304624727,415.645,11.649938841041175,2.779,0.2413068585846661,56.1060629,2.716422805145803,1884.2,172.32396089923188,117.05,1.243985530462473,126.05,1.243985530462473,5.3815,0.14238240762116644,6.9639999999999995,0.23294634575369502,24.609499999999997,0.7755738198263267,758.52,19.660457776969455,0.43894999999999995,0.013215426591676876,0.43894999999999995,0.013215426591676876,91.16,8.35185009444015,202.75,2.7363296585024255,242.65,2.1971572542719833,202.99999999999997,2.449489742783164,223.45,0.9205976319760963,292.185,6.2027634970229295,10.236493535861491,1100,7.949999999999999
137.0,2.449489742783178,232.0,4.171330722922842,6.884058438540528,0.2867234743475782,56.918372899999994,3.2368587775215323,0.0006814,0.0008412488573543503,3105.1000000000004,121.5588232091772,452.85,98.31138031784519,512.5999999999999,129.28279081146107,114.35,4.798697740012381,137.8,1.9390719429665317,135.75,6.2118837722545965,114.35,4.798697740012381,106.1,4.448595283907045,100.85,5.28464757576132,8.297,0.7495938900498054,61.425,13.14845523245982,5.625,3.7645550865938993,0.7138897609999999,0.31890951024306086,10.6135,0.508529989282835,0.14084695,0.00620962019961769,4.9495,0.23544585364792459,1.8244999999999998,0.09795279475339129,4.1185,1.0878937218313194,363.635,25.432661579158413,16.9105,2.6845958261906016,728.135,30.47305818259795,8.4,1.5620499351813308,413.93,21.684826492273352,2.9135,0.3941735024072522,56.918372899999994,3.2368587775215323,1849.0810000000001,211.90590000988647,116.8,1.469693845669907,125.85,1.525614630239236,5.2345,0.4851646627692499,6.8919999999999995,0.25883585532147607,24.722,0.9285127893572598,751.0350000000001,30.47305818259794,0.43499999999999994,0.01697645428232881,0.43499999999999994,0.01697645428232881,108.76500000000001,67.35512805273257,201.3,3.508560958569767,241.75,2.405722344743882,202.0,2.449489742783164,223.45,1.2031209415515867,293.92999999999995,14.527976459232036,12.223687829729394,1100,8.4
137.25,2.48746859276655,232.39999999999998,4.24735211631906,6.909116932608458,0.28220988895569615,56.7759529,3.2182358052284163,0.0007614000000000001,0.000885593382992443,3102.5,120.34752801782012,458.29999999999995,96.74249324883041,520.35,126.49674897008224,114.65,4.70398767005186,138.05,1.8834808201837363,136.65,5.729528776435284,114.65,4.70398767005186,106.5,4.330127018922194,100.89999999999999,5.290557626564519,8.2455,0.741737655778645,62.075,12.83576546217638,5.675,3.735890121510535,0.663639761,0.3244185324607226,10.589,0.4946705974686592,0.14044927,0.006042007199027492,4.936,0.2283287104154883,1.8205,0.09599348936256041,4.0889999999999995,1.0714658184001953,361.705,25.687126639622434,16.72,2.7622563240944893,728.9849999999999,30.306357006410387,8.299999999999999,1.5198684153570663,413.20000000000005,21.37167751955845,2.8810000000000002,0.3688075378839213,56.7759529,3.2182358052284163,1853.231,210.303615420658,116.89999999999999,1.4106735979665883,125.95,1.4654350889752845,5.244,0.48937102488806994,6.916499999999999,0.2531654597294032,24.6735,0.8809499134457074,751.885,30.306357006410376,0.43524999999999997,0.017143147318972683,0.43524999999999997,0.017143147318972683,108.24000000000001,67.53301711015139,201.64999999999998,3.409912022325503,241.95,2.4181604578687494,202.25,2.4874685927665356,223.5,1.1618950038622164,294.32,14.34359090325711,12.223687829729393,1100,8.299999999999999
137.5,2.5,232.8,4.28485705712571,6.934175426676388,0.27535184011900377,56.6335329,3.1931585832354443,0.0008414,0.0009208971929591272,3099.9,119.06715542079604,463.75,94.8350541730219,528.1,123.16123578464126,114.95,4.587755442479463,138.3,1.7916472867168918,137.55,5.044551516240071,114.95,4.587755442479463,106.9,4.170131892398609,100.94999999999999,5.295989048327045,8.193999999999999,0.730173951877222,62.724999999999994,12.481461252593785,5.725,3.7063290463745933,0.613389761,0.32208906793691233,10.5645,0.47916046372796683,0.14005159,0.005842603888498692,4.922499999999999,0.2201561945528672,1.8165,0.09382297160077588,4.0595,1.0539567116347806,359.775,25.79509401029584,16.5295,2.8249751768820905,729.835,30.114751783801907,8.2,1.469693845669907,412.47,21.028544885464616,2.8485,0.338456422601197,56.6335329,3.1931585832354443,1857.381,208.60648565900345,117.0,1.3416407864998738,126.05,1.3955285736952863,5.2535,0.4933586423688147,6.941,0.24492651959312214,24.625,0.8278315045949867,752.7349999999999,30.114751783801893,0.4355,0.017304623659588795,0.4355,0.017304623659588795,107.715,67.70636805352949,202.0,3.271085446759225,242.15,2.414021540914662,202.5,2.499999999999986,223.55,1.1169153951844268,294.71,14.146055987447532,11.97739821168573,1100,8.2
137.75,2.48746859276655,233.2,4.28485705712571,6.9592339207443175,0.26596803198796565,56.4911129,3.1614735274118924,0.0009214000000000001,0.0009481706808375799,3097.3,117.71545140719633,469.20000000000005,92.56813706670347,535.8499999999999,119.23014509762203,115.25,4.4483142874576584,138.55,1.6575584454250778,138.45,4.055551750378733,115.25,4.4483142874576584,107.29999999999998,3.963584236521283,101.0,5.300943312279429,8.1425,0.7147228483825039,63.375,12.081882096759593,5.775,3.6758502417808048,0.563139761,0.31174545091303085,10.54,0.4618333032599535,0.13965391,0.005608020206623727,4.909,0.21080559764863907,1.8125,0.09142619974602466,4.03,1.0353115473131747,357.845,25.75840590952787,16.339,2.8737308503059222,730.685,29.897763712358152,8.1,1.4106735979665883,411.74,20.65393424991955,2.816,0.3016189649209745,56.4911129,3.1614735274118924,1861.531,206.81217579968546,117.1,1.260952021291849,126.15,1.3143439428094916,5.263,0.4971327790439894,6.9655,0.23384770685213063,24.576499999999996,0.7680056965934559,753.585,29.89776371235814,0.43574999999999997,0.017461028033881634,0.43574999999999997,0.017461028033881634,107.19,67.87521565343273,202.35,3.08666486681013,242.35,2.3932195887548637,202.75,2.4874685927665356,223.6,1.0677078252031258,295.1,13.9348125211644,11.429891010448932,1100,8.1
137.0,2.449489742783178,231.39999999999998,5.276362383309167,6.9089296112933365,0.2820870406642636,57.1610029,3.5294647494009896,0.0008114,0.0009775661819027908,3087.45,133.54553530537817,446.85,106.33591820264684,506.15,138.0120556328323,114.45000000000002,4.727314248069398,137.89999999999998,1.841195263952197,136.14999999999998,5.676926985614664,114.45000000000002,4.727314248069398,106.8,4.686149805543993,101.79999999999998,6.734983296193095,8.3,0.7521170121729728,61.3,13.277236158176896,5.5,3.8890872965260113,0.717839761,0.32479592687034875,10.605,0.5011935753778177,0.14104519,0.006467427557066261,4.911999999999999,0.2517260415610588,1.8239999999999998,0.09753973549277238,4.0565,1.071094183533829,359.935,28.21682609720662,16.680500000000002,2.808982867516283,724.05,36.88265852673855,8.45,1.627114009527298,409.295,26.991055462875106,2.918,0.40151712292254743,57.1610029,3.5294647494009896,1830.562,236.43025757292574,116.94999999999999,1.4309088021254184,126.04999999999998,1.5321553446044562,5.1255,0.6586081915676422,6.917999999999999,0.2542754412050052,24.640500000000003,0.8767067639752754,746.95,36.88265852673855,0.43205000000000005,0.020011184372745162,0.43205000000000005,0.020011184372745162,124.27000000000001,92.46845462102199,201.25,3.5759614091877445,241.64999999999998,2.5154522456210535,202.0,2.449489742783164,223.64999999999998,1.2757350822172966,297.235,18.681441994664123,12.582456142284009,1100,8.45
137.25,2.48746859276655,231.8,5.3814496188294845,6.9339881053612675,0.2752429852391964,57.0185829,3.522217923255203,0.0008914000000000001,0.0010056896340322895,3084.8500000000004,132.096971956211,452.3,105.19843154724313,513.9000000000001,135.7744084870194,114.75,4.6246621498224,138.15,1.7684739183827394,137.05,5.074199444247339,114.75,4.6246621498224,107.2,4.512205669071391,101.85,6.732570088755111,8.2485,0.7444949630454188,61.949999999999996,12.973916139701227,5.55,3.862965182343739,0.667589761,0.33080731187818224,10.5805,0.4866978015154786,0.14064750999999998,0.006319158119710256,4.8985,0.24300771592688145,1.8199999999999998,0.09555103348473003,4.027,1.0526685138256962,358.005,28.19424542349024,16.490000000000002,2.8680585768076634,724.9,36.83942181956715,8.35,1.5898113095584645,408.565,26.61328380715165,2.8855,0.37703414964695176,57.0185829,3.522217923255203,1834.712,235.32206568020777,117.04999999999998,1.3592277219068187,126.15,1.4585952145814822,5.135,0.6632759606679561,6.942500000000001,0.24592427696345892,24.592,0.821368370464799,747.8,36.83942181956714,0.4323,0.020189353630069493,0.4323,0.020189353630069493,123.74500000000002,92.68597776902395,201.6,3.484250278036869,241.85000000000002,2.535251466817444,202.25,2.4874685927665356,223.7,1.2288205727444415,297.625,18.46875401861209,12.441202083092318,1100,8.35
137.5,2.5,232.2,5.455272678794342,6.959046599429197,0.2658729905164158,56.8761629,3.509180797242598,0.0009714,0.0010268337937563217,3082.25,130.58058814387383,457.75,103.76264983123744,521.65,133.0485907478918,115.05000000000001,4.4997222136482975,138.4,1.6552945357246849,137.95,4.200892762258994,115.05000000000001,4.4997222136482975,107.6,4.294182110716778,101.89999999999999,6.729784543356496,8.197,0.7331855154052074,62.599999999999994,12.62992478204047,5.6,3.836013555763327,0.617339761,0.3291267781153167,10.556000000000001,0.47048273082016534,0.14024983000000002,0.0061416285066014905,4.885,0.23318447632722014,1.8159999999999998,0.0933488082409197,3.9974999999999996,1.033072480516251,356.07500000000005,28.03911330623706,16.2995,2.9135124420534053,725.75,36.77649385137197,8.25,1.5451537140362444,407.83500000000004,26.20974770958317,2.8529999999999998,0.34782323096653567,56.8761629,3.509180797242598,1838.862,234.13508386399508,117.14999999999999,1.2757350822173075,126.25,1.3738631664034087,5.144500000000001,0.6677759729130721,6.9670000000000005,0.23473602194805984,24.5435,0.7589286857142766,748.65,36.77649385137197,0.43255,0.02036289517725808,0.43255,0.02036289517725808,123.22000000000001,92.90002475780078,201.95,3.3537292675468007,242.05,2.5391927851189244,202.5,2.499999999999986,223.75,1.177921898938967,298.015,18.245253492346997,11.977398211685731,1100,8.25
137.0,2.449489742783178,230.8,6.128621378417824,6.933800784046147,0.27513395975651084,57.403632900000005,3.784078415560411,0.0009414,0.0010815598180405925,3069.8,142.37003722693902,440.85,113.47919412826299,499.7,145.93632172971883,114.55000000000001,4.65268739547371,138.0,1.7320508075688772,136.55,5.054453481831641,114.55000000000001,4.65268739547371,107.5,4.811444689487764,102.75,7.809449404407458,8.302999999999999,0.7546197718056424,61.175,13.403614251387571,5.375,4.005855089740517,0.7217897609999999,0.33053034278212484,10.596499999999999,0.4936018132057461,0.14124343,0.006709490084432652,4.874499999999999,0.26169591131693265,1.8235,0.09712234552357145,3.9945,1.0503736240024308,356.235,30.301456648154726,16.450499999999998,2.909968169929011,719.9649999999999,41.93661019920423,8.5,1.6881943016134133,404.65999999999997,30.72191400287424,2.9225,0.40867927522691927,57.403632900000005,3.784078415560411,1812.0430000000001,257.3101556701562,117.1,1.374772708486752,126.25,1.5124483462254175,5.0165,0.7799889422293114,6.943999999999999,0.24690889007891162,24.558999999999997,0.8135164411368705,742.865,41.936610199204225,0.4291,0.022255111772354685,0.4291,0.022255111772354685,139.775,109.9240959708107,201.2,3.641428291206625,241.55,2.6167728216259047,202.0,2.449489742783164,223.85000000000002,1.3143439428094805,300.53999999999996,21.565815542195484,12.582456142284009,1100,8.5
137.25,2.48746859276655,231.2,6.2577951388648065,6.958859278114076,0.2657777830334629,57.2612129,3.7864571654709356,0.0010214,0.001097609967155911,3067.2000000000003,140.68634439774172,446.29999999999995,112.704525197527,507.45000000000005,144.16916279149297,114.85,4.541750763747383,138.25,1.6393596310755,137.45,4.283398183685472,114.85,4.541750763747383,107.9,4.581484475582123,102.79999999999998,7.801281945936834,8.2515,0.7472300515905391,61.825,13.109419323524593,5.425,3.982069185737485,0.671539761,0.3370287316834708,10.572,0.4784412189600727,0.14084575,0.006578682960555257,4.861000000000001,0.2513145439484151,1.8195000000000001,0.0951038905618482,3.965,1.0298033792914063,354.305,30.043676123270938,16.259999999999998,2.9522296658627356,720.8149999999999,41.98138009880095,8.4,1.6552945357246849,403.92999999999995,30.279014184745186,2.8899999999999997,0.3850324661635691,57.2612129,3.7864571654709356,1816.193,256.5919558579341,117.19999999999999,1.2884098726725126,126.35000000000001,1.4239030865898143,5.026,0.7852540990023548,6.968500000000001,0.23561143860177933,24.5105,0.7482878790946699,743.715,41.98138009880095,0.42935,0.02244832955923447,0.42935,0.02244832955923447,139.25,110.18104419545132,201.55,3.5563323804166562,241.75,2.6433879775772606,202.25,2.4874685927665356,223.9,1.26095202129184,300.92999999999995,21.321470399576107,12.223687829729394,1100,8.4
137.0,2.449489742783178,230.2,6.823488843692792,6.9586719567989554,0.26568240936063614,57.646262899999996,4.0079469631166775,0.0010714000000000001,0.001161941323819753,3052.1500000000005,148.5967698168436,434.85,119.89882192915826,493.25,153.1805715487444,114.65,4.574658457196552,138.1,1.6093476939431082,136.95,4.306680856529771,114.65,4.574658457196552,108.19999999999999,4.833218389437829,103.69999999999999,8.649277426467485,8.306000000000001,0.7571023708852058,61.05,13.527656855494229,5.25,4.115519408288582,0.725739761,0.33612053773574885,10.588000000000001,0.4857427302595483,0.14144167,0.006937456088877255,4.837,0.2660657813398782,1.8229999999999997,0.09670056876771718,3.9324999999999997,1.0254943929637061,352.535,31.824318924369773,16.2205,2.9899238702682713,715.8799999999999,46.08311621407563,8.55,1.745709025009609,400.025,33.40940698366256,2.9269999999999996,0.4156693397401353,57.646262899999996,4.0079469631166775,1793.524,275.3758504371798,117.24999999999999,1.299038105676658,126.44999999999999,1.4654350889752845,4.907500000000001,0.871343072503592,6.969999999999999,0.2364741000617193,24.4775,0.7360154550007759,738.78,46.08311621407564,0.42615000000000003,0.023931725804880854,0.42615000000000003,0.023931725804880854,155.28,123.02596717766538,201.14999999999998,3.7050641020095725,241.45,2.71062723368596,202.0,2.449489742783164,224.05,1.321930406640218,303.84499999999997,23.650084037905664,12.223687829729393,1100,8.55
137.0,2.449489742783178,233.2,2.6758176320519302,6.844404375932724,0.26570465982887986,57.0726226,2.4804235158786176,0.0006716000000000001,0.0007968436735018983,3142.4500000000003,87.34592148463487,448.6,74.90687551887343,506.35,99.93011307909143,113.7,4.160528812542935,137.8,1.9390719429665317,136.35,6.373970505109041,113.7,4.160528812542935,105.30000000000001,3.7563279941985894,99.55000000000001,2.9576172842340505,8.364,0.6617733751066144,59.75,10.699883176932353,5.0,2.9664793948382653,0.633752584,0.33658871014639746,10.6955,0.42170457668846817,0.141244975,0.004950372142261124,5.01,0.1774823934929884,1.8405,0.08065203035262038,4.3835,0.9003847788584612,367.66,22.312337394365485,16.314,2.3426446593540384,728.775,17.668159921168925,8.5,1.2449899597988732,420.197,10.929512843672399,2.8575,0.36905114821661245,57.0726226,2.4804235158786176,1832.7,148.58380631818528,116.5,1.2449899597988732,125.5,1.2449899597988732,5.3805,0.11603770938793989,6.857,0.23981451165432013,24.9155,0.8044592904553963,751.6750000000001,17.668159921168904,0.43679999999999997,0.013029197979921876,0.43679999999999997,0.013029197979921876,92.36500000000001,7.738880733025931,201.3,3.083828789021855,241.75,2.165063509461097,202.0,2.449489742783164,223.10000000000002,0.8888194417315518,289.705,5.900379225100715,10.97070098145499,1100,8.5
137.25,2.48746859276655,233.6,2.615339366124404,6.869462870000653,0.26460986210357834,56.9302026,2.464999848906211,0.0007516,0.0008444547590013334,3139.8500000000004,86.77851116491917,454.05,73.15290493206678,514.1,96.80025826411828,114.0,4.098780306383831,138.05,1.883480820183736,137.25,5.812701609406765,114.0,4.098780306383831,105.69999999999999,3.7027017163147233,99.6,2.9899832775452104,8.3125,0.6581251780626538,60.4,10.418253212511203,5.050000000000001,2.9406631905065224,0.5835025840000001,0.3298215911519674,10.671,0.4098158122864467,0.14084729499999998,0.004771710959443686,4.996499999999999,0.17272159679669463,1.8365,0.0790743321185832,4.354,0.8892997245023749,365.73,22.9430839252268,16.1235,2.3840559452328294,729.625,17.34773400188048,8.399999999999999,1.2,419.467,10.729444114212063,2.825,0.3364595072218945,56.9302026,2.464999848906211,1836.85,146.75356895149093,116.6,1.2,125.6,1.2,5.39,0.12161414391426677,6.8815,0.23732414542140468,24.867,0.7614860471472867,752.5250000000001,17.34773400188045,0.43704999999999994,0.013211642592804286,0.43704999999999994,0.013211642592804286,91.84,8.164888241733623,201.64999999999998,2.971110903349116,241.95,2.178875856950093,202.25,2.487468592766536,223.14999999999998,0.8529361054615932,290.09499999999997,5.7259475198433405,10.781962092772805,1100,8.399999999999999
137.5,2.5,234.0,2.4899799195977463,6.894521364068583,0.26111670904073486,56.7877826,2.4411842985099756,0.0008316,0.0008822969114759498,3137.25,86.12891500535694,459.5,70.9383535190943,521.85,92.92162019680887,114.3,4.013726448077888,138.3,1.7916472867168918,138.15,5.032643440578719,114.3,4.013726448077888,106.1,3.6041642581880198,99.65,3.021175268004159,8.261,0.6503914206076212,61.05,10.086996579755542,5.1,2.913760456866693,0.533252584,0.3149959986761984,10.6465,0.39605902337909193,0.140449615,0.004551479742817162,4.983,0.1667363187790829,1.8325,0.07725768570181221,4.3245,0.8770830918447807,363.8,23.398290535848993,15.933,2.409747082164433,730.475,16.97877719389709,8.3,1.1445523142259597,418.73699999999997,10.474821764593413,2.7925,0.29681433590714595,56.7877826,2.4411842985099756,1841.0,144.78130922187435,116.7,1.1445523142259597,125.69999999999999,1.1445523142259597,5.3995,0.12623291963667793,6.906000000000001,0.23223694796478878,24.8185,0.7126448975471582,753.375,16.978777193897063,0.43729999999999997,0.013386933928274999,0.43729999999999997,0.013386933928274999,91.315,8.537521595873123,202.0,2.8106938645110393,242.14999999999998,2.17428149051589,202.49999999999997,2.499999999999986,223.2,0.8124038404635919,290.485,5.518539208884911,10.382361437465825,1100,8.3
137.75,2.48746859276655,234.4,2.2891046284519194,6.9195798581365136,0.25512670598772663,56.6453626,2.408727961118823,0.0009116,0.000911587538308856,3134.6500000000005,85.39525747955797,464.95000000000005,68.21838095410942,529.6,88.19546473600556,114.60000000000001,3.903844259188619,138.55,1.6575584454250776,139.05,3.904804732633887,114.60000000000001,3.903844259188619,106.5,3.456877203488721,99.7,3.0512292604784714,8.2095,0.6384236446122586,61.7,9.70103087305674,5.15,2.885740806101615,0.48300258400000007,0.2908823669011506,10.622,0.3802315084261167,0.14005193500000002,0.004283271116013436,4.9695,0.15938867588382788,1.8285,0.07518477239441507,4.295,0.8636868645521941,361.87,23.68807928051577,15.7425,2.420218740114207,731.325,16.55804562742838,8.2,1.077032961426901,418.007,10.16154569935105,2.76,0.24673872821265827,56.6453626,2.408727961118823,1845.15,142.6611369644866,116.80000000000001,1.077032961426901,125.80000000000001,1.077032961426901,5.409000000000001,0.12999615378925636,6.9305,0.2243763579346095,24.77,0.6566277484237166,754.2250000000001,16.55804562742835,0.43755,0.013555349497523121,0.43755,0.013555349497523121,90.79,8.863515104065653,202.35,2.5937424698685874,242.35,2.1511624764298953,202.75,2.4874685927665356,223.25,0.7664854858377923,290.875,5.27426535168644,9.705657155108957,1100,8.2
136.75,2.3848480035423645,232.2,4.308131845707603,6.844217054617603,0.2655285281446679,57.4576726,2.832686922581393,0.0007216,0.0009029395550090826,3127.4000000000005,110.3752123440766,437.15,85.65703415365255,492.15,112.40252443784347,113.50000000000001,4.141255848169723,137.65,1.8781639970992947,135.85000000000002,6.302975487815258,113.50000000000001,4.141255848169723,105.60000000000001,4.24735211631906,100.45000000000002,5.342986056504359,8.4185,0.6637264120102497,58.975,11.063990012649144,4.824999999999999,3.1195953263203866,0.687952584,0.3417261179547381,10.711500000000001,0.42535014987654607,0.141840895,0.0053739742753827,4.986000000000001,0.21513716554793583,1.8439999999999999,0.0816333265278342,4.351,0.9105157878916764,365.89,25.598474563926665,16.2745,2.3908648539806676,723.84,27.421641088745947,8.65,1.3518505834595773,416.29200000000003,21.115617348304077,2.8945,0.4038994305517155,57.4576726,2.832686922581393,1810.0310000000002,181.15730473541498,116.55000000000001,1.2835497652993435,125.6,1.3564659966250536,5.2620000000000005,0.48999591835034706,6.858499999999999,0.24135606476738894,24.8825,0.8097337525384499,746.74,27.42164108874594,0.4336,0.01691862878604529,0.4336,0.01691862878604529,108.39500000000001,67.51703099959299,200.89999999999998,3.2233522922572395,241.45,2.2466641938660974,201.75,2.3848480035423507,223.25,1.0897247358851583,292.62,14.317038799975368,12.010787418779111,1100,8.65
137.0,2.449489742783178,232.6,4.363484845854286,6.869275548685533,0.2644507517601249,57.315252599999994,2.838576453144717,0.0008016,0.0009409802548406636,3124.8,109.57019439610391,442.6,84.86601204251322,499.9,110.62861293535231,113.80000000000001,4.093897898091736,137.9,1.841195263952197,136.75,5.812701609406765,113.80000000000001,4.093897898091736,106.0,4.171330722922842,100.5,5.352569476429054,8.367,0.6643274794858328,59.625,10.838444307187263,4.875,3.097882341213107,0.6377025840000001,0.3430949750206429,10.687000000000001,0.41451296722780595,0.141443215,0.005255150956659096,4.9725,0.20968726713846966,1.8399999999999999,0.0802496105909555,4.3215,0.8984891485154397,363.96000000000004,26.01911604955096,16.084,2.4283582931684524,724.69,27.36998173181707,8.55,1.3219304066402287,415.562,20.87665480866128,2.862,0.37755264533572014,57.315252599999994,2.838576453144717,1814.181,180.18208639873166,116.64999999999999,1.2359207094308275,125.7,1.3076696830622019,5.2715,0.4936322011376486,6.883,0.23872787855631786,24.834,0.7649666659404184,747.59,27.369981731817063,0.43384999999999996,0.017106358466956087,0.43384999999999996,0.017106358466956087,107.87,67.69162503589348,201.25,3.1603006186120965,241.65,2.286372673034735,202.0,2.449489742783164,223.3,1.0535653752852652,293.01,14.16601214174265,11.905751859927141,1100,8.55
137.25,2.48746859276655,233.0,4.3817804600413295,6.894334042753463,0.26097345593836113,57.1728326,2.8373139492364325,0.0008816,0.0009709726257727352,3122.2000000000003,108.69704457803809,448.05000000000007,83.71348457685893,507.65,108.27246879978308,114.1,4.023679907746134,138.15,1.7684739183827394,137.65,5.121279137090655,114.1,4.023679907746134,106.4,4.054626986542659,100.55000000000001,5.361669516111563,8.3155,0.660927189635893,60.27499999999999,10.56820112412704,4.925,3.0752032453156652,0.587452584,0.33704815542651406,10.662500000000001,0.4018939536743494,0.141045535,0.005102678206322146,4.959,0.20319694879598937,1.8359999999999999,0.07863841300534999,4.292,0.8853168924176247,362.03,26.29176867386446,15.8935,2.45051683324151,725.54,27.29176432552502,8.45,1.2835497652993435,414.832,20.609083822431312,2.8295000000000003,0.34618600491643226,57.1728326,2.8373139492364325,1818.3310000000001,179.10542833482185,116.75,1.1779218989389748,125.8,1.2489995996796797,5.281,0.4970603585078979,6.907500000000001,0.23351391821473944,24.7855,0.7141251640994033,748.44,27.29176432552501,0.43409999999999993,0.017288435441068697,0.43409999999999993,0.017288435441068697,107.345,67.86170845918927,201.6,3.056141357987225,241.85000000000002,2.3081377775167584,202.25,2.4874685927665356,223.35,1.0136567466356572,293.4,14.002499776825571,11.575758912053265,1100,8.45
137.5,2.5,233.39999999999998,4.363484845854286,6.919392536821392,0.25499849617678794,57.0304126,2.8288898352384884,0.0009616,0.0009936457316367842,3119.6000000000004,107.75410665028039,453.5,82.1842442320911,515.4,105.29501412697564,114.4,3.929376540877692,138.4,1.6552945357246849,138.55,4.128861828639946,114.4,3.929376540877692,106.8,3.8935844667863573,100.6,5.370288632839021,8.264,0.6534630823543129,60.925,10.249725606083317,4.975,3.0515364982251154,0.5372025840000001,0.3231696632860448,10.638,0.3873189899811266,0.140647855,0.004913424407933331,4.9455,0.19556264980818788,1.8319999999999999,0.07678541528180985,4.2625,0.8709470420180553,360.1,26.42101436357053,15.703,2.4577552766701567,726.39,27.18675964509195,8.35,1.2359207094308275,414.102,20.31177382701964,2.7969999999999997,0.3082709846871743,57.0304126,2.8288898352384884,1822.4810000000002,177.9254890649454,116.85,1.107925990308017,125.9,1.1789826122551597,5.2905,0.5002846689635811,6.932,0.22553491969094275,24.737,0.6557979871881277,749.29,27.18675964509194,0.43434999999999996,0.017465036501536444,0.43434999999999996,0.017465036501536444,106.82,68.02731510209703,201.95,2.906458325866724,242.05,2.3124662159694354,202.49999999999997,2.499999999999986,223.4,0.96953597148326,293.78999999999996,13.826058729804389,10.958644003383364,1100,8.35
136.5,2.29128784747792,231.20000000000002,5.287721626560915,6.844029733302483,0.2653521473137469,57.8427226,3.0982579911304415,0.0007716,0.0009953089168695316,3112.3500000000004,127.60509394220907,425.70000000000005,93.81369836010091,477.95000000000005,121.98093088675787,113.30000000000001,4.112177038990411,137.5,1.8027756377319946,135.35,6.190920771581559,113.30000000000001,4.112177038990411,105.9,4.6679760067935225,101.35000000000001,6.835751604615253,8.473,0.6611966424597148,58.199999999999996,11.363758181165243,4.65,3.2561480310329873,0.7421525840000001,0.3382103481368002,10.7275,0.42836754078711453,0.142436815,0.0057046273660314615,4.962,0.2447774499417786,1.8474999999999997,0.08245453292572823,4.3185,0.9193871600147568,364.12000000000006,28.398197125874038,16.235,2.437491538446851,718.905,33.808585817806694,8.8,1.4352700094407325,412.387,27.235753909154052,2.9314999999999998,0.4328195351413797,57.8427226,3.0982579911304415,1787.362,206.23051058463685,116.6,1.3190905958272918,125.69999999999999,1.452583904633395,5.1435,0.6623011022186208,6.860000000000001,0.2428785704832768,24.8495,0.8136367432706069,741.8050000000001,33.8085858178067,0.4304,0.019550959055759903,0.4304,0.019550959055759903,124.42500000000001,92.42990249372764,200.5,3.3090784215548594,241.15,2.286372673034735,201.5,2.291287847477907,223.40000000000003,1.2409673645990733,295.53499999999997,18.924752970646676,12.369555731333726,1100,8.8
136.75,2.384848003542364,231.6,5.40740233383831,6.869088227370412,0.2642914128608143,57.7003026,3.1212627733959923,0.0008516,0.0010260525522603607,3109.75,126.60071089847797,431.15,93.75994613906303,485.7,121.25926768705143,113.60000000000001,4.07921561087422,137.75,1.7853571071357124,136.25,5.769532043415653,113.60000000000001,4.07921561087422,106.30000000000001,4.57274534606947,101.4,6.836665854054885,8.4215,0.6660275895186323,58.85,11.189392298065163,4.699999999999999,3.2380549717384355,0.691902584,0.34752087963000955,10.703000000000001,0.4185462937358305,0.14203913499999998,0.00563504714987151,4.948499999999999,0.23864775297496502,1.8435,0.08125730736370729,4.289,0.906420983870078,362.19,28.658993352872677,16.0445,2.4712354703669983,719.7550000000001,33.89069894528586,8.7,1.4177446878757827,411.65700000000004,26.945322618220775,2.899,0.41127727873054215,57.7003026,3.1212627733959923,1791.5120000000002,205.8319494053341,116.7,1.268857754044952,125.79999999999998,1.4,5.1530000000000005,0.666686583035837,6.884500000000001,0.2401140354081786,24.801000000000002,0.7670130376988383,742.655,33.890698945285855,0.43065000000000003,0.019754176773533243,0.43065000000000003,0.019754176773533243,123.90000000000002,92.64839448150194,200.85000000000002,3.2905166767545793,241.34999999999997,2.3510635891017495,201.75,2.3848480035423507,223.45,1.2031209415515853,295.92499999999995,18.75022333200328,12.369555731333726,1100,8.7
137.0,2.449489742783178,232.0,5.495452665613635,6.894146721438341,0.26082998962927834,57.5578826,3.1376413288920775,0.0009316000000000001,0.001049822765994337,3107.1500000000005,125.5344574210603,436.6,93.38865027400279,493.45000000000005,120.03394311610363,113.9,4.023679907746134,138.0,1.7320508075688772,137.15,5.160184105242758,113.9,4.023679907746134,106.7,4.439594576084623,101.45000000000002,6.837214345038483,8.370000000000001,0.6668583057891682,59.5,10.973832511934926,4.75,3.2190837205639746,0.641652584,0.3494354861355892,10.6785,0.40701689154137094,0.141641455,0.005536103378051663,4.935,0.23157072353818803,1.8395000000000001,0.0798420315372799,4.2595,0.8922918524787727,360.26000000000005,28.788337916593942,15.854,2.4899927710738434,720.605,33.95133981155973,8.6,1.3928388277184118,410.927,26.631724146213298,2.8665000000000003,0.3858143983834715,57.5578826,3.1376413288920775,1795.6620000000003,205.34876258697057,116.8,1.2083045973594573,125.9,1.3379088160259651,5.1625,0.6709088984355477,6.909000000000001,0.2347743597584711,24.752499999999998,0.7140789522174699,743.505,33.95133981155973,0.4309,0.019952192861938767,0.4309,0.019952192861938767,123.37500000000001,92.86340439053482,201.2,3.2341923257592455,241.55,2.3973944189473704,202.0,2.449489742783164,223.5,1.1618950038622153,296.315,18.56586316334364,12.123266113290065,1100,8.6
137.25,2.48746859276655,232.4,5.5533773507659285,6.919205215506271,0.2548700841961421,57.4154626,3.1474971015325246,0.0010116,0.0010670856760354344,3104.55,124.4047426748675,442.05000000000007,92.69599505911785,501.20000000000005,118.2893063636777,114.2,3.9446165846631955,138.25,1.6393596310755,138.05,4.283398183685472,114.2,3.9446165846631955,107.1,4.264973622427224,101.5,6.837397165588672,8.3185,0.6637038119522892,60.14999999999999,10.714592852740603,4.8,3.1992186546092785,0.5914025840000001,0.34407765280938485,10.654,0.3936292672045615,0.14124377500000002,0.005406184058915773,4.9215,0.22345637158067322,1.8354999999999997,0.07819686694491026,4.2299999999999995,0.8769435557662763,358.33000000000004,28.788002709462155,15.663499999999999,2.494101591756037,721.4549999999999,33.99062333938582,8.5,1.3601470508735443,410.197,26.29412959198308,2.8339999999999996,0.3555896511429994,57.4154626,3.1474971015325246,1799.8120000000001,204.78035109843916,116.9,1.1357816691600546,126.0,1.2649110640673518,5.172000000000001,0.6749711104928862,6.9335,0.2266776345385667,24.704,0.6533023802191444,744.355,33.99062333938582,0.43115,0.020145160709212528,0.43115,0.020145160709212528,122.85000000000001,93.07495635239373,201.54999999999998,3.138072656902641,241.75,2.426417111710186,202.25,2.4874685927665356,223.55,1.1169153951844255,296.7049999999999,18.371376513478793,11.575758912053265,1100,8.5
136.5,2.29128784747792,230.6,6.118823416311343,6.868900906055291,0.26413184499201425,58.08535259999999,3.3362432938602726,0.0009016,0.0011023265577858497,3094.7000000000003,139.98874061866547,419.70000000000005,100.58533690354672,471.5,129.48223816415904,113.4,4.054626986542652,137.60000000000002,1.7146428199482244,135.75,5.682209077462743,113.4,4.054626986542652,106.60000000000001,4.923413450036469,102.30000000000001,7.950471684120383,8.475999999999999,0.6632601299641038,58.075,11.477450718691847,4.525,3.3633130987167994,0.746102584,0.34344152584277804,10.719000000000001,0.4219348290909394,0.142635055,0.005931328678506618,4.9245,0.26226846932103737,1.847,0.08210359310042403,4.2565,0.913128003075144,360.42,30.97443461953745,16.005,2.5127604342634813,714.82,38.7212422321392,8.85,1.49248115565993,407.752,31.396943418109995,2.936,0.4393335862417077,58.08535259999999,3.3362432938602726,1768.843,226.36305222142593,116.75,1.299038105676658,125.9,1.4798648586948742,5.0344999999999995,0.7856110678955587,6.886000000000001,0.2414829186505746,24.768,0.767636632789238,737.72,38.7212422321392,0.42745,0.021618221480963692,0.42745,0.021618221480963692,139.93,109.8697961225013,200.45000000000002,3.3686050525402944,241.04999999999998,2.3764469276632285,201.5,2.291287847477907,223.60000000000002,1.319090595827279,298.84,22.03341553186887,12.510809790525418,1100,8.85
136.75,2.3848480035423645,231.0,6.260990336999411,6.893959400123222,0.2606863097614775,57.9429326,3.3678938175084503,0.0009816,0.0011209227627272094,3092.1000000000004,138.7434593052948,425.15,100.85994001584574,479.25,129.19012152637677,113.70000000000002,4.013726448077888,137.85000000000002,1.6815171720800237,136.65,5.150485414016819,113.70000000000002,4.013726448077888,107.0,4.774934554525329,102.35,7.945281618671549,8.4245,0.6683073768858158,58.725,11.312023470626286,4.574999999999999,3.3476670981446164,0.695852584,0.35317641323454146,10.694500000000001,0.4114544324709605,0.142237375,0.00587786653938953,4.911,0.25457611828292126,1.843,0.080876448982383,4.227,0.8980373043476536,358.49,30.984091079132856,15.814499999999999,2.528235501293343,715.6700000000001,38.88236232535261,8.75,1.4790199457749038,407.02200000000005,31.03651198185776,2.9035,0.4184767018604501,57.9429326,3.3678938175084503,1772.9930000000002,226.33980430096696,116.85000000000001,1.2359207094308275,126.0,1.4142135623730951,5.0440000000000005,0.7906225395218631,6.910500000000001,0.23601853740755202,24.7195,0.7125059648873121,738.57,38.88236232535262,0.4277,0.021835979483412236,0.4277,0.021835979483412236,139.405,110.12760995772132,200.8,3.3555923471125038,241.25,2.446936860648431,201.75,2.3848480035423507,223.65000000000003,1.275735082217296,299.23,21.82471305653296,12.369555731333726,1100,8.75
137.0,2.4494897427831783,231.39999999999998,6.374950980203691,6.9190178941911515,0.25474146974005546,57.80051259999999,3.393277369063078,0.0010616,0.0011335836272635558,3089.5000000000005,137.4377222599385,430.6,100.83967473172451,487.0,128.43052596637608,114.00000000000001,3.9496835316262917,138.10000000000002,1.6093476939431082,137.55,4.375785643744447,114.00000000000001,3.9496835316262917,107.4,4.586937976471886,102.4,7.939773296511683,8.373000000000001,0.6693661180549847,59.375,11.10616382915361,4.625,3.3311972322274768,0.6456025840000001,0.3556191095219935,10.67,0.3991991983959889,0.14183969500000002,0.005796694873156171,4.8975,0.24590394466132479,1.839,0.07942921376924234,4.1975,0.8817021889504415,356.56000000000006,30.873328294824326,15.623999999999999,2.5293089965443127,716.52,39.02430780936415,8.65,1.4585952145814822,406.29200000000003,30.654466167265095,2.8709999999999996,0.3938514948556119,57.80051259999999,3.393277369063078,1777.143,226.24044203236522,116.95,1.16081867662439,126.10000000000001,1.3379088160259651,5.0535,0.7954890005524904,6.9350000000000005,0.22780474095154388,24.671,0.6491217143186627,739.4200000000001,39.02430780936416,0.42794999999999994,0.02204875279919479,0.42794999999999994,0.02204875279919479,138.88,110.38232467202347,201.15,3.305676935213119,241.45,2.4994999499899975,202.0,2.449489742783164,223.7,1.2288205727444408,299.62,21.606957212897893,11.905751859927141,1100,8.65
136.5,2.29128784747792,230.0,6.797058187186572,6.8937720788081,0.2605424159816484,58.3279826,3.5417647321994217,0.0010316000000000001,0.0011856676768808366,3077.05,149.2902876948129,413.70000000000005,106.59179142879624,465.04999999999995,136.26719157596224,113.5,3.993745109543165,137.7,1.6155494421403513,136.15,5.091905340832644,113.5,3.993745109543165,107.3,5.070502933634888,103.25,8.825389509817683,8.479,0.665303690054399,57.95,11.588679821273862,4.4,3.462657938636157,0.7500525840000001,0.3485494495184515,10.7105,0.4152285515231343,0.142833295,0.006143284805743185,4.8870000000000005,0.27357083177853575,1.8464999999999998,0.08174808866267148,4.1945,0.9025767280403367,356.72,32.93924103557944,15.774999999999999,2.5653001773671633,710.735,42.688104607724156,8.899999999999999,1.5459624833740306,403.117,34.44972236462873,2.9405,0.4457070226056575,58.3279826,3.5417647321994217,1750.324,243.44102489925567,116.9,1.2609520212918492,126.1,1.4798648586948744,4.9255,0.8786152457133897,6.912000000000001,0.2372467070372106,24.686500000000002,0.7093960459433076,733.635,42.68810460772416,0.4245,0.023131147831441483,0.4245,0.023131147831441483,155.435,122.95790855004,200.4,3.4263683398023628,240.95,2.4591665254715873,201.5,2.291287847477907,223.8,1.3638181696985727,302.145,24.309472947803705,12.369555731333726,1100,8.899999999999999
136.75,2.3848480035423645,230.39999999999998,6.959885056522126,6.918830572876031,0.25461265250169407,58.1855626,3.5812564272383014,0.0011116000000000001,0.0011942997278740375,3074.4500000000007,147.8130914364489,419.15,107.15655602901766,472.8,136.35673800733133,113.80000000000001,3.9446165846631964,137.95,1.5644487847162014,137.05,4.409931972264425,113.80000000000001,3.9446165846631964,107.7,4.86929152957594,103.30000000000001,8.815327560561775,8.4275,0.6705659922781648,58.6,11.431972708154966,4.449999999999999,3.449275286201436,0.6998025840000001,0.35869930436455494,10.686,0.40405940157358067,0.14243561500000002,0.006104611005893419,4.8735,0.26429670826553986,1.8424999999999998,0.08049068269060711,4.165,0.8852429045183023,354.79,32.73087074918723,15.5845,2.5634244186244306,711.585,42.91529185500199,8.8,1.5362291495737217,402.38700000000006,34.02224700104331,2.908,0.4255067567031105,58.1855626,3.5812564272383014,1754.4740000000002,243.73492959360587,117.0,1.1832159566199232,126.19999999999999,1.4000000000000001,4.9350000000000005,0.8842708860976936,6.9365000000000006,0.2289164694817741,24.638,0.6432231339123302,734.4850000000001,42.915291855002,0.42475,0.02336637541425713,0.42475,0.02336637541425713,154.91,123.25439505348278,200.75,3.418698582794336,241.14999999999998,2.535251466817444,201.75,2.3848480035423507,223.85000000000002,1.3143439428094805,302.53499999999997,24.06697477872947,12.010787418779111,1100,8.8
137.0,2.449489742783178,233.0,2.5298221281347035,6.853216770526695,0.27660012513681337,56.880177599999996,2.70715107873806,0.0006016000000000001,0.0007362634311168795,3132.9500000000003,97.47697163945955,454.6,81.8281125286414,514.4,109.03137163220501,114.0,4.5166359162544785,137.8,1.9390719429665317,136.2,6.273754856543249,114.0,4.5166359162544785,105.4,3.8781438859330635,99.60000000000001,3.006659275674582,8.328,0.7057875034314505,60.800000000000004,11.838918869558993,5.4,3.32264954516723,0.6595025840000001,0.317849633037409,10.652000000000001,0.46756389937633147,0.14084758,0.005393492387461023,4.996,0.1935561933909632,1.8319999999999999,0.0897552226892675,4.2780000000000005,1.0082539362680416,367.76,22.192304972670154,16.674,2.47796368012124,730.6400000000001,19.670343159182554,8.4,1.3564659966250536,419.296,11.972571319478531,2.8579999999999997,0.36907451822091436,56.880177599999996,2.70715107873806,1851.15,166.58211188479993,116.60000000000001,1.3564659966250538,125.6,1.3564659966250536,5.362,0.11702991070662239,6.864000000000001,0.24840289853381353,24.828000000000003,0.871972476629853,753.5400000000001,19.67034315918253,0.43679999999999997,0.013029197979921876,0.43679999999999997,0.013029197979921876,93.04,7.2383976127317,201.4,3.2,241.8,2.227105745132009,202.0,2.449489742783164,223.20000000000005,0.9797958971132643,290.26,6.505874268689808,11.075736540306957,1100,8.4
137.25,2.48746859276655,233.39999999999998,2.4979991993593593,6.878275264594624,0.27474604895808835,56.7377576,2.6828295447710877,0.0006816,0.0007946243389174535,3130.3500000000004,96.71380459892993,460.05,79.81696248292089,522.15,105.58090499706847,114.30000000000001,4.439594576084614,138.05,1.8834808201837363,137.1,5.726255320888163,114.30000000000001,4.439594576084614,105.80000000000001,3.815756805667783,99.65,3.0376800358168077,8.2765,0.6997233381844568,61.45,11.525948984790798,5.450000000000001,3.2935543110748915,0.609252584,0.3148119858169564,10.627500000000001,0.45453135205395917,0.14044990000000002,0.0051996854885656306,4.9825,0.18819869818890866,1.828,0.08795453370918409,4.2485,0.9952450703218781,365.83000000000004,22.834822092584837,16.4835,2.5442489559789543,731.49,19.301085461703963,8.3,1.307669683062202,418.56600000000003,11.734296911191564,2.8255,0.3365334307316289,56.7377576,2.6828295447710877,1855.3000000000002,164.48686117742048,116.7,1.307669683062202,125.69999999999999,1.307669683062202,5.371499999999999,0.12398689446873006,6.8885000000000005,0.24530134528779096,24.7795,0.827378238775954,754.3900000000001,19.301085461703934,0.43705,0.013211642592804286,0.43705,0.013211642592804286,92.515,7.7381053882717294,201.75,3.080178566252288,242.0,2.23606797749979,202.25,2.4874685927665356,223.25,0.9420721840708329,290.65,6.31391320814597,10.970700981454987,1100,8.3
137.5,2.5,233.8,2.4,6.903333758662554,0.27056847074364526,56.5953376,2.650644234272235,0.0007616000000000001,0.000841410625081476,3127.75,95.8740840894973,465.5,77.37086014773263,529.9,101.42332078964877,114.6,4.340506882842134,138.3,1.7916472867168918,138.0,4.959838707054898,114.6,4.340506882842134,106.2,3.709447398198282,99.70000000000002,3.0675723300355937,8.225,0.6897717013621243,62.1,11.166467659918244,5.500000000000001,3.2634337744161437,0.559002584,0.3035369147336376,10.603000000000002,0.4397510659452688,0.14005222,0.004966628580999388,4.968999999999999,0.18168379124181644,1.8239999999999998,0.08593020423576334,4.218999999999999,0.981177353998756,363.90000000000003,23.300429180596666,16.293,2.594902888356325,732.34,18.88640781090994,8.200000000000001,1.2489995996796797,417.836,11.444613754950398,2.793,0.29695285821153505,56.5953376,2.650644234272235,1859.4500000000003,162.25846665120437,116.80000000000001,1.2489995996796797,125.8,1.2489995996796797,5.381,0.12988071450373223,6.913,0.23966852108693798,24.731,0.7772187594236255,755.24,18.886407810909912,0.4373,0.013386933928275,0.4373,0.013386933928275,91.99000000000001,8.173793488949912,202.10000000000002,2.9137604568666933,242.2,2.227105745132009,202.5,2.499999999999986,223.3,0.8999999999999959,291.03999999999996,6.091009768503095,10.640708033581111,1100,8.200000000000001
137.75,2.48746859276655,234.2,2.227105745132009,6.928392252730483,0.2639570932047942,56.4529176,2.610304280015003,0.0008416,0.0008784735852602512,3125.1500000000005,94.95577918168014,470.95000000000005,74.44694419517835,537.6500000000001,96.46723537035774,114.9,4.217819341792621,138.55,1.6575584454250776,138.9,3.845776904605882,114.9,4.217819341792621,106.6,3.5552777669262356,99.75,3.096368841078207,8.1735,0.6757608674671829,62.75,10.755812382149477,5.550000000000001,3.2322592717787972,0.508752584,0.2830417032841902,10.5785,0.4230398917359923,0.13965454,0.0046884721368906515,4.955500000000001,0.17388142511493265,1.82,0.08366600265340757,4.1895,0.9660045289748905,361.97,23.599599572874126,16.1025,2.630828529189996,733.19,18.423243471224065,8.100000000000001,1.1789826122551597,417.106,11.099497466101779,2.7605,0.24697115216154303,56.4529176,2.610304280015003,1863.6000000000004,159.89136155527603,116.9,1.1789826122551597,125.9,1.1789826122551597,5.3905,0.1348508435272097,6.9375,0.23131958412551243,24.682499999999997,0.7203323885540617,756.09,18.423243471224033,0.43755,0.01355534949752312,0.43755,0.01355534949752312,91.465,8.555248389146861,202.45,2.692118125194361,242.4,2.2,202.75,2.4874685927665356,223.35000000000002,0.8529361054615968,291.42999999999995,5.8336180882879285,10.023593124911208,1100,8.100000000000001
136.75,2.384848003542364,232.0,4.171330722922842,6.853029449211574,0.2764369073193433,57.2652276,3.057528943583796,0.0006516,0.0008540631358394999,3117.9000000000005,117.34218124783602,443.15000000000003,92.51663363957857,500.2,121.51032877907953,113.80000000000001,4.512205669071384,137.65,1.8781639970992947,135.70000000000002,6.189507250177513,113.80000000000001,4.512205669071384,105.70000000000002,4.34856298103178,100.5,5.361902647381804,8.3825,0.710386338551073,60.025000000000006,12.235680406091033,5.2250000000000005,3.480211918834829,0.713702584,0.31893866042926744,10.668,0.4723303928395888,0.1414435,0.005825530581500713,4.972,0.22710350063352155,1.8355,0.09096565285864769,4.2455,1.0139352789996017,365.99,25.500860769785803,16.6345,2.5292280937076432,725.705,29.070818271937238,8.55,1.4654350889752845,415.39099999999996,21.51094370314794,2.895,0.40387498065614325,57.2652276,3.057528943583796,1828.4810000000002,198.31012999592335,116.65,1.3883443376914821,125.7,1.452583904633395,5.2435,0.48573938485570634,6.8655,0.2498494546722087,24.795,0.8735416418236738,748.605,29.07081827193723,0.4336,0.01691862878604529,0.4336,0.01691862878604529,109.07000000000001,67.30091455545013,201.0,3.3466401061363023,241.5,2.313006701244076,201.75,2.3848480035423507,223.35000000000002,1.1521718621802812,293.175,14.465610080463257,12.01078741877911,1100,8.55
137.0,2.449489742783178,232.4,4.24735211631906,6.878087943279503,0.2745988235604627,57.1228076,3.0540249321242685,0.0007316,0.0009004264767319983,3115.3,116.37322501331653,448.6,91.42778571090957,507.95000000000005,119.3496857976593,114.10000000000002,4.4485952839070375,137.9,1.841195263952197,136.60000000000002,5.71314274283428,114.10000000000002,4.4485952839070375,106.10000000000001,4.264973622427224,100.55000000000001,5.37098687393667,8.331,0.708335372546084,60.675000000000004,11.975260957490656,5.275,3.4549782922617616,0.6634525840000001,0.3244181966357861,10.6435,0.4602855092222654,0.14104582,0.005688386988734155,4.9585,0.2210944368363888,1.8315000000000001,0.08934623663031364,4.216,1.000041999118037,364.06,25.930530268392133,16.444000000000003,2.5913016034417913,726.5550000000001,28.9674209242038,8.450000000000001,1.4309088021254184,414.66100000000006,21.24548561459587,2.8625,0.3775695300206309,57.1228076,3.0540249321242685,1832.6310000000003,197.03143875787947,116.75,1.3369741957120937,125.80000000000001,1.4000000000000001,5.253,0.4897662707863823,6.890000000000001,0.24661711213944593,24.7465,0.8270989964931643,749.455,28.96742092420379,0.43384999999999996,0.01710635846695609,0.43384999999999996,0.01710635846695609,108.54500000000002,67.4813194521269,201.35,3.2752862470324633,241.7,2.3473389188611007,202.0,2.449489742783164,223.40000000000003,1.1135528725659958,293.565,14.301023564766272,12.01078741877911,1100,8.450000000000001
137.25,2.48746859276655,232.8,4.28485705712571,6.9031464373474325,0.270436328593982,56.9803876,3.0438604466073413,0.0008116,0.0009377162897166712,3112.7000000000003,115.3375372547897,454.05000000000007,89.9963749269936,515.7,116.63537199323369,114.4,4.363484845854278,138.15,1.7684739183827394,137.5,5.034878350069642,114.4,4.363484845854278,106.5,4.141255848169731,100.60000000000001,5.379591062525106,8.279499999999999,0.7025131671363888,61.325,11.67291201885802,5.325,3.4288299753706077,0.613202584,0.32205952633079427,10.619,0.44657474178462014,0.14064814,0.00551927420467583,4.945,0.21406774628607628,1.8275000000000001,0.08751428454829531,4.1865000000000006,0.9850699213761428,362.13,26.211468863838984,16.253500000000003,2.6382025604566453,727.4050000000001,28.838610836862447,8.350000000000001,1.3883443376914821,413.93100000000004,20.951248626275238,2.83,0.34625135378796723,56.9803876,3.0438604466073413,1836.7810000000004,195.65639028408964,116.85,1.2757350822173075,125.9,1.3379088160259651,5.262499999999999,0.49357750151318686,6.9145,0.24086251264985184,24.698,0.7748586967957445,750.3050000000001,28.838610836862433,0.4341,0.0172884354410687,0.4341,0.0172884354410687,108.02000000000001,67.65716961268777,201.7,3.163858403911275,241.9,2.364318083507378,202.25,2.4874685927665356,223.45,1.0712142642814204,293.955,14.123755697405707,11.764497800735448,1100,8.350000000000001
137.5,2.5,233.2,4.28485705712571,6.928204931415363,0.26383943127608744,56.8379676,3.0269683906517164,0.0008916,0.0009669828540362027,3110.1000000000004,114.2333029374534,459.5,88.20572543775148,523.45,113.32761137516312,114.7,4.255584566190635,138.4,1.6552945357246849,138.4,4.054626986542659,114.7,4.255584566190635,106.9,3.9736632972611057,100.65,5.387717513010496,8.228,0.692824653141038,61.975,11.325275934828255,5.375,3.401745875282279,0.562952584,0.31168475370543164,10.5945,0.4310391513540274,0.14025046000000002,0.0053151415968344645,4.9315,0.2059192803017724,1.8235000000000001,0.08545612909557745,4.157,0.9689690397530771,360.20000000000005,26.34843448859914,16.063,2.670730424434484,728.255,28.684045652592317,8.25,1.3369741957120937,413.201,20.62700121200365,2.7975000000000003,0.3083970654853902,56.8379676,3.0269683906517164,1840.931,194.18293761038842,116.95,1.2031209415515964,126.0,1.2649110640673518,5.272,0.49717803652212955,6.939,0.23239836488237178,24.6495,0.7155520596015356,751.155,28.684045652592303,0.43435,0.017465036501536444,0.43435,0.017465036501536444,107.495,67.82850046256368,202.05,3.0079062485390065,242.10000000000002,2.364318083507378,202.5,2.499999999999986,223.5,1.0246950765959544,294.34499999999997,13.933322468097844,11.216990599498649,1100,8.25
136.75,2.384848003542364,231.4,5.276362383309167,6.877900621964383,0.2744513913336017,57.5078576,3.3406638862322926,0.0007816,0.0009925259895841518,3100.25,131.44919170538859,437.15000000000003,100.42473549878038,493.75,130.14640794121058,113.9,4.4485952839070375,137.75,1.7853571071357126,136.1,5.6559702969517085,113.9,4.4485952839070375,106.4,4.651881339845203,101.45000000000002,6.844523358130937,8.3855,0.7126883961451875,59.900000000000006,12.359813914456804,5.1000000000000005,3.600694377477766,0.7176525840000001,0.3248268249434082,10.659500000000001,0.46541889733873104,0.14164174,0.006080174552954879,4.9345,0.24737572637589145,1.835,0.09058145505565694,4.1834999999999996,1.0037642900601715,362.29,28.58478441408996,16.404500000000002,2.6369233492841615,721.6200000000001,35.45395041458709,8.600000000000001,1.5297058540778354,410.756,27.102574490258306,2.8994999999999997,0.41124779634667963,57.5078576,3.3406638862322926,1809.962,222.61868990720436,116.80000000000001,1.3638181696985856,125.89999999999999,1.4798648586948742,5.1345,0.6605185462952573,6.891500000000001,0.24791682072824356,24.713500000000003,0.8255015142324086,744.52,35.453950414587084,0.43065000000000003,0.01975417677353324,0.43065000000000003,0.01975417677353324,124.57500000000002,92.37779427438176,200.95,3.4128433893163046,241.39999999999998,2.4166091947189146,201.75,2.3848480035423507,223.55,1.243985530462462,296.47999999999996,18.766422141687002,12.369555731333724,1100,8.600000000000001
137.0,2.4494897427831783,231.8,5.3814496188294845,6.902959116032312,0.2703039920306012,57.36543760000001,3.34779494222102,0.0008616000000000001,0.0010225711906757399,3097.6500000000005,130.23306031879923,442.6,99.75088972034285,501.5,128.5210099555711,114.20000000000002,4.3772137256478505,138.0,1.7320508075688774,137.0,5.059644256269407,114.20000000000002,4.3772137256478505,106.80000000000001,4.512205669071391,101.5,6.844705983459042,8.334,0.710861449229032,60.55,12.108777807854928,5.15,3.578058132562969,0.6674025840000001,0.3308092175179156,10.635000000000002,0.4527306042228647,0.14124406,0.0059621417912022225,4.921,0.23976863848301744,1.831,0.0889325587172662,4.154,0.9878785350436561,360.36,28.721183819613014,16.214,2.680220886419625,722.47,35.46725391117841,8.5,1.5,410.026,26.76625494909589,2.867,0.3858250899047391,57.36543760000001,3.34779494222102,1814.1120000000003,221.82711510543524,116.9,1.3,126.0,1.4142135623730951,5.144,0.6650443594227381,6.916,0.24204131878668989,24.665,0.7710804108522012,745.37,35.4672539111784,0.43090000000000006,0.019952192861938764,0.43090000000000006,0.019952192861938764,124.05000000000001,92.59725967867516,201.3,3.3481338085566414,241.60000000000002,2.4576411454889016,202.0,2.449489742783164,223.60000000000002,1.1999999999999906,296.87,18.570570804366792,12.228301672142033,1100,8.5
137.25,2.48746859276655,232.2,5.455272678794342,6.928017610100241,0.26372158379720056,57.2230176,3.348859482979936,0.0009416,0.001045655698592993,3095.05,128.95305347295968,448.05000000000007,98.77220003624501,509.25,126.40050435025962,114.5,4.283689998120772,138.25,1.6393596310755,137.9,4.194043395102153,114.5,4.283689998120772,107.2,4.331281565541543,101.55000000000001,6.844523358130937,8.2825,0.7052792000335751,61.2,11.816725434738679,5.2,3.5545745174352446,0.6171525840000001,0.32910011483865453,10.6105,0.4383089663696148,0.14084638,0.005814589247539334,4.907500000000001,0.23112496619794215,1.827,0.08706893820416095,4.124499999999999,0.9708371387622129,358.43000000000006,28.72756690010486,16.0235,2.709469090061741,723.32,35.46018330465876,8.4,1.4628738838327795,409.29600000000005,26.405481703616015,2.8345,0.3556469457200498,57.2230176,3.348859482979936,1818.2620000000002,220.95477341754807,117.0,1.2247448713915892,126.1,1.3379088160259653,5.1535,0.6694047729139672,6.9405,0.23346252375916787,24.616500000000002,0.709205717687047,746.22,35.46018330465876,0.43115000000000003,0.020145160709212528,0.43115000000000003,0.020145160709212528,123.525,92.81323652906413,201.64999999999998,3.2446109165815242,241.8,2.4819347291981715,202.25,2.4874685927665356,223.65,1.1521718621802834,297.26,18.364351336216593,11.764497800735448,1100,8.4
136.75,2.3848480035423645,230.8,6.128621378417825,6.902771794717192,0.27017146076781734,57.7504876,3.5852264261690143,0.0009116,0.0010986318036539811,3082.6000000000004,142.00544883912028,431.15000000000003,107.41940001694294,487.3,137.94277799145556,114.00000000000001,4.381780460041322,137.85000000000002,1.6815171720800237,136.5,5.034878350069642,114.00000000000001,4.381780460041322,107.1,4.836320915737499,102.4,7.946068210127573,8.3885,0.7149704539349859,59.775000000000006,12.481461252593785,4.9750000000000005,3.713068138345969,0.721602584,0.3305629414940755,10.651,0.4582455673544483,0.14183998,0.006318357416101124,4.897,0.2607700136135286,1.8345,0.09019284894047865,4.1215,0.9896124241338122,358.59000000000003,30.927429573115194,16.1745,2.721017227067848,717.5350000000001,40.44104690781385,8.65,1.5898113095584647,406.121,31.038877863092928,2.904,0.4184423496731659,57.7504876,3.5852264261690143,1791.4430000000002,243.1159143515702,116.95000000000002,1.3219304066402287,126.10000000000001,1.4798648586948742,5.0255,0.7828567876693667,6.9175,0.24320516030709555,24.631999999999998,0.7658629120149371,740.4350000000001,40.44104690781385,0.4277,0.021835979483412236,0.4277,0.021835979483412236,140.07999999999998,109.80478404878359,200.89999999999998,3.477067730142742,241.29999999999998,2.511971337416094,201.75,2.3848480035423507,223.75,1.299038105676647,299.785,21.754477125410304,12.369555731333724,1100,8.65
137.0,2.449489742783178,231.2,6.2577951388648065,6.927830288785121,0.2636035505192757,57.6080676,3.6014795613031936,0.0009916,0.0011165732577847276,3080.0000000000005,140.55435781220018,436.6,107.0954714261999,495.05,136.77626804383866,114.30000000000001,4.302324952859783,138.10000000000002,1.6093476939431082,137.4,4.2708313008125245,114.30000000000001,4.302324952859783,107.5,4.642197755374064,102.45,7.940245588141465,8.337,0.7133659649857146,60.425000000000004,12.239561879413822,5.025,3.692813967694555,0.6713525840000001,0.3370327958540765,10.6265,0.4448850975251927,0.14144230000000002,0.006217549738281155,4.883500000000001,0.2515606288750286,1.8304999999999998,0.08851412316687093,4.0920000000000005,0.9716151501494819,356.66,30.82272538241874,15.984,2.7470937370246395,718.385,40.53845427492272,8.55,1.5644487847162016,405.39099999999996,30.635399442475045,2.8714999999999997,0.39385625550446707,57.6080676,3.6014795613031936,1795.5930000000003,242.7081445089967,117.05000000000001,1.2439855304624727,126.20000000000002,1.4000000000000001,5.035,0.7879942893194086,6.942,0.2345122598074566,24.5835,0.7012508467018057,741.2850000000001,40.53845427492272,0.42795,0.02204875279919479,0.42795,0.02204875279919479,139.555,110.06346566867681,201.25,3.418698582794336,241.5,2.5592967784139455,202.0,2.449489742783164,223.8,1.2489995996796701,300.175,21.52595816682733,12.01078741877911,1100,8.55
136.75,2.384848003542364,230.2,6.823488843692792,6.927642967470001,0.2634853311926161,57.9931176,3.798673876397478,0.0010416000000000002,0.0011811332862975287,3064.9500000000007,149.76368051032935,425.15000000000003,113.66937802240321,480.85,145.03491820937467,114.10000000000001,4.311612227462013,137.95,1.5644487847162014,136.9,4.288356328478313,114.10000000000001,4.311612227462013,107.80000000000001,4.915282290977803,103.35,8.810646968299206,8.3915,0.7172327028238463,59.650000000000006,12.600694425308474,4.8500000000000005,3.8180492401225,0.7255525840000001,0.3361547937715832,10.6425,0.4507979037218343,0.14203822,0.006541877412914437,4.859500000000001,0.2683183743242342,1.8339999999999999,0.08979977728257459,4.0595,0.971305693383911,354.89000000000004,32.68855916066048,15.944500000000001,2.7836495379267845,713.45,44.50392679303704,8.7,1.6462077633154328,401.486,33.901443686073314,2.9085,0.4254676838491967,57.9931176,3.798673876397478,1772.924,260.70233563203846,117.1,1.2609520212918492,126.3,1.452583904633395,4.916500000000001,0.8750329993777377,6.9435,0.23554776585652437,24.5505,0.6916319469197467,736.3500000000001,44.503926793037046,0.42475,0.02336637541425713,0.42475,0.02336637541425713,155.585,122.88089467040838,200.85000000000002,3.5394208565809184,241.2,2.5999999999999996,201.75,2.3848480035423507,223.95,1.3219304066402178,303.09,23.92676116819826,12.01078741877911,1100,8.7
137.0,2.449489742783178,232.8,2.3579652245103193,6.862029165120664,0.28681174243684865,56.687732600000004,2.9035776125414046,0.0005316,0.0006628784503964509,3123.4500000000003,105.80033081233725,460.6,87.79886104044859,522.45,116.87620587613203,114.30000000000001,4.828043081829318,137.8,1.9390719429665317,136.05,6.1682655584856265,114.30000000000001,4.828043081829318,105.5,3.9937451095431715,99.65,3.0540956108150903,8.292,0.7454770284857876,61.85,12.791696525480896,5.800000000000001,3.6,0.6852525840000001,0.2957003443454464,10.6085,0.5055815957884545,0.140450185,0.005775594371861222,4.982,0.20745119908065107,1.8235,0.09727666729488628,4.172499999999999,1.095535827802998,367.86,22.071166711345384,17.034,2.5560563374072958,732.505,21.32426962406919,8.3,1.452583904633395,418.395,12.868841245426871,2.8585000000000003,0.3690972094177902,56.687732600000004,2.9035776125414046,1869.6000000000001,180.94542685572355,116.7,1.452583904633395,125.69999999999999,1.452583904633395,5.343500000000001,0.11507714803556794,6.871,0.25651315755726856,24.7405,0.9263934099506533,755.4050000000001,21.32426962406916,0.43679999999999997,0.013029197979921876,0.43679999999999997,0.013029197979921876,93.715,6.632290328385811,201.5,3.3090784215548594,241.85,2.2863726730347356,202.0,2.449489742783164,223.3,1.053565375285267,290.815,7.015858821270577,10.970700981454987,1100,8.3
137.25,2.48746859276655,233.2,2.3579652245103193,6.887087659188595,0.2842482842810598,56.5453126,2.871385435889031,0.0006116,0.0007348141533748519,3120.8500000000004,104.86233832983127,466.05,85.54617174368471,530.2,113.11392487222783,114.6,4.737087712930797,138.05,1.8834808201837363,136.95,5.634491991297884,114.6,4.737087712930797,105.9,3.9230090491866063,99.7,3.083828789021855,8.2405,0.737227746357935,62.5,12.44789138770097,5.85,3.5675621928706445,0.635002584,0.29682446974266724,10.584,0.491389865585362,0.140052505,0.005566721414573843,4.968500000000001,0.2015260529063176,1.8195000000000001,0.0952614822475485,4.143,1.080699310631778,365.93,22.725604502410942,16.8435,2.6464094071023854,733.355,20.90845462964683,8.2,1.4,417.665,12.595351324992878,2.826,0.3366065953008052,56.5453126,2.871385435889031,1873.75,178.59014530482918,116.80000000000001,1.4000000000000001,125.8,1.4,5.353,0.12357588761566722,6.8955,0.25283344319927314,24.692,0.8797363241335436,756.2550000000001,20.9084546296468,0.43705,0.013211642592804286,0.43705,0.013211642592804286,93.19,7.223565601557168,201.85,3.1823733281939126,242.05,2.290742237791062,202.25,2.4874685927665356,223.35000000000002,1.013656746635659,291.205,6.80650240578817,10.970700981454987,1100,8.2
137.5,2.5,233.60000000000002,2.2891046284519194,6.912146153256524,0.27942323164670146,56.4028926,2.831674200542789,0.0006916,0.0007922725793563728,3118.25,103.85080644848166,471.5,82.87490573146977,537.95,108.67082175082695,114.9,4.624932431938864,138.3,1.7916472867168918,137.85000000000002,4.881342028581894,114.9,4.624932431938864,106.30000000000001,3.809199390948182,99.75,3.112474899497183,8.189,0.725237202575819,63.15,12.059332485672662,5.9,3.5341194094144583,0.5847525840000001,0.2893453179680217,10.5595,0.47551524686386254,0.139654825,0.005320055028087116,4.955,0.19448650338776705,1.8155000000000001,0.09303090884216922,4.1135,1.0648393071257278,364.0,23.20172407387004,16.653,2.7204707313257384,734.205,20.448899114622286,8.100000000000001,1.3379088160259653,416.935,12.27244372568071,2.7935,0.29709047443497755,56.4028926,2.831674200542789,1877.9,176.10561461804676,116.9,1.3379088160259651,125.9,1.3379088160259651,5.362500000000001,0.13083864108129528,6.92,0.2466779276708803,24.6435,0.8276247640084239,757.105,20.448899114622254,0.4373,0.013386933928275,0.4373,0.013386933928275,92.665,7.73442143925452,202.2,3.0099833886584824,242.25,2.277608394786075,202.5,2.499999999999986,223.4,0.9695359714832618,291.595,6.56737961442767,10.724411363411324,1100,8.100000000000001
137.75,2.48746859276655,234.0,2.1447610589527217,6.937204647324453,0.2722163503560014,56.2604726,2.7841221815508823,0.0007716,0.0008382361481110201,3115.6500000000005,102.76356358165087,476.95000000000005,79.74300909797672,545.7,103.45921901889652,115.2,4.489988864128723,138.55,1.6575584454250776,138.75,3.779880950506246,115.2,4.489988864128723,106.69999999999999,3.64828726939094,99.80000000000001,3.1400636936215167,8.1375,0.7093156913532926,63.8,11.621531740695803,5.95,3.4996428389194234,0.5345025840000001,0.27255556354992205,10.535,0.45778269954204265,0.139257145,0.005030038263420568,4.9415,0.18620620290419948,1.8115,0.09056903444334602,4.084,1.047909347224272,362.07000000000005,23.51036154549735,16.4625,2.7795429030687755,735.0550000000001,19.942579447002338,8.0,1.2649110640673518,416.20500000000004,11.89609494750272,2.761,0.2472023462671826,56.2604726,2.7841221815508823,1882.0500000000002,173.48628187842405,117.0,1.2649110640673518,126.0,1.2649110640673518,5.372,0.1370620297529553,6.9445,0.23785447231448062,24.595,0.7689505835877878,757.955,19.942579447002302,0.43755,0.013555349497523121,0.43755,0.013555349497523121,92.14,8.179938875077243,202.55,2.7834331319433563,242.45,2.246664193866097,202.75,2.4874685927665356,223.45,0.9205976319760963,291.985,6.295099284363999,10.176904162174525,1100,8.0
137.0,2.449489742783178,232.2,4.1182520563948,6.886900337873474,0.2841117933105302,56.930362599999995,3.2438480444798343,0.0006616,0.0008522275752403228,3105.8,122.06280145892113,454.6,97.17942168998538,516.0,126.9661372177637,114.4,4.75815090134812,137.9,1.841195263952197,136.45,5.607807058021879,114.4,4.75815090134812,106.2,4.354308211415448,100.6,5.388877434122992,8.295,0.748034090132261,61.725,12.92814275137771,5.675000000000001,3.735890121510535,0.689202584,0.30241369964407294,10.600000000000001,0.49811645224786566,0.140648425,0.0060649019710029145,4.9445,0.23109467756744184,1.823,0.09685556256612213,4.1105,1.0819541348874266,364.15999999999997,25.841253839548894,16.804000000000002,2.6969545787795535,728.4200000000001,30.366932673551343,8.350000000000001,1.525614630239236,413.76,21.5704195601291,2.8630000000000004,0.37758575184982823,56.930362599999995,3.2438480444798343,1851.0810000000001,210.9416660098237,116.85,1.4239030865898141,125.9,1.4798648586948742,5.2345,0.4851646627692499,6.897,0.2540688882960684,24.659,0.8761843413346299,751.32,30.36693267355133,0.43384999999999996,0.017106358466956087,0.43384999999999996,0.017106358466956087,109.22,67.26358301488257,201.45,3.3834154341434335,241.75,2.405722344743882,202.0,2.449489742783164,223.5,1.1618950038622164,294.12,14.413417360223779,11.90575185992714,1100,8.350000000000001
137.25,2.48746859276655,232.60000000000002,4.17612260356422,6.911958831941403,0.2793011893018233,56.7879426,3.2257948220957333,0.0007416,0.0008977949877338367,3103.2000000000003,120.871615774755,460.05000000000007,95.49213318383876,523.75,123.91564671178536,114.7,4.65939910288869,138.15,1.7684739183827394,137.35,4.942418436352795,114.7,4.65939910288869,106.60000000000001,4.223742416388576,100.65,5.3969899017878475,8.243500000000001,0.7400221280475332,62.375,12.594517656504356,5.725,3.706329046374593,0.6389525840000001,0.3041662258115052,10.575500000000002,0.48327502521856036,0.140250745,0.005879762328825464,4.931000000000001,0.2235374688950376,1.819,0.09481033698917012,4.081,1.065213124215056,362.23,26.13053960407248,16.613500000000002,2.766946466775243,729.27,30.191623010364978,8.25,1.479019945774904,413.03,21.249745880833494,2.8305000000000002,0.3463159684450026,56.7879426,3.2257948220957333,1855.2310000000002,209.2923473493477,116.95,1.3592277219068187,126.0,1.4142135623730951,5.244,0.48937102488806994,6.9215,0.24779578285354265,24.610500000000002,0.8219031268951343,752.1700000000001,30.191623010364964,0.4341,0.017288435441068697,0.4341,0.017288435441068697,108.69500000000001,67.44525539279987,201.8,3.2649655434629015,241.95,2.4181604578687494,202.25,2.4874685927665356,223.55,1.1169153951844268,294.51,14.222338063764347,11.764497800735448,1100,8.25
137.5,2.5,233.0,4.1952353926806065,6.937017326009332,0.272108326485603,56.6455226,3.2013102661322352,0.0008216,0.0009343339017717382,3100.6000000000004,119.612070879155,465.5,93.45720945973082,531.5,120.2898582591234,115.0,4.53872228716408,138.4,1.6552945357246849,138.25,3.973348713616765,115.0,4.53872228716408,107.0,4.049691346263318,100.7,5.404627646748664,8.192,0.7282897774924482,63.025,12.2172777245997,5.775,3.6758502417808048,0.5887025840000001,0.2975399386912883,10.551,0.46667869032129605,0.139853065,0.005660730995576016,4.9175,0.21486914622625533,1.815,0.09254728521139882,4.0515,1.047374216791687,360.3,26.275273547577015,16.423,2.8223821498868644,730.12,29.991208711887555,8.15,1.4239030865898141,412.3,20.89867459912231,2.798,0.308522284446359,56.6455226,3.2013102661322352,1859.3810000000003,207.546963020421,117.05000000000001,1.2835497652993437,126.1,1.3379088160259651,5.253500000000001,0.4933586423688147,6.946,0.23885979150958003,24.561999999999998,0.7606878466230411,753.02,29.991208711887538,0.43435,0.017465036501536444,0.43435,0.017465036501536444,108.17,67.62236390425878,202.14999999999998,3.102821296820041,242.15,2.414021540914662,202.5,2.499999999999986,223.60000000000002,1.0677078252031258,294.9,14.017810100012063,11.300693929328864,1100,8.15
137.0,2.449489742783178,231.60000000000002,5.2573757712379665,6.9117715106262825,0.279178967919128,57.1729926,3.53505285469675,0.0007915999999999999,0.0009896341950438052,3088.1500000000005,134.09660696676855,448.6,105.38994259415838,509.55,136.00568921923818,114.5,4.6850827100489845,138.0,1.7320508075688772,136.85000000000002,4.952524608722303,114.5,4.6850827100489845,106.9,4.581484475582124,101.55000000000001,6.851824574520279,8.298,0.7505704497247409,61.599999999999994,13.0619676925033,5.550000000000001,3.862965182343739,0.6931525840000001,0.30893072495110546,10.5915,0.4903904056973385,0.14084666499999998,0.006334823067164154,4.907,0.24690281488877341,1.8225,0.09643002644404905,4.0485,1.0645951108285252,360.46000000000004,28.653523343561094,16.573999999999998,2.8120995714945796,724.335,36.826651694119576,8.4,1.5937377450509227,409.125,26.869917658973208,2.8675,0.3858351331851469,57.1729926,3.53505285469675,1832.5620000000004,235.72360657346138,117.0,1.378404875209022,126.1,1.4798648586948744,5.125500000000001,0.658608191567642,6.923,0.24889957814347546,24.5775,0.8148059584956403,747.235,36.82665169411957,0.43090000000000006,0.019952192861938767,0.43090000000000006,0.019952192861938767,124.72500000000002,92.32541294248296,201.39999999999998,3.455430508634199,241.65,2.515452245621053,202.0,2.449489742783164,223.7,1.2288205727444417,297.42499999999995,18.558687318881155,12.123266113290063,1100,8.4
137.25,2.48746859276655,232.0,5.347896782848375,6.936830004694212,0.2720001307093428,57.0305726,3.528301505439075,0.0008716,0.0010189798035290002,3085.55,132.66778056483798,454.05000000000007,104.15060009428655,517.3000000000001,133.5372981604765,114.80000000000001,4.578209256903832,138.25,1.6393596310755,137.75,4.0972551787751765,114.80000000000001,4.578209256903832,107.30000000000001,4.3943145085439665,101.6,6.851277253184256,8.246500000000001,0.7427938812348953,62.25,12.738229861326886,5.6,3.836013555763327,0.642902584,0.31128478120655945,10.567,0.47486945574547135,0.140448985,0.006170593535817689,4.8935,0.23772410479377115,1.8184999999999998,0.09435438516571447,4.019,1.0458293359817366,358.53000000000003,28.66665484495881,16.383499999999998,2.8640360943954595,725.185,36.77676270418591,8.3,1.5524174696260025,408.395,26.485733423864254,2.835,0.3557035282366483,57.0305726,3.528301505439075,1836.7120000000002,234.57669661754557,117.1,1.3,126.2,1.4,5.135,0.663275960667956,6.947500000000001,0.2398515165680635,24.529000000000003,0.7508854772866493,748.085,36.77676270418591,0.43115000000000003,0.020145160709212528,0.43115000000000003,0.020145160709212528,124.20000000000002,92.54585349976517,201.75,3.344772040064913,241.85000000000002,2.535251466817444,202.25,2.4874685927665356,223.75,1.1779218989389673,297.81499999999994,18.340536388012218,11.764497800735448,1100,8.3
137.0,2.449489742783178,231.0,6.131883886702357,6.936642683379091,0.2718917628219977,57.41562259999999,3.7885232745125963,0.0009216,0.0010948332475769998,3070.5000000000005,142.97352027560908,442.6,112.6864676880059,503.1,144.1925448835688,114.60000000000002,4.608687448721158,138.10000000000002,1.6093476939431082,137.25,4.157823950096974,114.60000000000002,4.608687448721158,107.6,4.694677837722201,102.5,7.940403012442127,8.301,0.7530863164339129,61.475,13.193251115627262,5.425,3.9820691857374855,0.697102584,0.3152635959085914,10.583,0.48239092031256164,0.141044905,0.006587741075017678,4.8695,0.2563293779495434,1.8219999999999998,0.09599999999999999,3.9865,1.0432702190707832,356.76,30.77171428438787,16.344,2.90455573194938,720.25,41.91514642703756,8.45,1.6575584454250776,404.49,30.589794049649964,2.872,0.39386038135359597,57.41562259999999,3.7885232745125963,1814.0430000000001,256.8052651543578,117.15,1.3143439428094916,126.30000000000001,1.452583904633395,5.016500000000001,0.7799889422293113,6.949,0.2408298154299007,24.496000000000002,0.739482251308305,743.1500000000001,41.91514642703757,0.42795,0.02204875279919479,0.42795,0.02204875279919479,140.23,109.73952842982331,201.35,3.525265947414464,241.54999999999998,2.6167728216259047,202.0,2.449489742783164,223.89999999999998,1.26095202129184,300.73,21.430284645799745,11.90575185992714,1100,8.45
