Co(%),Cr(%),Cu(%),Fe(%),Ni(%),UTS(Gpa),Young's modulus(Gpa),Dislocation density 0%(×10¹⁷ m⁻²),Dislocation density 20%(×10¹⁷ m⁻²),FCC 0%(%),HCP 0%(%),BCC 0%(%),Other 0%(%),FCC 20%(%),HCP 20%(%),BCC 20%(%),Other 20%(%),1/2 110 Perfect 0%(count),1/6 112 Shockley 0%(count),1/6 110 Stair-rod 0%(count),1/3 100 Hirth 0%(count),1/3 111 Frank 0%(count),Other 0%(count),1/2 110 Perfect 20%(count),1/6 112 Shockley 20%(count),1/6 110 Stair-rod 20%(count),1/3 100 Hirth 20%(count),1/3 111 Frank 20%(count),Other 20%(count),1/2 110 Perfect 0%(Å),1/6 112 Shockley 0%(Å),1/6 110 Stair-rod 0%(Å),1/3 100 Hirth 0%(Å),1/3 111 Frank 0%(Å),Other 0%(Å),1/2 110 Perfect 20%(Å),1/6 112 Shockley 20%(Å),1/6 110 Stair-rod 20%(Å),1/3 100 Hirth 20%(Å),1/3 111 Frank 20%(Å),Other 20%(Å),T_K
20,15,5,40,20,5.293017446,160.02566,2.642,2.672,84.9,0.7,0.2,14.2,65.5,16.3,0.6,17.6,1484,1980,83,17,169,3843,819,4029,404,197,117,2947,14407.5,21157.8,876.308,146.351,1737.13,34090.2,6752.1,55170.1,6112.86,2089.08,1038.93,24046.1,80
20,15,10,35,20,5.11372669,156.93468,2.416,2.589,84.9,0.7,0.2,14.2,66.6,15.0,0.6,17.8,1383,1934,81,25,190,3742,866,3937,472,189,124,3027,12369.9,19793.2,832.733,223.844,1924.66,31210.0,7135.2,55084.6,6810.42,2267.45,1068.89,25338.1,80
20,15,10,40,15,5.145159935,150.0363,2.447,2.481,84.8,0.7,0.2,14.3,65.7,16.0,0.6,17.7,1391,1848,67,16,187,3723,765,4326,431,207,145,2606,13302.2,19655.9,675.103,105.469,2110.01,31524.7,6326.96,58784.2,6133.73,2443.95,1447.02,22529.3,80
20,15,15,30,20,5.104525749,152.93321,2.428,2.517,84.9,0.7,0.2,14.2,66.6,14.9,0.6,17.9,1378,1818,66,27,178,3783,804,3578,412,195,108,2802,12814.2,19124.8,686.578,181.951,1787.46,32226.9,6802.95,49974.7,5922.73,2469.93,1040.85,22791.2,80
20,15,15,35,15,5.013364537,147.13383,2.352,3.26,84.7,0.6,0.2,14.499999999999998,65.0,16.3,0.6,18.099999999999998,1429,1810,71,14,168,3593,825,3501,351,196,119,3269,13310.5,18322.1,736.214,139.463,1788.12,30600.5,6532.95,49592.4,5429.03,2183.42,1101.46,26298.8,80
20,15,15,40,10,4.814893998,141.06361,2.338,3.551,84.6,0.6,0.2,14.600000000000007,66.1,15.3,0.6,18.000000000000004,1339,1747,63,12,163,3411,879,4052,470,250,107,2890,12919.2,18501.6,647.97,122.276,1725.88,30741.0,7176.36,56806.1,7282.75,2909.75,1099.32,24327.5,80
20,15,20,25,20,5.159090293,150.35162,2.056,3.203,84.7,0.6,0.1,14.599999999999998,67.8,13.8,0.5,17.900000000000002,1142,1412,71,19,166,3515,748,3668,438,185,146,2358,10759.2,14665.7,714.033,162.016,1920.71,28476.2,6669.06,50985.8,6656.83,2384.56,1372.16,21475.9,80
20,15,20,30,15,4.930486783,143.46535,2.266,3.313,84.6,0.6,0.1,14.700000000000006,65.1,16.2,0.5,18.200000000000006,1263,1780,68,22,181,3570,819,3678,443,204,128,2821,11585.3,17969.0,720.431,162.123,1797.64,30428.8,6656.23,51923.2,6700.41,2319.66,1252.23,23945.1,80
20,15,20,35,10,4.827076114,136.81046,2.217,3.434,84.6,0.6,0.2,14.600000000000007,65.4,15.8,0.6,18.199999999999992,1284,1723,60,19,169,3441,679,4047,390,194,141,2452,11598.0,18036.6,628.6,160.158,1818.32,29218.3,5803.04,58294.6,5151.91,2819.93,1331.39,23106.6,80
20,15,20,40,5,4.721009197,131.68535,2.2,3.474,84.5,0.6,0.2,14.700000000000001,65.0,15.8,0.6,18.599999999999998,1318,1451,54,22,140,3842,699,4223,431,238,148,2467,12214.9,15475.6,554.688,155.08,1528.71,31211.2,5775.66,59624.7,6285.25,2903.01,1430.42,21952.8,80
20,20,0,40,20,5.295611774,164.99443,2.521,3.376,84.9,0.7,0.2,14.199999999999996,64.5,17.4,0.7,17.400000000000002,1445,2010,67,19,154,3786,867,3937,453,193,93,3068,13507.1,21010.2,667.851,156.159,1616.79,31867.5,6927.07,52285.9,6866.03,2178.27,894.939,24259.3,80
20,20,5,35,20,5.243037197,160.90343,2.349,3.782,84.8,0.7,0.2,14.300000000000004,66.4,15.1,0.7,17.799999999999994,1436,1703,67,26,136,3873,760,4551,492,259,142,2747,12947.0,17438.3,661.247,197.622,1377.13,31674.5,6584.72,62498.7,6830.96,2779.96,1382.58,24813.5,80
20,20,5,40,15,5.165497757,155.68585,2.503,3.444,84.8,0.7,0.2,14.300000000000004,65.4,16.2,0.7,17.699999999999996,1469,1622,48,30,160,4110,800,3925,420,203,126,3006,13618.6,17512.6,526.207,262.136,1759.12,34977.4,6643.65,54235.9,5992.98,2453.14,1251.22,25211.5,80
20,20,10,30,20,5.165519802,157.37871,2.32,3.206,84.8,0.6,0.2,14.400000000000004,66.0,15.0,0.6,18.4,1351,1628,60,28,193,3855,718,3674,417,197,125,2789,12151.9,16624.7,598.432,208.903,2074.49,31971.6,5807.32,49991.1,6491.28,2371.58,1160.57,23278.6,80
20,20,10,35,15,4.969549347,152.53599,2.395,3.373,84.8,0.6,0.2,14.400000000000004,65.5,16.0,0.6,17.9,1405,1514,72,26,160,4193,697,4034,430,231,104,2889,12966.0,15971.7,739.514,185.592,1624.2,34356.2,5706.42,54675.9,6110.36,2694.85,932.743,23790.7,80
20,20,10,40,10,4.986801959,146.28504,2.293,3.575,84.7,0.6,0.2,14.499999999999998,64.0,17.3,0.7,18.0,1315,1572,58,24,150,3751,725,4160,401,224,130,2902,12370.1,16329.4,580.2,213.542,1553.62,32127.0,6001.81,58632.2,5792.3,2666.49,1359.42,25449.6,80
20,20,15,25,20,5.154613255,154.8062,2.284,3.332,84.8,0.6,0.1,14.500000000000004,67.2,14.4,0.6,17.799999999999997,1340,1698,58,15,195,3550,661,4004,444,207,139,2391,12387.6,17565.7,594.34,105.896,2099.59,30011.6,5802.13,55263.1,6579.3,2308.81,1325.88,21438.1,80
20,20,15,30,15,4.925627663,149.79197,2.264,3.437,84.7,0.6,0.1,14.599999999999998,67.0,14.4,0.6,18.0,1309,1782,63,17,182,3389,926,3710,415,221,98,3438,12032.3,18653.0,641.093,148.103,2028.6,28863.9,7202.68,51666.5,5981.86,2532.94,877.683,27657.1,80
20,20,15,35,10,4.893253241,143.11863,2.367,3.343,84.6,0.6,0.2,14.600000000000007,65.5,15.9,0.6,18.0,1420,1818,51,26,148,3599,776,4017,425,252,130,2600,13335.9,18730.1,528.475,220.373,1432.76,31108.9,6316.63,55186.0,6196.87,2872.5,1131.65,21823.2,80
20,20,15,40,5,4.742978907,135.34838,2.268,3.54,84.5,0.7,0.2,14.600000000000001,65.0,15.9,0.7,18.400000000000002,1412,1503,57,18,138,3776,655,4189,482,225,128,2675,13483.2,15971.8,604.186,139.205,1499.76,31086.5,5570.2,59076.8,6744.55,3164.92,1230.33,23617.7,80
20,20,20,20,20,4.981482768,153.37502,2.233,3.07,84.8,0.6,0.1,14.500000000000004,66.8,14.9,0.5,17.800000000000004,1241,1604,66,21,191,3411,730,3324,392,177,141,2776,11713.1,17184.8,632.276,170.668,2070.91,29709.9,6525.99,46351.7,6225.55,2135.55,1330.97,23012.3,80
20,20,20,25,15,5.029168356,147.46276,2.261,3.207,84.7,0.6,0.1,14.599999999999998,66.5,14.9,0.6,18.0,1307,1726,71,14,163,3519,734,3754,412,204,112,2606,11955.9,18109.8,742.856,134.43,1655.93,29805.9,6166.45,52199.9,6249.87,2280.4,1044.38,21703.4,80
20,20,20,30,10,4.815892697,140.40515,2.119,3.228,84.6,0.6,0.1,14.700000000000006,66.5,14.9,0.6,18.0,1294,1629,58,15,192,3447,788,3625,421,168,123,2894,11804.3,16428.9,585.54,128.225,1993.24,27686.8,7050.4,49905.8,6349.21,1966.38,1143.9,24102.7,80
20,20,20,35,5,4.755250945,134.25267,2.331,3.587,84.6,0.6,0.2,14.600000000000007,65.6,15.2,0.6,18.600000000000005,1423,1548,48,22,149,3877,690,4109,494,240,130,2587,13728.4,16300.4,463.561,154.203,1588.18,32437.2,6341.84,59221.0,7470.19,2876.2,1213.55,23777.9,80
20,25,0,35,20,5.125418969,164.44086,2.576,3.337,84.8,0.6,0.2,14.400000000000004,66.5,15.4,0.7,17.400000000000002,1511,1895,71,20,183,3818,675,3800,415,220,128,2983,14400.4,20012.1,683.084,157.644,1882.19,33097.5,5229.06,52399.5,6017.58,2699.15,1128.64,24396.1,80
20,25,0,40,15,5.11774437,161.55828,2.526,3.725,84.8,0.7,0.2,14.300000000000004,63.8,17.7,0.8,17.700000000000003,1595,1643,63,35,147,4191,853,4265,499,225,116,3303,14834.4,16824.9,634.557,264.422,1470.13,34993.2,6887.52,58244.0,6774.16,2628.91,1169.34,27477.7,80
20,25,5,30,20,5.133844023,160.46857,2.418,3.323,84.8,0.6,0.2,14.400000000000004,66.0,15.9,0.7,17.400000000000002,1374,1700,65,18,177,3919,756,3838,434,203,112,2541,12858.2,17274.5,658.657,140.606,1807.75,33333.7,6411.35,53456.7,5982.21,2609.24,1052.23,22422.4,80
20,25,5,35,15,5.030579914,157.08374,2.309,3.618,84.8,0.6,0.2,14.400000000000004,65.5,16.3,0.7,17.5,1404,1744,69,21,187,3623,934,4085,402,218,138,3321,12581.1,17958.3,680.436,172.277,1994.81,29847.7,7956.73,55797.2,5706.43,2367.65,1249.0,27300.4,80
20,25,5,40,10,4.925450032,151.51089,2.332,3.469,84.7,0.7,0.2,14.399999999999999,66.0,15.7,0.7,17.6,1351,1820,59,21,172,3531,762,4175,407,224,132,2670,12625.2,19023.9,663.405,180.606,1802.26,29703.3,6471.07,57554.3,5729.31,2482.76,1212.24,23093.3,80
20,25,10,25,20,5.029734021,157.30276,2.345,3.544,84.8,0.6,0.2,14.400000000000004,67.8,14.0,0.6,17.6,1382,1690,55,20,159,3667,964,3788,475,205,136,3361,13465.7,17640.1,530.012,156.585,1507.39,30908.3,8196.32,52258.4,7036.79,2386.27,1238.62,27104.4,80
20,25,10,30,15,5.044260429,154.10061,2.267,3.301,84.7,0.7,0.2,14.399999999999999,66.1,15.7,0.6,17.600000000000005,1283,1803,78,27,178,3623,908,3562,381,195,117,3378,11458.2,17977.4,839.13,231.413,1696.06,30009.6,7423.71,49398.4,5488.06,2317.71,997.038,26112.7,80
20,25,10,35,10,4.893075089,148.46835,2.343,3.479,84.7,0.6,0.2,14.499999999999998,65.6,15.9,0.7,17.800000000000008,1306,1792,65,15,175,3518,789,4169,434,225,141,2791,12324.5,18923.0,672.589,112.95,1813.94,30589.2,6609.27,56217.3,6051.84,2665.84,1308.03,24114.3,80
20,25,10,40,5,4.837938505,142.64404,2.476,3.654,84.6,0.7,0.2,14.500000000000007,64.3,17.0,0.7,18.000000000000004,1380,1890,72,21,188,3748,739,4488,434,254,112,2667,13097.7,20206.2,726.464,176.619,2017.25,32025.2,6300.14,62001.7,6364.57,3101.78,1002.11,23369.5,80
20,25,15,20,20,5.034371271,155.50743,2.173,3.373,84.8,0.6,0.1,14.500000000000004,68.8,13.1,0.6,17.5,1286,1677,60,24,204,3473,800,3888,468,178,178,2519,11513.7,16924.0,601.075,196.788,2233.27,28146.7,7318.78,53286.1,6562.88,1815.73,1719.21,22890.8,80
20,25,15,25,15,5.042068326,151.98811,2.337,3.301,84.7,0.6,0.1,14.599999999999998,66.0,15.6,0.6,17.799999999999997,1454,1576,61,20,169,3801,788,3607,462,170,136,2810,13643.9,16584.7,651.428,163.176,1750.59,31471.8,6941.93,50533.6,7205.66,2021.58,1378.26,23818.6,80
20,25,15,30,10,5.020301938,146.03217,2.195,3.458,84.6,0.7,0.2,14.500000000000007,66.2,15.1,0.6,18.099999999999994,1198,1556,72,21,166,3903,773,4088,422,225,154,2544,10597.1,15990.2,701.495,204.252,1590.45,31419.3,6682.87,56911.0,5820.79,2462.81,1469.48,23237.9,80
20,25,15,35,5,4.810508274,139.96377,2.241,3.762,84.5,0.7,0.2,14.600000000000001,64.0,17.2,0.6,18.2,1333,1784,84,21,164,3510,753,4331,468,282,124,2476,12152.7,18323.6,857.631,146.213,1632.4,28791.9,6766.69,62679.5,7118.15,3503.91,1156.9,24144.3,80
20,25,20,15,20,5.045275265,153.21531,2.223,3.21,84.8,0.6,0.1,14.500000000000004,67.8,13.8,0.6,17.8,1302,1703,57,22,164,3481,765,3543,449,195,147,2406,12059.6,17806.0,535.651,202.609,1762.8,28727.2,6732.75,50380.9,7037.37,1930.97,1512.7,21690.9,80
20,25,20,20,15,4.855954468,149.80096,2.156,3.35,84.7,0.6,0.1,14.599999999999998,68.3,13.4,0.6,17.700000000000003,1210,1466,65,14,161,3613,766,3975,424,183,139,2595,11299.1,15574.1,710.616,117.775,1794.52,29894.9,6331.08,55213.2,6121.95,2146.81,1300.5,22274.4,80
20,25,20,25,10,4.870047868,143.69539,2.082,3.197,84.6,0.6,0.1,14.700000000000006,66.0,15.5,0.6,17.9,1190,1739,59,27,164,3122,603,3714,477,205,146,2232,10874.2,18003.6,666.5,219.659,1738.47,25982.5,5426.53,52893.9,6680.43,2519.57,1445.15,20437.9,80
20,25,20,30,5,4.721550016,136.45737,2.168,3.221,84.5,0.6,0.2,14.700000000000001,64.7,16.3,0.6,18.399999999999995,1330,1433,76,21,146,3888,668,3760,440,193,95,2704,11862.7,14848.9,760.068,118.817,1542.94,30903.7,5352.2,52930.4,6610.55,2504.31,832.257,22152.0,80
25,15,0,40,20,5.036005127,163.78645,2.45,3.537,84.8,0.7,0.2,14.300000000000004,64.6,17.2,0.7,17.500000000000007,1389,1639,80,26,149,4165,740,4158,453,227,108,2944,12737.1,16957.1,813.713,197.277,1575.64,34670.7,6197.88,57144.3,6623.51,2560.39,936.209,24560.7,80
25,15,5,35,20,5.193663816,160.49948,2.333,3.524,84.8,0.6,0.2,14.400000000000004,66.0,15.7,0.7,17.6,1389,1876,60,29,166,3599,856,4016,456,232,105,3171,12081.1,19071.3,585.963,185.508,1759.6,29487.0,7135.95,55197.3,6367.66,2553.29,961.697,25552.9,80
25,15,5,40,15,4.934641461,155.2338,2.296,3.531,84.7,0.7,0.2,14.399999999999999,64.4,17.3,0.7,17.599999999999994,1215,1882,60,23,213,3544,832,4070,403,210,115,3006,10970.7,19415.1,691.258,228.231,2321.5,29388.9,6862.43,56246.3,6448.14,2575.56,1075.81,25068.3,80
25,15,10,30,20,5.030341171,157.74102,2.359,3.23,84.8,0.6,0.2,14.400000000000004,67.2,14.6,0.6,17.599999999999994,1314,1553,66,23,172,3994,771,3727,412,211,124,2945,12660.4,16035.6,645.014,171.538,1777.39,33464.8,6280.72,50125.7,5835.34,2441.03,1127.07,23948.5,80
25,15,10,35,15,4.938760922,152.5622,2.283,3.391,84.7,0.7,0.2,14.399999999999999,66.5,15.2,0.6,17.7,1351,1580,63,28,162,3904,779,4064,418,246,107,2702,12167.7,16137.5,660.538,211.538,1602.9,32016.6,6383.6,55284.6,6416.61,2790.13,1041.47,22624.3,80
25,15,10,40,10,4.862341463,145.69291,2.241,3.64,84.6,0.7,0.2,14.500000000000007,63.4,18.0,0.7,17.900000000000002,1275,1964,64,19,166,3378,727,4329,446,233,113,2745,11501.3,20196.6,667.86,132.276,1713.02,27585.0,6645.88,60776.1,6087.41,2928.66,1081.81,24215.3,80
25,15,15,25,20,4.990376892,154.9701,2.129,3.301,84.7,0.6,0.2,14.499999999999998,67.6,14.0,0.6,17.800000000000004,1115,1792,58,21,159,3283,754,3770,453,179,143,2675,10315.4,18376.1,597.742,157.041,1613.09,27492.2,6176.51,53559.6,6742.02,2141.31,1452.34,21813.5,80
25,15,15,30,15,4.886511383,149.45811,2.181,3.563,84.6,0.6,0.2,14.600000000000007,66.3,15.0,0.6,18.1,1145,1510,55,24,171,3746,889,4129,468,214,129,3117,10835.1,16147.8,544.982,206.6,1722.55,30677.1,7601.25,55223.5,6609.68,2705.81,1254.64,26094.0,80
25,15,15,35,10,4.726624429,143.42309,2.201,3.472,84.6,0.6,0.2,14.600000000000007,64.3,16.9,0.7,18.100000000000005,1258,1562,76,16,140,3872,806,4093,430,230,127,3020,11216.0,16421.1,697.798,162.455,1485.71,30846.9,6541.31,55648.9,6186.58,2757.65,1121.13,24929.8,80
25,15,15,40,5,4.636144214,136.11494,2.263,3.358,84.5,0.7,0.2,14.600000000000001,65.0,16.1,0.6,18.299999999999997,1275,1854,64,19,170,3515,700,4062,431,256,125,2524,11800.0,19502.8,636.679,162.767,1709.23,28889.8,5909.88,56609.6,6249.36,2920.5,1159.98,21505.9,80
25,15,20,20,20,5.004267283,153.63444,2.14,3.325,84.7,0.6,0.1,14.599999999999998,68.0,13.6,0.6,17.799999999999997,1220,1559,69,18,179,3418,774,3719,432,158,144,2534,10993.7,16738.6,687.578,164.965,1945.21,28423.1,6908.05,52589.3,7083.44,1786.13,1571.09,22832.1,80
25,15,20,25,15,4.802901025,147.05625,2.207,3.454,84.6,0.6,0.1,14.700000000000006,66.1,15.2,0.6,18.100000000000005,1147,1776,58,19,179,3371,679,3846,508,212,128,2594,10607.9,18700.6,619.505,136.634,1885.56,28998.5,6320.27,55754.1,7919.56,2469.44,1314.27,22796.3,80
25,15,20,30,10,4.685821963,140.75455,2.127,3.246,84.6,0.6,0.2,14.600000000000007,65.7,15.3,0.6,18.399999999999995,1243,1356,54,23,119,3822,687,3778,409,221,130,3069,11356.3,14256.9,585.572,162.144,1341.47,31198.0,5567.18,51854.5,5552.85,2485.97,1215.46,24355.0,80
25,15,20,35,5,4.578307251,134.05074,2.151,3.301,84.5,0.6,0.2,14.700000000000001,64.6,16.4,0.6,18.400000000000006,1200,1646,62,23,163,3432,742,3820,490,206,96,2815,11394.5,16943.4,626.43,180.682,1718.23,28864.1,6282.68,53155.7,7211.6,2380.3,911.635,22941.2,80
25,20,0,35,20,5.072076861,164.33015,2.343,3.612,84.8,0.6,0.2,14.400000000000004,64.8,16.9,0.7,17.600000000000005,1394,1770,67,24,168,3757,903,3942,450,219,108,3414,12521.3,18115.0,631.422,160.875,1652.76,30866.9,7039.85,55205.6,6849.41,2430.78,989.478,27295.5,80
25,20,0,40,15,4.901672981,159.83481,2.628,3.89,84.7,0.7,0.2,14.399999999999999,63.4,18.4,0.8,17.400000000000002,1480,1702,84,21,133,4512,801,4810,439,242,120,2948,13568.2,17763.9,859.12,160.489,1386.95,38128.6,6972.91,64477.1,6247.97,2637.51,1073.03,26345.3,80
25,20,5,30,20,5.120819946,161.2035,2.317,3.581,84.8,0.6,0.2,14.400000000000004,65.8,15.7,0.7,17.800000000000004,1258,1925,59,23,172,3450,882,4055,504,221,122,3202,11655.0,20155.2,594.832,162.079,1704.67,29080.3,6971.98,54934.8,7525.98,2490.79,1160.62,26064.5,80
25,20,5,35,15,4.947211237,157.12012,2.51,3.756,84.7,0.6,0.2,14.499999999999998,65.9,15.6,0.7,17.799999999999994,1389,1624,82,23,167,4156,786,4529,464,248,130,2794,13149.9,17614.5,866.483,177.036,1694.19,35293.0,6879.03,61239.8,6926.41,2979.52,1237.19,25026.1,80
25,20,5,40,10,4.84331703,151.59452,2.484,3.649,84.6,0.7,0.2,14.500000000000007,64.0,17.5,0.7,17.8,1396,2002,86,23,168,3741,692,4428,418,256,114,2585,12517.3,20663.5,917.277,213.958,1853.08,32048.1,6129.9,61982.1,5686.96,3054.63,1055.67,23651.9,80
25,20,10,25,20,5.060348524,158.04629,2.276,3.435,84.8,0.6,0.2,14.400000000000004,67.2,14.6,0.6,17.599999999999994,1249,1548,80,28,174,3682,760,3913,489,211,129,2722,11778.3,15838.7,803.124,264.939,1896.2,31773.7,6406.95,54933.8,7067.45,2194.7,1185.81,23495.2,80
25,20,10,30,15,4.948686771,154.29834,2.406,3.318,84.7,0.6,0.2,14.499999999999998,65.2,16.5,0.7,17.599999999999998,1479,1531,71,18,180,3978,747,3644,456,190,89,3151,13824.4,15895.8,746.561,147.463,1890.5,33567.2,5885.54,51046.2,6596.22,2160.02,828.092,25753.5,80
25,20,10,35,10,4.924488334,148.0504,2.29,3.494,84.6,0.7,0.2,14.500000000000007,64.3,17.0,0.7,18.000000000000004,1310,1815,72,25,148,3584,636,4306,480,238,138,2412,12212.0,18663.9,733.044,217.782,1581.97,29617.2,5766.88,59121.3,6886.24,2555.74,1284.85,21825.3,80
25,20,10,40,5,4.714743296,143.06924,2.277,3.352,84.5,0.6,0.2,14.700000000000001,64.6,16.7,0.7,18.000000000000007,1467,1608,61,28,159,3901,723,3839,428,223,102,3125,12858.1,16528.8,671.009,232.695,1499.86,31043.3,5849.26,53079.9,6412.07,2441.37,894.387,25117.1,80
25,20,15,20,20,4.969108965,156.63067,2.26,3.378,84.8,0.6,0.2,14.400000000000004,65.5,16.0,0.6,17.9,1451,1382,57,16,159,3913,636,3930,460,221,136,2720,13034.0,14335.5,662.61,114.97,1634.64,32253.5,5271.49,54262.0,6474.32,2486.49,1355.09,23996.1,80
25,20,15,25,15,4.846280702,151.33545,2.121,3.374,84.6,0.6,0.2,14.600000000000007,66.7,14.7,0.6,17.999999999999996,1217,1649,66,25,172,3293,736,4040,450,199,127,2549,11458.7,17275.2,624.335,184.405,1806.16,27024.7,6237.76,55702.8,6617.66,2410.35,1165.42,21823.7,80
25,20,15,30,10,4.701509351,145.90453,2.308,3.307,84.6,0.6,0.2,14.600000000000007,65.8,15.6,0.6,18.0,1379,1481,50,19,155,3951,632,3985,439,205,139,2485,12579.2,15345.0,535.553,147.163,1489.03,33551.8,5580.56,55115.8,6053.94,2326.82,1267.39,22022.0,80
25,20,15,35,5,4.80401468,138.90982,2.112,3.565,84.5,0.6,0.2,14.700000000000001,65.3,15.8,0.7,18.200000000000003,1072,1823,68,18,149,3265,834,4028,440,263,114,3199,9969.85,19462.0,640.319,124.632,1545.47,26668.1,6811.04,56256.4,6353.11,3130.64,1068.25,26265.2,80
25,20,20,15,20,4.99220009,153.31098,2.127,3.2,84.7,0.6,0.1,14.599999999999998,68.3,13.4,0.5,17.800000000000004,1141,1488,63,22,185,3576,814,3659,464,174,137,2611,10189.3,15348.1,684.317,169.309,1990.43,30117.3,6803.64,49703.7,6924.61,1931.58,1238.92,22408.0,80
25,20,20,20,15,4.984152365,149.65038,2.107,2.997,84.7,0.6,0.2,14.499999999999998,67.1,14.7,0.5,17.700000000000006,1305,1518,74,23,158,3556,724,3422,412,166,101,2654,11450.4,15481.0,736.308,149.443,1686.5,28586.8,5928.96,46791.9,6189.05,1989.38,900.079,21851.4,80
25,20,20,25,10,4.757435551,144.11692,2.084,3.531,84.6,0.6,0.2,14.600000000000007,64.8,16.3,0.6,18.3,1147,1678,52,19,166,3295,739,4140,533,208,147,2453,10628.5,17723.1,589.262,178.569,1741.0,26738.3,6612.04,59193.7,7443.56,2559.34,1456.6,21517.2,80
25,20,20,30,5,4.704303636,137.75347,2.149,3.464,84.5,0.6,0.2,14.700000000000001,64.0,16.8,0.6,18.599999999999998,1224,1661,49,26,133,3557,688,4206,457,197,104,2495,11320.9,16590.0,488.346,183.783,1300.35,29664.8,6127.33,58539.3,7337.77,2205.94,902.044,22128.4,80
25,25,0,30,20,5.038329292,165.71088,2.484,3.356,84.9,0.7,0.2,14.199999999999996,66.6,15.4,0.7,17.300000000000008,1427,1829,70,25,173,3764,817,3771,398,205,94,2942,13129.5,19051.8,662.451,216.587,1795.1,32836.1,6818.91,52336.5,5616.09,2580.76,835.113,24315.0,80
25,25,0,35,15,5.027705422,160.48446,2.483,3.63,84.8,0.7,0.2,14.300000000000004,65.3,16.8,0.7,17.200000000000003,1410,1664,64,16,146,4122,703,4470,461,239,147,2626,13291.4,17176.2,680.321,153.831,1496.06,34996.5,6299.4,60464.4,6493.04,2847.78,1317.93,22917.3,80
25,25,0,40,10,4.77744208,157.38012,2.437,3.542,84.7,0.7,0.2,14.399999999999999,65.0,16.7,0.8,17.5,1339,1993,77,26,166,3612,909,4105,393,198,91,3458,13251.1,20387.8,729.088,192.265,1727.74,30387.9,7190.81,55173.2,5335.0,2236.53,753.034,27536.3,80
25,25,5,25,20,5.029015822,160.99367,2.455,3.33,84.8,0.6,0.2,14.400000000000004,66.4,15.5,0.7,17.399999999999995,1412,1441,59,19,163,4293,906,3666,431,187,123,3205,12988.8,15325.9,599.325,120.599,1695.95,36301.3,7150.61,50175.5,6179.56,2216.61,1345.81,24906.6,80
25,25,5,30,15,4.983674072,156.87005,2.312,3.298,84.7,0.7,0.2,14.399999999999999,66.2,15.6,0.7,17.499999999999996,1373,1844,74,30,187,3553,769,3797,372,193,98,3222,12326.7,18867.3,804.545,223.53,1849.82,29181.9,6120.48,51521.3,5398.23,2123.55,900.391,25316.9,80
25,25,5,35,10,4.957200443,153.34588,2.396,3.667,84.6,0.7,0.2,14.500000000000007,64.4,17.0,0.7,17.899999999999995,1305,1864,71,28,165,3620,671,4408,498,227,96,2529,12585.4,19731.5,710.212,205.542,1614.5,30861.7,5598.39,62246.3,7722.75,2637.48,990.704,22682.9,80
25,25,5,40,5,4.775933157,147.64549,2.343,3.773,84.5,0.7,0.2,14.600000000000001,65.0,16.6,0.8,17.599999999999998,1377,1904,68,19,169,3395,827,4567,445,276,123,3066,12986.6,19718.1,670.04,115.921,1683.25,29214.5,6831.3,61816.0,6495.03,3239.76,1134.85,25600.7,80
25,25,10,20,20,4.927581621,158.27565,2.346,3.271,84.8,0.6,0.2,14.400000000000004,67.5,14.4,0.6,17.5,1308,1733,66,27,198,3700,715,3891,454,216,160,2211,12099.9,18312.0,655.209,202.506,2033.55,30889.8,5986.83,52967.9,6959.71,2572.69,1497.92,20559.6,80
25,25,10,25,15,4.955697444,156.35331,2.204,3.404,84.7,0.6,0.2,14.499999999999998,65.9,15.5,0.7,17.899999999999995,1185,1725,60,18,159,3395,769,3910,421,183,127,2688,11233.6,18003.3,658.81,152.137,1794.61,28588.9,6427.32,55526.3,6161.18,2140.88,1262.72,23014.2,80
25,25,10,30,10,4.722477533,150.73043,2.365,3.816,84.6,0.6,0.2,14.600000000000007,65.1,16.1,0.7,18.100000000000005,1277,1737,79,23,184,3606,781,4605,503,286,145,2650,12083.9,18895.8,767.043,172.689,1946.1,31132.1,7037.22,63007.4,7191.04,3102.69,1370.01,24441.1,80
25,25,10,35,5,4.785965578,145.17873,2.35,3.466,84.5,0.7,0.2,14.600000000000001,64.7,16.5,0.7,18.099999999999998,1410,1627,68,18,128,3781,886,3919,464,230,105,3304,13543.9,17046.6,662.299,129.937,1309.98,32032.7,7389.1,53251.0,6621.56,2890.92,971.927,25631.8,80
25,25,15,15,20,4.930799294,157.01704,2.2,3.385,84.8,0.6,0.2,14.400000000000004,67.8,13.9,0.6,17.700000000000003,1219,1472,64,17,111,4027,785,3903,497,173,158,2441,10964.5,14893.4,653.242,101.314,1266.81,32412.9,6486.31,55255.6,7390.22,2080.92,1542.84,21059.9,80
25,25,15,20,15,4.9189026,153.5642,2.084,3.437,84.7,0.6,0.2,14.499999999999998,66.3,15.3,0.6,17.8,1196,1629,84,23,179,3331,771,3710,438,193,125,3081,10854.3,16530.4,830.035,149.52,1911.28,26979.0,6617.65,52944.0,6820.2,2295.92,1103.86,25719.5,80
25,25,15,25,10,4.835495984,148.06186,2.223,3.295,84.6,0.7,0.2,14.500000000000007,66.2,15.3,0.7,17.799999999999997,1318,1672,70,20,193,3631,652,3857,495,195,108,2478,12071.5,16846.7,683.299,153.612,1969.67,29481.9,5662.34,53962.1,7184.99,2252.79,911.114,21900.3,80
25,25,15,30,5,4.679207599,142.75546,2.279,3.17,84.6,0.6,0.2,14.600000000000007,62.8,18.5,0.7,18.000000000000004,1384,1544,74,22,141,3819,609,3645,433,201,90,2617,12389.4,16595.6,812.367,184.524,1459.1,31466.5,4895.13,53066.4,6268.51,2235.96,807.764,21383.4,80
25,25,20,15,15,4.754532783,151.75944,2.163,3.425,84.6,0.7,0.2,14.500000000000007,67.2,14.2,0.6,17.999999999999996,1259,1633,75,18,185,3455,783,3774,468,201,125,2958,11250.4,17175.5,766.21,142.639,1966.97,28218.4,6475.75,53884.1,7101.13,2312.84,1176.96,24357.2,80
25,25,20,20,10,4.738311182,146.52832,2.065,3.28,84.6,0.6,0.2,14.600000000000007,65.6,15.7,0.6,18.100000000000005,1173,1512,77,14,156,3430,621,3804,507,207,117,2398,10563.5,15500.5,777.095,94.2039,1593.39,28451.4,5370.56,53675.2,7834.55,2372.83,1120.72,21194.0,80
25,25,20,25,5,4.617725598,140.50662,2.143,3.348,84.5,0.6,0.2,14.700000000000001,63.4,17.6,0.7,18.3,1264,1556,56,24,160,3512,745,3748,417,204,88,3073,11459.3,16494.8,565.155,182.635,1729.8,28828.2,6057.91,53291.9,6189.62,2127.99,796.387,25342.3,80
30,15,0,35,20,5.000517402,164.20083,2.54,3.424,84.8,0.7,0.2,14.300000000000004,64.0,17.9,0.7,17.400000000000002,1319,1935,73,22,185,3811,716,3901,469,212,111,3064,12242.0,21117.6,762.162,153.585,2013.03,33087.6,5737.9,54119.9,6766.62,2284.31,967.906,24852.0,80
30,15,0,40,15,4.871238368,159.35807,2.384,3.783,84.6,0.7,0.2,14.500000000000007,64.9,16.8,0.8,17.499999999999993,1333,1893,65,22,177,3740,706,4660,499,254,131,2629,12298.6,19485.5,632.427,178.988,1748.25,30886.9,6187.9,63482.1,7015.28,2940.75,1179.95,24126.2,80
30,15,5,30,20,4.972561692,161.71955,2.315,3.402,84.8,0.6,0.2,14.400000000000004,66.1,15.7,0.7,17.500000000000007,1274,1817,73,25,165,3503,812,3801,455,187,108,3123,11819.5,19024.3,731.855,181.176,1791.05,29805.7,6409.64,52440.3,6885.33,2147.06,965.595,25379.4,80
30,15,5,35,15,5.04880794,156.53745,2.458,3.663,84.6,0.7,0.2,14.500000000000007,65.7,15.7,0.7,17.9,1354,1873,81,23,173,3725,909,4349,490,208,106,3307,12629.7,19586.5,842.087,188.012,1826.96,32334.4,7053.6,58045.4,7168.51,2244.65,910.588,26309.6,80
30,15,5,40,10,4.758171655,152.0995,2.26,3.722,84.6,0.7,0.2,14.500000000000007,63.0,18.1,0.8,18.099999999999998,1224,1981,68,33,188,3345,658,4646,492,279,113,2541,11410.8,20225.6,701.371,269.775,2049.21,27471.4,5412.18,63478.8,7431.11,3491.54,1052.86,22880.8,80
30,15,10,25,20,4.878088675,159.12502,2.235,3.292,84.7,0.7,0.2,14.399999999999999,66.3,15.3,0.7,17.700000000000003,1282,1523,70,13,151,3829,815,3869,473,192,129,2895,11386.7,16240.7,729.174,103.565,1487.12,31355.8,7011.1,50918.9,6909.15,2017.59,1198.92,23342.1,80
30,15,10,30,15,4.933895818,155.03033,2.274,3.319,84.7,0.6,0.2,14.499999999999998,64.7,16.9,0.7,17.7,1261,1861,54,21,172,3439,568,4053,433,226,126,2126,11691.2,19204.7,573.886,159.804,1697.02,29178.1,4872.58,57808.3,6215.66,2563.47,1130.11,19773.7,80
30,15,10,35,10,4.807823841,148.86514,2.173,3.626,84.6,0.7,0.2,14.500000000000007,64.8,16.5,0.7,18.000000000000004,1236,1823,82,22,165,3326,729,4436,517,222,143,2709,11501.2,18532.6,775.245,148.451,1622.49,27271.6,6071.33,60062.4,7363.9,2490.94,1438.88,23778.8,80
30,15,10,40,5,4.674061297,136.7119,2.271,3.583,84.5,0.7,0.2,14.600000000000001,62.6,18.6,0.7,18.099999999999998,1384,1735,76,27,148,3724,614,4379,460,248,127,2694,12334.7,17922.2,757.515,255.123,1426.31,30020.9,5381.81,59724.7,6876.97,2883.31,1165.42,24272.6,80
30,15,15,20,20,4.888258752,156.10113,2.181,3.268,84.7,0.6,0.2,14.499999999999998,67.6,14.1,0.6,17.700000000000003,1187,1729,62,27,150,3283,821,3855,470,167,139,2557,11647.8,17864.9,662.805,180.94,1541.3,28025.0,7097.33,52157.3,6739.71,1632.59,1300.01,21903.8,80
30,15,15,25,15,4.918097028,152.10733,2.177,3.317,84.6,0.6,0.2,14.600000000000007,66.1,15.5,0.6,17.800000000000004,1311,1466,66,16,168,3851,706,3719,496,175,138,2765,11670.6,14626.5,679.684,112.82,1621.22,31249.9,5864.62,52805.2,7269.09,1853.0,1423.9,23224.1,80
30,15,15,30,10,4.718655617,147.12581,2.099,3.492,84.6,0.6,0.2,14.600000000000007,63.8,17.3,0.7,18.200000000000003,1187,1572,68,28,154,3310,639,4258,533,224,96,2343,11376.3,16391.9,668.49,217.925,1581.1,27704.5,5307.62,59908.6,7951.2,2572.94,981.524,20932.1,80
30,15,15,35,5,4.669383875,139.08596,2.152,3.217,84.4,0.7,0.2,14.699999999999996,62.7,18.2,0.7,18.4,1240,1818,63,30,153,3257,556,3916,457,243,115,2567,11326.6,18692.5,639.433,298.66,1438.68,27147.4,4378.1,54575.4,6691.68,2762.61,1100.64,20706.0,80
30,15,20,15,20,4.869669824,154.74408,2.014,3.408,84.7,0.6,0.2,14.499999999999998,67.2,14.2,0.6,17.999999999999996,1126,1593,80,22,189,3139,681,3879,528,196,121,2616,10366.9,16299.9,856.388,176.794,2050.4,25683.3,5918.33,53475.3,8163.49,2406.8,1127.29,23789.6,80
30,15,20,20,15,4.84935602,149.56645,2.024,3.273,84.6,0.6,0.2,14.600000000000007,66.5,15.0,0.6,17.9,1259,1390,52,13,159,3615,739,3831,452,181,128,2429,10896.7,14091.8,517.537,90.1301,1572.46,28668.0,6773.88,53454.7,6554.53,1913.18,1168.84,21488.3,80
30,15,20,25,10,4.737976048,145.00101,2.038,3.433,84.5,0.7,0.2,14.600000000000001,65.8,15.5,0.6,18.1,1036,1698,67,22,154,3262,643,4127,527,241,157,2139,9410.92,17519.9,758.238,163.292,1535.26,26974.8,5740.54,57994.5,8116.8,2688.17,1597.65,20015.1,80
30,15,20,30,5,4.505706536,138.1118,2.085,3.661,84.4,0.6,0.2,14.799999999999995,63.6,17.0,0.7,18.7,1150,1769,63,19,184,3305,640,4503,520,268,115,2418,10211.1,18110.5,639.247,126.216,1920.12,26804.6,5939.39,62268.8,7960.99,3213.24,1148.71,22307.1,80
30,20,0,30,20,5.068296561,164.85819,2.424,3.442,84.8,0.7,0.2,14.300000000000004,64.6,17.3,0.7,17.400000000000006,1379,1839,56,24,167,3646,783,3978,461,204,101,3029,12964.4,19407.7,522.92,162.741,1710.74,31335.1,6146.77,54314.5,6511.78,2219.61,890.058,24927.2,80
30,20,0,35,15,4.918333981,160.79367,2.428,3.573,84.7,0.7,0.2,14.399999999999999,63.0,18.3,0.8,17.9,1297,1793,83,24,176,3750,862,4142,479,217,97,3227,12393.9,18926.9,871.673,230.181,1940.59,31987.6,6881.27,56551.6,6818.28,2453.46,890.489,25346.1,80
30,20,0,40,10,4.679828524,155.73856,2.459,3.802,84.6,0.7,0.2,14.500000000000007,61.9,19.5,0.8,17.8,1378,1926,69,23,170,3623,686,4520,496,276,109,2874,13336.8,21026.4,736.705,195.357,1794.54,30242.7,5601.02,62659.6,7611.97,3268.9,979.55,25389.0,80
30,20,5,25,20,4.948401902,161.09552,2.286,3.434,84.7,0.7,0.2,14.399999999999999,66.6,15.1,0.7,17.600000000000005,1299,1699,65,18,182,3556,756,3763,494,195,120,2804,12238.7,17541.8,699.61,129.008,1775.44,30078.9,6480.75,53736.5,7756.27,2283.43,1215.95,23471.5,80
30,20,5,30,15,4.991594432,157.77394,2.339,3.544,84.7,0.6,0.2,14.499999999999998,66.1,15.6,0.7,17.600000000000005,1219,1868,81,29,182,3593,841,4043,417,227,128,3260,11337.7,19183.2,805.805,228.836,1855.14,30636.8,7079.97,54789.1,6051.2,2480.32,1285.56,26552.3,80
30,20,5,35,10,4.780464677,153.26091,2.354,3.943,84.6,0.7,0.2,14.500000000000007,64.3,17.1,0.8,17.8,1367,1889,70,26,161,3642,816,4902,528,269,114,2825,12452.6,19794.5,709.468,181.261,1558.57,29907.4,6913.93,66398.0,7832.92,2956.24,1043.55,24441.3,80
30,20,5,40,5,4.72599289,147.11632,2.181,3.572,84.5,0.7,0.2,14.600000000000001,62.6,18.5,0.8,18.099999999999998,1297,1836,80,27,158,3331,744,4332,477,248,78,2941,11465.1,18754.2,839.421,204.269,1575.09,27161.4,5971.41,59033.4,6486.86,3182.01,672.066,24290.3,80
30,20,10,20,20,4.852476593,159.83102,2.307,3.32,84.8,0.6,0.2,14.400000000000004,65.7,16.0,0.6,17.699999999999996,1348,1800,65,19,173,3553,805,3601,464,176,130,3483,12542.1,18285.2,644.187,131.119,1967.35,29586.2,6254.25,48391.0,6496.39,1887.69,1161.65,27738.9,80
30,20,10,25,15,4.925349182,156.30948,2.346,3.312,84.6,0.7,0.2,14.500000000000007,66.1,15.4,0.7,17.800000000000008,1288,1656,67,15,178,3692,745,4024,485,195,87,2794,12469.6,17466.5,740.177,113.21,1939.4,31632.3,5883.68,53146.4,7089.77,2420.99,756.017,22671.6,80
30,20,10,30,10,4.806202377,150.54777,2.182,3.441,84.6,0.6,0.2,14.600000000000007,64.1,17.2,0.7,18.000000000000007,1207,1795,64,22,188,3274,724,4067,483,198,110,2882,11474.7,19098.8,644.885,219.216,1858.74,26705.2,5990.44,55903.1,6667.81,2411.35,1016.04,23840.6,80
30,20,10,35,5,4.666167912,145.43702,2.244,3.614,84.4,0.7,0.2,14.699999999999996,63.6,17.4,0.7,18.3,1162,1645,68,19,151,3863,706,4207,426,255,106,2812,10860.9,17118.9,689.254,136.735,1562.08,31490.6,6068.17,61040.8,6762.55,2979.88,936.722,23086.6,80
30,20,15,15,20,4.875570606,158.14883,2.207,3.306,84.8,0.6,0.2,14.400000000000004,67.3,14.2,0.6,17.900000000000002,1283,1389,67,25,147,3801,676,3689,442,187,117,2823,11624.2,15175.3,723.51,224.355,1515.64,31279.2,5899.57,52854.3,6292.13,1948.6,1075.09,23583.8,80
30,20,15,20,15,4.726854004,153.78069,2.195,3.356,84.6,0.7,0.2,14.500000000000007,65.9,15.5,0.7,17.899999999999995,1304,1782,70,23,180,3325,732,3752,491,181,129,2982,11745.3,18008.9,751.326,176.105,1819.19,27835.5,5852.95,52157.5,7103.81,2109.83,1220.86,24918.2,80
30,20,15,25,10,4.793735211,148.14415,2.143,3.45,84.5,0.7,0.2,14.600000000000001,64.5,16.7,0.7,18.1,1040,1805,63,15,149,3394,638,4192,491,219,118,2397,9308.67,18467.3,687.285,104.725,1497.14,28989.1,5414.78,58934.8,7296.02,2493.22,1017.75,21068.5,80
30,20,15,30,5,4.494822952,141.81141,2.238,3.542,84.4,0.7,0.2,14.699999999999996,65.0,16.1,0.7,18.2,1209,1627,74,26,149,3637,707,4108,485,248,103,2955,11149.3,17591.5,782.234,175.263,1547.57,30587.7,5849.37,57221.1,7147.6,2827.36,944.676,25090.4,80
30,20,20,15,15,4.638482556,151.64873,2.011,3.591,84.6,0.7,0.2,14.500000000000007,66.5,14.8,0.6,18.099999999999998,1135,1726,78,22,198,3138,748,4088,549,218,151,2755,9940.3,17239.9,775.606,141.003,2064.28,25227.6,6477.52,57668.8,8105.46,2473.38,1428.15,23882.5,80
30,20,20,20,10,4.694372764,147.43741,2.057,3.266,84.5,0.6,0.2,14.700000000000001,66.0,15.4,0.6,18.0,1229,1581,66,16,172,3138,643,3760,451,204,110,2384,11377.0,16659.4,670.792,121.359,1730.62,26226.3,5738.15,54488.6,7263.63,2465.77,1024.45,20257.8,80
30,20,20,25,5,4.562967213,140.77422,2.125,3.341,84.5,0.7,0.2,14.600000000000001,64.7,16.5,0.6,18.199999999999996,1152,1702,68,20,151,3332,619,3980,513,225,118,2426,10527.6,18035.7,706.48,163.924,1629.2,27757.3,5301.0,54969.0,7413.62,2741.17,1222.71,21971.0,80
30,25,0,25,20,4.973625039,163.27038,2.517,3.508,84.8,0.7,0.2,14.300000000000004,65.9,16.0,0.8,17.299999999999994,1406,1982,60,22,176,3727,808,4150,367,183,99,3037,13077.0,20703.8,606.934,180.706,1781.44,32180.0,6707.87,56924.5,5528.46,2082.54,892.601,24484.3,80
30,25,0,30,15,4.923479585,161.2386,2.245,3.63,84.7,0.7,0.2,14.399999999999999,64.6,16.9,0.8,17.700000000000006,1274,1901,66,22,171,3334,783,4266,508,235,137,3257,11446.9,19816.8,641.433,139.311,1927.08,27277.8,6244.39,56504.6,7138.9,2468.13,1210.28,26686.2,80
30,25,0,35,10,4.914090738,158.37107,2.386,3.808,84.6,0.7,0.2,14.500000000000007,64.2,17.4,0.8,17.599999999999998,1370,1888,84,28,181,3476,693,4755,522,258,146,2643,12912.5,20166.2,894.782,227.371,2001.77,29029.1,5605.2,64766.7,7296.65,3080.1,1303.55,23364.7,80
30,25,0,40,5,4.812639568,153.46158,2.385,3.904,84.6,0.7,0.2,14.500000000000007,63.7,17.7,0.9,17.7,1346,1990,75,25,161,3558,778,4910,527,298,117,2756,12193.3,20628.3,748.196,179.201,1644.7,29950.4,6456.41,66327.5,7185.73,3435.41,1007.94,23990.2,80
30,25,5,20,20,4.902136486,162.30059,2.41,3.37,84.8,0.7,0.2,14.300000000000004,66.8,15.0,0.7,17.500000000000004,1289,1612,68,22,200,4119,757,3755,512,182,137,3205,11772.6,16760.3,719.396,202.772,2116.64,34185.6,5889.91,51663.0,6944.42,1830.63,1251.85,25382.7,80
30,25,5,25,15,4.913596938,158.82203,2.231,3.364,84.7,0.7,0.2,14.399999999999999,65.3,16.5,0.7,17.500000000000004,1229,1954,77,21,197,3303,952,3763,422,181,109,3186,10765.6,20057.0,730.842,177.207,2080.1,27178.6,7688.25,51105.3,6242.53,1851.24,989.111,25189.2,80
30,25,5,30,10,4.892401353,154.73792,2.311,3.56,84.5,0.7,0.2,14.600000000000001,65.4,16.1,0.8,17.699999999999992,1359,1861,76,23,153,3667,844,4041,458,236,109,3296,12054.8,18722.9,825.292,163.926,1571.45,29980.6,7082.22,54779.3,6494.3,2732.46,942.93,26685.6,80
30,25,5,35,5,4.719444986,149.43653,2.256,3.602,84.5,0.7,0.2,14.600000000000001,63.6,17.8,0.8,17.799999999999997,1238,2004,91,36,171,3470,771,4291,464,207,112,3039,10866.5,20133.0,919.627,277.566,1709.84,28029.7,6341.24,57807.3,6853.42,2346.77,1122.79,25722.6,80
30,25,10,15,20,4.901185869,159.09649,2.291,3.489,84.8,0.7,0.2,14.300000000000004,67.0,14.7,0.7,17.6,1343,1499,82,16,165,3887,764,3991,475,197,126,2884,12293.5,15543.1,847.927,128.273,1634.24,32178.8,6520.56,54777.7,7038.14,2221.93,1157.32,24682.3,80
30,25,10,20,15,4.878142324,157.2101,2.339,3.256,84.7,0.7,0.2,14.399999999999999,66.2,15.3,0.7,17.799999999999997,1378,1527,96,23,158,3980,837,3675,485,179,117,2779,12511.2,15781.4,933.961,202.49,1634.25,33006.8,6953.73,50738.7,7015.68,1992.4,971.655,22537.1,80
30,25,10,25,10,4.823002859,152.73603,2.121,3.295,84.6,0.6,0.2,14.600000000000007,65.2,16.3,0.7,17.799999999999997,1148,1686,81,20,170,3355,804,3605,472,207,110,3207,10630.0,17569.3,790.942,135.473,1785.11,27324.1,6454.77,50254.2,6406.89,2476.69,972.516,24939.5,80
30,25,10,30,5,4.666502377,147.20849,2.091,3.631,84.5,0.7,0.2,14.600000000000001,64.3,16.8,0.7,18.200000000000003,1142,1885,73,22,175,3235,797,4473,454,204,102,2728,10168.2,18778.3,686.6,153.026,1785.16,25976.6,6612.86,60630.9,6957.14,2382.32,912.737,23666.4,80
30,25,15,15,15,4.774096413,154.40775,2.223,3.248,84.7,0.6,0.2,14.499999999999998,66.0,15.4,0.7,17.900000000000002,1278,1444,65,12,137,3847,798,3534,512,179,111,3069,11668.0,15082.3,634.287,92.4099,1594.95,31941.8,6164.96,49520.7,7162.18,1780.24,985.186,24502.9,80
30,25,15,20,10,4.646027315,150.60415,2.111,3.31,84.6,0.6,0.2,14.600000000000007,66.7,14.9,0.7,17.7,1327,1475,69,17,176,3422,813,3676,442,194,112,2950,12187.9,15201.6,690.95,145.33,1775.77,28076.3,6860.21,51064.0,6737.21,2109.08,970.702,24342.3,80
30,25,15,25,5,4.615653829,145.41227,2.155,3.169,84.5,0.6,0.2,14.700000000000001,65.3,16.1,0.7,17.900000000000002,1242,1696,62,17,157,3347,696,3914,426,224,123,2134,11643.2,17088.4,572.798,126.881,1685.11,28315.9,5861.02,54018.6,6212.72,2466.33,1129.38,18714.2,80
30,25,20,15,10,4.568111339,148.67351,2.163,3.265,84.6,0.6,0.2,14.600000000000007,65.7,15.7,0.6,17.999999999999996,1080,1624,82,16,160,3455,674,3668,475,183,109,2517,10360.7,17409.5,816.876,100.151,1540.78,29391.4,5578.63,52544.8,7325.17,2246.26,1048.35,22214.2,80
30,25,20,20,5,4.577957029,142.59408,2.132,3.209,84.5,0.7,0.2,14.600000000000001,66.3,15.0,0.6,18.1,1222,1712,67,15,165,3399,595,3745,467,224,128,2280,11294.2,17615.5,673.406,116.919,1640.75,27564.8,5267.43,53146.8,6910.25,2756.17,1310.8,20285.5,80
35,15,0,30,20,4.957435433,164.0656,2.335,3.612,84.7,0.7,0.2,14.399999999999999,66.6,15.2,0.8,17.400000000000006,1335,1931,80,22,176,3525,861,4269,495,226,136,3157,12149.9,20052.1,789.721,177.541,1754.43,28801.4,6574.57,57060.6,6600.88,2524.97,1309.95,25669.9,80
35,15,0,35,15,4.912681668,161.12888,2.378,3.411,84.7,0.7,0.2,14.399999999999999,65.4,16.2,0.8,17.599999999999994,1374,1663,72,21,181,4141,773,4083,444,239,127,3023,11886.1,17214.1,745.749,149.971,1854.32,33183.1,5873.23,55052.1,6244.7,2587.05,1156.56,23571.5,80
35,15,0,40,10,4.720453259,155.69757,2.365,3.676,84.6,0.7,0.2,14.500000000000007,63.3,18.1,0.9,17.700000000000003,1409,1872,93,25,155,3727,812,4408,454,233,97,3135,12152.8,19882.9,956.831,180.236,1665.59,29983.1,6698.9,59421.3,6773.26,2731.42,849.262,25621.2,80
35,15,5,25,20,4.8995173,163.60907,2.334,3.39,84.8,0.6,0.2,14.400000000000004,66.6,15.3,0.7,17.400000000000006,1480,1596,80,14,155,3853,687,3975,449,184,127,2395,13078.1,16466.3,742.952,107.759,1556.27,31872.6,5984.97,56314.0,6327.01,2402.25,1242.93,21471.9,80
35,15,5,30,15,4.896952833,158.20996,2.285,3.607,84.6,0.7,0.2,14.500000000000007,66.3,15.2,0.8,17.700000000000003,1226,1751,64,21,172,3535,691,4330,491,209,95,2959,10992.2,18634.5,689.629,161.261,1939.56,30196.3,5727.21,59549.2,7076.82,2423.75,802.247,24470.3,80
35,15,5,35,10,4.799948277,153.6454,2.253,3.567,84.6,0.7,0.2,14.500000000000007,63.9,17.3,0.8,18.0,1329,1773,58,20,183,3654,675,4285,510,237,109,2887,11839.1,18210.0,607.495,141.502,1952.93,29113.8,5570.32,58376.8,7238.43,2619.51,921.626,24471.1,80
35,15,5,40,5,4.59975216,147.32662,2.23,3.606,84.5,0.7,0.2,14.600000000000001,62.0,19.0,0.9,18.1,1350,1617,71,20,135,3768,757,4405,486,241,103,3302,12010.8,16783.8,783.502,178.878,1469.09,30163.9,6178.09,56754.8,6728.07,2763.45,962.925,27228.3,80
35,15,10,20,20,4.780841351,160.75876,2.233,3.436,84.6,0.7,0.2,14.500000000000007,66.2,15.4,0.7,17.7,1295,1390,78,25,155,3950,750,3990,518,202,89,2868,11924.3,14506.3,848.798,184.115,1515.77,32198.4,6058.92,54509.7,7601.52,2291.18,869.907,23906.6,80
35,15,10,25,15,4.680050291,155.18715,2.216,3.381,84.6,0.7,0.2,14.500000000000007,65.8,15.6,0.7,17.900000000000002,1320,1664,67,25,171,3677,859,3764,448,178,108,3208,11576.5,17017.2,701.335,174.166,1770.68,29621.2,6946.76,51602.8,6676.43,2025.27,901.112,25771.9,80
35,15,10,30,10,4.601328227,150.81229,2.265,3.54,84.5,0.7,0.2,14.600000000000001,63.9,17.4,0.7,18.000000000000004,1281,1548,84,16,128,3709,702,4436,460,237,122,2564,12401.7,16705.2,832.132,132.654,1382.96,30877.7,5685.1,60492.9,6625.68,2570.86,1140.03,22122.8,80
35,15,10,35,5,4.61418356,145.2032,2.186,3.7,84.4,0.7,0.2,14.699999999999996,62.5,18.4,0.8,18.3,1225,1763,69,17,175,3392,718,4410,501,258,102,3168,11099.1,17921.7,728.881,107.874,1859.26,28596.0,6088.95,59841.4,7199.76,3114.51,936.536,26263.2,80
35,15,15,15,20,4.745878799,157.53889,2.078,3.291,84.7,0.6,0.2,14.499999999999998,67.0,14.6,0.6,17.799999999999997,1173,1679,71,16,185,3161,781,3767,498,187,126,2382,11028.7,17129.4,647.725,132.517,1876.28,26226.5,6653.79,53849.7,7293.07,2248.35,1196.01,20067.7,80
35,15,15,20,15,4.739561464,153.58981,2.022,3.376,84.6,0.6,0.2,14.600000000000007,65.9,15.3,0.7,18.099999999999994,1114,1661,75,16,198,3171,724,3825,494,159,129,2631,10125.3,16974.6,741.674,119.198,2001.22,25666.9,6094.62,54534.7,7530.72,1888.53,1123.02,22773.6,80
35,15,15,25,10,4.522386385,148.68375,2.246,3.313,84.5,0.7,0.2,14.600000000000001,64.3,16.9,0.7,18.100000000000005,1283,1455,55,28,124,3924,765,3794,510,200,89,2785,11997.5,15657.5,585.359,238.644,1248.94,32207.6,6330.75,52762.1,7510.95,2230.02,771.311,22867.8,80
35,15,15,30,5,4.521466606,142.66666,2.149,3.721,84.4,0.7,0.2,14.699999999999996,63.4,17.6,0.7,18.3,1103,1577,70,21,142,3720,653,4502,559,226,124,2494,10058.0,16879.0,666.968,161.849,1456.64,30189.7,5759.43,63115.1,8457.36,2610.05,1111.79,23105.5,80
35,15,20,15,15,4.690099237,152.51147,2.056,3.585,84.5,0.6,0.2,14.700000000000001,66.2,14.9,0.7,18.2,965,1639,91,14,161,3394,658,4188,554,183,140,2426,9000.08,16672.8,899.704,99.7595,1623.94,28364.9,5813.26,59741.6,8528.68,1975.42,1346.05,22577.3,80
35,15,20,20,10,4.656095229,146.58736,1.973,3.537,84.4,0.7,0.2,14.699999999999996,64.7,16.1,0.7,18.499999999999996,1103,1643,62,22,152,3062,779,3827,480,215,88,3162,10354.6,16933.9,636.736,171.913,1519.86,24900.1,6269.24,55509.9,7454.06,2439.23,804.973,26439.6,80
35,15,20,25,5,4.444718409,141.50002,2.09,3.666,84.4,0.7,0.2,14.699999999999996,64.0,16.6,0.7,18.7,1162,1716,73,22,141,3252,630,4502,533,234,107,2644,10525.7,18001.5,726.228,146.646,1439.45,27056.2,5266.44,62655.2,7831.24,2572.43,992.173,23472.5,80
35,20,0,25,20,4.890796535,163.93981,2.304,3.687,84.8,0.7,0.2,14.300000000000004,66.5,15.4,0.8,17.3,1333,1735,66,15,167,3568,916,4206,470,220,105,3333,11758.3,17923.9,668.119,102.011,1711.42,30623.3,7538.12,56995.3,6498.16,2404.53,900.001,27280.2,80
35,20,0,30,15,4.364883801,149.69496,2.407,3.781,84.7,0.7,0.2,14.399999999999999,64.3,17.2,0.7,17.800000000000004,1400,1999,93,30,169,3433,696,4750,439,235,117,2662,12742.0,20616.1,972.725,268.945,1615.75,29517.0,5987.84,66796.3,6149.97,2566.95,1027.75,22896.1,80
35,20,0,35,10,4.700935575,158.28205,2.389,3.467,84.6,0.7,0.2,14.500000000000007,65.0,16.6,0.8,17.599999999999998,1311,2000,88,28,176,3539,645,4116,491,242,100,2912,11729.3,20678.6,973.26,189.989,1807.32,29988.2,5186.95,56011.0,6989.62,2765.6,956.487,24137.7,80
35,20,0,40,5,4.591204778,152.37457,2.458,3.929,84.6,0.7,0.2,14.500000000000007,61.8,19.4,0.9,17.900000000000006,1377,1991,64,27,180,3402,617,5018,551,298,119,2695,13371.4,21880.9,648.647,182.796,1883.59,29439.1,5286.69,67237.3,8146.54,3412.55,1055.4,24021.2,80
35,20,5,20,20,4.913272442,162.0119,2.299,3.481,84.8,0.6,0.2,14.400000000000004,66.5,15.3,0.7,17.5,1192,1922,58,15,178,3405,768,3959,484,203,115,2891,11333.2,20041.1,613.871,126.388,1890.58,28760.5,6484.18,54242.1,7138.81,2362.41,1104.62,24803.6,80
35,20,5,25,15,4.735267417,158.55333,2.288,3.286,84.6,0.7,0.2,14.500000000000007,65.5,16.3,0.7,17.5,1340,1785,81,23,166,3538,766,3714,460,179,97,2883,12197.9,18693.9,837.476,193.384,1671.53,29002.7,6182.18,51837.3,6257.21,2077.37,816.111,23774.4,80
35,20,5,30,10,4.674876481,154.48029,2.211,3.439,84.6,0.7,0.2,14.500000000000007,63.9,17.5,0.8,17.8,1265,1763,56,28,162,3558,834,3945,487,218,117,3082,11384.2,17972.6,558.823,196.45,1822.59,28704.3,6639.07,54465.6,6504.59,2104.77,1095.73,24716.0,80
35,20,5,35,5,4.624791582,149.36696,2.264,3.664,84.4,0.7,0.2,14.699999999999996,63.5,17.7,0.8,18.0,1344,1654,73,19,150,3848,633,4527,497,224,137,2595,11857.8,17189.1,709.309,106.024,1476.65,30887.6,5294.16,62843.9,7104.97,2445.3,1263.05,23028.0,80
35,20,10,15,20,4.863130048,160.07829,2.11,3.446,84.7,0.6,0.2,14.499999999999998,66.4,15.2,0.7,17.699999999999996,1140,1715,63,17,175,3294,794,3845,528,214,132,2863,10301.8,17450.6,676.734,135.637,1805.26,27359.1,6637.26,52257.4,8320.29,2293.4,1063.27,24713.6,80
35,20,10,20,15,4.763602811,156.99712,2.234,3.298,84.7,0.7,0.2,14.399999999999999,65.3,16.0,0.7,18.000000000000004,1263,1760,58,19,179,3386,641,3829,452,178,116,2594,11856.2,18446.6,641.888,162.097,1916.76,28227.1,5466.37,53642.9,6802.04,1873.69,1096.52,22564.5,80
35,20,10,25,10,4.793659898,152.45737,2.146,3.458,84.6,0.7,0.2,14.500000000000007,64.9,16.4,0.7,17.999999999999996,1165,1791,89,22,171,3404,702,4088,509,207,113,2546,10441.3,18377.5,916.746,172.113,1693.0,27366.4,6018.72,55903.3,7519.45,2460.39,1081.94,23139.3,80
35,20,10,30,5,4.563953745,147.66174,2.088,3.524,84.5,0.7,0.2,14.600000000000001,63.9,17.1,0.8,18.2,1086,1516,86,18,151,3658,653,4108,480,217,124,3069,9827.94,15577.1,846.712,129.401,1594.84,29521.5,5391.8,55992.1,6867.02,2744.2,1082.0,26199.1,80
35,20,15,15,15,4.651235956,155.91427,2.168,3.549,84.6,0.7,0.2,14.500000000000007,64.7,16.6,0.7,17.999999999999996,1198,1756,63,16,195,3260,719,4138,528,201,127,2510,10927.7,18031.8,647.48,126.408,1929.71,27870.3,6027.12,58414.2,8240.83,2129.29,1111.37,22631.9,80
35,20,15,20,10,4.732745978,150.39425,2.169,3.449,84.5,0.7,0.2,14.600000000000001,64.7,16.7,0.7,17.9,1273,1605,62,15,169,3427,751,3803,468,180,125,2940,11596.1,16810.3,654.948,149.598,1916.91,28574.4,6207.85,53221.0,7389.45,2211.36,1229.42,25719.9,80
35,20,15,25,5,4.478398834,145.10801,2.144,3.494,84.4,0.7,0.2,14.699999999999996,63.8,17.1,0.7,18.400000000000002,1199,1733,65,26,142,3296,717,3999,528,242,106,2893,11153.2,18252.3,637.213,190.176,1527.86,27403.8,5816.48,56310.2,8059.66,3054.82,1003.37,23290.5,80
35,20,20,15,10,4.58101297,148.71865,1.995,3.139,84.5,0.7,0.2,14.600000000000001,65.6,15.6,0.6,18.200000000000003,1166,1596,81,18,157,3208,770,3376,455,164,87,3302,10276.0,16419.5,800.515,127.371,1649.28,25757.6,5823.19,47214.7,6719.89,1623.03,737.136,25383.6,80
35,20,20,20,5,4.409735562,144.08131,2.121,3.398,84.4,0.7,0.2,14.699999999999996,64.1,16.9,0.7,18.300000000000008,1187,1719,86,22,158,3242,644,3943,576,230,104,2521,11069.5,17920.3,874.184,185.27,1571.39,27037.5,5451.62,55211.2,8669.15,2644.68,976.572,22040.5,80
35,25,0,20,20,4.853581506,165.57813,2.399,3.55,84.8,0.7,0.2,14.300000000000004,66.4,15.4,0.8,17.399999999999995,1295,1977,67,18,222,3559,887,3702,492,154,113,3775,11914.2,20140.7,642.842,134.955,2431.21,30012.9,6995.57,50947.5,7020.05,1681.36,1036.13,29889.3,80
35,25,0,25,15,4.819855645,162.07943,2.399,3.523,84.7,0.7,0.2,14.399999999999999,66.2,15.8,0.8,17.199999999999996,1358,2026,80,28,160,3359,761,3907,432,230,112,3354,12745.2,21749.8,890.369,240.118,1694.23,28075.5,6449.75,53220.7,6712.27,2433.03,1011.98,27297.6,80
35,25,0,30,10,4.658239593,158.86602,2.432,3.795,84.6,0.7,0.2,14.500000000000007,64.6,16.7,0.8,17.900000000000006,1398,1733,74,26,154,3847,692,4600,532,263,110,2759,12896.7,18827.3,843.591,148.025,1594.77,32128.9,5922.25,62844.6,7636.79,2911.61,919.874,24681.4,80
35,25,0,35,5,4.607018631,153.80531,2.349,3.845,84.5,0.7,0.2,14.600000000000001,62.0,19.4,0.9,17.700000000000003,1313,1673,89,26,161,3952,813,4695,470,235,108,3058,12060.5,17604.7,938.97,189.577,1612.12,31890.6,6860.63,63076.1,6751.94,2543.0,981.099,26363.0,80
35,25,5,15,20,4.780084413,162.04068,2.197,3.476,84.7,0.7,0.2,14.399999999999999,66.9,15.0,0.8,17.299999999999994,1241,1410,75,19,191,3860,745,4106,504,170,124,2526,11115.0,14425.8,777.136,109.538,1891.79,31566.3,6240.51,57710.3,6855.18,1784.11,1050.02,22094.3,80
35,25,5,20,15,4.732997097,160.08877,2.211,3.619,84.7,0.7,0.2,14.399999999999999,66.6,15.1,0.8,17.500000000000004,1200,1758,62,19,173,3455,662,4329,519,189,149,2525,11042.2,18242.2,642.054,144.693,1884.46,28457.7,5610.45,61219.0,7458.54,1973.26,1403.99,22288.4,80
35,25,5,25,10,4.705733101,156.44179,2.258,3.656,84.5,0.7,0.2,14.600000000000001,64.5,16.9,0.8,17.8,1146,1874,84,20,170,3564,734,4460,413,220,127,2855,10321.1,19195.6,872.334,130.535,1884.46,29418.9,6228.24,60865.7,5953.07,2141.12,1178.25,24894.2,80
35,25,5,30,5,4.528852993,151.13365,2.188,3.53,84.5,0.7,0.2,14.600000000000001,62.2,18.8,0.9,18.099999999999998,1056,1726,72,19,149,3591,809,4243,480,233,114,3065,9486.32,17958.3,753.298,132.506,1606.39,30081.9,6428.69,55969.7,7393.19,2388.88,936.803,24970.0,80
35,25,10,15,15,4.760531091,157.29086,2.278,3.36,84.6,0.7,0.2,14.500000000000007,65.6,15.9,0.7,17.800000000000008,1307,1717,75,13,187,3536,738,3929,491,188,128,2742,11921.7,17731.2,753.571,97.2162,1925.75,29923.1,5935.16,53880.5,6879.86,2039.67,1125.38,23112.3,80
35,25,10,20,10,4.546523505,152.57624,2.279,3.678,84.6,0.7,0.2,14.500000000000007,64.3,17.0,0.8,17.900000000000002,1251,1779,85,16,151,3563,743,4119,503,202,127,2878,11656.6,18302.0,870.665,103.223,1433.66,30158.9,6328.57,59635.9,7962.01,2229.89,1197.91,24633.5,80
35,25,10,25,5,4.582594106,148.72697,2.17,3.691,84.5,0.7,0.2,14.600000000000001,63.9,17.1,0.8,18.2,1235,1788,77,23,177,3380,571,4571,509,250,115,2409,11110.5,18632.5,782.627,144.456,1791.1,27186.7,4912.99,64941.3,6808.2,2911.58,1123.71,21993.9,80
35,25,15,15,10,4.518578668,151.11513,2.023,3.274,84.6,0.7,0.2,14.500000000000007,66.4,15.3,0.7,17.599999999999994,1106,1618,73,15,165,3157,646,3991,456,179,126,2178,10363.7,16846.0,755.729,135.459,1824.19,25665.9,5673.99,55713.4,6449.12,1778.08,1222.72,20131.4,80
35,25,15,20,5,4.592558377,147.05648,2.118,3.662,84.5,0.7,0.2,14.600000000000001,62.5,18.4,0.8,18.3,1148,1685,86,29,152,3313,649,4385,531,260,122,2494,10690.2,18386.9,859.384,183.788,1476.92,26748.8,5767.42,60692.1,8493.15,2917.54,1123.05,23070.3,80
35,25,20,15,5,4.430166191,145.48485,2.032,3.254,84.5,0.6,0.2,14.700000000000001,64.9,16.3,0.7,18.099999999999994,1154,1687,73,22,141,3207,656,3834,484,186,123,2386,10516.1,17112.6,684.744,157.455,1369.19,26219.7,5356.93,54274.1,7185.75,2069.37,1138.92,20759.8,80
40,15,0,25,20,4.863624627,165.57872,2.453,3.486,84.7,0.7,0.2,14.399999999999999,65.3,16.6,0.8,17.3,1340,1712,79,23,142,3977,624,4282,459,181,128,2557,12588.1,18649.3,854.41,172.713,1447.07,33178.3,5429.43,58548.3,7040.44,1758.69,1270.15,22098.2,80
40,15,0,30,15,4.720616817,161.22395,2.259,3.715,84.6,0.7,0.2,14.500000000000007,64.4,17.2,0.8,17.599999999999994,1157,1737,73,17,161,3694,875,4271,492,211,76,3379,10666.9,17658.3,815.518,143.094,1644.78,30812.7,7059.2,58693.0,6851.85,2239.95,682.097,27193.6,80
40,15,0,35,10,4.68977991,157.29299,2.234,3.573,84.5,0.7,0.2,14.600000000000001,63.0,18.4,0.9,17.700000000000003,1083,1881,70,30,147,3407,796,4327,473,217,111,2938,10016.9,19729.1,756.876,257.605,1603.06,28801.2,6514.4,58993.6,6601.51,2132.3,945.1,23903.9,80
40,15,0,40,5,4.559250131,151.92602,2.357,3.716,84.4,0.7,0.2,14.699999999999996,60.7,20.6,0.9,17.799999999999997,1320,1798,78,28,133,3807,716,4497,514,272,96,3146,12040.2,18770.7,766.364,252.313,1390.72,31448.2,5605.43,59999.7,7608.11,3152.24,825.788,26159.0,80
40,15,5,20,20,4.741819248,163.08597,2.188,3.56,84.7,0.7,0.2,14.399999999999999,65.5,16.1,0.8,17.599999999999998,1146,1899,81,17,173,3193,746,4080,543,225,121,2836,10457.7,20138.0,797.178,142.783,1785.71,26462.0,6003.69,57093.2,7821.81,2545.95,1239.49,23678.3,80
40,15,5,25,15,4.692790367,159.48432,2.217,3.685,84.6,0.7,0.2,14.500000000000007,65.5,15.8,0.8,17.9,1209,1828,73,15,163,3255,647,4448,531,218,142,2815,11006.6,19693.4,774.067,98.0358,1685.58,27452.4,5313.16,60821.1,7416.25,2369.51,1411.42,24710.9,80
40,15,5,30,10,4.647011659,155.36214,2.213,3.698,84.6,0.7,0.2,14.500000000000007,63.1,18.1,0.8,17.999999999999996,1288,1793,66,23,172,3422,635,4612,548,246,97,2415,11880.4,18393.5,725.534,169.514,1718.4,27851.4,5224.49,64379.5,8382.48,2619.11,840.938,21275.0,80
40,15,5,35,5,4.523045173,150.09905,2.211,3.606,84.4,0.7,0.2,14.699999999999996,61.7,19.5,0.9,17.9,1262,1755,85,23,120,3529,760,4352,486,235,91,2895,11442.3,18467.4,893.857,159.048,1314.68,28533.8,5962.98,59799.9,6937.91,2618.27,741.529,24434.7,80
40,15,10,15,20,4.740067295,161.11373,2.141,3.385,84.7,0.6,0.2,14.499999999999998,67.4,14.4,0.7,17.499999999999996,1092,1742,81,23,178,3246,727,3750,529,166,128,2952,10215.7,18362.8,763.673,199.465,1744.2,27330.3,6303.92,51940.5,8110.61,1784.4,1142.91,24375.4,80
40,15,10,20,15,4.65626155,158.59041,2.1,3.313,84.6,0.7,0.2,14.500000000000007,66.1,15.6,0.7,17.600000000000005,1098,1811,77,19,182,3089,809,3733,492,193,111,2861,10563.6,18792.4,766.477,156.626,1964.35,25376.3,6589.07,51210.5,7403.7,1980.52,1012.23,23709.3,80
40,15,10,25,10,4.516445047,153.27459,2.186,3.58,84.5,0.7,0.2,14.600000000000001,64.3,16.8,0.8,18.1,1283,1861,71,21,148,3322,622,4387,544,229,97,2343,11390.8,19424.4,736.728,178.177,1524.55,26848.0,5372.76,60685.2,8270.88,2590.19,935.95,21774.8,80
40,15,10,30,5,4.373757406,146.98564,2.166,3.577,84.4,0.7,0.2,14.699999999999996,62.3,18.5,0.8,18.400000000000002,1234,1847,78,23,174,3225,767,4310,482,215,103,3231,11259.1,18720.0,824.448,188.352,1751.97,26961.7,5881.23,57120.6,7292.14,2526.53,980.361,26019.5,80
40,15,15,15,15,4.673454461,156.63127,2.113,3.316,84.6,0.6,0.2,14.600000000000007,64.1,17.1,0.7,18.100000000000005,953,1664,70,24,153,3427,529,3873,520,174,134,2296,9135.27,17460.1,719.524,174.459,1668.73,28931.5,4437.02,54208.5,8387.02,1807.85,1284.53,22056.8,80
40,15,15,20,10,4.622352661,151.50671,2.085,3.799,84.4,0.7,0.2,14.699999999999996,64.6,16.2,0.7,18.500000000000007,1214,1605,80,19,166,3234,676,4420,567,234,126,2766,11261.5,16619.7,743.968,142.781,1791.87,26895.1,5942.68,62262.9,8796.33,2606.75,1041.85,25187.3,80
40,15,15,25,5,4.5073292,145.78552,1.987,3.512,84.4,0.7,0.2,14.699999999999996,63.8,17.2,0.7,18.300000000000004,1058,1670,69,22,146,3250,568,4357,492,216,119,2321,9439.61,17492.6,720.044,189.498,1494.4,25526.5,4797.12,61108.4,7470.87,2434.63,1114.46,21189.0,80
40,15,20,15,10,4.466013975,150.13629,2.057,3.456,84.4,0.6,0.2,14.799999999999995,63.9,16.9,0.7,18.500000000000004,940,1654,86,30,158,3177,664,4019,576,207,143,2394,9111.86,17772.6,908.529,231.514,1655.77,27085.2,5594.06,56694.1,8575.9,2275.11,1510.05,21786.4,80
40,15,20,20,5,4.37379478,144.83926,2.11,3.768,84.3,0.7,0.2,14.800000000000004,63.5,17.2,0.7,18.6,1164,1600,84,26,124,3609,642,4348,559,244,119,2573,10528.4,16845.3,805.947,181.382,1277.81,28754.7,5552.79,62870.2,8968.54,2601.2,1041.46,24398.2,80
40,20,0,20,20,4.783063291,164.49775,2.322,3.516,84.7,0.7,0.2,14.399999999999999,66.4,15.5,0.8,17.299999999999994,1324,1830,79,31,155,3518,771,4174,472,183,129,2598,12464.0,18997.3,781.702,263.342,1699.42,29028.2,6704.39,57334.0,7099.62,1997.24,1310.17,22326.4,80
40,20,0,25,15,4.837910074,161.55084,2.244,3.465,84.7,0.7,0.2,14.399999999999999,65.4,16.3,0.8,17.499999999999993,1191,1743,83,23,185,3439,736,4080,525,191,97,2737,11139.5,18538.5,916.764,207.731,2046.66,28379.0,6398.09,56463.8,7167.86,1967.55,862.13,22729.3,80
40,20,0,30,10,4.75139917,158.08008,2.347,3.719,84.5,0.7,0.2,14.600000000000001,63.2,18.1,0.9,17.799999999999997,1323,1855,86,28,154,3492,673,4583,535,242,128,2839,12469.4,19393.0,923.812,200.982,1557.56,29633.0,5395.73,61361.5,7859.07,2929.55,1098.17,24278.9,80
40,20,0,35,5,4.594387453,153.73317,2.29,3.671,84.4,0.7,0.2,14.699999999999996,63.2,17.9,0.9,18.0,1272,1939,86,31,145,3515,755,4623,517,267,89,3029,11372.0,20158.1,843.022,225.032,1508.77,28647.1,5772.6,59880.2,7681.9,3049.88,743.192,24733.7,80
40,20,5,15,20,4.78610299,163.22179,2.128,3.578,84.7,0.7,0.2,14.399999999999999,66.3,15.3,0.8,17.6,1098,1729,78,19,168,3275,755,4152,481,203,130,2865,10215.8,17957.1,793.544,133.691,1927.93,27018.1,6307.08,56998.4,7425.8,2175.75,1139.28,24628.0,80
40,20,5,20,15,4.836770825,159.73055,2.111,3.765,84.6,0.7,0.2,14.500000000000007,64.5,17.0,0.8,17.7,1271,1903,72,14,145,3195,695,4358,504,195,142,2708,11019.8,19031.8,709.86,82.2775,1436.08,25438.0,6071.47,61377.9,8208.12,2203.57,1427.72,24746.9,80
40,20,5,25,10,4.528214354,156.57268,2.293,3.66,84.5,0.7,0.2,14.600000000000001,64.1,17.4,0.8,17.700000000000006,1320,1669,80,20,158,3815,593,4470,598,203,113,2459,11875.8,17684.7,876.236,160.931,1610.29,30607.9,5099.45,61700.4,8871.31,2224.24,1104.48,22471.1,80
40,20,5,30,5,4.598563475,151.4476,2.097,3.712,84.4,0.7,0.2,14.699999999999996,61.8,19.2,0.9,18.100000000000005,1110,1769,85,26,152,3289,681,4425,503,281,111,2838,10207.2,18543.0,824.308,215.694,1579.95,26219.7,5554.6,61007.7,7596.28,3173.38,1150.4,24681.3,80
40,20,10,15,15,4.709659606,158.17014,2.275,3.706,84.6,0.7,0.2,14.500000000000007,65.6,15.6,0.8,18.000000000000004,1314,1595,68,15,145,3832,622,4384,592,201,132,2483,11331.6,16815.8,655.465,121.474,1557.62,31819.4,5554.68,62130.4,8276.81,2308.23,1234.06,23120.7,80
40,20,10,20,10,4.577430471,154.43796,2.077,3.31,84.5,0.7,0.2,14.600000000000001,65.0,16.4,0.8,17.8,1147,1647,84,13,200,3250,751,3883,487,196,95,2784,10593.6,17035.8,846.076,107.449,1961.55,26476.5,5997.55,52504.2,7118.91,2383.64,856.174,23029.3,80
40,20,10,25,5,4.535539713,148.62718,2.211,3.77,84.4,0.7,0.2,14.699999999999996,63.4,17.5,0.8,18.3,1205,1750,82,17,186,3387,716,4372,542,243,102,3063,11372.9,18064.0,861.542,116.828,1917.05,28512.2,5905.16,62084.6,8287.97,2458.09,891.463,25344.0,80
40,20,15,15,10,4.508580447,152.49473,2.083,3.39,84.5,0.7,0.2,14.600000000000001,65.3,15.8,0.7,18.200000000000003,1199,1652,68,25,159,3375,669,3918,499,201,122,2605,10666.4,17101.4,612.86,171.376,1709.74,27017.5,5508.76,54764.4,7890.9,2323.94,1178.38,22567.0,80
40,20,15,20,5,4.379500106,148.49486,2.089,3.434,84.4,0.7,0.2,14.699999999999996,62.4,18.3,0.8,18.5,1138,1603,79,29,163,3424,712,3919,489,233,107,2764,10427.2,16598.6,831.575,224.838,1752.49,27750.7,5715.69,54550.2,7660.11,2949.98,973.492,23917.7,80
40,20,20,15,5,4.306935071,147.06335,2.028,3.455,84.4,0.7,0.2,14.699999999999996,64.9,16.0,0.7,18.399999999999995,1108,1639,71,19,153,3241,708,4004,531,175,98,2746,9986.57,17339.7,691.914,152.651,1611.76,26225.3,5972.94,56536.3,7411.05,1834.74,880.768,23841.5,80
40,25,0,15,20,4.63554321,164.25497,2.39,3.485,84.7,0.7,0.2,14.399999999999999,65.5,16.4,0.9,17.200000000000003,1304,1606,87,27,151,4049,749,3964,458,172,118,3058,12181.2,16719.3,887.001,171.286,1567.4,33512.6,6094.67,53960.2,6993.45,1852.2,1127.49,25779.1,80
40,25,0,20,15,4.683238052,162.4681,2.002,3.637,84.6,0.7,0.2,14.500000000000007,65.1,16.3,0.9,17.700000000000006,972,1906,70,17,157,2959,793,4233,470,217,89,3294,8889.54,19446.3,680.588,119.621,1606.07,23844.5,6130.9,57907.8,6754.21,2382.54,748.405,26340.3,80
40,25,0,25,10,4.58482713,158.03637,2.154,3.701,84.5,0.7,0.2,14.600000000000001,64.0,17.3,0.9,17.8,1104,1832,84,21,190,3470,802,4530,533,229,87,3009,9424.38,19044.0,873.458,188.671,1893.51,27437.3,6483.05,61981.2,7442.0,2389.99,756.627,23181.9,80
40,25,0,30,5,4.533110577,155.23389,2.198,3.685,84.5,0.7,0.2,14.600000000000001,61.9,19.4,1.0,17.700000000000003,1140,2032,79,26,156,3355,777,4421,472,262,110,3097,10059.1,20557.3,842.816,191.309,1601.82,26877.3,6183.05,60973.5,6303.5,2730.69,987.98,24836.7,80
40,25,5,15,15,4.67604282,159.28243,2.275,3.818,84.7,0.7,0.2,14.399999999999999,65.6,15.8,0.8,17.800000000000004,1329,1639,82,13,205,3433,660,4541,554,231,146,2488,12765.2,17207.0,848.389,108.449,2175.53,29000.1,6047.87,63683.9,7881.1,2518.81,1365.37,23795.3,80
40,25,5,20,10,4.651260352,157.02649,2.288,3.49,84.6,0.7,0.2,14.500000000000007,65.8,15.6,0.8,17.8,1305,1619,72,26,167,3890,739,4062,508,233,124,2987,11660.4,16650.4,700.847,218.503,1844.89,31505.2,6038.26,54580.8,7864.3,2363.26,1077.23,24581.6,80
40,25,5,25,5,4.453395147,152.8379,2.252,3.517,84.4,0.7,0.2,14.699999999999996,63.5,17.8,0.9,17.8,1293,1834,79,31,177,3347,777,4118,517,218,100,3362,11548.8,19411.9,769.853,265.061,1875.12,27855.7,5849.49,54904.5,7076.24,2236.54,891.689,26576.6,80
40,25,10,15,10,4.542339036,154.53617,2.119,3.443,84.6,0.7,0.2,14.500000000000007,62.9,18.4,0.8,17.900000000000002,1154,1751,79,28,193,3278,689,3896,453,189,139,2679,10700.7,17759.8,757.228,198.468,1993.13,26667.2,5810.45,56226.0,7145.64,2273.86,1271.4,22645.9,80
40,25,10,20,5,4.561029046,152.25249,2.304,3.615,84.4,0.7,0.2,14.699999999999996,62.8,18.2,0.8,18.200000000000003,1298,1592,67,27,116,3927,595,4413,539,221,94,2726,11566.0,16693.2,722.913,245.712,1229.05,32825.1,4720.98,61457.3,8027.35,2401.26,766.554,23023.3,80
40,25,15,15,5,4.300276975,149.06089,2.106,3.607,84.4,0.7,0.2,14.699999999999996,64.0,17.2,0.8,18.0,1131,1602,77,16,169,3368,753,4143,514,203,86,2881,10334.9,16621.2,773.37,108.977,1911.25,28205.0,6588.53,59324.6,7185.41,2238.53,787.373,24238.1,80
20,15,5,40,20,4.695268733,153.43181,2.155,3.363,84.6,0.7,0.1,14.6,66.6,15.3,0.6,17.5,1248,1824,54,25,173,3403,763,4127,367,164,108,2531,11315.0,18568.1,517.788,212.152,1838.31,27275.5,6431.06,57286.5,5092.77,1948.29,1034.69,22534.7,300
20,15,10,35,20,4.690666064,152.20964,2.157,3.437,84.6,0.7,0.1,14.6,66.3,15.1,0.5,18.1,1131,1815,70,24,176,3334,838,3921,376,200,112,3157,10584.5,19142.3,702.378,179.117,1769.99,27517.2,6711.31,55115.1,5599.96,2291.62,1047.8,25813.2,300
20,15,10,40,15,4.689439856,146.02255,2.209,3.408,84.5,0.7,0.1,14.7,66.3,15.5,0.5,17.7,1254,1756,62,23,150,3414,830,4086,363,194,121,2718,11252.4,18907.9,640.539,159.157,1734.02,28811.3,7105.09,56837.8,5089.65,2243.21,1094.5,23610.2,300
20,15,15,30,20,4.601624167,149.72061,2.268,3.281,84.7,0.6,0.1,14.6,68.2,13.4,0.5,17.9,1341,1766,55,16,165,3486,722,3819,396,182,106,2436,12734.5,18888.2,539.55,138.212,1894.08,28901.6,6553.09,54938.8,6046.2,2039.76,1076.98,21667.7,300
20,15,15,35,15,4.612627068,143.35144,2.155,3.206,84.5,0.7,0.1,14.7,66.0,15.3,0.5,18.2,1225,1753,49,23,147,3331,822,3469,372,183,114,3228,11289.0,18050.5,517.413,165.408,1613.41,28474.5,6628.13,48834.1,5642.41,2155.26,996.758,26228.8,300
20,15,15,40,10,4.482560343,135.85771,2.087,3.403,84.4,0.7,0.1,14.8,65.3,15.9,0.6,18.2,1142,1802,61,23,161,3251,846,3921,359,215,120,3079,10508.0,18741.1,635.13,153.375,1559.39,26795.3,6923.87,54361.3,5375.49,2583.0,1184.25,25936.0,300
20,15,20,25,20,4.542028398,145.765,2.105,2.855,84.6,0.6,0.1,14.7,69.0,12.9,0.4,17.7,1262,1586,61,16,150,3484,719,3294,342,152,95,2666,11458.3,16485.9,599.511,122.636,1587.9,28416.1,5802.16,46138.3,5074.83,1430.06,878.373,21147.1,300
20,15,20,30,15,4.429132522,139.95169,2.154,3.127,84.5,0.7,0.1,14.7,69.3,12.3,0.5,17.9,1273,1696,52,12,159,3328,796,3593,367,190,114,2621,11623.9,18292.5,531.273,83.5546,1640.69,28042.3,6546.17,51591.7,5148.13,2072.86,1033.51,22024.6,300
20,15,20,35,10,4.398820259,133.78347,2.273,3.327,84.4,0.7,0.1,14.8,67.4,14.0,0.5,18.1,1347,1573,67,25,142,3905,870,3753,396,179,117,2933,12208.6,17023.4,708.098,197.642,1554.12,32017.7,7844.6,53095.2,5885.69,2123.81,1124.53,24243.5,300
20,15,20,40,5,4.440496717,128.84999,2.121,3.14,84.3,0.7,0.1,14.9,64.9,16.2,0.5,18.4,1267,1413,43,16,128,3746,823,3634,324,188,97,3022,11706.4,15647.9,439.391,129.452,1399.34,30308.8,6650.53,51010.1,4527.66,2152.91,969.01,23998.6,300
20,20,0,40,20,4.825595123,158.77872,2.546,3.281,84.7,0.7,0.2,14.4,65.1,17.0,0.6,17.3,1434,1607,66,22,158,4073,694,3995,355,212,121,2499,14020.6,17984.3,689.66,153.907,1694.18,35759.6,5828.88,54900.9,4723.95,2443.37,1237.23,22460.5,300
20,20,5,35,20,4.741173313,155.22987,2.216,3.449,84.7,0.7,0.1,14.5,66.4,15.3,0.6,17.7,1375,1785,77,18,146,3373,855,3851,377,210,129,3136,12625.6,18134.7,825.118,127.363,1564.58,28033.5,6981.41,54560.0,5131.74,2416.54,1243.39,26126.1,300
20,20,5,40,15,4.669035611,149.60437,2.272,3.446,84.6,0.7,0.2,14.5,64.8,16.8,0.6,17.8,1204,1941,63,19,179,3377,775,4084,372,214,99,3112,11158.5,20687.2,577.58,147.095,1852.57,28599.1,6239.27,55965.5,5411.43,2557.27,882.465,25621.3,300
20,20,10,30,20,4.652727961,151.19963,2.341,3.503,84.6,0.7,0.1,14.6,66.6,15.0,0.5,17.9,1313,1350,60,20,130,4406,806,4159,405,204,133,2682,11707.0,14526.3,636.377,168.541,1349.98,36512.6,6918.75,57301.2,6201.93,2307.91,1323.02,24099.1,300
20,20,10,35,15,4.527219011,148.18894,2.084,3.4,84.6,0.7,0.1,14.6,65.9,15.6,0.5,18.0,1225,1734,51,17,159,3347,774,4054,397,231,117,2742,10885.9,17746.2,519.739,152.198,1580.26,27028.5,6629.78,55518.4,6027.01,2593.32,1079.35,23719.8,300
20,20,10,40,10,4.499257483,140.68385,2.205,3.297,84.5,0.7,0.2,14.6,65.8,15.5,0.6,18.1,1240,1796,63,22,144,3290,829,3868,374,238,91,3151,11869.3,19293.2,666.828,211.566,1488.03,27902.9,6692.15,52180.5,5165.96,2414.01,853.343,25634.9,300
20,20,15,25,20,4.547570063,150.82446,2.287,3.069,84.6,0.7,0.1,14.6,67.3,14.4,0.5,17.8,1357,1463,57,21,138,3834,850,3317,381,168,101,2938,12888.5,15682.9,551.178,161.8,1418.92,32810.9,6798.2,46667.9,5704.38,2041.98,990.72,23978.9,300
20,20,15,30,15,4.467135026,145.42204,2.301,3.134,84.6,0.7,0.1,14.6,67.4,14.5,0.5,17.6,1352,1860,58,21,146,3349,802,3708,364,172,119,2412,13006.9,19937.6,599.333,163.674,1495.0,28867.5,6976.2,52742.0,5084.38,1840.78,1193.21,20438.7,300
20,20,15,35,10,4.403613283,139.0804,2.168,3.454,84.5,0.7,0.1,14.7,67.7,13.7,0.5,18.1,1366,1649,52,13,153,3453,822,4163,374,215,105,2614,12317.2,17254.1,560.969,124.512,1542.23,28721.1,7319.21,58848.0,5187.9,2501.99,1003.61,22676.9,300
20,20,15,40,5,4.391590757,131.95846,2.24,3.482,84.3,0.7,0.1,14.9,64.5,16.6,0.6,18.3,1200,1590,69,22,147,3786,794,4344,385,235,125,2722,11131.9,17241.7,739.457,170.734,1640.93,31804.9,6407.41,59424.3,5505.66,2607.47,1066.46,23535.9,300
20,20,20,20,20,4.496880982,148.66538,2.118,3.093,84.7,0.6,0.1,14.6,68.4,13.4,0.4,17.8,1183,1178,55,16,139,4016,727,3572,421,152,100,2282,10629.4,12816.2,558.992,138.49,1496.52,33291.3,6250.43,51667.3,5403.95,1520.71,938.243,20205.1,300
20,20,20,25,15,4.440642385,141.99896,2.192,3.186,84.5,0.7,0.1,14.7,67.5,14.2,0.5,17.8,1310,1659,61,19,158,3420,868,3609,399,176,106,2714,12338.0,17496.9,594.204,199.599,1710.62,28822.1,7531.64,50882.3,5625.52,1841.62,963.983,22993.2,300
20,20,20,30,10,4.44883843,136.34501,2.127,3.121,84.5,0.7,0.1,14.7,66.9,14.7,0.5,17.9,1222,1776,65,24,169,3103,766,3722,314,191,119,2701,11286.2,19795.8,711.263,185.422,1838.13,25677.2,6455.62,51615.7,4723.85,2128.56,1141.96,22227.3,300
20,20,20,35,5,4.352358168,132.85123,2.003,3.345,84.4,0.7,0.1,14.8,66.9,14.4,0.5,18.2,1151,1707,54,25,154,3274,749,3976,366,217,135,2434,10436.1,17962.4,520.988,204.19,1528.19,25542.1,6837.16,57702.9,5219.26,2677.31,1321.47,21134.2,300
20,25,0,35,20,4.758294884,159.9158,2.357,3.6,84.6,0.7,0.2,14.5,64.8,17.0,0.6,17.6,1314,1819,70,12,165,3646,709,4402,407,235,133,2588,11936.6,19558.0,709.236,104.129,1710.55,30937.8,6200.8,61436.7,5542.94,2850.78,1359.83,22992.2,300
20,25,0,40,15,4.641106494,154.54393,2.37,3.623,84.6,0.7,0.2,14.5,65.1,16.9,0.6,17.4,1327,1989,57,26,179,3630,812,4424,396,218,139,2590,11756.1,20692.5,565.177,229.109,1778.85,30463.5,7278.49,61092.4,5818.81,2253.96,1360.62,23445.7,300
20,25,5,30,20,4.725809167,155.41839,2.246,3.191,84.7,0.7,0.1,14.5,66.6,15.3,0.5,17.6,1422,1777,61,22,176,3527,817,3536,387,174,117,2868,12566.7,17924.7,632.582,142.948,1864.74,28886.8,6881.02,49231.8,6001.31,1861.99,1078.64,24071.5,300
20,25,5,35,15,4.637234044,151.53103,2.17,3.358,84.6,0.7,0.2,14.5,68.2,13.8,0.6,17.4,1290,1784,52,18,153,3272,920,3620,388,197,102,3400,11878.3,18597.2,553.473,137.25,1640.67,27278.4,7445.37,50617.4,5441.92,2314.04,1002.06,27216.7,300
20,25,5,40,10,4.512071193,147.49021,2.268,3.458,84.5,0.7,0.2,14.6,64.2,17.0,0.6,18.2,1413,1667,60,24,158,3784,826,4124,377,229,107,3010,12363.3,17596.1,581.745,176.958,1664.87,30566.3,6864.57,56148.7,5477.26,2626.47,1035.61,24976.0,300
20,25,10,25,20,4.728920761,153.44518,2.141,3.124,84.6,0.7,0.1,14.6,67.6,14.5,0.5,17.4,1227,1596,52,16,164,3503,856,3444,387,147,124,2978,11443.4,16934.5,564.084,120.867,1719.04,28444.6,6990.03,47181.7,5645.37,1820.02,1243.7,24469.4,300
20,25,10,30,15,4.572309495,149.15937,2.212,3.609,84.6,0.7,0.1,14.6,66.9,14.7,0.5,17.9,1226,1780,71,23,132,3467,898,4182,417,205,152,2829,11621.2,18693.8,745.962,180.694,1392.56,28730.2,7678.65,59831.9,5853.16,2190.12,1538.82,24112.3,300
20,25,10,35,10,4.424286601,143.95266,2.262,3.413,84.5,0.7,0.2,14.6,65.0,16.3,0.6,18.1,1475,1358,66,30,132,4187,689,4165,386,198,108,2568,13167.7,14311.7,735.087,234.454,1314.64,33159.1,5784.95,58605.2,5621.1,2151.05,1053.45,22826.1,300
20,25,10,40,5,4.360464352,137.45983,2.083,3.321,84.4,0.7,0.2,14.7,64.4,16.9,0.6,18.1,1336,1708,64,24,145,3243,722,3980,342,222,98,2890,12070.4,17861.8,647.112,180.532,1441.22,25874.8,6024.87,55951.4,4652.93,2347.95,967.187,23775.3,300
20,25,15,20,20,4.659974367,150.32789,2.147,3.291,84.7,0.7,0.1,14.5,67.0,14.5,0.5,18.0,1268,1644,55,12,161,3506,815,3508,375,184,131,3250,11286.7,17123.7,572.324,101.48,1795.34,28641.3,6678.18,50181.1,5376.31,2244.17,1325.46,26433.0,300
20,25,15,25,15,4.499353424,146.93692,2.132,3.133,84.6,0.7,0.1,14.6,67.4,14.1,0.5,18.0,1232,1602,61,21,149,3513,706,3538,340,183,125,2853,11286.7,16680.5,605.741,174.4,1633.74,28874.8,5668.62,50525.9,5012.0,2101.19,1101.95,23599.9,300
20,25,15,30,10,4.478084688,140.96342,2.121,3.258,84.4,0.7,0.1,14.8,66.6,14.8,0.5,18.1,1209,1767,58,23,172,3256,697,3872,387,182,106,2578,11268.0,18561.4,598.808,165.162,1830.32,26691.5,5984.71,55705.3,5742.78,1971.91,1028.99,21382.9,300
20,25,15,35,5,4.425197103,136.0326,2.16,3.359,84.5,0.7,0.1,14.7,65.6,15.8,0.5,18.1,1336,1565,47,15,183,3597,897,3931,384,185,85,3003,12001.4,16340.6,492.963,125.98,1900.07,29483.4,7279.47,54600.9,5487.1,2190.66,760.036,24636.8,300
20,25,20,15,20,4.399311066,147.81347,2.043,3.043,84.7,0.6,0.1,14.6,67.5,14.3,0.4,17.8,1264,1625,44,21,156,3339,849,3223,390,139,118,3330,11334.5,16611.2,428.88,143.15,1565.35,26643.2,6902.21,44070.1,5909.37,1502.77,1043.33,25959.1,300
20,25,20,20,15,4.375618083,144.32412,2.063,2.958,84.6,0.7,0.1,14.6,66.8,14.9,0.5,17.8,1254,1624,62,12,157,3291,655,3424,357,189,114,2292,11555.9,16965.0,603.394,84.713,1581.36,26646.5,5803.12,48768.1,5314.74,1967.97,1092.36,20308.8,300
20,25,20,25,10,4.45328315,140.19697,2.113,3.164,84.5,0.6,0.1,14.8,67.6,14.0,0.4,18.0,1159,1735,66,27,159,3275,730,3787,355,185,116,2401,10883.3,18217.6,638.517,212.705,1653.36,27399.9,6736.01,53116.1,5177.74,2017.89,1123.71,21115.1,300
20,25,20,30,5,4.328254531,133.1884,2.102,3.064,84.4,0.7,0.1,14.8,65.9,15.3,0.5,18.3,1145,1704,51,25,161,3381,670,3758,368,173,124,2255,10366.1,18174.5,471.071,196.632,1635.55,28014.5,5727.01,53279.6,5019.69,1892.95,1052.44,19779.0,300
25,15,0,40,20,4.731901528,156.76355,2.384,3.538,84.6,0.7,0.2,14.5,64.8,17.0,0.6,17.6,1425,1719,74,23,148,3884,820,4253,416,230,103,3016,13011.3,18115.1,812.587,170.994,1533.72,32218.5,6743.39,57145.7,6213.34,2737.76,953.621,25103.3,300
25,15,5,35,20,4.58875461,153.92879,2.223,3.499,84.6,0.7,0.2,14.5,65.2,16.6,0.6,17.6,1256,1861,75,19,151,3291,724,4411,402,229,143,2550,11564.9,19686.3,758.317,152.99,1453.52,27931.0,6480.82,59335.7,5831.83,2375.52,1375.09,22608.8,300
25,15,5,40,15,4.560938642,149.46595,2.175,3.386,84.5,0.7,0.2,14.6,64.9,16.6,0.6,17.9,1174,1856,61,29,152,3349,742,4045,408,224,84,2720,11154.0,19135.9,616.063,239.542,1564.75,27653.3,6204.91,56342.7,5920.92,2782.84,877.067,22949.1,300
25,15,10,30,20,4.686564314,152.0018,2.363,3.495,84.6,0.7,0.1,14.6,66.8,14.5,0.6,18.1,1399,1538,63,20,169,4034,713,4261,436,203,121,2654,12631.8,16108.1,658.573,149.015,1830.76,34165.3,6224.01,59530.4,6191.32,2197.92,1117.56,22747.4,300
25,15,10,35,15,4.41734754,147.29531,2.157,3.279,84.5,0.7,0.1,14.7,67.2,14.4,0.6,17.8,1222,1812,56,25,151,3325,689,3951,419,205,113,2500,11417.7,18853.1,650.388,202.412,1478.02,27401.8,6116.07,55479.8,5587.01,2480.12,998.342,21613.5,300
25,15,10,40,10,4.375273402,141.29624,2.078,3.432,84.4,0.7,0.2,14.7,64.5,16.7,0.6,18.2,1104,1801,49,27,135,3211,784,4106,377,246,115,2692,10437.4,18906.9,488.224,208.27,1344.03,26576.0,6674.42,57043.2,5834.0,2862.02,1044.06,23365.0,300
25,15,15,25,20,4.53092715,148.80139,2.147,3.14,84.6,0.7,0.1,14.6,67.5,14.3,0.5,17.7,1185,1475,70,15,179,3452,829,3620,359,162,110,3053,11545.8,15701.4,734.075,127.047,2051.73,29503.7,6876.15,49015.4,5068.96,1833.41,1052.17,24376.0,300
25,15,15,30,15,4.327910999,144.81921,2.174,3.356,84.5,0.7,0.1,14.7,66.1,15.4,0.5,18.0,1258,1557,67,25,161,3638,821,3777,370,207,113,2878,11417.2,16239.7,700.841,227.243,1736.38,30267.7,7117.61,53948.9,5668.18,2779.92,1181.33,23867.6,300
25,15,15,35,10,4.367941324,138.63858,2.108,3.169,84.4,0.7,0.1,14.8,65.4,16.0,0.5,18.1,1229,1729,63,27,168,3421,671,3849,368,165,117,2674,10966.8,17976.2,666.463,217.178,1762.05,27311.7,5618.9,53602.5,5041.9,2002.78,1067.22,22209.3,300
25,15,15,40,5,4.273919455,134.35464,2.233,3.19,84.3,0.7,0.2,14.8,64.2,16.9,0.6,18.3,1317,1665,65,28,121,3706,732,3852,349,231,100,2901,12206.3,17802.7,660.596,231.99,1279.5,30378.8,5669.2,52928.7,5059.15,2836.75,1011.16,22939.5,300
25,15,20,20,20,4.429040569,147.75106,2.085,3.269,84.6,0.7,0.1,14.6,68.4,13.0,0.5,18.1,1218,1462,55,14,156,3523,711,3755,446,156,134,2450,11677.3,15189.4,583.147,107.598,1671.5,28831.0,6392.47,54992.4,6347.64,1527.46,1221.38,21521.8,300
25,15,20,25,15,4.406632378,143.47451,2.037,3.193,84.5,0.6,0.1,14.8,67.5,13.9,0.5,18.1,1291,1697,59,16,162,3102,813,3746,410,164,111,2421,11602.0,17610.6,555.808,112.123,1728.92,25271.0,7060.82,52376.1,6460.42,1886.74,1018.73,21330.8,300
25,15,20,30,10,4.279337307,136.84072,2.053,3.308,84.5,0.7,0.1,14.7,65.6,15.8,0.5,18.1,1252,1715,56,28,159,3323,676,3983,415,187,142,2258,10980.7,17714.2,546.589,215.653,1615.67,26412.9,6301.94,56562.1,6558.45,2267.59,1454.14,20511.7,300
25,15,20,35,5,4.242853414,131.7816,2.004,3.396,84.3,0.7,0.1,14.9,65.1,16.0,0.6,18.3,1121,1695,64,22,171,3160,770,3921,375,227,108,2979,10160.4,17816.4,686.19,182.55,1783.22,25638.7,6106.5,56546.6,5515.01,2574.44,969.182,24688.9,300
25,20,0,35,20,4.703671811,158.68245,2.27,3.45,84.7,0.7,0.2,14.4,65.4,16.3,0.6,17.7,1255,1893,56,26,165,3333,734,3987,384,204,122,2770,11663.9,20097.8,576.924,244.853,1681.83,28341.4,6353.6,56731.1,5429.22,2370.3,1228.89,24089.0,300
25,20,0,40,15,4.559328359,152.97674,2.334,3.31,84.5,0.7,0.2,14.6,62.6,19.0,0.7,17.7,1368,1935,47,22,146,3552,894,3980,347,192,99,3264,12407.2,20477.0,498.173,164.52,1413.97,29568.7,6943.29,53172.3,4735.45,2268.14,886.48,24602.5,300
25,20,5,30,20,4.615479885,154.93233,2.339,3.383,84.6,0.7,0.2,14.5,65.8,15.9,0.6,17.7,1284,1802,66,25,168,3604,801,3800,350,181,102,3526,12144.0,19476.6,690.377,204.637,1918.95,30217.0,6344.33,51568.5,5219.25,1967.03,942.541,28476.3,300
25,20,5,35,15,4.576731665,152.07187,2.383,3.469,84.5,0.7,0.2,14.6,66.1,15.6,0.6,17.7,1415,1545,64,17,121,4279,664,4214,390,235,120,2584,12620.6,16037.3,694.759,132.655,1248.89,35287.6,5780.83,59373.4,5314.68,2686.95,1166.47,22853.1,300
25,20,5,40,10,4.388944431,146.03522,2.21,3.457,84.4,0.7,0.2,14.7,64.2,17.3,0.6,17.9,1177,1983,54,28,168,3306,673,4173,371,245,102,2733,10755.8,20666.0,595.097,235.006,1797.99,27332.8,5447.45,58816.1,5529.39,2912.85,967.697,23455.2,300
25,20,10,25,20,4.664427926,152.64127,2.149,3.467,84.7,0.7,0.1,14.5,67.0,15.0,0.5,17.5,1214,1643,61,28,154,3511,766,3987,372,199,125,2638,11190.6,16990.4,662.634,216.788,1659.26,28775.0,6877.2,56379.8,5755.36,2156.82,1256.4,24616.0,300
25,20,10,30,15,4.46194786,147.69858,2.354,3.281,84.5,0.7,0.2,14.6,66.0,15.7,0.5,17.8,1412,1330,57,16,139,4543,793,3716,415,198,111,3032,12326.5,14286.1,587.342,137.565,1442.45,36581.0,6513.05,51013.9,5885.4,2333.56,1101.35,25222.5,300
25,20,10,35,10,4.435785215,143.17686,2.186,3.408,84.4,0.7,0.2,14.7,64.5,17.0,0.6,17.9,1234,1556,60,24,140,3787,667,4085,394,256,143,2558,11139.3,16640.8,634.824,196.724,1403.7,30840.1,5642.24,57324.1,6021.87,3215.09,1253.94,22465.7,300
25,20,10,40,5,4.366695214,137.47494,2.055,3.437,84.4,0.7,0.2,14.7,63.2,17.9,0.6,18.3,1257,1668,71,28,145,3505,691,4213,348,225,115,2736,10783.4,17214.1,641.005,222.014,1440.0,27048.0,5910.63,59405.2,5161.76,2392.62,1183.65,22978.3,300
25,20,15,20,20,4.500389452,150.93667,2.077,3.23,84.6,0.7,0.1,14.6,67.4,14.1,0.5,18.0,1104,1659,57,22,144,3409,713,3641,389,213,84,2779,10463.0,17353.1,536.386,171.426,1522.09,27582.5,5985.43,51882.2,5723.16,2148.2,762.368,24048.9,300
25,20,15,25,15,4.473477688,146.30535,2.018,3.179,84.5,0.7,0.1,14.7,65.4,16.0,0.5,18.1,1146,1595,69,28,180,3309,829,3352,380,165,107,3379,10546.2,16404.1,732.226,245.992,1883.11,26306.3,7092.01,47327.2,5519.99,1799.4,996.389,26642.2,300
25,20,15,30,10,4.359614156,141.98236,2.19,3.549,84.4,0.7,0.1,14.8,64.0,17.1,0.6,18.3,1232,1771,52,27,175,3284,776,4213,411,222,121,2919,11389.8,19177.4,525.733,219.004,1866.09,27887.7,6524.09,58982.5,6093.94,2633.63,1202.67,24655.7,300
25,20,15,35,5,4.232140067,135.97059,2.007,3.542,84.3,0.7,0.2,14.8,64.6,16.5,0.6,18.3,1146,1776,59,18,156,3297,711,4396,420,217,120,2346,9987.75,18202.7,597.066,129.009,1601.81,25600.7,6306.59,62601.5,6386.16,2345.11,1140.13,21402.2,300
25,20,20,15,20,4.4005547,148.21315,2.031,3.141,84.7,0.7,0.1,14.5,67.4,14.3,0.5,17.8,1231,1667,47,22,154,3324,695,3686,496,153,137,2380,10955.9,16902.5,499.363,164.351,1546.29,26377.5,5861.91,50800.0,7180.19,1797.76,1249.48,21288.0,300
25,20,20,20,15,4.416741721,144.14497,2.025,3.215,84.5,0.7,0.1,14.7,67.4,14.2,0.5,17.9,932,1627,39,18,148,3352,797,3496,389,171,108,2949,8737.38,17414.3,447.338,151.286,1613.71,28069.3,6779.82,51097.8,5588.31,1958.17,1073.86,24032.1,300
25,20,20,25,10,4.308674976,138.91466,2.03,3.185,84.4,0.7,0.1,14.8,67.4,13.9,0.5,18.2,1063,1595,54,21,161,3298,831,3499,378,188,101,2986,9838.35,16692.6,540.774,259.711,1791.11,27591.0,6844.68,49799.3,5775.17,2219.65,924.898,24432.4,300
25,20,20,30,5,4.194745857,134.15821,2.114,3.196,84.3,0.7,0.1,14.9,66.7,14.5,0.5,18.3,1226,1786,49,27,156,3133,739,3560,386,191,133,2985,11112.1,19215.4,500.083,245.591,1656.22,26516.7,5949.65,51757.3,5282.03,2121.82,1269.21,24145.1,300
25,25,0,30,20,4.582956244,160.28951,2.335,3.285,84.6,0.7,0.2,14.5,66.8,15.3,0.6,17.3,1356,1911,70,19,171,3498,695,4036,392,192,128,2415,12355.7,20063.8,677.19,149.861,1716.09,29346.8,5937.52,55654.2,5142.93,2316.83,1167.82,21211.6,300
25,25,0,35,15,4.615107362,154.41093,2.277,3.492,84.6,0.7,0.2,14.5,65.6,15.9,0.7,17.8,1352,1778,56,19,168,3718,837,4235,379,214,108,3099,12080.2,18196.8,559.78,160.238,1656.58,30200.5,6596.21,56928.3,5391.0,2366.88,1000.47,25170.4,300
25,25,0,40,10,4.440065365,152.49169,2.318,3.855,84.4,0.8,0.2,14.6,63.3,18.1,0.7,17.9,1212,2087,79,27,197,3423,757,4730,359,254,125,2567,11007.0,21690.8,872.752,239.218,1889.15,28439.3,7368.01,67375.6,5273.73,2684.05,1174.39,24045.2,300
25,25,5,25,20,4.591985264,156.788,2.363,3.303,84.6,0.7,0.2,14.5,65.7,16.0,0.5,17.8,1356,1856,70,13,204,3452,765,3693,408,198,126,2629,12652.4,19818.4,727.231,147.86,2187.35,29655.1,6501.69,52644.4,6344.73,2279.55,1315.77,23023.2,300
25,25,5,30,15,4.49128216,151.3383,2.249,3.448,84.5,0.7,0.2,14.6,66.9,14.9,0.6,17.6,1345,1827,71,17,190,3482,885,3963,401,210,106,3180,12147.1,18816.4,699.945,125.218,1970.78,28431.6,6961.42,54465.3,5680.89,2417.04,969.453,25912.4,300
25,25,5,35,10,4.383631447,149.9438,2.184,3.352,84.5,0.7,0.2,14.6,63.9,17.7,0.6,17.8,1288,1817,59,18,158,3448,701,3965,400,235,100,2829,11613.1,18546.7,592.136,144.151,1498.26,28159.3,6022.82,55551.9,5384.46,2380.61,896.113,23740.4,300
25,25,5,40,5,4.37344816,143.50332,2.25,3.462,84.3,0.7,0.2,14.8,63.5,17.6,0.7,18.2,1202,1975,59,19,174,3275,722,4196,384,228,113,3119,11234.4,21242.6,648.957,200.864,1873.33,27340.7,5876.4,57199.1,5354.18,2825.19,1054.55,25065.1,300
25,25,10,20,20,4.587826817,152.30018,2.223,3.279,84.7,0.7,0.1,14.5,67.3,14.6,0.5,17.6,1238,1682,71,17,149,3521,743,3884,382,188,138,2452,11621.7,17788.9,695.35,140.143,1670.05,29528.7,6301.79,54742.2,5442.88,1944.89,1370.9,21801.3,300
25,25,10,25,15,4.480054827,150.82464,2.181,3.111,84.5,0.7,0.1,14.7,66.3,15.3,0.6,17.8,1302,1562,69,29,148,3613,820,3564,366,169,109,3045,11768.0,16410.9,782.372,250.792,1615.6,29603.4,6583.41,48869.8,4876.39,1940.12,1020.62,23854.8,300
25,25,10,30,10,4.415202342,145.33177,2.171,3.24,84.4,0.7,0.2,14.7,66.4,15.4,0.6,17.6,1278,1797,62,27,128,3407,808,3702,387,189,78,3191,11575.0,18756.0,649.579,206.87,1354.5,27761.0,6479.91,50664.1,5552.32,2363.64,722.681,25177.5,300
25,25,10,35,5,4.349132706,140.99387,2.237,3.274,84.4,0.7,0.2,14.7,64.4,16.8,0.6,18.2,1376,1740,52,18,144,3553,829,3849,341,223,73,3387,12418.7,18343.2,539.379,134.167,1587.66,29302.6,6631.16,51855.0,5402.45,2486.52,623.764,25246.6,300
25,25,15,15,20,4.435736177,150.87418,2.2,3.472,84.6,0.7,0.1,14.6,67.2,14.4,0.5,17.9,1163,1727,66,23,182,3306,895,3762,395,162,118,3199,11178.1,18495.2,744.962,185.556,1935.78,28385.7,7337.82,53990.1,5781.93,1866.39,1089.98,27029.1,300
25,25,15,20,15,4.343028276,147.93557,2.164,3.221,84.6,0.7,0.1,14.6,68.2,13.4,0.5,17.9,1221,1627,57,15,184,3585,706,3901,400,174,121,2213,11048.0,16996.0,572.328,130.536,1902.86,29436.1,6396.02,54992.7,5681.98,1956.25,1130.81,20159.9,300
25,25,15,25,10,4.29086065,142.77414,2.028,3.338,84.5,0.7,0.1,14.7,65.4,15.9,0.5,18.2,1099,1733,69,22,168,3108,789,3630,442,210,97,3303,10111.0,18249.9,738.478,220.604,1775.25,25341.0,6508.57,50922.5,7139.94,2300.86,911.828,26138.6,300
25,25,15,30,5,4.264785677,138.32554,2.068,3.4,84.3,0.7,0.1,14.9,65.7,15.5,0.5,18.3,1229,1416,60,19,141,3688,735,4182,369,187,112,2390,10509.7,15201.9,607.978,140.73,1560.11,29694.3,6525.19,59159.4,5535.65,2299.62,1059.71,21340.1,300
25,25,20,15,15,4.323086716,144.48897,2.01,3.157,84.6,0.7,0.1,14.6,66.7,14.9,0.5,17.9,990,1573,74,23,160,3378,621,3583,382,188,130,2574,9263.44,16041.0,754.699,196.937,1601.65,28047.9,5075.95,51620.6,6000.68,2156.6,1418.34,22377.2,300
25,25,20,20,10,4.278545427,139.64315,2.232,3.256,84.5,0.7,0.1,14.7,67.0,14.4,0.5,18.1,1362,1261,55,11,118,4224,658,3700,400,207,129,2475,12581.8,13427.4,596.806,89.3708,1260.21,34284.6,5674.89,54182.7,5996.71,2456.72,1289.27,22153.4,300
25,25,20,25,5,4.129249278,135.26451,2.063,3.288,84.4,0.7,0.1,14.8,65.6,15.5,0.5,18.4,1272,1471,47,21,143,3531,661,3893,386,194,147,2336,11796.0,15449.3,552.675,162.215,1542.28,28171.3,5675.07,55356.1,6009.54,2426.61,1528.04,21949.3,300
30,15,0,35,20,4.629226409,159.21303,2.345,3.692,84.5,0.7,0.2,14.6,64.7,16.8,0.7,17.8,1247,2029,77,27,189,3313,870,4134,481,209,130,3479,11793.8,21637.0,767.751,220.481,2111.83,28204.2,7346.91,56338.2,7157.07,2639.05,1207.86,28394.5,300
30,15,0,40,15,4.458075038,153.47787,2.298,3.744,84.5,0.8,0.2,14.5,62.5,18.9,0.7,17.9,1287,1951,76,24,163,3604,783,4625,407,229,102,2790,11687.2,20576.8,826.599,167.245,1658.8,28674.2,6902.94,64109.2,6316.5,2668.27,878.372,23976.4,300
30,15,5,30,20,4.565519687,156.4244,2.232,3.399,84.6,0.7,0.2,14.5,66.2,15.4,0.6,17.8,1237,1608,68,19,187,3799,845,4048,416,205,100,3198,11092.9,17126.1,742.535,141.181,2001.63,30627.5,6932.79,53653.4,5812.86,2118.12,885.804,25662.3,300
30,15,5,35,15,4.498929254,151.22365,2.334,3.606,84.4,0.8,0.2,14.6,65.8,15.5,0.6,18.1,1319,1798,54,24,177,3760,804,4292,428,213,108,3054,12422.7,19319.3,621.62,170.064,1854.08,30328.3,6504.0,60732.4,6499.47,2255.65,944.827,24157.4,300
30,15,5,40,10,4.321369453,146.31054,2.085,3.575,84.4,0.7,0.2,14.7,63.1,18.1,0.7,18.1,1154,1505,62,22,132,3692,670,4608,428,230,130,2495,10417.5,15664.3,683.12,194.825,1378.93,29612.6,5775.47,62459.0,5920.93,2704.23,1257.2,22420.5,300
30,15,10,25,20,4.510350542,152.84955,2.089,3.428,84.5,0.7,0.2,14.6,66.3,15.4,0.6,17.7,1150,1730,69,22,149,3345,731,4192,390,182,127,2501,10403.4,18071.5,777.854,148.314,1582.4,26918.0,6210.27,58331.4,6039.56,1959.27,1215.23,22247.4,300
30,15,10,30,15,4.301917475,148.63763,2.226,3.506,84.5,0.7,0.2,14.6,64.8,16.4,0.6,18.2,1252,1766,87,31,131,3448,683,4313,473,215,143,2493,11876.7,18569.4,937.949,279.511,1502.31,28683.8,6352.81,58694.9,6974.9,2606.93,1313.6,22570.6,300
30,15,10,35,10,4.286279632,144.24628,2.204,3.422,84.4,0.7,0.2,14.7,64.5,16.9,0.6,18.0,1271,1728,58,21,144,3651,818,4062,413,219,110,3167,11201.5,18109.6,641.879,182.508,1544.47,29714.5,6396.19,56095.0,5885.16,2204.15,1056.59,24748.9,300
30,15,10,40,5,4.331436679,137.45358,2.134,3.838,84.2,0.7,0.2,14.9,61.4,19.3,0.7,18.6,1191,1902,68,26,177,3183,703,4764,382,291,126,2804,10754.3,20613.1,739.919,230.07,1873.7,25388.7,5824.67,67269.0,5530.63,3406.21,1172.73,25246.7,300
30,15,15,20,20,4.393401392,150.18322,2.107,3.203,84.5,0.7,0.1,14.7,67.3,14.3,0.5,17.9,1117,1786,56,23,150,3330,923,3576,420,172,107,3107,10307.5,18815.2,549.764,175.104,1596.65,27043.3,7351.07,48387.5,6178.65,2046.51,952.652,24902.1,300
30,15,15,25,15,4.359303725,147.34189,2.125,3.469,84.5,0.7,0.1,14.7,64.9,16.6,0.5,18.0,1233,1818,53,15,186,3123,735,3863,384,164,102,2322,11975.6,19351.2,569.288,117.462,1905.03,27105.5,6424.33,55392.0,5728.24,1788.98,1025.7,20929.2,300
30,15,15,30,10,4.260645372,142.55601,2.192,3.245,84.3,0.7,0.2,14.8,63.7,17.3,0.6,18.4,1162,1823,63,21,182,3142,709,4076,445,225,116,2406,10926.2,19463.1,654.91,192.689,1831.65,26238.1,6473.62,58661.7,6328.02,2850.49,1132.64,22465.4,300
30,15,15,35,5,4.142458436,137.10398,2.181,3.227,84.3,0.7,0.2,14.8,65.3,15.8,0.6,18.3,1219,1700,52,30,147,3513,697,3933,387,214,104,2507,11526.6,18662.7,534.771,211.753,1523.06,28580.2,5624.36,55984.0,5414.93,2332.25,835.081,21123.2,300
30,15,20,15,20,4.264344133,149.46483,2.003,3.324,84.6,0.7,0.1,14.6,66.7,14.9,0.5,17.9,1113,1630,67,23,159,3141,649,3908,399,185,136,2205,10215.0,17749.3,668.062,174.514,1676.18,25205.9,6094.51,57528.7,6297.74,2120.63,1271.08,20160.1,300
30,15,20,20,15,4.360378989,143.39232,2.039,3.211,84.4,0.7,0.1,14.8,65.8,15.8,0.5,17.9,1104,1705,53,20,157,3161,679,3743,440,166,133,2308,10418.9,18275.2,524.478,152.786,1660.42,25820.0,6129.13,53123.5,6911.72,2027.21,1393.51,20884.9,300
30,15,20,25,10,4.34397556,139.00852,2.041,3.187,84.3,0.7,0.1,14.9,64.7,16.3,0.5,18.5,1160,1696,65,23,176,3259,692,3577,401,155,111,2955,10353.8,17389.5,637.705,176.038,1683.42,26840.4,5540.18,51109.4,6505.7,1903.03,1129.6,23919.2,300
30,15,20,30,5,4.098391862,134.0023,1.972,3.292,84.3,0.7,0.1,14.9,64.0,17.1,0.6,18.3,1065,1757,56,25,160,3186,701,4000,425,236,124,2723,9464.26,18205.2,554.187,186.017,1745.89,25153.3,5682.32,55422.1,6229.52,2372.58,1207.08,22435.5,300
30,20,0,30,20,4.515644052,157.07585,2.235,3.474,84.5,0.8,0.2,14.5,64.6,17.1,0.6,17.7,1240,1800,53,23,154,3694,801,4160,422,240,111,2915,10990.5,18569.8,600.251,178.376,1565.52,29685.5,6341.21,56173.8,6137.27,2793.51,1041.89,24291.6,300
30,20,0,35,15,4.428929323,155.49552,2.205,3.443,84.5,0.7,0.2,14.6,63.6,18.0,0.7,17.7,1220,1774,67,20,155,3496,752,3995,421,222,87,3059,11538.7,18419.7,710.363,153.368,1618.83,28474.5,6189.65,55292.8,6178.36,2724.71,760.884,25019.4,300
30,20,0,40,10,4.375699936,150.43172,2.304,3.795,84.4,0.8,0.2,14.6,62.1,19.3,0.7,17.9,1381,1778,68,28,140,3713,676,4660,446,247,94,2816,12225.3,18646.5,708.511,214.835,1325.49,30675.2,5847.03,65494.9,6609.47,2984.15,911.309,24491.1,300
30,20,5,25,20,4.570101122,157.06773,2.168,3.298,84.6,0.7,0.2,14.5,66.0,15.6,0.6,17.8,1269,1749,69,19,170,3381,793,3835,396,169,110,2969,11523.4,18153.7,747.167,179.974,1745.39,27507.7,6516.95,53014.9,5604.04,1851.14,980.441,24077.6,300
30,20,5,30,15,4.37627001,153.69567,2.065,3.684,84.5,0.7,0.2,14.6,64.6,16.7,0.7,18.0,1153,1664,74,28,164,3397,908,4217,446,240,119,3355,10206.3,17596.3,758.633,207.088,1695.62,26697.8,7174.72,58305.1,6716.66,2929.21,1038.81,26927.4,300
30,20,5,35,10,4.42153051,147.84452,2.138,3.413,84.5,0.7,0.2,14.6,64.3,17.2,0.7,17.8,1134,2001,56,33,174,3237,779,4132,391,220,92,3010,9874.12,20410.6,537.183,234.511,1886.32,26381.8,6456.8,56546.4,5443.75,2295.17,839.614,24157.4,300
30,20,5,40,5,4.328927461,143.2096,2.351,3.853,84.3,0.7,0.2,14.8,61.8,19.2,0.7,18.3,1264,1854,62,24,145,3732,645,5011,431,254,115,2625,12376.5,19783.4,591.357,182.375,1585.8,30892.7,5361.86,68808.9,6681.01,3080.72,985.988,23534.3,300
30,20,10,20,20,4.391819409,153.4498,2.132,3.423,84.6,0.7,0.1,14.6,66.5,15.2,0.6,17.7,1296,1461,59,11,153,3680,797,3967,459,179,136,2601,11698.2,15290.5,564.899,95.7071,1560.5,29759.0,6797.85,55853.6,7052.36,2164.06,1211.92,22608.6,300
30,20,10,25,15,4.371412123,149.4759,2.241,3.224,84.5,0.7,0.2,14.6,66.4,15.3,0.6,17.7,1239,1834,58,17,194,3371,706,3810,390,194,111,2721,11511.7,19686.4,656.36,121.235,2132.22,28036.8,5866.39,53251.8,5727.96,2066.83,1052.15,22347.7,300
30,20,10,30,10,4.208879076,145.98537,2.214,3.675,84.4,0.7,0.2,14.7,64.4,16.7,0.6,18.3,1235,1597,42,30,129,3816,713,4364,472,222,103,2620,11398.9,16401.5,449.698,233.204,1338.55,31738.2,6567.3,62380.8,6819.47,2438.13,957.329,24162.7,300
30,20,10,35,5,4.119545576,140.11405,2.061,3.387,84.3,0.7,0.2,14.8,63.4,17.7,0.6,18.3,1208,1546,74,20,140,3514,575,4216,434,212,102,2374,10776.6,16304.7,783.84,160.496,1466.6,27974.0,4762.4,59252.4,6656.26,2665.12,985.008,21162.1,300
30,20,15,15,20,4.363281896,151.67314,2.214,3.421,84.6,0.7,0.1,14.6,67.6,14.0,0.5,17.9,1288,1648,57,22,163,3422,790,3794,415,165,104,2948,12371.4,17345.9,564.698,157.818,1798.42,29114.9,6805.61,55494.0,6212.75,1672.72,990.415,24560.2,300
30,20,15,20,15,4.344047072,147.90413,2.268,3.232,84.4,0.7,0.1,14.8,66.9,14.6,0.5,18.0,1241,1579,68,21,143,3823,852,3567,415,197,114,3116,11737.9,16825.8,652.585,155.847,1501.77,32141.1,6808.5,50280.9,6194.95,2165.63,1045.22,24272.4,300
30,20,15,25,10,4.263869996,143.33934,2.077,3.249,84.4,0.7,0.1,14.8,66.5,14.8,0.6,18.1,1162,1690,74,31,163,3291,739,3850,431,195,95,2822,10545.7,17765.9,786.496,221.588,1556.17,26983.0,6075.85,53480.0,6479.17,2108.55,874.04,22451.1,300
30,20,15,30,5,4.098287605,136.45035,2.03,3.207,84.3,0.7,0.2,14.8,65.1,15.8,0.6,18.5,1109,1890,65,28,146,3078,764,3770,436,197,110,2942,10060.0,19817.0,653.018,214.71,1475.8,24476.9,5814.05,52158.1,6135.15,2254.08,1060.73,23123.4,300
30,20,20,15,15,4.275937597,146.14846,2.197,3.503,84.5,0.7,0.1,14.7,65.3,16.0,0.5,18.2,1286,1501,57,24,149,3823,745,4052,431,191,103,2789,11535.6,15585.5,571.135,173.593,1527.29,31754.6,6733.83,57107.7,6652.81,2130.33,1036.13,24851.8,300
30,20,20,20,10,4.213205994,140.9049,2.167,2.955,84.4,0.7,0.1,14.8,67.3,14.3,0.5,17.9,1225,1709,69,21,192,3301,739,3480,336,154,120,2745,11352.7,18020.3,663.842,146.823,1921.43,28375.7,5955.16,47422.5,5077.67,1744.82,1057.48,22052.0,300
30,20,20,25,5,4.144236484,136.67354,1.952,3.311,84.3,0.7,0.1,14.9,63.9,16.9,0.5,18.7,1157,1668,53,23,137,3070,647,3940,404,233,139,2327,10554.9,17623.5,594.015,159.844,1407.01,24278.3,5762.22,56844.4,6041.59,2870.66,1307.8,20846.5,300
30,25,0,25,20,4.573683144,160.0117,2.34,3.301,84.6,0.7,0.2,14.5,66.1,15.8,0.6,17.5,1414,1948,64,12,136,3514,790,3849,455,207,139,2919,12711.6,20113.6,699.305,73.6606,1390.78,29385.6,6406.88,52516.9,5961.63,2329.66,1330.52,23241.5,300
30,25,0,30,15,4.516501077,156.02975,2.242,3.623,84.5,0.7,0.2,14.6,64.3,17.1,0.7,17.9,1261,1840,71,30,168,3554,814,4393,449,244,132,3145,11342.0,19040.7,748.028,247.313,1706.27,28740.1,6412.99,58954.5,6405.35,2529.11,1126.12,25565.4,300
30,25,0,35,10,4.366476927,151.95902,2.407,3.596,84.4,0.8,0.2,14.6,62.8,18.7,0.7,17.8,1406,1786,72,30,171,3929,737,4419,420,220,114,3109,12886.8,18955.5,752.472,198.87,1889.68,31866.0,5840.46,60352.0,5773.3,2481.17,1009.82,25042.3,300
30,25,0,40,5,4.311179147,146.83975,2.39,3.576,84.3,0.8,0.2,14.7,62.1,19.2,0.8,17.9,1400,1955,85,34,127,3617,745,4497,426,250,104,2884,12725.2,21308.2,956.885,280.332,1299.76,29669.3,5894.0,62097.9,5883.16,2687.12,871.912,22816.2,300
30,25,5,20,20,4.473113567,156.8208,2.373,3.358,84.6,0.7,0.2,14.5,66.6,15.0,0.6,17.8,1432,1629,62,30,162,3818,832,3624,425,193,112,3286,13308.5,17648.0,625.315,250.584,1765.58,31817.4,6579.65,51541.4,5941.15,2083.04,962.069,26373.0,300
30,25,5,25,15,4.487065135,153.08201,2.179,3.572,84.5,0.7,0.2,14.6,65.7,16.0,0.6,17.7,1220,1774,56,27,166,3389,653,4281,460,172,137,2416,11287.4,18339.1,581.672,228.704,1774.8,27983.1,5830.14,61507.9,6024.07,2177.31,1418.41,22771.6,300
30,25,5,30,10,4.409163307,149.02844,2.17,3.555,84.4,0.7,0.2,14.7,63.8,17.7,0.6,17.9,1150,1849,76,34,153,3399,730,4283,393,223,127,2938,10316.7,19067.2,744.765,259.953,1506.86,28215.0,6017.24,59448.3,5776.38,2290.19,1217.41,24783.6,300
30,25,5,35,5,4.268835895,144.71591,2.324,3.789,84.3,0.7,0.2,14.8,62.2,18.7,0.7,18.4,1209,2026,59,29,152,3370,802,4703,407,256,119,2765,11707.3,21766.3,602.553,209.682,1578.89,28669.8,6625.08,65477.5,5768.37,2844.2,1075.89,24605.7,300
30,25,10,15,20,4.491992232,154.77028,2.123,3.287,84.6,0.7,0.2,14.5,66.8,15.1,0.6,17.5,1066,1450,64,14,117,3903,948,3441,381,158,89,3446,9517.32,15202.5,656.104,129.418,1283.42,31842.0,7902.63,47719.0,6368.6,1709.68,891.337,27067.3,300
30,25,10,20,15,4.30309749,151.20482,2.211,3.25,84.5,0.7,0.2,14.6,65.7,15.7,0.6,18.0,1214,1857,59,22,180,3413,830,3849,422,178,91,2822,11119.3,19574.1,658.815,168.63,1916.45,27757.2,6645.91,52246.1,6138.05,1974.32,941.144,22961.9,300
30,25,10,25,10,4.305447892,146.73796,2.139,3.171,84.4,0.7,0.2,14.7,64.8,16.6,0.6,18.0,1149,1778,78,27,167,3413,772,3603,368,177,98,3086,10432.4,18743.1,774.213,182.993,1707.29,27522.5,6405.2,49338.7,5432.42,1978.92,828.223,24924.5,300
30,25,10,30,5,4.198477636,142.64995,2.087,3.369,84.3,0.7,0.2,14.8,64.3,16.9,0.6,18.2,1223,1732,65,22,142,3186,645,4070,384,239,100,2843,11020.6,18543.5,708.009,183.289,1409.82,26192.9,5166.06,56766.2,5701.96,2472.74,961.876,23683.5,300
30,25,15,15,15,4.264613994,147.71677,2.149,3.152,84.5,0.7,0.1,14.7,65.3,16.3,0.5,17.9,1213,1750,65,25,192,3333,789,3551,375,144,110,2729,11139.4,18421.8,660.627,226.363,1942.87,27200.0,6663.65,51600.8,5157.96,1464.58,965.453,22398.7,300
30,25,15,20,10,4.231615029,144.42946,2.134,3.175,84.5,0.7,0.1,14.7,67.7,14.1,0.5,17.7,1254,1730,69,15,182,3216,741,3846,400,172,131,2604,11616.3,17773.0,653.777,131.065,1898.56,27256.4,6078.85,52554.6,6023.48,1929.29,1226.06,21351.3,300
30,25,15,25,5,4.206752489,139.47776,2.22,3.072,84.3,0.7,0.2,14.8,66.0,15.3,0.6,18.1,1218,1798,82,20,151,3459,755,3565,390,192,82,2741,11383.5,19026.6,838.752,119.551,1476.68,29034.9,5907.64,50592.3,5492.01,2316.09,704.094,21496.4,300
30,25,20,15,10,4.14118208,142.89274,2.01,3.203,84.4,0.7,0.1,14.8,67.1,14.4,0.5,18.0,1072,1547,55,26,144,3272,860,3377,386,180,139,3219,10086.8,16448.3,608.745,181.876,1559.6,27097.0,7312.49,48371.8,5464.06,1805.81,1302.01,25825.1,300
30,25,20,20,5,4.057794575,138.1707,1.924,3.11,84.3,0.7,0.1,14.9,66.1,15.3,0.6,18.0,1072,1689,51,23,161,2997,699,3864,376,182,116,2414,9620.82,17622.3,535.747,153.645,1637.57,24149.1,5790.26,52494.5,5716.25,2718.87,1080.51,20488.1,300
35,15,0,30,20,4.430893861,159.56933,2.332,3.619,84.5,0.7,0.2,14.6,64.6,16.9,0.7,17.8,1212,1921,71,22,147,3562,710,4529,405,192,93,2556,10755.5,20512.2,748.034,172.327,1574.53,30563.9,6532.72,61977.5,5879.79,2121.88,851.898,23554.7,300
35,15,0,35,15,4.385088092,154.3938,2.309,3.309,84.5,0.7,0.2,14.6,64.6,17.0,0.7,17.7,1458,1790,79,23,153,3699,752,3947,422,210,94,3280,12752.9,18932.0,778.247,180.218,1613.95,29565.7,5732.62,52725.7,5553.04,2389.32,882.639,25181.7,300
35,15,0,40,10,4.254530885,149.05276,2.351,3.753,84.3,0.8,0.2,14.7,61.1,20.0,0.7,18.2,1327,1861,61,27,149,3612,892,4578,431,230,79,3147,12246.9,20193.5,628.039,214.745,1493.14,30364.0,7158.96,63101.9,6099.18,2437.24,681.782,25705.6,300
35,15,5,25,20,4.472427238,156.8719,2.187,3.466,84.6,0.7,0.2,14.5,65.4,16.2,0.6,17.8,1322,1536,62,26,144,3612,772,4138,463,226,120,2640,12234.4,16489.5,651.659,206.102,1519.02,29333.9,6505.4,57490.1,6586.36,2573.29,1152.0,22485.5,300
35,15,5,30,15,4.32774855,152.70841,2.137,3.452,84.4,0.7,0.2,14.7,63.4,18.0,0.7,17.9,1231,1829,69,27,157,3260,647,4219,395,197,108,2488,11342.0,18894.1,682.733,232.481,1549.09,26480.4,5551.85,59658.9,5882.43,2120.56,987.224,22463.9,300
35,15,5,35,10,4.326792326,147.86576,2.219,3.563,84.3,0.7,0.2,14.8,64.1,17.0,0.7,18.2,1239,2000,80,28,149,3142,710,4434,443,231,106,2888,11298.8,21121.2,743.084,209.351,1576.34,26664.5,5491.2,60370.6,6717.65,2316.6,939.158,24254.0,300
35,15,5,40,5,4.151923456,143.40508,2.188,3.717,84.2,0.8,0.2,14.8,62.5,18.4,0.8,18.3,1247,1841,64,26,149,3456,763,4721,420,286,109,3031,11277.6,19469.3,652.716,224.369,1576.63,27722.4,5908.38,64804.5,5285.19,3022.99,888.787,24809.2,300
35,15,10,20,20,4.44300544,154.1138,2.19,3.396,84.5,0.7,0.2,14.6,66.6,15.1,0.6,17.7,1172,1864,63,24,163,3231,837,3804,452,186,119,3169,11013.2,19833.0,660.515,212.923,1690.78,27226.9,6721.75,53226.2,6419.75,1992.58,1068.34,25546.0,300
35,15,10,25,15,4.297248788,149.20026,1.983,3.249,84.4,0.7,0.2,14.7,63.0,18.2,0.6,18.2,1006,1697,69,27,135,3140,666,3764,381,186,109,2691,9347.17,17855.8,719.244,212.143,1443.98,25445.8,5389.09,54028.2,5567.29,2036.35,1017.28,23120.1,300
35,15,10,30,10,4.15026113,146.27277,2.071,3.633,84.3,0.7,0.2,14.8,63.8,17.2,0.6,18.4,1197,1862,71,27,148,3180,732,4431,446,199,102,2724,10473.9,19704.6,745.552,215.626,1540.05,24929.4,6341.33,61613.1,6799.66,2548.65,1063.24,23869.9,300
35,15,10,35,5,4.079250478,141.31219,2.036,3.515,84.2,0.8,0.2,14.8,62.8,18.0,0.7,18.5,1077,1816,65,30,157,3082,622,4560,440,241,94,2458,10125.7,19023.9,647.483,237.204,1514.45,25244.3,5184.93,63358.3,6100.25,2663.85,837.915,21026.3,300
35,15,15,15,20,4.280371893,151.17411,2.191,3.204,84.5,0.7,0.1,14.7,65.4,16.3,0.5,17.8,1268,1480,61,21,171,3801,802,3551,378,182,108,2877,11677.5,15586.3,627.335,195.658,1917.78,30756.0,6520.69,50445.8,5882.18,2013.23,963.813,23931.1,300
35,15,15,20,15,4.332394926,147.70231,2.329,3.445,84.4,0.7,0.1,14.8,67.5,13.9,0.6,18.0,1280,1581,76,21,152,3599,682,4164,443,202,125,2461,12571.0,18076.8,813.021,183.615,1791.86,31314.7,5715.69,59516.2,6468.48,2462.35,1175.46,21406.7,300
35,15,15,25,10,4.123243885,144.36794,2.151,3.584,84.3,0.7,0.2,14.8,64.1,17.1,0.6,18.2,1202,1840,74,27,175,3323,832,4061,455,206,120,3088,10942.1,19326.6,733.042,185.454,1828.76,26953.7,6769.88,57336.1,6966.27,2579.92,1067.13,26232.4,300
35,15,15,30,5,4.071209773,137.58074,2.083,3.453,84.2,0.7,0.2,14.9,62.9,18.1,0.6,18.4,1196,1872,57,23,179,3082,701,4284,409,209,115,2637,10798.7,19580.1,551.983,221.794,1887.68,25190.1,6100.91,59781.9,6079.52,2229.19,1144.15,22204.3,300
35,15,20,15,15,4.196714569,144.79557,2.045,3.222,84.4,0.7,0.1,14.8,66.4,15.3,0.5,17.8,1162,1470,63,12,153,3547,684,3768,410,166,125,2604,10418.5,15269.4,674.142,85.2286,1637.38,28857.4,5893.23,53794.6,6194.31,1719.71,1110.47,21883.4,300
35,15,20,20,10,4.134052346,141.60075,1.981,3.202,84.4,0.7,0.1,14.8,66.3,15.1,0.5,18.1,1044,1853,68,16,140,3057,730,3709,419,167,96,2698,9255.15,18990.4,746.106,161.747,1547.81,24611.8,6138.76,52699.2,6035.32,1836.4,861.543,22747.3,300
35,15,20,25,5,4.019077684,136.61799,2.049,3.401,84.2,0.7,0.1,15.0,62.4,18.5,0.6,18.5,1166,1741,55,21,137,3236,695,4292,470,210,110,2587,10225.4,18858.8,581.597,208.775,1503.69,26011.5,5868.73,58901.5,6727.15,2496.85,985.939,21279.5,300
35,20,0,25,20,4.391374747,159.45681,2.354,3.653,84.5,0.8,0.2,14.5,64.8,17.1,0.7,17.4,1470,1493,69,25,120,4208,805,4382,412,206,117,2721,12762.3,15857.9,724.037,193.706,1262.02,34026.1,6998.49,62178.5,6172.81,2214.1,1120.1,22906.7,300
35,20,0,30,15,4.350696465,157.59235,2.265,3.336,84.5,0.7,0.2,14.6,65.2,16.6,0.7,17.5,1220,1880,61,27,177,3443,757,4067,351,186,116,2835,11068.6,19977.2,672.798,205.324,1808.16,28787.4,6149.35,55593.6,4684.59,1933.3,1087.44,23598.7,300
35,20,0,35,10,4.301403896,152.98054,2.16,3.8,84.4,0.8,0.2,14.6,61.3,20.1,0.7,17.9,1262,1589,68,32,152,3606,698,4824,468,232,99,2581,11309.9,17344.0,718.264,237.912,1729.37,28415.3,5927.94,67325.9,6763.61,2590.85,1066.82,22650.3,300
35,20,0,40,5,4.157254915,146.84599,2.246,3.628,84.3,0.8,0.2,14.7,62.4,18.8,0.8,18.0,1330,1751,72,19,138,3651,655,4634,430,265,101,2730,12158.4,18695.3,690.632,142.497,1395.42,29216.6,5325.52,63990.9,5688.46,2988.08,848.14,22909.2,300
35,20,5,20,20,4.460626162,156.57316,2.412,3.454,84.5,0.8,0.2,14.5,66.6,15.1,0.6,17.7,1263,1638,71,24,140,3952,688,4004,435,173,125,2410,11729.3,17250.0,670.359,160.865,1449.99,35267.3,6380.17,57815.3,6366.99,1897.48,1315.76,22447.3,300
35,20,5,25,15,4.293665517,152.94377,2.158,3.262,84.5,0.7,0.2,14.6,65.8,15.7,0.6,17.9,1219,1828,69,19,171,3317,806,3866,406,196,107,2666,11100.5,19199.8,681.918,138.921,1797.99,26752.1,6352.7,53003.5,6103.02,2489.77,981.733,22195.9,300
35,20,5,30,10,4.179109945,149.80668,2.27,3.451,84.4,0.8,0.2,14.6,62.6,18.6,0.7,18.1,1331,1750,76,32,139,3719,710,4136,459,207,97,2859,12052.3,18528.7,825.571,240.122,1438.83,29845.2,5718.98,57015.8,6766.06,2348.69,880.301,23967.5,300
35,20,5,35,5,4.174995836,144.35817,2.08,3.636,84.2,0.8,0.2,14.8,62.1,18.8,0.8,18.3,1154,2001,76,29,145,3129,750,4427,430,245,88,3186,10136.2,20318.6,732.04,213.071,1449.26,24949.7,5957.49,60409.3,5987.9,2811.25,802.867,26212.3,300
35,20,10,15,20,4.344643573,155.58177,2.167,3.354,84.5,0.7,0.2,14.6,67.2,14.5,0.6,17.7,1160,1847,47,25,156,3253,640,3948,439,182,113,2496,10362.2,19806.0,464.419,186.858,1849.35,27206.4,5247.15,56795.9,6651.44,2167.02,1079.08,21653.0,300
35,20,10,20,15,4.310462919,150.20742,2.204,3.09,84.4,0.7,0.2,14.7,64.7,17.0,0.6,17.7,1223,1671,82,32,152,3550,648,3631,404,177,96,2614,11717.7,17638.6,804.771,215.727,1626.65,29035.8,5337.61,50464.0,6031.87,2094.38,873.356,21684.9,300
35,20,10,25,10,4.149143011,146.00288,2.028,3.461,84.4,0.7,0.2,14.7,63.6,17.6,0.6,18.2,1108,1763,64,22,170,3233,726,4252,390,226,111,2607,9714.38,18070.4,680.929,163.977,1752.57,25933.1,6293.18,57880.3,5751.87,2591.99,899.093,23710.1,300
35,20,10,30,5,4.19265613,141.32188,2.283,3.287,84.3,0.7,0.2,14.8,61.4,19.7,0.7,18.2,1197,1901,93,37,123,3420,691,3912,375,234,101,2835,11248.0,20684.1,1001.43,260.261,1291.16,29083.3,5553.81,54435.7,5524.47,2614.55,860.939,23538.0,300
35,20,15,15,15,4.263642298,146.96819,2.113,3.31,84.5,0.7,0.1,14.7,66.3,15.3,0.5,17.9,1067,1176,72,33,169,3151,815,3796,419,165,99,2563,10193.3,19167.7,760.5,237.394,1837.09,26444.0,7022.89,54080.3,6445.66,1919.01,899.48,22361.3,300
35,20,15,20,10,4.127013299,143.68103,2.097,3.39,84.4,0.7,0.2,14.7,64.3,16.8,0.6,18.3,1181,1757,61,22,148,3169,582,4141,463,208,106,2331,11023.1,18942.0,688.049,149.558,1687.09,25861.5,4867.52,58366.2,7438.6,2457.29,1019.64,21155.3,300
35,20,15,25,5,4.055606305,139.29702,2.034,3.344,84.2,0.7,0.2,14.9,64.7,16.5,0.6,18.2,1066,1754,65,25,171,3207,719,3923,417,222,98,3075,9724.58,18895.7,637.085,197.329,1832.78,25463.9,5564.46,54613.8,6088.52,2703.12,889.507,24405.8,300
35,20,20,15,10,4.145566608,142.38484,1.967,3.246,84.4,0.7,0.1,14.8,64.8,16.4,0.6,18.2,1154,1710,61,18,129,3012,783,3689,421,218,106,2938,10501.8,17672.3,676.895,138.022,1294.69,24543.2,6232.49,51516.3,6350.14,2289.3,959.163,24042.8,300
35,20,20,20,5,3.940634869,138.02033,2.093,3.378,84.2,0.7,0.2,14.9,64.7,16.2,0.6,18.5,1041,1803,77,22,163,3040,627,4032,453,211,130,2849,10088.1,19450.2,804.534,191.562,1635.28,26315.3,5154.51,56207.5,6608.52,2658.35,1310.86,23447.8,300
35,25,0,20,20,4.510521552,160.13604,2.368,3.459,84.6,0.8,0.2,14.4,63.9,17.7,0.7,17.7,1377,1704,77,27,152,3799,736,4098,427,186,113,3049,12741.3,17598.8,904.41,243.222,1553.5,32044.1,5787.46,56402.5,6048.59,2174.0,1063.82,24560.8,300
35,25,0,25,15,4.443637022,155.75241,2.244,3.733,84.4,0.8,0.2,14.6,65.1,16.4,0.7,17.8,1334,1948,64,21,150,3397,736,4286,510,238,108,3511,11733.5,20096.9,681.132,134.51,1563.63,27607.5,5943.56,59024.6,6974.28,2429.91,1061.85,28433.1,300
35,25,0,30,10,4.275922356,151.46311,2.205,3.766,84.4,0.8,0.2,14.6,63.4,17.8,0.7,18.1,1215,1900,68,25,159,3425,717,4690,439,253,107,2614,10814.2,20007.5,665.935,206.546,1488.71,27698.6,6292.42,65263.2,6184.41,3005.35,1083.57,23315.3,300
35,25,0,35,5,4.283274188,149.73271,2.24,3.749,84.2,0.8,0.2,14.8,59.6,21.5,0.8,18.1,1249,2041,74,34,165,3176,759,4682,379,250,98,3052,11615.8,21584.3,733.268,279.269,1586.24,26210.8,6262.93,63223.4,5542.64,2652.75,902.068,26409.6,300
35,25,5,15,20,4.364430812,156.61239,2.193,3.297,84.6,0.7,0.2,14.5,66.8,15.0,0.6,17.6,1216,1754,77,20,154,3443,798,3586,390,179,81,3137,11095.7,18416.7,838.039,166.343,1668.37,28196.7,6512.56,51327.4,5886.29,2068.72,801.585,25067.6,300
35,25,5,20,15,4.415364671,155.35909,2.268,3.245,84.5,0.7,0.2,14.6,65.8,15.9,0.6,17.7,1304,1957,81,27,170,3427,817,3856,398,191,128,2911,11875.1,20006.2,833.042,166.242,1657.74,28069.0,6457.61,51002.8,6287.47,2148.16,1279.09,23261.6,300
35,25,5,25,10,4.288914271,149.22076,2.232,3.364,84.4,0.8,0.2,14.6,65.6,15.7,0.7,18.0,1246,1715,54,24,168,3772,732,3854,428,208,100,3173,10864.8,17935.8,525.828,177.543,1744.45,30506.7,6306.17,53175.4,6088.82,2480.43,906.069,25104.2,300
35,25,5,30,5,4.177622335,146.70111,2.083,3.629,84.3,0.8,0.2,14.7,62.5,18.4,0.7,18.4,1037,1881,72,32,165,3346,624,4610,453,251,108,2353,9162.22,19672.5,749.634,231.451,1622.56,26354.0,5294.17,65567.4,6030.88,2942.37,1006.44,20918.2,300
35,25,10,15,15,4.248301439,151.83113,2.121,3.308,84.5,0.7,0.2,14.6,66.8,14.8,0.6,17.8,1203,1800,70,21,143,3153,742,3699,371,175,123,3053,10773.1,18985.9,726.248,156.736,1477.11,26542.5,5952.45,52186.2,6093.63,2019.69,1247.63,24867.8,300
35,25,10,20,10,4.205314468,147.36457,2.122,3.602,84.4,0.7,0.2,14.7,64.5,16.7,0.6,18.2,956,1757,72,27,167,3414,708,4068,443,213,85,2928,8917.81,18611.1,813.527,211.238,1894.25,28386.2,6001.76,58846.5,6971.66,2482.4,798.928,25786.1,300
35,25,10,25,5,4.140949663,142.87125,2.214,3.425,84.2,0.8,0.2,14.8,64.5,16.9,0.6,18.0,1199,1942,74,37,159,3326,674,4196,439,215,99,2507,10786.8,20807.1,743.526,339.159,1655.92,27211.5,5863.18,58113.5,6447.22,2648.4,998.022,22107.3,300
35,25,15,15,10,4.189491507,146.40588,1.99,3.265,84.4,0.7,0.2,14.7,66.1,15.2,0.6,18.1,1062,1785,61,20,160,2998,733,3850,429,179,101,2732,9350.92,18322.8,684.97,134.023,1557.24,25217.1,6493.28,53928.3,6294.31,1790.13,962.128,22099.3,300
35,25,15,20,5,4.078832973,141.30725,2.113,3.468,84.3,0.8,0.2,14.7,62.9,18.0,0.6,18.5,1156,1632,74,24,171,3439,552,4299,410,219,120,2326,10685.0,17509.8,753.976,222.199,1698.04,27972.4,4727.55,61041.0,6531.68,2622.27,1254.93,21360.7,300
35,25,20,15,5,4.072388578,139.69041,2.198,3.275,84.3,0.8,0.1,14.8,64.2,17.0,0.6,18.2,1283,1724,86,32,158,3261,690,3937,416,177,101,2759,12232.8,18924.8,894.225,218.503,1669.1,27353.9,5440.26,55574.6,6171.01,2012.53,888.762,22144.8,300
40,15,0,25,20,4.386312657,159.72096,2.319,3.711,84.5,0.7,0.2,14.6,65.5,16.0,0.7,17.8,1271,1654,75,19,146,4047,842,4458,430,206,132,2785,11605.2,17641.1,747.747,120.381,1538.18,32244.5,6997.94,62023.7,6275.36,2300.04,1247.32,24443.4,300
40,15,0,30,15,4.334204256,157.2352,2.216,3.643,84.3,0.8,0.2,14.7,63.5,18.1,0.7,17.7,1325,2038,68,20,153,3206,723,4416,425,241,131,2831,11869.6,21056.4,703.917,170.887,1523.06,25869.4,6031.73,61351.2,5911.14,2836.66,1317.15,24233.9,300
40,15,0,35,10,4.209771883,151.87404,2.098,3.797,84.2,0.8,0.2,14.8,63.0,18.2,0.8,18.0,1080,1982,77,30,132,3236,671,4749,410,229,123,2714,9820.78,20360.6,785.106,210.105,1305.86,25616.9,5581.81,67001.1,5647.69,2542.08,1227.9,24291.6,300
40,15,0,40,5,4.035124959,145.75653,2.363,3.683,84.1,0.8,0.2,14.9,61.7,19.3,0.8,18.2,1270,2230,56,31,145,3314,729,4548,416,262,98,2967,11817.3,23916.2,589.177,202.114,1487.96,27568.6,5790.67,63524.9,5449.8,2775.21,959.6,24890.3,300
40,15,5,20,20,4.396271579,156.86082,2.174,3.5,84.5,0.7,0.2,14.6,64.4,17.2,0.6,17.8,1205,1856,63,23,156,3321,794,4005,458,189,119,2989,11127.1,19420.5,637.302,197.572,1548.58,27078.9,6561.52,56082.4,6764.52,2110.02,1139.92,24955.4,300
40,15,5,25,15,4.2966851,152.77015,2.116,3.594,84.4,0.7,0.2,14.7,64.1,17.3,0.7,17.9,1024,1863,70,26,158,3398,624,4571,478,236,129,2461,9089.7,19013.9,702.928,180.189,1660.29,27895.0,5478.92,62182.0,6865.89,2593.27,1216.36,22171.5,300
40,15,5,30,10,4.191906674,147.78144,2.197,3.502,84.3,0.8,0.2,14.7,64.7,16.7,0.7,17.9,1140,1920,79,30,168,3242,835,4105,467,241,85,3419,10738.0,20479.0,810.401,247.901,1855.63,26824.1,6266.11,55370.4,6381.45,2818.37,734.072,26636.1,300
40,15,5,35,5,4.090761534,143.27498,2.053,3.781,84.2,0.8,0.2,14.8,59.6,21.4,0.8,18.2,1082,1960,60,25,149,3084,660,4871,418,277,110,2834,9474.06,20404.5,628.931,199.582,1604.93,24795.2,5385.88,66659.0,6277.88,3034.01,969.475,24067.5,300
40,15,10,15,20,4.271883097,149.76832,2.145,3.409,84.5,0.7,0.2,14.6,65.6,16.0,0.6,17.8,1196,1680,62,25,185,3367,718,3852,440,156,114,2721,11029.8,17576.9,686.282,172.026,2001.78,27859.6,6292.17,55685.6,6811.01,1724.04,1050.01,23647.0,300
40,15,10,20,15,4.258206139,150.20563,2.147,3.536,84.4,0.8,0.2,14.6,65.4,16.1,0.6,17.9,1212,1650,67,30,145,3570,688,4233,441,204,125,2348,11126.3,17313.1,680.582,222.769,1540.14,28625.3,6128.18,60505.3,6933.1,2313.05,1107.02,22009.6,300
40,15,10,25,10,4.196817359,146.10903,2.146,3.605,84.3,0.8,0.2,14.7,63.5,17.6,0.7,18.2,1195,1790,67,21,159,3142,640,4436,430,236,126,2434,11574.0,18928.1,688.288,159.14,1535.0,26760.6,5576.05,62554.2,6889.51,2543.07,1126.6,22589.5,300
40,15,10,30,5,4.0116314,142.57381,2.143,3.89,84.2,0.8,0.2,14.8,60.8,19.9,0.7,18.6,1180,1968,91,28,143,3260,528,4836,498,279,123,2498,10877.0,20454.0,935.713,191.766,1516.0,25740.1,4587.4,69832.4,7510.25,2897.85,1159.25,23900.0,300
40,15,15,15,15,4.150720273,148.08397,2.181,3.303,84.4,0.7,0.2,14.7,64.6,16.7,0.6,18.1,1198,1668,69,22,178,3446,760,3864,461,182,94,3031,11099.1,18037.0,662.297,159.516,1844.86,28764.7,6167.13,52706.0,6697.32,1876.39,836.626,24379.5,300
40,15,15,20,10,4.108519191,144.21547,2.058,3.642,84.3,0.7,0.2,14.8,63.9,17.2,0.6,18.3,1195,1729,52,23,148,3097,693,4378,516,240,116,2625,10660.1,18553.3,586.142,177.874,1638.14,25688.5,5785.63,61462.1,7601.46,2647.73,1213.15,23743.5,300
40,15,15,25,5,4.00245807,139.84101,2.1,3.308,84.2,0.7,0.2,14.9,62.8,18.1,0.6,18.5,1251,1613,76,25,128,3507,737,4059,450,213,118,2930,11186.1,17003.7,810.438,193.162,1343.19,28097.6,5696.81,55247.3,5903.52,2080.41,1093.69,23296.8,300
40,15,20,15,10,4.057514726,142.24134,1.94,3.383,84.3,0.7,0.2,14.8,63.0,18.2,0.6,18.2,1076,1720,54,19,173,3104,592,4141,523,196,117,2438,9619.73,17608.6,544.302,161.71,1882.97,24302.4,5315.42,57134.3,7832.08,2082.79,1145.01,21806.5,300
40,15,20,20,5,3.884807406,137.1143,2.025,3.345,84.2,0.7,0.2,14.9,63.6,17.4,0.6,18.4,1108,1751,70,16,132,3100,655,4088,453,217,91,2730,9998.61,18996.5,751.21,125.158,1453.76,25324.9,5703.15,56179.9,6900.28,2445.01,841.419,22454.3,300
40,20,0,20,20,4.377772109,158.35139,2.281,3.302,84.6,0.7,0.2,14.5,64.6,17.3,0.7,17.4,1317,1843,76,26,131,3433,792,4067,423,195,82,2989,12162.2,19541.7,840.442,201.483,1486.36,28513.1,6222.3,53121.6,6111.34,1990.83,808.597,23493.8,300
40,20,0,25,15,4.310292102,156.64629,2.22,3.589,84.4,0.8,0.2,14.6,63.7,17.8,0.8,17.7,1204,1923,77,31,168,3376,832,4380,412,209,94,3119,10896.7,20170.9,812.313,274.925,1840.87,27201.2,6573.19,59543.8,5740.5,2350.25,866.949,24921.1,300
40,20,0,30,10,4.27748229,153.57223,2.301,3.638,84.3,0.8,0.2,14.7,63.2,18.1,0.8,17.9,1347,1789,73,26,138,3655,704,4558,434,207,110,2731,12138.0,18861.3,731.413,206.098,1420.15,30239.1,5892.04,63019.0,6168.15,2109.82,1001.65,23459.2,300
40,20,0,35,5,4.099451203,147.19852,2.289,3.772,84.1,0.8,0.2,14.9,61.3,19.6,0.9,18.2,1206,2137,82,34,133,3342,706,4719,461,286,92,2971,10728.7,22548.5,936.587,258.775,1373.44,27578.8,6021.07,64339.7,6202.06,3202.84,845.239,25101.9,300
40,20,5,15,20,4.342052974,157.11834,2.284,3.907,84.5,0.7,0.2,14.6,64.1,17.3,0.7,17.9,1335,1628,81,29,154,3737,758,4623,419,220,113,2700,11972.1,16912.8,828.801,194.369,1650.84,31386.1,6861.82,66435.0,6446.05,2315.76,1108.25,25560.8,300
40,20,5,20,15,4.193704296,153.65446,2.238,3.493,84.4,0.8,0.2,14.6,64.9,16.6,0.7,17.8,1247,1957,61,26,170,3217,726,4070,440,175,119,2798,11501.9,20865.5,642.505,188.343,1714.48,26915.5,5769.3,58017.3,6852.74,2119.51,1187.73,23508.3,300
40,20,5,25,10,4.21237386,149.17361,2.243,3.843,84.3,0.8,0.2,14.7,62.3,18.8,0.7,18.2,1254,1702,88,29,135,3719,662,4663,555,213,119,2526,11344.9,18023.8,875.393,183.933,1348.86,30333.7,5973.03,66518.2,7727.06,2596.83,1108.6,23624.1,300
40,20,5,30,5,4.105768234,144.72614,2.199,3.612,84.2,0.8,0.2,14.8,62.4,18.6,0.8,18.2,1064,2095,84,24,162,3193,667,4514,427,231,94,2907,9655.52,22667.9,818.886,176.872,1643.46,26073.5,5399.93,62034.2,6004.91,2678.29,780.824,24485.5,300
40,20,10,15,15,4.233157399,151.8831,2.162,3.435,84.4,0.7,0.2,14.7,64.7,16.8,0.6,17.9,1321,1394,80,25,130,3885,656,4272,429,188,130,2451,11344.5,14369.1,871.768,176.62,1294.01,31774.3,5521.08,59522.5,6485.69,1813.15,1207.23,21429.7,300
40,20,10,20,10,4.150478956,147.20247,2.115,3.334,84.3,0.8,0.2,14.7,64.5,16.7,0.6,18.2,1267,1845,76,20,155,3042,780,3861,444,191,106,3129,11447.6,19480.2,811.75,156.69,1571.0,25209.2,6138.41,53004.6,6458.12,2238.87,957.027,24904.4,300
40,20,10,25,5,4.069000351,144.48018,2.139,3.556,84.2,0.7,0.2,14.9,62.8,18.2,0.7,18.3,1157,1632,79,22,140,3558,631,4410,449,217,114,2364,10358.3,17548.0,775.59,158.546,1438.28,29209.9,5409.31,62436.7,6952.28,2410.12,1018.03,21693.5,300
40,20,15,15,10,4.056218557,144.3921,2.074,3.351,84.4,0.7,0.2,14.7,65.5,15.8,0.6,18.1,1126,1729,65,28,147,3265,695,3942,439,166,105,2481,10416.9,18320.8,691.095,236.316,1536.83,26423.2,5863.04,56575.3,6648.46,1807.86,954.11,22192.9,300
40,20,15,20,5,4.071058931,142.37844,1.963,3.411,84.2,0.7,0.2,14.9,63.0,17.9,0.7,18.4,1134,1814,77,13,173,2785,687,4063,415,195,103,2879,10333.8,19442.6,780.753,116.474,1784.8,22245.9,5668.72,57190.4,6383.32,2239.04,886.295,23657.6,300
40,20,20,15,5,3.959968073,138.19583,1.923,3.365,84.2,0.8,0.2,14.8,63.5,17.5,0.6,18.4,1085,1800,67,25,155,3011,603,3960,504,189,130,2277,9375.53,18613.6,690.125,152.216,1540.97,23304.7,5647.86,56989.2,8177.72,2068.78,1249.55,20723.5,300
40,25,0,15,20,4.39116737,158.70753,2.297,3.7,84.5,0.8,0.2,14.5,63.7,17.7,0.7,17.9,1258,1879,72,18,166,3478,674,4582,436,194,123,2622,11491.9,19831.1,711.981,113.482,1786.41,29186.9,5735.71,62988.5,6978.79,2012.71,1129.93,23840.1,300
40,25,0,20,15,4.21537647,155.03646,2.221,3.754,84.4,0.8,0.2,14.6,62.0,19.4,0.8,17.8,1318,1774,66,20,152,3637,649,4673,498,234,109,2566,11609.2,18211.6,684.672,166.949,1471.06,29029.3,5741.44,63606.2,7549.42,2563.53,990.687,24041.1,300
40,25,0,25,10,4.104831095,152.36277,2.179,3.666,84.3,0.8,0.2,14.7,62.0,19.2,0.8,18.0,1188,1875,85,22,142,3398,725,4624,425,215,113,2787,10639.6,19447.4,792.162,156.334,1481.23,27655.5,6046.69,62729.1,6261.23,2380.56,990.765,23852.2,300
40,25,0,30,5,4.164608026,149.17377,2.248,3.959,84.2,0.8,0.2,14.8,62.3,18.6,0.8,18.3,1204,1968,91,29,152,3341,677,5041,475,244,106,2840,11288.8,20697.1,900.894,242.959,1526.68,27503.1,5962.6,68678.9,7100.49,2817.59,938.445,25145.4,300
40,25,5,15,15,4.235516448,153.18834,2.208,3.595,84.4,0.8,0.2,14.6,64.2,17.2,0.7,17.9,1415,1615,73,19,160,3512,703,4237,484,213,133,2500,12591.0,16813.1,779.854,151.245,1424.2,29117.2,5935.18,60773.1,7256.35,2444.62,1333.17,22388.0,300
40,25,5,20,10,4.12899388,150.58774,2.156,3.609,84.3,0.8,0.2,14.7,64.0,17.3,0.7,18.0,1170,1846,76,15,167,3110,708,4542,422,201,123,2604,10945.2,19854.1,788.569,110.789,1722.1,26177.6,5837.95,62497.8,6059.07,2276.57,1190.39,22882.6,300
40,25,5,25,5,4.064830244,145.38872,2.151,3.936,84.2,0.8,0.2,14.8,63.5,17.3,0.8,18.4,1223,1734,87,24,139,3472,765,4991,488,243,128,2749,10688.3,18268.2,853.304,188.975,1465.48,28145.2,6218.07,69381.5,7055.55,2795.42,1158.15,23597.3,300
40,25,10,15,10,4.191633107,147.97989,2.207,3.302,84.3,0.8,0.2,14.7,65.0,16.3,0.7,18.0,1115,1776,74,29,183,3198,668,4059,393,178,144,2379,9721.58,18544.1,805.996,202.042,1950.82,24909.2,5614.41,56099.9,5932.31,1839.83,1450.32,21407.5,300
40,25,10,20,5,3.972969149,144.20839,2.09,3.332,84.3,0.7,0.2,14.8,63.3,17.8,0.7,18.2,1195,1835,65,22,159,3131,683,4020,410,186,131,2562,10781.0,19050.7,670.958,179.032,1592.56,25731.9,5522.09,57620.0,5993.4,1852.1,1193.85,20953.7,300
40,25,15,15,5,3.922989893,142.43056,2.102,3.333,84.3,0.7,0.2,14.8,62.1,18.9,0.7,18.3,1137,1585,74,12,123,3484,674,3894,452,151,102,2676,10564.3,16720.3,715.73,112.902,1301.01,29047.7,5541.88,56247.7,6975.81,1667.52,924.954,22276.6,300
20,15,5,40,20,3.309305808,121.48567,1.216,2.604,78.9,0.8,0.2,20.1,58.5,14.0,0.7,26.8,641,1395,41,24,83,1615,351,3634,202,143,65,1271,5385.64,15945.2,433.448,218.106,889.043,12006.1,3067.79,55494.6,3152.13,1610.21,623.688,11383.5,1100
20,15,10,35,20,3.206299381,120.59493,1.19,2.287,78.5,0.7,0.2,20.6,59.7,12.7,0.6,27.0,604,1365,18,22,84,1634,472,3095,175,134,55,1693,5302.49,15578.9,195.913,176.434,918.001,12058.5,3779.12,44593.8,2794.77,1455.85,465.048,13200.7,1100
20,15,10,40,15,3.276820337,117.86269,1.112,2.371,78.3,0.7,0.2,20.8,58.6,13.2,0.7,27.5,569,1277,16,14,68,1524,405,3251,219,122,70,1191,4959.16,14567.0,139.28,116.857,707.082,11584.7,3476.79,48948.6,3468.59,1386.96,578.575,11057.8,1100
20,15,15,30,20,3.227040273,118.45328,1.043,2.06,77.9,0.7,0.2,21.2,60.2,11.5,0.6,27.7,584,1170,38,15,73,1413,486,2669,181,102,56,1601,5176.43,13378.1,401.648,101.829,739.222,10274.2,3945.02,39535.6,2727.16,1170.77,459.285,12001.4,1100
20,15,15,35,15,3.146827293,115.19295,1.134,2.111,77.8,0.7,0.2,21.3,58.5,12.8,0.6,28.1,558,1275,33,20,80,1542,378,2835,180,129,63,1332,4808.72,14931.1,340.265,153.41,870.952,11670.2,3057.3,42437.8,2519.95,1571.44,671.617,11245.8,1100
20,15,15,40,10,3.074487121,114.10044,1.082,2.333,77.5,0.7,0.2,21.6,57.6,13.0,0.7,28.7,575,1150,23,21,83,1673,407,3277,172,138,67,1277,4871.71,13168.1,251.347,150.983,864.307,12063.1,3407.57,48694.2,2424.32,1864.87,760.776,10995.7,1100
20,15,20,25,20,3.117366875,111.25165,1.051,1.832,77.3,0.6,0.2,21.9,59.9,10.9,0.5,28.7,535,1219,28,18,73,1344,286,2526,161,101,58,981,4925.84,13948.1,295.75,151.717,722.231,10332.5,2305.27,38877.0,2342.21,1076.38,562.066,8187.04,1100
20,15,20,30,15,3.09909996,109.95663,1.065,1.971,77.1,0.7,0.2,22.0,60.7,9.9,0.6,28.8,539,1191,24,14,71,1402,337,2709,141,84,50,1096,4830.25,14305.0,247.715,96.8428,766.776,10608.5,2746.08,41980.4,1974.06,908.311,502.242,9440.8,1100
20,15,20,35,10,3.052494978,108.208,1.041,2.067,76.9,0.6,0.2,22.3,58.9,11.3,0.6,29.2,486,1101,25,11,81,1476,369,2948,170,100,46,1050,4692.67,13175.2,256.126,100.25,811.82,11221.9,3204.99,43837.7,2517.33,1053.71,446.341,9445.35,1100
20,15,20,40,5,3.036184534,106.75798,1.044,2.211,76.7,0.7,0.2,22.4,57.6,12.2,0.6,29.6,553,1263,12,23,81,1341,365,3108,166,102,45,1266,5058.53,14170.6,141.983,212.438,794.489,10041.4,2892.92,46882.6,2641.92,1101.4,417.066,10937.9,1100
20,20,0,40,20,3.347045219,122.76098,1.259,2.362,79.2,0.8,0.2,19.8,59.6,13.7,0.7,26.0,610,1529,41,25,81,1593,330,3269,183,143,59,1265,5371.22,17511.9,455.108,204.732,858.672,11572.9,2963.53,48523.4,2915.01,1569.0,566.176,11503.3,1100
20,20,5,35,20,3.231856022,124.73247,1.266,2.445,78.8,0.7,0.2,20.3,59.4,13.1,0.7,26.8,562,1364,44,13,104,1645,336,3529,194,147,50,1250,5256.4,15895.8,535.578,106.216,1054.65,13412.4,2687.43,51745.6,3049.24,1822.4,444.388,10860.2,1100
20,20,5,40,15,3.237642274,120.89793,1.158,2.531,78.6,0.8,0.2,20.4,58.5,13.4,0.8,27.3,554,1322,31,15,83,1592,403,3652,185,149,55,1361,4981.47,15324.5,312.685,116.175,880.486,11654.5,3327.87,52938.8,2888.38,1684.74,539.826,11891.2,1100
20,20,10,30,20,3.203710456,119.90136,1.195,2.131,78.3,0.7,0.2,20.8,61.8,10.9,0.6,26.7,587,1232,28,13,104,1610,431,2923,155,97,62,1331,5400.49,14442.5,345.266,126.824,1249.16,12750.2,3569.8,43180.4,2454.49,955.72,580.015,10891.0,1100
20,20,10,35,15,3.156616914,119.03198,1.14,2.277,78.1,0.7,0.2,21.0,60.2,11.6,0.6,27.6,591,1400,22,18,68,1398,370,3296,202,122,67,1202,5419.74,16020.0,230.997,140.573,690.541,10311.4,3300.11,47243.7,2830.58,1405.24,556.092,10715.1,1100
20,20,10,40,10,3.095843746,113.70459,1.108,2.228,77.8,0.8,0.2,21.2,56.1,15.3,0.7,27.9,553,1265,24,10,71,1513,368,3146,166,160,45,1214,4903.43,14627.8,240.438,94.0918,746.251,11365.4,3088.81,46137.5,2256.25,2025.18,405.376,10904.2,1100
20,20,15,25,20,3.121144755,115.5706,0.995,2.278,77.6,0.7,0.2,21.5,60.4,10.7,0.6,28.3,525,1211,27,23,72,1268,382,3105,221,118,65,1186,4556.12,13638.2,282.318,183.482,878.356,9110.86,3236.94,47634.2,3173.86,1438.26,642.252,9944.64,1100
20,20,15,30,15,3.095018179,113.5033,1.125,2.113,77.5,0.7,0.2,21.6,59.4,11.3,0.6,28.7,570,1318,27,13,77,1439,372,2948,201,115,59,1127,5054.66,15168.9,334.064,145.681,769.777,10996.7,3089.8,43979.8,3026.58,1319.33,492.632,9568.33,1100
20,20,15,35,10,3.106075843,111.35494,1.06,2.203,77.4,0.7,0.2,21.7,59.7,11.0,0.7,28.6,530,1149,21,18,77,1466,382,3040,196,104,49,1291,4917.84,13533.4,246.081,137.963,832.448,10993.6,3249.37,45026.6,2799.59,1221.66,433.915,11495.8,1100
20,20,15,40,5,3.101309869,108.71199,1.11,2.361,77.1,0.7,0.2,22.0,58.3,11.9,0.7,29.1,565,1233,26,15,71,1597,409,3304,203,138,63,1129,4792.03,14651.4,264.796,128.089,673.396,11710.7,3469.47,49605.5,3354.25,1687.56,639.874,10264.0,1100
20,20,20,20,20,3.02796386,109.92591,0.976,2.013,77.1,0.6,0.2,22.1,59.2,11.2,0.5,29.1,461,1108,35,13,93,1219,354,2741,158,93,62,1232,4484.84,13112.4,373.933,157.12,1000.7,9047.39,3040.38,41018.3,2322.67,1082.75,611.148,10457.8,1100
20,20,20,25,15,3.0249122,108.06542,1.003,2.018,76.8,0.7,0.2,22.3,59.3,10.7,0.6,29.4,526,1125,21,17,67,1354,352,2872,177,96,56,991,4687.75,13213.9,188.75,186.689,691.082,10063.3,3143.57,42291.2,2794.61,1133.82,558.133,8926.16,1100
20,20,20,30,10,2.985070476,106.60449,0.995,2.107,76.7,0.6,0.2,22.5,59.9,10.0,0.6,29.5,504,1052,27,14,85,1430,364,3063,164,112,61,1025,4592.79,12275.6,279.4,116.305,956.541,10648.6,3339.64,45208.7,2547.66,1278.67,683.105,8520.2,1100
20,20,20,35,5,3.042596627,107.23902,1.045,2.086,76.5,0.6,0.2,22.7,59.1,10.8,0.6,29.5,525,1232,30,20,59,1364,376,2942,155,119,54,1030,4804.61,14075.6,352.119,211.652,699.393,10264.4,3195.81,44552.8,2522.07,1174.91,521.015,9136.67,1100
20,25,0,35,20,3.275618703,124.64139,1.285,2.553,79.0,0.8,0.2,20.0,56.1,16.5,0.8,26.6,634,1355,29,14,68,1887,380,3544,221,120,49,1366,5434.68,16126.0,362.583,113.217,723.388,13920.3,3250.9,52967.8,3434.76,1357.18,472.467,11974.5,1100
20,25,0,40,15,3.270783337,123.05088,1.247,2.667,78.8,0.8,0.2,20.2,57.7,14.7,0.8,26.8,629,1500,36,20,75,1600,352,3798,204,158,58,1342,5295.89,17106.6,403.596,169.316,814.533,11880.2,3038.31,55980.5,2698.98,1801.88,576.529,12828.7,1100
20,25,5,30,20,3.218058512,119.74704,1.126,2.339,78.6,0.7,0.2,20.5,59.7,12.4,0.7,27.2,563,1322,28,12,79,1460,320,3206,215,125,70,1264,5017.26,15038.7,313.481,113.594,873.921,10838.8,2706.57,47784.2,3505.36,1460.77,600.555,11378.5,1100
20,25,5,35,15,3.180240862,118.52177,1.164,2.472,78.4,0.7,0.2,20.7,58.3,13.7,0.7,27.3,584,1365,27,37,101,1385,379,3385,215,154,61,1350,5287.61,15591.3,306.595,394.369,1210.22,10579.3,3242.2,51285.4,3135.5,1828.98,599.481,11366.6,1100
20,25,5,40,10,3.121971518,119.52223,1.2,2.456,78.2,0.8,0.2,20.8,57.1,14.6,0.8,27.5,563,1398,33,13,73,1648,346,3559,212,146,62,1270,4842.33,16316.6,352.695,130.348,708.091,12152.2,2998.9,51180.6,3145.63,1887.96,638.827,11316.9,1100
20,25,10,25,20,3.157674635,117.07864,1.138,2.233,78.1,0.7,0.2,21.0,60.3,11.2,0.7,27.8,577,1278,29,12,86,1516,365,3029,213,131,45,1194,5391.95,14721.2,306.814,98.1671,924.558,11178.5,3115.33,45523.3,3249.27,1640.72,413.647,10575.5,1100
20,25,10,30,15,3.161117904,115.57857,1.098,2.076,77.9,0.7,0.2,21.2,59.0,12.5,0.7,27.8,550,1290,30,16,81,1416,356,2705,138,101,64,1746,5072.56,14892.5,307.879,128.232,779.254,10384.5,2940.7,40176.8,1807.16,1246.81,598.534,13375.3,1100
20,25,10,35,10,3.125030299,113.60062,1.074,2.355,77.7,0.7,0.2,21.4,58.1,12.8,0.7,28.4,531,1279,29,11,70,1489,422,3421,200,136,67,1143,4564.71,14596.4,297.496,69.4604,727.429,10697.2,3830.34,49532.8,2795.38,1523.65,643.332,10097.4,1100
20,25,10,40,5,3.120268887,112.08159,1.126,2.472,77.6,0.7,0.2,21.5,56.6,13.9,0.8,28.7,580,1383,21,11,78,1423,393,3497,194,175,56,1168,5200.71,15858.7,259.711,91.3901,801.661,10339.7,3434.87,52391.9,2837.01,2028.21,526.149,10784.2,1100
20,25,15,20,20,3.027094517,112.29852,0.996,2.133,77.5,0.7,0.2,21.6,59.6,11.2,0.6,28.6,494,1320,25,17,77,1094,357,2741,200,90,58,991,4536.83,14634.4,244.494,154.458,717.504,8343.85,3378.7,44239.3,2894.61,1026.0,618.576,9638.02,1100
20,25,15,25,15,2.998195749,112.83257,1.044,2.145,77.3,0.7,0.2,21.8,60.3,10.4,0.6,28.7,519,1205,27,12,74,1461,347,3000,184,100,56,1150,4439.16,13774.0,290.45,98.5892,777.045,10699.1,2822.27,44515.5,2729.84,1232.63,462.083,10520.4,1100
20,25,15,30,10,3.023730178,110.60328,1.067,2.1,77.0,0.7,0.2,22.1,59.0,11.7,0.6,28.7,531,1274,32,14,57,1453,369,2802,166,135,49,1360,4568.55,14716.8,349.843,126.227,561.531,10492.7,3007.86,42847.1,2239.65,1966.56,475.841,10586.2,1100
20,25,15,35,5,3.046825471,109.92732,1.08,2.172,77.0,0.7,0.2,22.1,58.3,11.9,0.6,29.2,565,1211,23,12,86,1313,342,3133,175,123,59,1128,5271.1,14242.9,259.084,124.784,970.174,10402.8,2964.05,45507.8,2657.3,1337.81,598.309,10310.5,1100
20,25,20,15,20,2.941212296,107.84901,0.912,1.797,76.6,0.6,0.2,22.6,60.2,10.4,0.5,28.9,430,988,24,14,82,1269,348,2350,142,93,57,991,3966.94,11911.7,270.161,100.7,837.771,9182.54,2812.42,36361.8,2104.33,1157.21,524.91,9208.06,1100
20,25,20,20,15,2.907547605,107.4669,0.951,2.002,76.6,0.7,0.2,22.5,59.6,10.1,0.6,29.7,511,1055,19,12,57,1334,363,2723,154,79,53,1015,4628.4,11951.1,211.512,82.9414,659.887,9939.61,3424.82,41430.9,2339.89,1026.02,506.856,9552.6,1100
20,25,20,25,10,2.926229395,106.66655,0.991,1.973,76.3,0.6,0.2,22.9,59.2,10.5,0.6,29.7,543,1102,27,7,78,1386,321,2632,147,89,61,1150,4788.71,12695.0,323.368,51.2808,805.069,10042.8,2927.19,40717.4,2283.8,1132.37,629.611,9886.81,1100
20,25,20,30,5,2.902451078,104.76183,0.961,2.05,76.2,0.6,0.2,23.0,58.6,10.4,0.6,30.4,486,1239,20,17,74,1230,366,2913,149,111,40,1245,4264.42,13728.6,186.176,127.206,745.327,8856.26,2962.19,43608.6,2086.08,1119.14,425.649,9793.03,1100
25,15,0,40,20,3.225060409,121.76183,1.276,2.887,79.1,0.8,0.2,19.9,57.1,15.8,0.8,26.3,586,1457,29,22,98,1687,395,3989,248,189,50,1435,5116.29,16833.6,338.516,199.142,1175.97,12838.5,3387.02,59858.9,3861.83,2267.64,494.148,13383.2,1100
25,15,5,35,20,3.203423008,122.99941,1.121,2.456,78.7,0.8,0.2,20.3,57.6,14.3,0.8,27.3,575,1373,34,16,77,1377,380,3394,242,156,43,1445,5097.6,15582.3,337.121,141.418,784.369,10195.0,3080.99,50225.3,3495.12,1764.43,379.58,12061.6,1100
25,15,5,40,15,3.177718258,119.10912,1.22,2.621,78.4,0.8,0.2,20.6,57.5,14.6,0.8,27.1,610,1381,31,28,81,1746,349,3782,233,165,62,1344,5207.28,15755.8,327.323,241.091,894.966,12645.2,2890.66,54952.0,3449.25,1814.89,526.602,12318.4,1100
25,15,10,30,20,3.070463957,117.59447,1.081,2.495,78.2,0.7,0.2,20.9,57.7,13.9,0.7,27.7,511,1410,38,14,87,1085,366,3422,212,125,64,1268,4849.05,16134.7,487.373,131.686,996.772,8471.46,3229.3,51674.2,3381.54,1485.61,591.64,11923.3,1100
25,15,10,35,15,3.096767668,115.71357,1.135,2.358,78.1,0.7,0.2,21.0,57.2,14.0,0.7,28.1,570,1369,34,19,82,1407,387,3230,186,159,38,1570,4944.46,15909.9,359.199,138.249,888.789,10477.8,2996.05,48006.7,2918.24,1726.54,362.025,12452.8,1100
25,15,10,40,10,3.071845334,114.22435,1.174,2.503,77.7,0.8,0.2,21.3,55.4,15.5,0.8,28.3,560,1388,33,18,74,1612,352,3578,228,175,52,1197,5035.62,16119.6,329.312,130.484,715.792,11585.7,2293.7,53177.1,3314.54,1982.63,517.274,10919.5,1100
25,15,15,25,20,3.012151019,113.09099,1.052,2.138,77.6,0.7,0.2,21.5,59.7,11.3,0.6,28.4,466,1197,20,26,77,1473,352,2954,185,121,60,1016,4092.27,13637.5,239.071,237.255,786.005,11321.1,3133.81,45311.1,2703.02,1231.64,531.183,9162.0,1100
25,15,15,30,15,3.026934429,111.0513,1.087,2.171,77.3,0.7,0.2,21.8,58.2,12.5,0.7,28.6,583,1224,27,14,61,1436,320,3016,187,110,41,1054,5373.05,14370.2,285.013,123.912,624.764,10617.1,2888.17,46171.8,2862.59,1320.62,375.096,9568.01,1100
25,15,15,35,10,2.973114683,109.19021,1.085,2.101,77.2,0.7,0.2,21.9,57.4,13.1,0.7,28.8,561,1141,26,21,87,1531,375,2993,172,114,39,1332,5022.31,13554.6,278.195,189.13,997.332,11374.2,2923.8,43677.5,2386.29,1047.27,309.697,10957.6,1100
25,15,15,40,5,2.982566861,109.56361,1.102,2.577,77.0,0.7,0.2,22.1,57.0,12.8,0.8,29.4,518,1346,27,14,82,1405,350,3730,215,162,31,1264,4713.31,15467.7,275.55,120.265,854.946,10572.2,2957.94,56048.9,2888.97,1891.6,293.548,11327.6,1100
25,15,20,20,20,2.91678544,107.48353,1.044,2.029,76.8,0.7,0.2,22.3,59.0,11.5,0.6,28.9,508,1163,34,14,87,1329,382,2709,161,90,46,1122,4777.58,13805.2,398.78,143.281,949.005,10091.6,3271.25,41587.4,2548.8,995.95,461.791,10194.1,1100
25,15,20,25,15,2.905945094,108.15668,1.055,2.171,76.7,0.7,0.2,22.4,58.4,11.2,0.6,29.8,531,1242,27,20,81,1333,432,3001,166,109,46,1442,4798.62,14596.0,299.992,177.358,798.325,9896.26,3504.52,44034.9,2463.42,1250.09,433.411,11648.7,1100
25,15,20,30,10,2.984866042,107.42518,0.981,2.166,76.5,0.7,0.2,22.6,58.6,11.1,0.6,29.7,459,1146,29,17,70,1307,303,2992,186,125,70,1089,4054.67,13403.4,311.748,98.9966,671.118,9941.56,2639.08,45523.5,3098.9,1544.99,667.703,9887.54,1100
25,15,20,35,5,2.937330611,104.02924,1.059,2.145,76.4,0.7,0.2,22.7,57.1,11.9,0.7,30.3,500,1155,31,21,59,1566,335,3077,181,121,56,1106,4356.79,13814.2,331.467,141.327,653.989,11539.5,2759.47,45944.8,2901.38,1396.43,577.539,9331.13,1100
25,20,0,35,20,3.184990441,121.0385,1.31,2.671,79.0,0.8,0.2,20.0,58.3,14.2,0.8,26.7,621,1347,36,12,89,1942,467,3672,207,169,62,1983,5476.83,15754.2,426.964,92.6274,1031.84,14648.6,3597.21,52259.3,2706.2,2057.41,592.98,15705.1,1100
25,20,0,40,15,3.216314397,119.88501,1.313,2.544,78.7,0.9,0.2,20.2,56.9,15.8,0.8,26.5,590,1540,38,28,82,1691,426,3592,186,172,45,1383,5285.28,17880.8,368.292,245.987,911.733,12925.6,3717.89,52281.1,2762.5,2010.86,453.796,12215.0,1100
25,20,5,30,20,3.117966445,119.75116,1.177,2.519,78.4,0.8,0.2,20.6,58.2,14.0,0.7,27.1,585,1382,42,16,86,1595,340,3530,210,156,55,1411,4875.65,15764.4,435.486,132.575,948.194,11551.0,2755.09,51765.6,3277.79,1872.69,565.675,12462.3,1100
25,20,5,35,15,3.1122057,117.84072,1.137,2.525,78.3,0.8,0.2,20.7,57.3,14.8,0.8,27.1,543,1389,35,21,92,1498,364,3559,222,156,43,1256,4574.26,15786.3,382.815,170.771,929.063,10784.2,3187.06,52851.0,3201.81,1907.05,360.436,11524.2,1100
25,20,5,40,10,3.074490933,115.52174,1.193,2.704,78.0,0.8,0.2,21.0,55.1,15.8,0.9,28.2,536,1476,31,21,78,1510,361,3890,231,181,62,1391,4777.91,17016.4,322.127,215.024,857.997,11146.8,3062.97,56523.2,3040.78,2165.49,509.776,13146.7,1100
25,20,10,25,20,3.037940587,118.00428,1.127,2.239,78.0,0.7,0.2,21.1,60.2,11.5,0.7,27.6,596,1261,37,14,67,1485,333,3037,214,151,51,1108,5327.89,14750.7,398.078,108.106,661.909,11094.9,2969.66,46428.6,3183.56,1739.5,525.352,9924.32,1100
25,20,10,30,15,3.079376184,118.8579,1.128,2.433,77.8,0.7,0.2,21.3,58.3,12.8,0.7,28.2,535,1289,31,19,85,1476,392,3388,207,146,54,1236,4822.55,15015.2,314.12,166.55,887.502,11258.3,3540.86,50602.5,2895.34,1857.52,468.245,11175.8,1100
25,20,10,35,10,3.093356363,115.97477,1.132,2.464,77.6,0.8,0.2,21.4,56.2,14.5,0.8,28.5,608,1287,22,24,91,1566,376,3303,186,155,66,1211,5189.83,14768.6,275.035,179.092,926.996,11335.5,3529.83,51247.4,2806.3,1938.23,732.629,11385.2,1100
25,20,10,40,5,2.99513211,109.91974,1.096,2.323,77.4,0.8,0.2,21.6,56.7,13.9,0.8,28.6,472,1411,31,18,74,1433,442,3316,167,136,33,1610,4106.98,16247.4,341.954,169.399,752.049,10094.8,3290.36,48112.4,2308.78,1531.68,296.109,12163.7,1100
25,20,15,20,20,2.955821647,112.67658,1.036,2.271,77.4,0.7,0.2,21.7,58.0,12.3,0.7,29.0,532,1158,32,16,82,1404,315,3180,198,111,53,1132,4870.42,13332.5,324.228,119.647,808.23,10353.4,2709.91,48403.7,3067.56,1153.76,528.099,9990.33,1100
25,20,15,25,15,2.908371308,108.36871,1.05,2.204,77.1,0.7,0.2,22.0,57.5,12.8,0.7,29.0,516,1240,48,22,79,1413,397,2966,173,142,54,1542,4474.57,14081.7,533.384,206.492,792.945,10187.8,3123.69,44227.2,2643.61,1670.79,524.527,11877.2,1100
25,20,15,30,10,2.939032224,112.15065,1.066,2.294,76.9,0.7,0.2,22.2,58.3,11.8,0.7,29.2,577,1325,24,16,75,1324,343,3209,165,117,45,1029,5054.37,14924.0,294.341,120.644,834.194,9610.83,3117.39,49745.2,2458.37,1289.77,442.364,9792.53,1100
25,20,15,35,5,2.892712015,107.11162,1.068,2.23,76.6,0.7,0.2,22.5,57.2,12.6,0.7,29.5,518,1312,32,11,59,1402,411,3154,194,128,49,1141,4498.91,15062.8,327.279,80.1159,526.214,10462.7,3628.07,46602.4,2807.63,1511.33,482.402,10119.6,1100
25,20,20,15,20,2.852864034,105.31453,0.871,1.944,76.6,0.6,0.2,22.6,60.1,10.0,0.6,29.3,482,1099,26,11,77,987,303,2700,165,106,55,926,4324.84,12386.1,278.17,101.107,789.072,7239.94,2589.46,41441.7,2781.49,1412.4,569.987,7726.59,1100
25,20,20,20,15,2.885573125,107.59114,0.964,2.196,76.5,0.7,0.2,22.6,58.6,10.8,0.6,30.0,483,1363,21,9,80,910,323,3037,182,123,61,1023,4400.11,15480.2,216.687,61.3286,836.451,6875.72,2818.71,46469.8,2814.6,1519.2,657.278,9685.53,1100
25,20,20,25,10,2.847983008,105.68594,0.974,2.193,76.3,0.7,0.2,22.8,57.4,12.0,0.6,30.0,516,1038,21,13,66,1508,359,3011,162,104,45,1175,4383.78,12204.2,237.094,121.558,683.218,10615.5,3153.46,45957.7,2490.92,1299.24,470.619,10670.9,1100
25,20,20,30,5,2.826748621,105.65316,1.035,2.188,76.1,0.7,0.2,23.0,56.5,12.4,0.7,30.4,511,1222,27,13,60,1336,381,3019,162,106,41,1213,4648.82,14438.1,340.216,142.15,582.737,9937.26,3413.5,46383.0,2429.21,1139.33,417.939,10292.5,1100
25,25,0,30,20,3.157151734,122.05342,1.26,2.374,78.7,0.8,0.2,20.3,56.7,15.8,0.8,26.7,562,1447,31,18,82,1653,319,3458,175,146,53,1268,4958.29,16415.9,317.718,151.267,940.175,13151.3,2633.53,49020.5,2368.29,1802.73,498.262,11916.8,1100
25,25,0,35,15,3.078949104,123.12217,1.23,2.619,78.5,0.8,0.2,20.5,56.0,16.1,0.9,27.0,592,1519,25,14,90,1583,382,3636,206,165,57,1597,5065.96,17131.7,284.954,127.253,907.059,11657.2,3107.78,53273.9,3113.42,1856.1,558.092,13568.6,1100
25,25,0,40,10,3.02721101,120.68149,1.266,2.828,78.3,0.8,0.2,20.7,55.3,16.3,0.9,27.5,562,1589,41,35,81,1606,392,4156,216,211,67,1462,4846.32,18072.9,415.564,274.451,780.28,11907.6,3153.69,58997.5,3060.28,2349.0,594.312,13580.6,1100
25,25,5,25,20,3.04818052,118.28218,1.138,2.528,78.3,0.8,0.2,20.7,58.4,13.4,0.8,27.4,544,1379,30,21,76,1557,443,3351,222,163,60,1816,4599.85,15682.6,315.79,185.955,692.364,11060.0,3488.71,49395.4,3060.14,1804.99,613.597,14450.6,1100
25,25,5,30,15,3.064869278,117.59807,1.173,2.339,78.1,0.8,0.2,20.9,58.4,13.5,0.8,27.3,577,1406,29,15,101,1381,381,3414,170,128,49,1272,5101.78,16645.6,337.728,142.532,1104.77,10288.0,3103.26,49061.4,2388.46,1491.8,399.662,11110.1,1100
25,25,5,35,10,3.017678212,116.83244,1.198,2.593,77.9,0.8,0.2,21.1,56.0,14.9,0.8,28.3,575,1389,31,19,104,1485,366,3573,193,154,58,1398,5279.5,16355.6,324.515,175.527,1055.54,11243.5,2942.56,54285.1,2595.21,1960.11,503.006,12816.2,1100
25,25,5,40,5,2.953304011,113.9133,1.202,2.526,77.7,0.8,0.2,21.3,54.5,15.9,0.9,28.7,584,1377,31,34,65,1756,324,3672,220,144,40,1193,5002.64,15669.5,296.586,282.28,659.111,12722.3,2703.96,54743.4,3110.75,1660.25,325.386,10834.0,1100
25,25,10,20,20,3.029949707,115.45629,1.06,2.222,77.8,0.7,0.2,21.3,57.5,13.5,0.7,28.3,540,1109,25,15,66,1609,317,3079,184,117,43,1147,4814.74,12789.9,286.058,148.299,716.384,11603.3,2791.81,46667.7,3014.67,1308.56,437.851,9945.36,1100
25,25,10,25,15,2.996841403,112.92518,1.102,2.429,77.5,0.8,0.2,21.5,57.2,13.6,0.7,28.5,533,1406,27,14,79,1364,313,3334,205,131,48,1199,4563.11,15955.9,335.54,143.251,786.659,9795.17,2701.22,51372.0,3173.52,1477.48,481.684,11112.7,1100
25,25,10,30,10,2.987737847,114.1001,1.12,2.295,77.4,0.7,0.2,21.7,56.7,13.8,0.8,28.7,531,1298,32,22,97,1438,373,3200,204,126,54,1481,4861.48,15074.8,416.746,191.298,1109.04,10594.0,2989.59,47376.2,3099.04,1454.11,570.725,11117.7,1100
25,25,10,35,5,2.968154961,111.99462,1.123,2.486,77.1,0.8,0.2,21.9,56.0,13.9,0.8,29.3,540,1350,30,21,73,1488,357,3637,186,171,59,1292,4722.16,15599.4,293.065,173.721,757.281,10889.6,2879.62,52509.7,2971.21,2175.73,550.022,11271.7,1100
25,25,15,15,20,2.889220667,112.0629,1.036,1.868,77.1,0.7,0.2,22.0,59.1,11.7,0.6,28.6,558,943,25,12,58,1711,360,2614,139,96,46,1033,4804.55,11403.5,295.993,108.321,651.952,12510.0,2991.94,38445.1,2143.1,1187.3,384.818,8921.93,1100
25,25,15,20,15,2.925778771,108.99132,0.956,2.01,76.8,0.7,0.2,22.3,59.2,11.3,0.6,28.9,444,1177,31,15,83,1174,323,2704,158,102,65,1137,3933.63,13598.3,319.336,128.7,904.912,8650.62,2752.25,41209.7,2392.96,1228.48,728.387,10019.1,1100
25,25,15,25,10,2.83273485,109.34964,1.034,2.163,76.7,0.7,0.2,22.4,57.8,12.1,0.7,29.4,529,1239,29,17,100,1261,339,3138,170,123,66,1305,4649.26,14415.0,284.839,138.739,1053.17,9306.99,2679.79,44945.6,2275.32,1393.75,697.65,10941.4,1100
25,25,15,30,5,2.923351108,108.81966,1.008,2.373,76.4,0.7,0.2,22.7,56.5,12.6,0.8,30.1,524,1186,27,15,86,1308,334,3350,175,146,66,1101,4656.63,13810.8,295.203,133.362,842.384,9443.48,2998.13,51436.8,2282.38,1980.82,703.577,9816.42,1100
25,25,20,15,15,2.787183643,104.22006,0.975,2.206,76.1,0.7,0.2,23.0,59.2,10.2,0.6,30.0,493,1121,25,10,62,1268,368,3058,208,121,47,975,4520.97,13016.7,237.166,60.0409,654.803,9655.67,3416.52,46633.0,3356.77,1411.74,488.091,8866.45,1100
25,25,20,20,10,2.822769979,103.56274,0.989,1.975,75.9,0.7,0.2,23.2,57.9,10.9,0.6,30.6,529,1275,18,11,66,1101,359,2677,157,76,41,1440,4835.4,14742.2,208.132,112.393,732.194,7992.12,2755.79,40149.2,2671.7,755.275,366.01,10913.4,1100
25,25,20,25,5,2.843992332,100.93885,0.969,2.114,75.8,0.7,0.2,23.3,57.1,11.5,0.7,30.7,525,1085,30,20,52,1405,385,2891,173,80,33,1241,4395.18,12816.1,312.276,173.09,513.366,9907.19,3276.07,44713.7,2538.17,928.576,300.534,10051.5,1100
30,15,0,35,20,3.117511292,119.5446,1.26,2.641,78.8,0.9,0.2,20.1,55.5,17.0,0.9,26.6,558,1748,43,15,105,1259,295,3796,227,181,61,1448,5119.79,19569.6,463.561,141.202,1042.96,9680.04,2310.08,54794.6,3272.15,2118.19,617.653,13036.8,1100
30,15,0,40,15,3.100769621,120.12458,1.28,2.9,78.6,0.9,0.2,20.3,55.1,16.8,0.9,27.2,551,1579,45,32,89,1706,336,4215,220,197,53,1471,4817.87,17976.9,465.717,240.817,901.431,12286.5,2931.51,61226.0,3244.01,2116.91,556.545,13755.4,1100
30,15,5,30,20,3.116035439,120.85898,1.209,2.582,78.5,0.8,0.2,20.5,56.7,15.2,0.8,27.3,599,1493,37,17,83,1573,368,3633,211,146,58,1550,5114.67,16503.6,384.054,112.281,796.124,11725.0,3176.94,52914.9,3144.54,1698.91,534.259,13131.8,1100
30,15,5,35,15,3.03434576,116.44799,1.192,2.55,78.2,0.8,0.2,20.8,55.8,15.5,0.9,27.8,519,1614,40,22,110,1123,362,3635,179,147,33,1341,4849.26,18646.2,403.509,158.413,1161.79,9022.54,3118.1,53685.3,2617.68,1516.84,307.324,12619.2,1100
30,15,5,40,10,3.009830912,113.80759,1.234,2.682,77.9,0.8,0.2,21.1,54.8,16.3,0.9,28.0,626,1607,49,24,68,1410,360,3853,201,175,48,1298,5389.93,18245.5,566.602,282.487,730.893,10334.3,3107.69,56744.8,3083.35,1951.27,462.014,12534.4,1100
30,15,10,25,20,2.930687306,114.54048,1.106,2.461,77.8,0.8,0.2,21.2,58.3,12.8,0.8,28.1,535,1379,37,16,72,1422,349,3460,204,156,75,1286,4461.89,15854.5,381.867,144.669,702.869,10232.4,3126.14,50901.1,2921.58,2029.29,799.838,11492.2,1100
30,15,10,30,15,3.013712886,112.81517,1.119,2.423,77.6,0.8,0.2,21.4,57.0,13.8,0.8,28.4,543,1432,33,19,70,1375,327,3515,172,140,47,1282,4673.17,16322.2,374.721,141.805,710.186,10010.9,2741.63,51342.3,2584.59,1584.61,449.169,11631.3,1100
30,15,10,35,10,3.000362596,111.8975,1.139,2.528,77.4,0.8,0.2,21.6,55.3,15.0,0.8,28.9,556,1460,34,17,70,1418,318,3767,209,177,43,1301,4759.28,16567.2,416.94,165.801,698.962,10277.5,2451.51,54308.8,2826.57,2208.52,437.323,11340.8,1100
30,15,10,40,5,2.977819386,108.84401,1.195,2.377,77.1,0.9,0.2,21.8,54.2,15.7,0.9,29.2,535,1572,37,23,68,1432,345,3516,201,168,39,1445,4692.79,18094.9,385.001,174.972,715.974,10533.4,2689.67,49656.8,2782.72,1714.99,392.601,12128.3,1100
30,15,15,20,20,2.926601312,110.68218,1.054,2.086,77.2,0.8,0.2,21.8,58.0,12.7,0.7,28.6,530,1269,35,15,75,1250,336,2794,173,119,46,1036,4709.34,15037.4,436.664,139.99,825.569,9211.95,2987.34,43335.4,2524.82,1430.95,452.999,9814.41,1100
30,15,15,25,15,2.884415792,109.18023,1.077,2.358,77.1,0.7,0.2,22.0,58.2,11.9,0.7,29.2,543,1163,21,10,82,1528,285,3249,218,128,50,1071,5002.43,13740.6,228.42,80.2566,865.21,11165.2,2492.47,50574.5,3138.78,1572.77,429.908,10406.4,1100
30,15,15,30,10,2.897891079,108.89092,1.11,2.296,76.8,0.8,0.2,22.2,56.5,13.4,0.7,29.4,535,1358,21,23,73,1400,366,3400,188,161,46,1187,4668.69,15906.9,283.311,215.221,760.357,10309.7,3052.31,48356.3,2684.69,1697.31,395.031,10802.7,1100
30,15,15,35,5,2.853705955,106.33241,1.048,2.389,76.5,0.8,0.2,22.5,55.9,13.8,0.8,29.5,516,1373,31,14,61,1315,362,3324,179,134,40,1450,4546.98,15626.5,302.256,90.2746,605.093,9253.5,3040.5,50622.4,2576.44,1472.57,388.782,11753.7,1100
30,15,20,15,20,2.836203195,106.37737,0.997,1.993,76.5,0.7,0.2,22.6,57.6,12.3,0.6,29.5,481,1145,32,13,99,1248,355,2784,183,94,50,1108,4350.92,13470.3,389.441,122.592,1133.61,9317.93,3073.4,40915.2,2874.92,1255.3,451.624,9404.16,1100
30,15,20,20,15,2.806737175,104.70849,0.958,2.092,76.3,0.7,0.2,22.8,57.8,11.4,0.6,30.2,497,1088,25,13,60,1203,306,2965,191,98,55,1102,4461.58,13013.4,268.505,118.514,719.125,9149.63,2572.07,43897.5,2914.76,1118.9,555.606,9961.2,1100
30,15,20,25,10,2.749872508,104.14999,1.023,2.191,76.1,0.7,0.2,23.0,56.2,12.5,0.7,30.6,491,1259,32,20,74,1336,270,3110,166,143,54,1072,4334.62,14476.1,342.619,169.1,798.57,9575.28,2370.77,46514.8,2671.4,1730.86,553.697,10239.9,1100
30,15,20,30,5,2.77180643,102.29665,1.024,2.223,75.9,0.7,0.2,23.2,56.3,12.6,0.7,30.4,492,1217,19,17,82,1312,340,3248,156,119,51,979,4489.6,14251.0,224.345,183.382,882.736,9769.76,2999.46,48859.2,2430.97,1226.04,505.642,9123.55,1100
30,20,0,30,20,3.097630435,121.64463,1.307,2.74,78.7,0.9,0.2,20.2,55.2,16.9,0.9,27.0,615,1554,41,28,77,1640,374,3861,247,167,50,1354,5377.76,18084.2,496.455,236.778,736.725,12367.3,3331.98,56793.5,3689.78,2074.57,467.506,12480.8,1100
30,20,0,35,15,3.0134894,118.97038,1.201,2.581,78.4,0.9,0.2,20.5,54.7,17.0,0.9,27.4,586,1512,41,28,92,1498,323,3783,201,163,37,1419,4892.12,16971.9,436.403,227.627,917.792,10923.7,2462.79,54573.3,3262.51,1800.4,356.147,12031.8,1100
30,20,0,40,10,2.978276398,115.21267,1.244,2.883,78.2,0.9,0.3,20.6,54.8,16.5,1.0,27.7,554,1623,41,24,77,1451,360,4287,209,181,61,1398,4983.87,18717.5,469.171,177.125,734.151,10628.8,3072.63,62379.0,2800.08,2166.81,531.485,12477.8,1100
30,20,5,25,20,2.941728615,118.05081,1.215,2.574,78.2,0.8,0.2,20.8,57.0,14.4,0.8,27.8,601,1430,48,23,66,1608,344,3728,203,124,73,1255,5359.19,16357.7,505.911,172.992,682.569,11692.4,2915.78,54426.9,3030.12,1397.5,760.87,11720.0,1100
30,20,5,30,15,2.977224374,114.90724,1.16,2.41,78.0,0.8,0.2,21.0,55.1,16.3,0.8,27.8,518,1381,39,18,85,1491,354,3546,190,128,51,1274,4529.88,16433.6,398.464,131.557,888.743,10891.3,3182.4,50696.2,2989.65,1374.81,480.595,10947.8,1100
30,20,5,35,10,2.906551288,114.78257,1.215,2.522,77.8,0.8,0.2,21.2,56.0,14.9,0.9,28.2,624,1387,33,22,64,1718,410,3661,201,172,41,1190,5274.03,16004.9,344.667,178.678,671.856,12479.3,3505.66,52624.3,3060.64,1899.71,471.634,11584.6,1100
30,20,5,40,5,2.907803365,110.28586,1.231,2.568,77.4,0.9,0.3,21.4,53.5,17.2,0.9,28.4,590,1552,46,33,83,1491,388,3808,221,185,45,1260,5097.77,18043.8,483.605,236.658,848.313,10805.7,3377.86,54422.4,2912.77,2183.15,436.786,11321.7,1100
30,20,10,20,20,2.968919938,111.42105,1.048,2.441,77.6,0.8,0.2,21.4,56.5,14.2,0.8,28.5,490,1355,43,19,93,1059,288,3435,238,148,47,1173,4453.66,16044.8,533.706,187.567,1090.34,7754.93,2532.01,51028.0,3717.32,1810.91,463.675,11003.1,1100
30,20,10,25,15,2.927438915,112.2997,1.057,2.2,77.4,0.8,0.2,21.6,58.0,13.3,0.7,28.0,480,1458,41,18,85,1005,334,3149,198,136,55,1205,4272.88,17031.4,441.608,210.401,879.182,7565.32,2725.49,45813.5,2960.71,1484.38,507.667,10240.0,1100
30,20,10,30,10,2.906314698,108.52787,1.174,2.395,77.2,0.8,0.2,21.8,56.0,14.5,0.8,28.7,576,1286,24,28,81,1746,373,3379,228,168,55,1312,4925.86,14949.3,271.671,208.322,799.76,12691.7,3128.56,49435.1,3100.24,2093.09,501.732,11346.7,1100
30,20,10,35,5,2.861808051,107.69616,1.128,2.597,76.9,0.8,0.2,22.1,54.7,15.0,0.9,29.4,500,1382,42,15,72,1531,348,3849,230,173,54,1213,4267.76,16113.4,426.641,110.352,735.643,10966.3,3042.53,55520.4,3361.64,2029.07,452.6,11267.1,1100
30,20,15,15,20,2.845392781,109.07976,1.04,2.137,77.0,0.7,0.2,22.1,58.3,11.7,0.7,29.3,532,1228,32,11,80,1286,305,3107,208,93,43,969,4868.09,14338.5,344.217,86.6298,851.439,9423.21,2603.5,45770.3,3078.43,1196.1,357.752,8936.29,1100
30,20,15,20,15,2.803433787,107.84143,1.042,2.109,76.8,0.7,0.2,22.3,56.4,13.9,0.7,29.0,496,1236,39,22,63,1356,328,2999,220,114,34,1211,4602.49,14334.0,425.17,166.288,716.933,9797.07,2547.81,43625.5,3044.41,1403.69,265.08,10358.6,1100
30,20,15,25,10,2.785204673,106.29164,1.071,2.235,76.5,0.7,0.2,22.6,55.2,14.4,0.7,29.7,512,1277,27,20,65,1449,348,3261,163,113,43,1091,4445.72,14998.2,297.642,196.035,699.188,10310.0,2893.08,48802.4,2085.56,1324.38,451.119,9516.99,1100
30,20,15,30,5,2.854710713,103.34317,1.043,2.295,76.3,0.7,0.2,22.8,56.6,12.7,0.8,29.9,483,1384,33,19,81,1278,373,3384,188,161,51,1095,3937.22,15699.9,345.182,152.453,815.724,9271.73,3177.39,49074.5,2695.64,2015.77,504.403,9525.48,1100
30,20,20,15,15,2.719865844,104.57538,0.955,2.054,75.9,0.7,0.2,23.2,57.0,12.0,0.6,30.4,488,1135,20,14,65,1179,329,2960,152,114,41,936,4619.14,13285.8,210.074,117.286,842.552,8524.89,2843.81,44384.3,2325.05,1399.21,426.231,8445.22,1100
30,20,20,20,10,2.735167566,103.58182,0.961,2.317,75.8,0.7,0.2,23.3,55.8,12.5,0.7,31.0,475,1166,30,20,72,1244,326,3298,185,136,55,1108,4277.32,13482.2,342.056,152.974,732.165,8853.78,2730.29,50346.3,2686.81,1649.61,498.071,9743.71,1100
30,20,20,25,5,2.702760975,100.84808,0.939,2.119,75.6,0.7,0.2,23.5,56.3,12.2,0.7,30.8,456,1114,27,10,76,1265,273,3069,166,113,47,932,4077.84,13070.9,299.526,118.422,787.112,8923.38,2315.67,46769.2,2368.45,1365.69,427.444,8765.89,1100
30,25,0,25,20,3.045999588,119.52614,1.189,2.365,78.5,0.8,0.2,20.5,55.5,16.7,0.8,27.0,576,1457,40,15,94,1447,381,3269,185,159,39,1637,4877.6,16768.1,467.148,166.0,1006.6,10598.2,2997.21,47215.3,2778.01,1629.75,375.768,12951.6,1100
30,25,0,30,15,2.970697868,116.08409,1.212,2.456,78.2,0.9,0.2,20.7,56.0,16.2,0.9,26.9,594,1506,39,26,68,1539,334,3608,251,131,51,1209,5071.62,16960.5,415.579,252.128,765.709,11163.8,2805.85,51791.6,3611.81,1322.27,414.295,10802.3,1100
30,25,0,35,10,3.023571161,116.6188,1.296,2.717,78.0,0.9,0.3,20.8,54.0,17.2,1.0,27.8,573,1577,34,25,101,1593,317,3939,218,184,52,1342,4948.73,18445.2,402.532,201.542,1159.21,11968.8,2816.3,57712.2,3539.38,2084.79,482.353,11832.4,1100
30,25,0,40,5,2.954233415,113.98566,1.106,2.908,77.7,0.9,0.3,21.1,52.7,17.7,1.1,28.5,509,1591,37,38,62,1113,313,4264,203,188,39,1417,4463.13,18043.6,386.063,286.871,597.141,8003.0,2587.75,63267.2,3084.76,1958.43,354.561,12964.0,1100
30,25,5,20,20,2.995781675,115.56965,1.115,2.511,78.0,0.8,0.2,21.0,56.8,14.4,0.8,28.0,521,1339,36,26,62,1553,356,3554,241,154,49,1357,4453.23,14926.3,412.971,262.568,651.541,11136.8,2811.73,51515.6,3681.6,2090.45,471.683,11713.6,1100
30,25,5,25,15,2.932615152,113.11304,1.136,2.39,77.8,0.8,0.2,21.2,57.3,13.8,0.8,28.1,565,1358,29,24,81,1464,305,3393,210,130,63,1204,4862.28,15756.3,319.454,188.404,764.802,10646.4,2618.53,50503.7,3004.91,1406.5,558.124,10886.8,1100
30,25,5,30,10,2.921598893,114.54475,1.176,2.654,77.5,0.8,0.2,21.5,54.7,15.8,0.9,28.6,547,1446,36,38,66,1533,381,3863,218,145,55,1181,4872.36,16434.4,327.38,341.128,661.218,11137.1,3188.56,57233.1,3096.52,1548.28,662.396,11097.1,1100
30,25,5,35,5,2.910352375,111.68274,1.108,2.648,77.3,0.8,0.2,21.7,55.2,14.7,0.9,29.2,486,1415,34,17,59,1436,370,4006,184,171,52,1478,4298.97,16331.5,417.09,124.365,563.687,10170.0,2936.81,56613.5,2845.29,1726.57,462.63,12273.7,1100
30,25,10,15,20,2.91547381,112.88508,1.059,2.207,77.4,0.8,0.2,21.6,57.6,13.4,0.7,28.3,496,1200,30,14,76,1459,310,3003,175,107,50,1050,4350.59,13944.3,361.78,130.786,864.903,10659.3,2970.34,46581.1,2971.24,1323.84,480.377,9355.68,1100
30,25,10,20,15,2.847892251,109.82006,1.014,2.263,77.3,0.8,0.2,21.7,56.2,14.1,0.8,28.9,477,1108,45,21,61,1394,355,3303,210,117,45,1139,4125.07,13740.1,454.258,199.119,713.418,9895.37,2909.6,47921.9,3237.91,1325.21,432.153,9666.43,1100
30,25,10,25,10,2.894302214,109.26158,1.136,2.46,77.0,0.8,0.2,22.0,56.5,13.9,0.8,28.8,550,1373,27,20,87,1356,309,3445,198,103,47,1235,5121.65,16313.1,299.78,178.657,939.383,9847.61,2656.67,52919.4,3026.85,1267.6,489.936,10975.5,1100
30,25,10,30,5,2.840864055,106.26684,1.114,2.447,76.7,0.8,0.2,22.3,55.5,14.4,0.9,29.2,508,1338,36,16,83,1463,325,3547,196,151,63,1201,4319.74,15774.9,394.12,132.248,838.168,10694.9,2757.55,52002.4,2926.88,1721.57,576.695,11173.1,1100
30,25,15,15,15,2.731701052,104.46723,1.03,2.245,76.5,0.7,0.2,22.6,55.9,13.7,0.7,29.7,481,1170,43,26,82,1405,341,3171,211,123,44,1075,4238.63,13664.7,395.149,195.332,943.357,10208.4,3245.23,46919.9,3360.34,1256.73,422.033,9900.74,1100
30,25,15,20,10,2.74924549,107.28549,1.111,2.15,76.3,0.7,0.2,22.8,56.1,13.2,0.7,30.0,567,1269,35,21,54,1453,293,3145,190,109,45,1055,4917.4,14937.9,379.803,141.733,531.568,11171.4,2485.36,45709.2,2856.0,1328.04,434.628,9711.73,1100
30,25,15,25,5,2.814681137,104.2474,1.047,2.182,76.1,0.8,0.2,22.9,55.2,13.6,0.8,30.4,485,1226,36,17,78,1356,364,3012,180,133,25,1418,4301.34,14490.6,425.188,122.977,844.759,10108.3,2826.56,45150.9,2574.66,1507.33,224.383,11328.4,1100
30,25,20,15,10,2.632700122,100.63162,1.038,1.921,75.4,0.7,0.2,23.7,56.4,11.8,0.7,31.1,499,1184,34,12,75,1308,291,2719,173,102,43,1086,4664.18,14209.9,388.836,80.4691,871.35,9812.41,2411.77,40612.1,2434.13,1181.66,480.904,8898.14,1100
30,25,20,20,5,2.662708395,99.97752,0.91,2.13,75.2,0.7,0.2,23.9,55.4,12.4,0.7,31.5,420,1223,33,18,78,882,308,3129,159,106,45,1007,3755.27,14637.3,368.273,183.115,823.666,6622.92,2805.43,46627.0,2437.45,1135.72,447.646,8786.97,1100
35,15,0,30,20,3.011680575,120.19017,1.26,2.621,78.5,0.9,0.2,20.4,55.5,16.7,0.9,26.9,499,1601,22,23,94,1616,332,3749,200,186,56,1502,4259.29,18439.8,236.08,141.415,986.785,11932.0,2780.26,54377.1,2859.43,2155.69,474.544,12863.6,1100
35,15,0,35,15,2.965539526,117.50825,1.328,3.22,78.2,0.9,0.3,20.6,51.6,18.9,1.1,28.4,598,1674,40,16,63,1646,361,4847,261,250,52,1546,5227.97,19224.7,413.966,149.057,667.214,12374.1,3095.64,68505.9,3906.11,3143.78,473.824,13944.5,1100
35,15,0,40,10,2.868242534,116.96884,1.269,2.965,77.9,1.0,0.3,20.8,50.2,20.4,1.1,28.3,589,1693,42,32,80,1444,365,4466,245,200,49,1747,5091.65,19085.8,422.214,216.483,793.846,10869.7,2856.12,62977.2,3279.24,2308.2,389.006,14115.8,1100
35,15,5,25,20,2.963327336,114.58284,1.152,2.51,78.2,0.8,0.2,20.8,55.8,15.5,0.9,27.8,525,1315,34,25,98,1543,363,3488,230,155,44,1253,4516.69,15439.3,415.518,196.606,1070.68,11357.1,3017.34,52647.5,3597.06,1746.4,363.811,11097.2,1100
35,15,5,30,15,2.919482299,114.29524,1.222,2.54,77.9,0.9,0.2,21.0,55.6,15.4,0.9,28.1,551,1502,44,20,84,1562,344,3548,177,146,39,1444,4818.35,17361.3,448.539,203.927,995.965,11267.5,2633.47,53769.2,2712.77,1606.84,382.343,12420.9,1100
35,15,5,35,10,2.846904358,112.23929,1.209,2.761,77.5,0.9,0.3,21.3,54.3,16.3,1.0,28.4,539,1559,40,26,65,1457,316,4057,238,162,50,1351,4782.51,18260.6,437.587,231.663,674.848,10443.6,2521.13,60051.9,3213.45,1687.83,527.757,12120.4,1100
35,15,5,40,5,2.819514368,110.77421,1.223,2.678,77.3,0.9,0.3,21.5,51.3,19.0,1.0,28.7,570,1659,28,26,44,1467,337,3893,219,197,38,1487,4735.04,19209.1,322.059,207.539,441.055,10405.6,2668.58,57213.7,2869.21,2296.0,357.034,12525.1,1100
35,15,10,20,20,2.902133386,112.17733,1.081,2.474,77.5,0.8,0.2,21.5,55.0,15.5,0.8,28.7,529,1364,36,19,73,1325,328,3585,220,126,54,1128,4646.84,15687.1,348.353,142.446,715.029,9493.72,2754.13,53231.8,3393.06,1377.9,501.453,10336.9,1100
35,15,10,25,15,2.815186494,111.1685,1.105,2.451,77.2,0.8,0.2,21.8,55.2,15.6,0.8,28.4,480,1408,34,26,78,1352,301,3593,216,181,44,1288,4218.44,16213.2,410.44,285.5,833.633,9860.72,2526.03,51348.9,3303.93,2176.83,395.678,11323.9,1100
35,15,10,30,10,2.833914169,110.43151,1.093,2.637,77.0,0.8,0.2,22.0,53.0,16.6,0.9,29.5,463,1387,23,18,74,1380,326,3718,197,136,60,1281,4009.19,16359.0,270.48,190.092,747.542,9973.01,2865.55,56599.8,3164.78,1761.54,534.176,11777.3,1100
35,15,10,35,5,2.793830447,106.43613,1.153,2.323,76.7,0.8,0.3,22.2,53.7,16.1,0.9,29.3,514,1488,33,17,86,1377,332,3475,155,165,36,1414,4402.74,17347.6,333.62,119.642,861.207,10303.0,2573.37,49967.7,2285.26,1882.91,291.152,10750.1,1100
35,15,15,15,20,2.805561131,107.88481,1.016,2.233,76.9,0.7,0.2,22.2,55.9,14.4,0.7,29.0,475,1216,34,10,85,1335,342,3170,216,124,48,995,4126.97,14019.8,334.595,116.808,823.182,9817.79,2933.45,47707.3,3041.34,1516.0,429.616,9130.03,1100
35,15,15,20,15,2.78859952,107.2366,1.082,2.366,76.6,0.8,0.2,22.4,56.2,13.0,0.8,30.0,551,1175,30,19,58,1490,322,3355,214,139,57,1004,4838.44,14092.5,332.26,164.379,605.475,11204.1,2795.41,51591.0,3050.94,1714.76,516.267,9160.77,1100
35,15,15,25,10,2.715725499,105.17066,1.059,2.535,76.4,0.8,0.2,22.6,54.8,14.2,0.8,30.2,507,1349,32,13,70,1300,332,3427,219,156,60,1041,4518.96,15508.6,319.906,127.594,815.578,9359.15,3242.21,54791.0,3054.43,1887.06,690.279,10249.2,1100
35,15,15,30,5,2.779120865,103.64654,1.065,2.528,76.1,0.8,0.2,22.9,55.5,13.4,0.9,30.2,465,1409,38,27,60,1243,360,3715,184,126,53,1366,4120.91,16516.4,402.107,227.466,661.491,8977.74,2918.49,54793.7,2616.45,1394.03,486.964,11658.6,1100
35,15,20,15,15,2.676940669,103.82179,0.954,2.124,75.9,0.7,0.2,23.2,56.2,12.5,0.7,30.6,449,1361,33,16,82,814,255,3078,214,111,48,954,4150.11,15877.1,321.68,151.41,911.264,6182.62,2155.6,45937.6,3413.48,1136.53,468.693,8799.07,1100
35,15,20,20,10,2.609378055,102.42435,0.986,2.343,75.5,0.8,0.2,23.5,53.1,14.6,0.8,31.5,461,1243,27,18,84,1168,285,3403,170,148,63,1068,3994.25,14755.8,295.059,166.435,938.704,8449.52,2454.6,51404.7,2517.57,1605.75,569.678,9940.45,1100
35,15,20,25,5,2.690245245,100.02322,0.958,2.292,75.4,0.7,0.2,23.7,54.0,13.9,0.8,31.3,447,1249,34,13,65,1063,295,3375,182,108,48,1305,4104.82,14596.6,361.138,105.079,698.196,7986.04,2326.64,50173.2,2620.26,1191.1,413.169,10412.8,1100
35,20,0,25,20,2.980437649,118.63648,1.201,2.77,78.4,0.9,0.2,20.5,55.1,16.4,1.0,27.5,570,1524,32,25,68,1459,340,4075,229,175,61,1328,4873.51,17253.5,405.593,211.957,636.879,10873.1,2733.06,59097.1,3346.88,1971.24,524.047,11986.6,1100
35,20,0,30,15,2.943429448,116.95302,1.244,2.542,78.2,0.9,0.3,20.6,55.3,16.4,1.0,27.3,560,1482,39,14,67,1688,379,3837,205,179,34,1544,5008.76,17188.9,513.626,132.743,657.814,12091.1,2980.4,52651.0,2919.69,2036.67,280.351,12430.1,1100
35,20,0,35,10,2.87116993,116.42218,1.258,2.586,77.8,1.0,0.3,20.9,52.4,18.6,1.1,27.9,537,1591,36,30,59,1574,375,3705,189,169,40,1692,4926.06,18473.6,379.061,232.422,630.111,11432.6,2921.16,53164.9,2550.52,1847.82,356.753,13920.5,1100
35,20,0,40,5,2.879267481,113.71698,1.24,2.98,77.6,1.0,0.3,21.1,51.9,18.3,1.2,28.6,539,1504,41,39,78,1491,277,4287,238,249,42,1681,4827.36,17975.9,485.579,324.461,811.425,11250.4,2381.65,62610.2,3092.3,2855.76,393.806,15094.4,1100
35,20,5,20,20,2.902587571,115.51012,1.178,2.583,77.9,0.8,0.2,21.1,56.5,14.4,0.9,28.2,579,1480,37,26,76,1491,351,3626,212,154,53,1388,4984.54,16525.5,398.779,234.413,726.687,10815.8,2913.1,54137.8,3107.16,1765.33,539.983,11965.0,1100
35,20,5,25,15,2.870111457,113.94939,1.098,2.502,77.7,0.8,0.2,21.3,56.3,14.7,0.8,28.2,497,1417,30,22,78,1312,329,3593,195,187,43,1263,4464.03,16171.9,315.521,164.831,835.91,9532.8,2775.07,53190.8,2671.93,2183.61,369.316,11077.6,1100
35,20,5,30,10,2.795157993,113.46472,1.192,2.766,77.5,0.9,0.2,21.4,53.0,16.9,1.0,29.1,536,1521,58,24,84,1400,343,4168,238,166,46,1414,4797.5,17459.9,673.438,190.686,829.031,10309.7,2786.56,59443.6,3382.12,1732.2,389.421,12407.6,1100
35,20,5,35,5,2.835497084,109.15868,1.106,3.028,77.1,0.9,0.3,21.7,52.2,17.0,1.1,29.7,516,1377,35,17,41,1477,380,4528,225,215,46,1471,4540.14,15856.5,398.406,125.944,383.018,10592.7,3148.0,65302.4,3319.86,2876.28,517.677,12846.1,1100
35,20,10,15,20,2.783250086,112.10724,1.136,2.364,77.3,0.8,0.2,21.7,54.8,15.7,0.8,28.7,558,1257,38,20,63,1617,285,3444,214,131,45,1124,4769.34,14517.0,406.857,149.755,664.152,12047.7,2450.58,50238.6,3265.84,1642.47,453.157,10228.2,1100
35,20,10,20,15,2.800632278,109.45867,1.072,2.356,77.0,0.8,0.2,22.0,55.4,14.7,0.8,29.1,472,1314,28,14,69,1252,291,3263,193,117,45,1082,4424.79,15806.2,294.251,126.711,672.867,9498.52,2536.85,50937.9,2872.28,1336.89,419.517,10146.1,1100
35,20,10,25,10,2.757094734,107.80264,1.142,2.306,76.9,0.8,0.2,22.1,53.6,16.1,0.9,29.4,553,1422,32,15,61,1430,349,3314,186,145,45,1464,4835.41,16381.4,337.832,135.355,685.518,10535.9,2645.04,47716.4,2620.25,1825.09,413.647,11743.7,1100
35,20,10,30,5,2.805346412,107.55998,1.143,2.642,76.7,0.8,0.2,22.3,53.2,15.6,0.9,30.3,531,1359,32,19,75,1476,313,3967,198,160,51,1144,4788.25,15860.7,330.201,144.719,808.335,11082.7,2636.24,57999.1,2847.69,1953.84,482.445,11020.1,1100
35,20,15,15,15,2.707905751,105.53983,1.022,2.663,76.4,0.7,0.2,22.7,54.9,13.7,0.8,30.6,512,1232,34,11,68,1283,366,3786,227,159,65,1176,4489.98,14515.1,345.462,92.3833,618.123,9383.7,3259.17,56343.2,3614.03,2068.88,692.251,11368.3,1100
35,20,15,20,10,2.696635333,104.8058,1.02,2.393,76.2,0.8,0.2,22.8,52.8,15.8,0.8,30.6,463,1318,40,20,67,1224,318,3645,209,170,43,1156,4073.95,15384.6,454.459,196.859,657.323,8702.59,2660.42,51538.5,3307.17,2044.25,349.633,9774.14,1100
35,20,15,25,5,2.747793857,102.34486,1.027,2.18,75.9,0.8,0.2,23.1,54.3,14.3,0.8,30.6,476,1347,41,23,75,1157,332,3126,173,129,41,1310,4312.63,15590.9,496.89,236.219,745.576,8377.42,2493.43,45959.5,2369.65,1456.8,395.887,10940.0,1100
35,20,20,15,10,2.598737633,99.4915,0.989,2.213,75.3,0.7,0.2,23.8,54.4,13.4,0.7,31.5,439,1203,26,14,72,1215,298,3256,182,129,36,923,4080.88,14525.4,282.189,115.475,758.081,8892.85,2545.86,48898.4,2704.99,1435.81,376.482,8599.7,1100
35,20,20,20,5,2.611609477,97.29857,1.021,2.165,75.1,0.7,0.2,24.0,54.7,13.2,0.8,31.3,495,1238,32,10,64,1270,309,3131,171,104,41,1009,4414.81,14644.8,373.791,110.59,690.058,9407.13,2859.68,47117.0,2729.25,1143.91,355.14,9126.16,1100
35,25,0,20,20,2.848942345,119.62054,1.189,2.442,78.2,0.8,0.2,20.8,54.5,17.1,0.9,27.5,579,1449,42,25,70,1526,373,3542,225,167,50,1447,5078.33,16193.4,492.71,219.119,690.844,11201.3,2968.06,49778.4,3056.29,1790.26,436.115,12084.7,1100
35,25,0,25,15,2.934061352,114.20743,1.276,2.71,78.0,0.8,0.2,21.0,54.9,16.2,1.0,27.9,537,1572,46,34,72,1557,367,3893,246,193,63,1340,4745.85,18465.0,509.812,279.421,759.951,11675.1,3181.22,56076.4,3769.17,2091.88,566.978,12335.8,1100
35,25,0,30,10,2.825998581,113.80137,1.203,2.775,77.8,0.9,0.3,21.0,53.0,17.8,1.1,28.1,566,1442,40,23,97,1490,358,4052,190,181,42,1478,4878.86,16970.4,412.859,216.167,939.938,11028.0,3071.05,59370.4,2669.91,2013.45,341.364,12626.1,1100
35,25,0,35,5,2.822052367,112.70238,1.221,2.827,77.4,0.9,0.3,21.4,50.5,19.6,1.1,28.8,557,1619,34,29,91,1448,327,4266,225,213,51,1408,4951.89,18372.9,362.866,199.101,883.609,10279.5,2706.79,60470.7,3118.18,2575.39,443.483,12521.6,1100
35,25,5,15,20,2.848399151,113.54685,1.035,2.417,77.8,0.8,0.2,21.2,55.7,15.4,0.8,28.1,478,1408,43,10,68,1085,379,3364,202,147,41,1209,4040.22,16113.9,461.682,71.7668,838.96,8023.55,3092.59,50787.7,2790.83,1678.45,336.839,10851.1,1100
35,25,5,20,15,2.798087399,109.15819,1.129,2.508,77.6,0.8,0.2,21.4,55.2,15.4,0.9,28.5,570,1405,37,26,59,1349,283,3767,230,173,56,1166,5017.6,16213.7,405.687,267.881,547.573,9876.23,2287.76,53694.8,3507.98,1945.73,474.219,10421.9,1100
35,25,5,25,10,2.775239647,110.84968,1.118,2.568,77.2,0.8,0.2,21.8,53.3,16.6,1.0,29.1,489,1521,36,26,104,1163,295,3725,197,164,47,1264,4438.58,17227.7,366.638,217.807,1073.04,8781.11,2484.3,54627.7,3018.6,1944.08,440.275,11779.7,1100
35,25,5,30,5,2.810627254,108.60064,1.188,2.687,76.9,0.9,0.3,21.9,52.4,17.8,1.0,28.8,557,1508,46,23,70,1431,332,3925,222,182,49,1178,4801.61,17548.1,512.348,191.16,745.391,10391.3,3065.32,58294.1,3158.69,1960.31,478.702,10955.2,1100
35,25,10,15,15,2.739872273,108.61597,1.124,2.296,76.8,0.8,0.2,22.2,55.8,14.1,0.8,29.3,530,1389,44,14,64,1288,355,3339,208,123,48,1251,4930.24,15993.6,453.285,141.138,725.165,10008.4,2903.03,47933.5,3094.99,1279.92,395.495,10769.9,1100
35,25,10,20,10,2.773674085,105.67607,1.064,2.374,76.6,0.8,0.2,22.4,54.7,14.7,0.9,29.7,481,1248,36,13,79,1389,314,3520,206,155,44,1262,4209.94,15010.3,353.322,107.648,817.597,10121.1,2620.92,50352.5,3079.97,1739.32,436.921,10616.1,1100
35,25,10,25,5,2.723265261,103.54764,1.013,2.687,76.3,0.8,0.2,22.7,54.4,14.4,0.9,30.3,390,1407,36,30,76,1105,297,3916,212,181,59,1262,3497.93,15954.3,435.151,254.413,818.272,8268.12,2580.76,58545.7,2770.06,1931.71,542.206,11733.5,1100
35,25,15,15,10,2.610300624,104.20388,1.016,2.146,75.8,0.8,0.2,23.2,52.7,15.9,0.8,30.6,397,1263,39,17,52,1349,291,3073,169,101,33,1047,3701.35,14709.2,440.42,137.581,477.807,9839.58,2633.18,46585.6,2860.8,1041.84,309.776,8949.68,1100
35,25,15,20,5,2.619042556,101.60779,1.028,2.443,75.6,0.8,0.2,23.4,53.1,15.0,0.9,31.0,498,1330,25,19,54,1245,303,3523,199,150,45,1068,4506.91,15214.5,283.717,134.541,577.925,9024.66,2646.8,53333.9,2959.09,1827.12,438.488,9974.39,1100
35,25,20,15,5,2.563366137,97.40631,0.93,2.218,74.8,0.7,0.2,24.3,54.0,12.9,0.8,32.3,448,1099,32,14,68,1153,256,3338,200,142,54,1023,4255.68,13156.1,354.394,128.876,766.486,8322.01,2017.54,48831.4,3139.69,1514.52,447.921,8841.33,1100
40,15,0,25,20,2.895120923,116.12682,1.229,2.846,78.3,0.9,0.3,20.5,53.5,18.0,1.0,27.5,556,1588,47,33,72,1533,313,4107,256,166,59,1388,4824.17,17932.2,490.598,240.368,649.326,10952.8,2803.38,59654.2,3849.48,1983.6,523.559,13114.7,1100
40,15,0,30,15,2.804450709,114.65398,1.225,3.013,78.0,0.9,0.3,20.8,53.1,17.8,1.1,28.0,538,1590,32,29,88,1406,385,4430,234,211,54,1452,4740.92,18433.9,362.052,234.707,813.417,10488.6,3215.59,63900.3,3602.91,2302.61,520.444,13436.8,1100
40,15,0,35,10,2.831135985,111.91091,1.231,2.778,77.7,0.9,0.3,21.1,52.4,18.6,1.1,27.9,549,1657,37,32,67,1415,311,4089,241,221,44,1338,4712.15,19256.9,350.149,258.97,719.898,10040.5,2560.74,59297.0,3320.0,2623.99,396.891,12216.0,1100
40,15,0,40,5,2.796768031,110.30213,1.298,2.946,77.4,1.1,0.3,21.2,48.1,21.9,1.3,28.7,574,1644,35,29,56,1735,385,4341,207,247,50,1577,4843.96,19226.8,375.539,219.639,573.072,12131.6,3092.82,62649.4,3012.96,2793.58,447.804,13539.2,1100
40,15,5,20,20,2.793560557,112.47349,1.18,2.481,77.7,0.9,0.2,21.2,56.7,14.4,0.9,28.0,493,1429,43,15,79,1398,284,3596,224,159,45,1302,4581.69,17015.0,510.734,115.53,987.361,10554.0,2301.72,52223.4,3130.53,1772.24,373.453,11785.2,1100
40,15,5,25,15,2.802501106,112.79494,1.163,2.796,77.6,0.8,0.2,21.4,52.9,16.9,1.0,29.2,569,1462,44,20,58,1394,332,4059,232,214,41,1330,4958.05,17002.7,506.308,197.8,605.638,10095.4,2788.88,59354.5,3600.65,2736.62,379.105,12072.3,1100
40,15,5,30,10,2.767643579,110.02807,1.222,2.875,77.2,0.9,0.3,21.6,50.5,19.2,1.1,29.2,492,1724,44,29,50,1259,299,4324,284,230,39,1302,4307.05,20417.7,487.581,218.157,434.81,9306.95,2547.11,62162.8,3978.79,2575.72,375.854,11793.6,1100
40,15,5,35,5,2.756254877,107.95042,1.173,2.785,77.1,0.9,0.3,21.7,51.6,17.8,1.2,29.4,495,1631,37,31,65,1397,340,4053,205,201,27,1655,4210.15,18224.3,409.433,268.887,669.6,10071.0,2659.94,58975.3,2745.96,2545.77,264.937,13823.8,1100
40,15,10,15,20,2.735777133,111.0094,1.084,2.338,77.2,0.8,0.2,21.8,55.1,15.0,0.8,29.1,481,1341,41,16,73,1305,327,3402,180,123,45,1457,4190.87,15932.2,488.697,110.666,801.858,9583.89,2598.6,48695.3,2437.99,1418.46,378.565,12093.6,1100
40,15,10,20,15,2.715674871,108.91284,1.126,2.327,77.0,0.8,0.2,22.0,54.7,15.3,0.8,29.2,483,1476,44,18,71,1340,366,3411,210,134,39,1309,4260.91,16989.4,444.938,113.945,696.56,9887.59,2912.6,48274.9,3191.84,1906.49,366.787,10814.3,1100
40,15,10,25,10,2.748234557,106.38036,1.129,2.743,76.7,0.9,0.2,22.2,52.7,16.4,1.0,29.9,507,1573,33,20,68,1232,288,4121,203,203,51,1232,4438.31,17878.4,323.54,205.306,729.311,9002.81,2502.12,59941.9,2945.75,2364.01,466.643,11520.8,1100
40,15,10,30,5,2.620263969,103.0848,1.116,2.598,76.4,0.8,0.3,22.5,52.2,16.5,1.0,30.3,523,1500,32,21,57,1324,291,3869,202,181,35,1345,4497.69,17478.9,372.328,193.067,555.658,9185.07,2444.27,56547.4,3058.6,1970.62,290.616,11423.0,1100
40,15,15,15,15,2.602078889,104.89993,1.02,2.566,76.1,0.8,0.2,22.9,55.1,13.6,0.8,30.5,473,1280,22,18,65,1253,338,3668,223,160,42,1089,4150.49,15005.5,238.058,191.713,643.698,9195.15,2807.06,55685.4,3281.82,1843.19,411.601,10550.3,1100
40,15,15,20,10,2.550269268,102.51214,1.085,2.554,76.0,0.8,0.2,23.0,53.7,14.8,0.8,30.7,466,1357,29,14,66,1324,301,3659,211,133,41,1165,4129.41,16276.6,327.709,131.712,719.868,9783.53,2665.3,55797.6,3371.85,1476.77,421.343,10676.9,1100
40,15,15,25,5,2.617038916,101.38698,1.047,2.521,75.6,0.8,0.3,23.3,52.1,15.8,0.9,31.2,503,1340,39,25,61,1253,337,3600,213,129,40,1268,4497.36,15716.3,441.704,185.764,640.116,8887.97,2832.66,54841.7,3188.24,1453.74,415.99,10939.9,1100
40,15,20,15,10,2.516502519,99.04717,1.008,2.198,75.1,0.8,0.2,23.9,54.4,13.6,0.8,31.2,438,1217,27,16,92,1259,262,3160,166,108,42,1012,4092.03,14530.9,327.172,104.444,972.877,9196.96,2296.33,48708.2,2350.23,1257.46,349.764,9227.71,1100
40,15,20,20,5,2.50838242,98.2719,0.978,2.346,74.9,0.8,0.2,24.1,51.0,16.1,0.9,32.0,445,1175,38,18,50,1350,271,3604,167,142,37,993,3790.63,13931.0,397.038,142.432,512.714,9671.26,2211.63,53322.6,2409.79,1618.69,309.648,8824.83,1100
40,20,0,20,20,2.817668007,115.4235,1.236,2.431,78.2,0.9,0.3,20.6,54.1,17.3,1.0,27.6,569,1411,32,20,75,1670,309,3478,227,167,51,1363,4926.52,16594.0,327.866,171.939,806.812,12410.0,2399.16,50318.9,3300.27,2030.57,471.631,11361.8,1100
40,20,0,25,15,2.779669107,112.30995,1.266,2.897,77.9,0.9,0.3,20.9,52.3,18.5,1.1,28.1,586,1641,50,26,80,1446,348,4212,243,226,63,1335,5106.33,18716.5,605.276,263.553,882.663,10629.7,2936.71,61000.7,3395.17,2887.57,650.923,12643.9,1100
40,20,0,30,10,2.78720131,112.69399,1.238,2.956,77.7,0.9,0.3,21.1,49.7,20.4,1.2,28.7,549,1716,36,20,70,1385,286,4365,231,220,47,1384,4678.99,19114.9,355.592,183.394,798.367,10353.3,2468.19,63815.3,3381.17,2602.34,460.176,12721.5,1100
40,20,0,35,5,2.689939241,109.91402,1.238,3.033,77.2,1.0,0.3,21.5,48.8,20.3,1.3,29.6,544,1602,39,28,67,1545,315,4522,225,211,39,1305,4561.8,18723.6,449.363,231.167,635.02,10980.2,2776.28,66659.9,3233.96,2470.26,377.368,12418.7,1100
40,20,5,15,20,2.783521951,114.47898,1.102,2.612,77.6,0.9,0.2,21.3,54.5,15.9,0.9,28.7,496,1432,48,30,81,1159,271,3882,229,169,57,1264,4497.81,16374.3,561.308,235.664,905.947,8920.48,2218.49,56028.8,3103.03,2102.03,552.012,11253.9,1100
40,20,5,20,15,2.684640888,109.7313,1.139,2.569,77.3,0.9,0.3,21.5,52.8,17.8,0.9,28.5,515,1501,38,23,70,1299,320,3659,225,150,47,1456,4426.24,17198.5,442.721,199.46,786.027,9588.55,2664.35,53005.4,3528.84,1601.91,475.092,12922.8,1100
40,20,5,25,10,2.739278359,108.90271,1.145,2.756,77.1,0.9,0.3,21.7,52.5,17.4,1.0,29.1,530,1402,33,28,56,1556,306,3984,221,185,44,1413,4492.51,16153.8,364.836,258.03,554.825,11068.9,2433.61,59071.7,3285.55,2007.62,413.097,12606.6,1100
40,20,5,30,5,2.697010952,107.59334,1.143,2.647,76.9,0.9,0.3,21.9,51.1,18.1,1.1,29.7,519,1528,43,30,56,1276,280,3970,209,189,37,1327,4519.06,17789.2,476.219,250.782,580.53,9305.52,2229.98,56581.8,3173.09,2192.64,319.645,12376.2,1100
40,20,10,15,15,2.662958202,107.81598,1.055,2.477,76.8,0.8,0.2,22.2,53.1,16.4,0.9,29.6,509,1344,32,28,64,1310,287,3628,202,149,46,1153,4473.24,15395.2,336.909,189.517,632.182,9265.27,2388.31,54133.1,3118.0,1511.1,397.441,10135.3,1100
40,20,10,20,10,2.6851541,105.58651,1.122,2.456,76.5,0.8,0.2,22.5,52.3,16.7,0.9,30.1,559,1389,33,19,81,1299,305,3589,182,167,58,1278,5129.45,16421.1,382.675,203.455,834.88,9336.51,2526.7,52456.5,2593.0,1823.1,630.682,11272.9,1100
40,20,10,25,5,2.594625728,103.29479,1.124,2.548,76.2,0.9,0.3,22.6,49.8,18.5,1.0,30.7,432,1705,29,27,94,1019,269,3856,192,168,41,1148,3861.51,19436.5,326.428,208.589,910.302,7720.49,2252.58,56268.9,2996.9,1798.58,371.788,10463.1,1100
40,20,15,15,10,2.583412274,103.99671,0.995,2.301,75.7,0.8,0.2,23.3,53.4,15.1,0.8,30.7,475,1327,31,13,65,1144,277,3494,189,144,36,1065,4017.64,15504.8,346.788,113.843,645.046,8091.16,2223.94,50464.7,2667.85,1847.75,295.453,9425.57,1100
40,20,15,20,5,2.52862545,101.06167,1.054,2.332,75.5,0.8,0.2,23.5,53.4,14.8,0.9,30.9,460,1336,25,20,72,1273,303,3489,158,117,39,1156,4028.26,16245.8,240.08,161.059,710.389,9123.69,2620.44,51620.8,2464.55,1250.83,346.34,9693.27,1100
40,20,20,15,5,2.427487998,97.56378,0.989,2.384,74.6,0.7,0.2,24.5,52.4,14.2,0.9,32.5,449,1269,21,15,81,1079,319,3541,204,136,31,1142,3957.56,15522.8,202.995,141.708,939.42,7947.13,2687.58,52185.9,2909.61,1748.69,278.134,9919.26,1100
40,25,0,15,20,2.742662527,112.8331,1.19,2.926,77.9,0.9,0.3,20.9,50.3,20.4,1.1,28.2,528,1580,42,27,86,1261,256,4351,262,223,46,1344,4539.89,18397.8,464.15,256.001,952.176,9299.66,2226.95,62609.1,3822.93,2681.68,405.931,12325.4,1100
40,25,0,20,15,2.67043479,112.31373,1.23,2.784,77.4,1.0,0.3,21.3,49.1,20.5,1.2,29.2,497,1649,40,25,68,1426,276,4152,173,186,54,1328,4285.44,19060.2,489.112,211.211,679.846,10427.4,2400.81,59811.2,2677.95,2346.85,523.692,12462.6,1100
40,25,0,25,10,2.646184731,110.76492,1.214,3.033,77.2,1.0,0.3,21.5,47.7,21.3,1.3,29.7,493,1662,25,19,62,1525,264,4484,240,228,43,1507,4050.87,18880.1,332.636,222.227,572.999,10730.9,2347.03,64459.9,3493.11,2705.56,417.517,14226.7,1100
40,25,0,30,5,2.691994787,111.15219,1.239,2.909,77.1,1.0,0.3,21.6,50.3,19.2,1.2,29.3,528,1687,35,32,83,1338,336,4395,212,199,35,1387,4680.46,19574.4,437.451,268.161,887.623,9711.73,2721.86,63468.4,3185.31,2410.44,296.951,12079.4,1100
40,25,5,15,15,2.722094434,110.60108,1.165,2.455,77.0,0.9,0.3,21.8,53.6,16.6,1.0,28.8,536,1372,31,24,90,1614,280,3615,227,146,46,1222,4457.48,15650.1,401.401,191.549,974.708,11652.1,2463.22,51090.6,3361.21,1794.12,539.001,11523.3,1100
40,25,5,20,10,2.610188911,107.9035,1.106,2.556,76.9,0.8,0.3,22.0,52.2,17.4,1.0,29.4,439,1536,51,25,71,1122,290,3813,230,171,50,1192,4191.26,17868.3,546.19,220.586,734.539,8159.12,2349.18,55340.3,3359.26,1870.65,471.493,10491.6,1100
40,25,5,25,5,2.666587501,104.80179,1.124,2.589,76.6,0.9,0.3,22.2,51.3,17.7,1.1,29.9,468,1406,39,23,75,1302,321,3848,226,192,47,1570,4209.21,16862.1,450.869,188.572,764.369,9845.19,2439.2,54823.0,3092.48,2132.56,445.81,12108.2,1100
40,25,10,15,10,2.610299946,106.94424,1.114,2.388,76.2,0.8,0.2,22.8,54.0,14.9,0.9,30.2,467,1405,37,22,51,1335,276,3473,208,99,49,1257,4144.1,17169.0,398.779,174.073,512.932,9634.79,2279.87,52096.7,3057.39,1139.28,417.36,10198.5,1100
40,25,10,20,5,2.536178032,103.46617,1.062,2.496,76.1,0.8,0.3,22.8,51.2,17.2,1.0,30.6,519,1331,31,22,72,1263,318,3858,206,155,48,1122,4530.56,15658.6,350.568,176.323,742.497,9154.19,2643.67,54915.5,3031.24,1758.09,476.267,9688.86,1100
40,25,15,15,5,2.481600623,98.49899,1.034,2.369,75.1,0.8,0.3,23.8,51.0,16.6,0.9,31.5,480,1263,40,26,80,1184,295,3434,172,142,40,1044,4461.81,15163.6,519.036,213.277,773.497,8759.78,2512.68,52143.1,2634.05,1627.75,363.406,9711.17,1100
